profile,recipe,arm,epoch,step,val_cvar95_median,val_cvar95_min,val_cvar95_max
large,R-GPU,FFN,0,10.0,0.09806889723040518,0.09599954037184949,0.10333469566194259
large,R-GPU,FFN,1,20.0,0.07048832303553357,0.06992584317504227,0.07112982056969488
large,R-GPU,FFN,2,30.0,0.06637625277198825,0.06420822981635868,0.06913722445324313
large,R-GPU,FFN,3,40.0,0.06624584498467814,0.06549674129701091,0.06973653171144181
large,R-GPU,FFN,4,50.0,0.06379951387407348,0.06281575345883542,0.06607827841935435
large,R-GPU,FFN,5,60.0,0.06352312369017457,0.06273233178353624,0.06565373968260249
large,R-GPU,FFN,6,70.0,0.06225275659880938,0.06180977590929618,0.06388025380692855
large,R-GPU,FFN,7,80.0,0.06132907367464216,0.06084659916496096,0.061794846634256856
large,R-GPU,FFN,8,90.0,0.060600457235977984,0.06032742879142464,0.060639739725047576
large,R-GPU,FFN,9,100.0,0.06013532441374994,0.059845481808224604,0.06032885487002207
large,R-GPU,FFN,10,110.0,0.06014077285180977,0.05960916601679858,0.06014391247936149
large,R-GPU,FFN,11,120.0,0.0599785294989488,0.05947980917153475,0.06006288323578704
large,R-GPU,FFN,12,130.0,0.059906200599925824,0.05934655533110347,0.05996171053993751
large,R-GPU,FFN,13,140.0,0.059897300138800375,0.059161398926335124,0.05996567104511999
large,R-GPU,FFN,14,150.0,0.05979947324522075,0.05906736778979396,0.059991842469571593
large,R-GPU,FFN,15,160.0,0.05977487808286244,0.058966500923816084,0.06042961965977159
large,R-GPU,FFN,16,170.0,0.05974233412189281,0.05898458768297135,0.05978731349614466
large,R-GPU,FFN,17,180.0,0.0597157979891563,0.05887014266272675,0.059888050349400174
large,R-GPU,FFN,18,190.0,0.05966072154751603,0.058726471569116284,0.059708473060254647
large,R-GPU,FFN,19,200.0,0.059533621213176985,0.05868928785503161,0.05996151034560174
large,R-GPU,FFN,20,210.0,0.05947962329901205,0.05868877334114589,0.05960897231079801
large,R-GPU,FFN,21,220.0,0.05950378579154861,0.05864956615187114,0.05955323449188657
large,R-GPU,FFN,22,230.0,0.059528655330723296,0.05893707439236098,0.059851290198821544
large,R-GPU,FFN,23,240.0,0.05950337789454355,0.05874372766129457,0.060114065926882204
large,R-GPU,FFN,24,250.0,0.05955678731743322,0.05855570210633235,0.05955688431367892
large,R-GPU,FFN,25,260.0,0.059445293913540836,0.05850921493993158,0.059898046366015506
large,R-GPU,FFN,26,270.0,0.05980122592336559,0.05846485529491477,0.060359314438756
large,R-GPU,FFN,27,280.0,0.059399012773155874,0.058784173247204335,0.060025540900824154
large,R-GPU,FFN,28,290.0,0.059241755796847456,0.058493235925652726,0.05941533317309225
large,R-GPU,FFN,29,300.0,0.05939104672734177,0.058530796309696626,0.05964373453707597
large,R-GPU,FFN,30,310.0,0.059248178634788956,0.05854680915263091,0.05960007925523317
large,R-GPU,FFN,31,320.0,0.059323117444819246,0.058298988002206925,0.05947604161519851
large,R-GPU,FFN,32,330.0,0.059255076508179655,0.058222244028911546,0.06199445707397902
large,R-GPU,FFN,33,340.0,0.059305527507149264,0.058199499682814376,0.05950937389525282
large,R-GPU,FFN,34,350.0,0.05929167487329326,0.05842112506570632,0.05981011439052966
large,R-GPU,FFN,35,360.0,0.059443761362672404,0.05816687382366584,0.05978140092565812
large,R-GPU,FFN,36,370.0,0.05918581205060039,0.05825632449432308,0.0594320868558498
large,R-GPU,FFN,37,380.0,0.05908780948675488,0.05865298855542281,0.05944414766236153
large,R-GPU,FFN,38,390.0,0.05911489335630907,0.05866154298837503,0.05911505109452267
large,R-GPU,FFN,39,400.0,0.05903850208460429,0.05812245566767163,0.05922740093865289
large,R-GPU,FFN,40,410.0,0.05910124155298038,0.0580468407724766,0.059151450627268815
large,R-GPU,FFN,41,420.0,0.05959250863361379,0.058154778248535904,0.05985263337379368
large,R-GPU,FFN,42,430.0,0.059294934694207796,0.058162640743830735,0.060696446320434944
large,R-GPU,FFN,43,440.0,0.05923005257000116,0.058137366479968505,0.05967640919698172
large,R-GPU,FFN,44,450.0,0.05892922888460819,0.05839894157406891,0.05911999588670372
large,R-GPU,FFN,45,460.0,0.058910788789035023,0.05805743313021597,0.05947974611308385
large,R-GPU,FFN,46,470.0,0.059046345859314925,0.05860455286892832,0.05914061494331693
large,R-GPU,FFN,47,480.0,0.059113852933023764,0.05855976951306732,0.05929387424566815
large,R-GPU,FFN,48,490.0,0.05891851035539733,0.058006548729281376,0.058983943855309945
large,R-GPU,FFN,49,500.0,0.059030597078162855,0.05807349968108613,0.059610028873066795
large,R-GPU,GRU,0,10.0,0.09861664997879421,0.094729128572908,0.11462853104603715
large,R-GPU,GRU,1,20.0,0.08064747452772283,0.07183885128415571,0.0934004679211285
large,R-GPU,GRU,2,30.0,0.06730156706453275,0.0663589415794377,0.08593739243588065
large,R-GPU,GRU,3,40.0,0.06830029962202391,0.06559691898337408,0.0753824684170468
large,R-GPU,GRU,4,50.0,0.06704047195580645,0.06413968039578324,0.06975010491350989
large,R-GPU,GRU,5,60.0,0.06628415464683715,0.06475694846631089,0.06889381196651814
large,R-GPU,GRU,6,70.0,0.06513123744025509,0.06409757579103828,0.06792364392640596
large,R-GPU,GRU,7,80.0,0.06507961945135324,0.06408412949076595,0.06720609803460323
large,R-GPU,GRU,8,90.0,0.06348276047719995,0.06311296881585805,0.06406799171099922
large,R-GPU,GRU,9,100.0,0.06253776646190093,0.06230209897921671,0.06285249607662993
large,R-GPU,GRU,10,110.0,0.06178460708042624,0.06143502459644881,0.06222166993165959
large,R-GPU,GRU,11,120.0,0.0612595088878152,0.060998604170890786,0.0618665839124333
large,R-GPU,GRU,12,130.0,0.06116801610778569,0.06083748985975038,0.06144675624955201
large,R-GPU,GRU,13,140.0,0.061290447748433535,0.06045855692582339,0.06152825266599396
large,R-GPU,GRU,14,150.0,0.060661553611225855,0.060320522713027486,0.06118897487704092
large,R-GPU,GRU,15,160.0,0.060800212128469894,0.060197144780886475,0.060936817973924945
large,R-GPU,GRU,16,170.0,0.060489237845558846,0.06009593062208299,0.06072110307877668
large,R-GPU,GRU,17,180.0,0.06028600091576666,0.060136995595712534,0.06057941926974311
large,R-GPU,GRU,18,190.0,0.06022448714566056,0.05988033200310386,0.060659248559659346
large,R-GPU,GRU,19,200.0,0.06016432241676742,0.05981579487206548,0.06056209652251712
large,R-GPU,GRU,20,210.0,0.060052927510241744,0.059714756005632835,0.06025329090743983
large,R-GPU,GRU,21,220.0,0.05995296831861199,0.0597734483412751,0.060051794825540156
large,R-GPU,GRU,22,230.0,0.05985750104719048,0.05960500668879834,0.06010310136025512
large,R-GPU,GRU,23,240.0,0.05977261246380297,0.059572177104655594,0.05986506886210921
large,R-GPU,GRU,24,250.0,0.059705888419102876,0.05952245603430131,0.05987234207168515
large,R-GPU,GRU,25,260.0,0.0596222717717865,0.05937316878043933,0.05977519539192147
large,R-GPU,GRU,26,270.0,0.059567018099187435,0.05928864789621005,0.05975616028308653
large,R-GPU,GRU,27,280.0,0.05964414655773001,0.059216909322458405,0.05973279073032248
large,R-GPU,GRU,28,290.0,0.05956759801665615,0.05935086909039458,0.059727619647674174
large,R-GPU,GRU,29,300.0,0.0594592587085572,0.059117298147612046,0.05954443579048532
large,R-GPU,GRU,30,310.0,0.05935677594243319,0.0591719930339423,0.05982458763492107
large,R-GPU,GRU,31,320.0,0.05927056396785704,0.05900369405208042,0.059653740298472285
large,R-GPU,GRU,32,330.0,0.05934814503007149,0.05927568923243601,0.0596115139128415
large,R-GPU,GRU,33,340.0,0.05932032539476498,0.05898900842703372,0.05937692078077819
large,R-GPU,GRU,34,350.0,0.059228424720913636,0.058951463981429725,0.05964765407043163
large,R-GPU,GRU,35,360.0,0.05973169444814633,0.05885852562369112,0.05999018062993858
large,R-GPU,GRU,36,370.0,0.05927108386913463,0.05882992773194931,0.06010916010200165
large,R-GPU,GRU,37,380.0,0.059164708941352756,0.05884939927182134,0.059214619488557246
large,R-GPU,GRU,38,390.0,0.059093616475365734,0.059085962273911746,0.05924303076653817
large,R-GPU,GRU,39,400.0,0.05907775444029542,0.0588861406886281,0.05934016081255325
large,R-GPU,GRU,40,410.0,0.05903314547140329,0.0587334203878527,0.05918213182530965
large,R-GPU,GRU,41,420.0,0.0590817602897005,0.059012877871737174,0.05916529093428838
large,R-GPU,GRU,42,430.0,0.05897622831253105,0.058774029039341286,0.05911549503298377
large,R-GPU,GRU,43,440.0,0.05896075087775901,0.05862575383798688,0.059140548023151523
large,R-GPU,GRU,44,450.0,0.05905657951780088,0.058654160136939054,0.05948174576133172
large,R-GPU,GRU,45,460.0,0.05895199214273819,0.05877723860385234,0.0589832914424733
large,R-GPU,GRU,46,470.0,0.05892588368442378,0.05880844229704965,0.0590797024606218
large,R-GPU,GRU,47,480.0,0.0588672927424341,0.05866774766491292,0.05896672654080251
large,R-GPU,GRU,48,490.0,0.0589392521392256,0.05887874322070277,0.058955246927780564
large,R-GPU,GRU,49,500.0,0.05886223519519265,0.05847842000412132,0.05894125654867824
large,R-GPU,sig2,0,10.0,0.09708449030949856,0.0945330174918127,0.10844218680176716
large,R-GPU,sig2,1,20.0,0.06773785717132344,0.06465876945912899,0.08147891087901377
large,R-GPU,sig2,2,30.0,0.07317090492324499,0.06944544818543366,0.07737363378873854
large,R-GPU,sig2,3,40.0,0.07018442092976332,0.06619770143470308,0.07040161004260884
large,R-GPU,sig2,4,50.0,0.0653435395079214,0.06391013763095546,0.06870627106764007
large,R-GPU,sig2,5,60.0,0.06456561805680397,0.06357373442551764,0.06464625018088557
large,R-GPU,sig2,6,70.0,0.06341113963662795,0.06327164590584292,0.06410526567651689
large,R-GPU,sig2,7,80.0,0.062335208693639316,0.06207561440169232,0.06326812249835714
large,R-GPU,sig2,8,90.0,0.06147250577669186,0.061217252990900334,0.06272953547977525
large,R-GPU,sig2,9,100.0,0.060881620409418274,0.06056818376919185,0.062028540560731954
large,R-GPU,sig2,10,110.0,0.060279380159954626,0.06026524791468549,0.061280994548724294
large,R-GPU,sig2,11,120.0,0.059970638269078363,0.05979466969893113,0.060848032029298366
large,R-GPU,sig2,12,130.0,0.059497245406419125,0.059493798388757596,0.06055820983556262
large,R-GPU,sig2,13,140.0,0.05929699684384107,0.05922948549050491,0.060576786110232234
large,R-GPU,sig2,14,150.0,0.059633324596688936,0.05909926140884639,0.060128299216103215
large,R-GPU,sig2,15,160.0,0.058975603279577654,0.05896136354158446,0.05999143843882851
large,R-GPU,sig2,16,170.0,0.05898133220989624,0.05885858475858188,0.05980381302015306
large,R-GPU,sig2,17,180.0,0.05883898393540224,0.05879935964094332,0.0596551389580782
large,R-GPU,sig2,18,190.0,0.058735036482630704,0.05864270621623294,0.05952367635381964
large,R-GPU,sig2,19,200.0,0.05874469193622647,0.058663641300427144,0.059435945469431345
large,R-GPU,sig2,20,210.0,0.05886205152592086,0.058567040211073645,0.05924447361530841
large,R-GPU,sig2,21,220.0,0.0585840660437498,0.05849526719066492,0.059276055322243365
large,R-GPU,sig2,22,230.0,0.0587122145693684,0.05863295684548578,0.05891680157219528
large,R-GPU,sig2,23,240.0,0.05852095375121283,0.05851870273136231,0.05891833413943462
large,R-GPU,sig2,24,250.0,0.058483364082803774,0.05840818139586193,0.05879675668757048
large,R-GPU,sig2,25,260.0,0.05858579984214887,0.05838407019291483,0.05877987969233803
large,R-GPU,sig2,26,270.0,0.05849040923021678,0.05836804907357876,0.058564479379128925
large,R-GPU,sig2,27,280.0,0.05836609446259902,0.05831265625738527,0.058401406552548024
large,R-GPU,sig2,28,290.0,0.058463970596676545,0.058434728426618704,0.05884879375025778
large,R-GPU,sig2,29,300.0,0.05861948018900878,0.05831657226644896,0.05878505283453708
large,R-GPU,sig2,30,310.0,0.05843635272094619,0.05824749499788598,0.0589436626046336
large,R-GPU,sig2,31,320.0,0.05840961073317888,0.058154952273980626,0.058495682363627594
large,R-GPU,sig2,32,330.0,0.05839980576138262,0.058270970541798334,0.05856054515970757
large,R-GPU,sig2,33,340.0,0.05822978272590265,0.058211170136928586,0.058378703020025596
large,R-GPU,sig2,34,350.0,0.058475881867707385,0.05826651702773236,0.058851221507211476
large,R-GPU,sig2,35,360.0,0.05822920933951539,0.058089393271075124,0.05833449697865947
large,R-GPU,sig2,36,370.0,0.058284501560592644,0.05814257653901225,0.05838561111158927
large,R-GPU,sig2,37,380.0,0.058179467654099454,0.05805992927980699,0.058389108705796416
large,R-GPU,sig2,38,390.0,0.058238187782080814,0.05804391072615547,0.058308075504101026
large,R-GPU,sig2,39,400.0,0.05832284494044873,0.05818174069827367,0.05846574933184459
large,R-GPU,sig2,40,410.0,0.05828464795195035,0.05816731144977896,0.058477607629356526
large,R-GPU,sig2,41,420.0,0.05825480042130951,0.05814793677973287,0.05837830818200021
large,R-GPU,sig2,42,430.0,0.05826310953898431,0.05813519210096277,0.05836904020725345
large,R-GPU,sig2,43,440.0,0.05846714934114064,0.05806947239443619,0.058538866725029975
large,R-GPU,sig2,44,450.0,0.05835729956470462,0.05802376272731638,0.058789409573364565
large,R-GPU,sig2,45,460.0,0.05829327387300512,0.0579902430663424,0.05882619342810361
large,R-GPU,sig2,46,470.0,0.05822583704912179,0.057999371393634674,0.05835494507982733
large,R-GPU,sig2,47,480.0,0.05826803599256894,0.05805499058169519,0.058391385778577415
large,R-GPU,sig2,48,490.0,0.05825967001646862,0.05821311270847221,0.05852102919016036
large,R-GPU,sig2,49,500.0,0.05826495917381183,0.057986062894542584,0.05827731089993907
large,R-NTBN,FFN,0,1.0,0.18116978092871883,0.14232216431544378,0.1890355457025278
large,R-NTBN,FFN,1,2.0,0.11898025208049347,0.11190473185499651,0.16072604880737584
large,R-NTBN,FFN,2,3.0,0.12887684445969202,0.12249625988204545,0.1419043286597772
large,R-NTBN,FFN,3,4.0,0.1452856726844377,0.09547133152447045,0.1835783987109332
large,R-NTBN,FFN,4,5.0,0.13673915982391951,0.10841993279800599,0.24139836943629894
large,R-NTBN,FFN,5,6.0,0.11398831999636684,0.09290826484397213,0.12248573507726988
large,R-NTBN,FFN,6,7.0,0.11974836778582523,0.11088179319332805,0.12172896559640159
large,R-NTBN,FFN,7,8.0,0.12585935382324837,0.10978577144998913,0.12932151359516184
large,R-NTBN,FFN,8,9.0,0.12743739163337028,0.11666719922943715,0.13298047327587745
large,R-NTBN,FFN,9,10.0,0.12737979946410113,0.11903160028114128,0.1338231290289188
large,R-NTBN,FFN,10,11.0,0.12609450420835513,0.11324067208210915,0.13299715144148092
large,R-NTBN,FFN,11,12.0,0.12384792509169221,0.10662269228398433,0.13116839779165637
large,R-NTBN,FFN,12,13.0,0.12078964761179735,0.10379423423055033,0.12894636741924637
large,R-NTBN,FFN,13,14.0,0.11713811915290512,0.10500992064947606,0.1269620534701225
large,R-NTBN,FFN,14,15.0,0.11331448679441931,0.10188682011632257,0.12300643099242219
large,R-NTBN,FFN,15,16.0,0.10971314093423264,0.09935711775434466,0.1162335232391462
large,R-NTBN,FFN,16,17.0,0.1068122583795088,0.0999861770788246,0.11034880336533241
large,R-NTBN,FFN,17,18.0,0.10502948967673988,0.09895971069915244,0.10571713590942165
large,R-NTBN,FFN,18,19.0,0.10250922335227622,0.09661644900056177,0.10472675535705062
large,R-NTBN,FFN,19,20.0,0.10180150567393598,0.09318423659628272,0.10615831886455686
large,R-NTBN,FFN,20,21.0,0.10399496773660401,0.08932488899273165,0.10859199099342752
large,R-NTBN,FFN,21,22.0,0.10760531495342321,0.08577588848287515,0.11097646585605371
large,R-NTBN,FFN,22,23.0,0.11162089231686712,0.0829357287786237,0.11237460334804611
large,R-NTBN,FFN,23,24.0,0.11264815915635212,0.0811857916642167,0.11457262218216835
large,R-NTBN,FFN,24,25.0,0.11184505836285365,0.08091970955241146,0.11586290794414478
large,R-NTBN,FFN,25,26.0,0.11034326719277068,0.08200306404422927,0.11545789158096824
large,R-NTBN,FFN,26,27.0,0.10853315400407715,0.08429696392700056,0.11346742590850667
large,R-NTBN,FFN,27,28.0,0.10666969775134676,0.08696367656209385,0.11047704130301976
large,R-NTBN,FFN,28,29.0,0.10510534481105639,0.08947601574171737,0.10721019292489072
large,R-NTBN,FFN,29,30.0,0.10412173367973064,0.09159037686420445,0.10416602762700289
large,R-NTBN,FFN,30,31.0,0.1017456764630491,0.09298828114119786,0.10370926968343963
large,R-NTBN,FFN,31,32.0,0.0999525018009074,0.0930022013274741,0.1032243677038558
large,R-NTBN,FFN,32,33.0,0.09893243504240105,0.09206268383287831,0.10242641238684475
large,R-NTBN,FFN,33,34.0,0.09858815948750653,0.0905312743670192,0.10158118113456917
large,R-NTBN,FFN,34,35.0,0.09887450218419014,0.08842479937933886,0.10071709841235067
large,R-NTBN,FFN,35,36.0,0.09944757329748082,0.08602157790072815,0.09968034568287078
large,R-NTBN,FFN,36,37.0,0.0989176388989147,0.08322820694200576,0.10013505414364827
large,R-NTBN,FFN,37,38.0,0.09835909199656438,0.08019893954852561,0.10082637799746824
large,R-NTBN,FFN,38,39.0,0.09781685240466659,0.07717922330812368,0.10135148121760439
large,R-NTBN,FFN,39,40.0,0.09727167138904876,0.07427868930229482,0.10170271546922179
large,R-NTBN,FFN,40,41.0,0.09666021019038407,0.0715288727729603,0.10167072656972648
large,R-NTBN,FFN,41,42.0,0.09598190876881571,0.06932913293659469,0.10124691087247684
large,R-NTBN,FFN,42,43.0,0.09522716728322232,0.06755896845106966,0.10035275275817862
large,R-NTBN,FFN,43,44.0,0.09439148261724667,0.06643965633379088,0.09915355562945424
large,R-NTBN,FFN,44,45.0,0.0935100453094976,0.06595878484539495,0.09773816581319682
large,R-NTBN,FFN,45,46.0,0.09264093213538399,0.06595740796172576,0.09614441379158778
large,R-NTBN,FFN,46,47.0,0.09179273167663728,0.06597569381524793,0.09471143239947613
large,R-NTBN,FFN,47,48.0,0.09099348256948955,0.06588870074977513,0.09359271833457058
large,R-NTBN,FFN,48,49.0,0.08991650905874037,0.06591644857683752,0.09287960263326198
large,R-NTBN,FFN,49,50.0,0.08852663348737068,0.06608598582874142,0.09243829934078837
large,R-NTBN,FFN,50,51.0,0.08709464486920351,0.0665512895473121,0.09195275757557304
large,R-NTBN,FFN,51,52.0,0.08584187561884901,0.06718511799843903,0.09114748850846899
large,R-NTBN,FFN,52,53.0,0.08463337309704014,0.06726578368335709,0.0900575848471405
large,R-NTBN,FFN,53,54.0,0.08313522501524553,0.06617416243122319,0.08902900676005343
large,R-NTBN,FFN,54,55.0,0.08128609716601132,0.0652868393558431,0.08827975013899421
large,R-NTBN,FFN,55,56.0,0.07962441941102343,0.06483185949925245,0.08773158118583635
large,R-NTBN,FFN,56,57.0,0.07797867673766481,0.06434080194822889,0.08683131807125527
large,R-NTBN,FFN,57,58.0,0.07628579377691384,0.06388217107061939,0.0852776862799175
large,R-NTBN,FFN,58,59.0,0.074895761706963,0.06303304962822952,0.08305816250479117
large,R-NTBN,FFN,59,60.0,0.07287741326004885,0.06257858465315366,0.08105248281952805
large,R-NTBN,FFN,60,61.0,0.07110379852800287,0.06375635050064331,0.07970324156849083
large,R-NTBN,FFN,61,62.0,0.0695484324616536,0.06644162705784461,0.07792783791474515
large,R-NTBN,FFN,62,63.0,0.0687128038615243,0.0660903438498176,0.0754654959881262
large,R-NTBN,FFN,63,64.0,0.06704519104135197,0.0629930560487312,0.07354647766284747
large,R-NTBN,FFN,64,65.0,0.06587827709186209,0.06352632427281076,0.07282815844511957
large,R-NTBN,FFN,65,66.0,0.06499031441279382,0.06473262756335138,0.07048022696095653
large,R-NTBN,FFN,66,67.0,0.06401556350008764,0.06200835578625745,0.06777207717135711
large,R-NTBN,FFN,67,68.0,0.06473778029483025,0.06292429102427793,0.06697776153119639
large,R-NTBN,FFN,68,69.0,0.062302816586434766,0.0618337641250665,0.0661623169951168
large,R-NTBN,FFN,69,70.0,0.06369217985533676,0.06182890628283714,0.06600276898406217
large,R-NTBN,FFN,70,71.0,0.06162726408341428,0.06154939032390584,0.06627283728384707
large,R-NTBN,FFN,71,72.0,0.0632524154034144,0.06136298301983373,0.06659366865443367
large,R-NTBN,FFN,72,73.0,0.06251924913899655,0.061242166128787356,0.06608496267480436
large,R-NTBN,FFN,73,74.0,0.06123550544164264,0.06117689478983226,0.06539109780456555
large,R-NTBN,FFN,74,75.0,0.06223770317431624,0.06084464786071624,0.06429376275766463
large,R-NTBN,FFN,75,76.0,0.06184816463726489,0.060456453002670885,0.063773013137381
large,R-NTBN,FFN,76,77.0,0.061250416091182716,0.06051970138618215,0.06369711384995952
large,R-NTBN,FFN,77,78.0,0.06211768926754684,0.060281325486444284,0.06364018498704983
large,R-NTBN,FFN,78,79.0,0.06219474896697623,0.06047743107209274,0.06397968841323193
large,R-NTBN,FFN,79,80.0,0.06145555915376933,0.05967271428496118,0.06331318829740798
large,R-NTBN,FFN,80,81.0,0.06152491655851164,0.05984062145626733,0.0634275345638922
large,R-NTBN,FFN,81,82.0,0.06102495269351826,0.059553362383656154,0.06277352389089208
large,R-NTBN,FFN,82,83.0,0.06099702338250273,0.06018142691007172,0.06280105534636202
large,R-NTBN,FFN,83,84.0,0.06103954152164296,0.059637289557956226,0.06265570937913997
large,R-NTBN,FFN,84,85.0,0.06074182499059099,0.059952824507295284,0.06250861813843032
large,R-NTBN,FFN,85,86.0,0.060702594886369025,0.05971837167028833,0.06279118332252251
large,R-NTBN,FFN,86,87.0,0.06072825992136501,0.05990649183008987,0.062371712742016285
large,R-NTBN,FFN,87,88.0,0.06087968239199108,0.059987582889486725,0.06223474504364715
large,R-NTBN,FFN,88,89.0,0.06092394236134084,0.05985225030244924,0.062182062547722135
large,R-NTBN,FFN,89,90.0,0.060655587249331996,0.059929074162346684,0.06193869596435909
large,R-NTBN,FFN,90,91.0,0.06053404305334928,0.059865699987744804,0.06195378773396559
large,R-NTBN,FFN,91,92.0,0.06055492213648608,0.05990786910038875,0.06202047706669212
large,R-NTBN,FFN,92,93.0,0.06057494442559714,0.05988592900545023,0.06195375263709143
large,R-NTBN,FFN,93,94.0,0.0603228188387058,0.059796410547944656,0.062023643922783936
large,R-NTBN,FFN,94,95.0,0.06024203638253922,0.05967823498324014,0.061924415448355294
large,R-NTBN,FFN,95,96.0,0.060653056194312105,0.05958872973937108,0.061893829077445825
large,R-NTBN,FFN,96,97.0,0.06021838744827097,0.0596265268940774,0.06169758400492033
large,R-NTBN,FFN,97,98.0,0.060205927712249224,0.059422270241347,0.061565672580757694
large,R-NTBN,FFN,98,99.0,0.0601670517698749,0.05931732781295083,0.061485586749328344
large,R-NTBN,FFN,99,100.0,0.06033071593559994,0.059282960777281256,0.06140940609559762
large,R-NTBN,FFN,100,101.0,0.06015749404409284,0.059154293421423906,0.061384520273978595
large,R-NTBN,FFN,101,102.0,0.06009571976113668,0.05910082342005329,0.06132833778821795
large,R-NTBN,FFN,102,103.0,0.060086263150376996,0.05911458980960724,0.061360252841451954
large,R-NTBN,FFN,103,104.0,0.06013366942076747,0.05910198313612786,0.06117419453203605
large,R-NTBN,FFN,104,105.0,0.06027893376364958,0.059196174358528315,0.06121395222651652
large,R-NTBN,FFN,105,106.0,0.06009804769913791,0.05911754994620188,0.06117890439063347
large,R-NTBN,FFN,106,107.0,0.06011210366519523,0.05939087277603528,0.0611244088154791
large,R-NTBN,FFN,107,108.0,0.06006101720826529,0.05903026363351842,0.06119421076243321
large,R-NTBN,FFN,108,109.0,0.06031267519162396,0.0591300934534952,0.0610601512649266
large,R-NTBN,FFN,109,110.0,0.060022050235079324,0.05897838077411254,0.061116756723513674
large,R-NTBN,FFN,110,111.0,0.06005331837959923,0.05945412922873456,0.06095434988192731
large,R-NTBN,FFN,111,112.0,0.060126880035986964,0.05890976798621725,0.060976369936424
large,R-NTBN,FFN,112,113.0,0.060143007008729536,0.05914570035933722,0.06097573327112109
large,R-NTBN,FFN,113,114.0,0.0600258248820628,0.05887380930548476,0.06089912824814862
large,R-NTBN,FFN,114,115.0,0.060068002527850294,0.059251441300752244,0.06087176230655339
large,R-NTBN,FFN,115,116.0,0.06015111594227788,0.058865346569426914,0.06088542763111938
large,R-NTBN,FFN,116,117.0,0.06001883845717188,0.058924145928341824,0.060868214251830595
large,R-NTBN,FFN,117,118.0,0.05994476494862627,0.05879400956179485,0.06091482128142873
large,R-NTBN,FFN,118,119.0,0.060620845255688706,0.058941164541812176,0.0610077301033469
large,R-NTBN,FFN,119,120.0,0.05992741468425052,0.05869831982658896,0.06079236022281997
large,R-NTBN,GRU,0,1.0,0.12556427200489714,0.11556954610915411,0.20804293619261838
large,R-NTBN,GRU,1,2.0,0.12240877445509725,0.1120354342518854,0.16527040661181858
large,R-NTBN,GRU,2,3.0,0.11495728141222242,0.11007226958088527,0.12581818317027899
large,R-NTBN,GRU,3,4.0,0.11421397641319346,0.10254720693979505,0.1172477697569226
large,R-NTBN,GRU,4,5.0,0.11640534856526112,0.11373135762264149,0.12625748865188113
large,R-NTBN,GRU,5,6.0,0.11735794821501651,0.10207699010005361,0.11760047078132628
large,R-NTBN,GRU,6,7.0,0.1030995271581433,0.09958390354819056,0.11557488341762323
large,R-NTBN,GRU,7,8.0,0.10695068831117742,0.1002285646067725,0.11132166542849696
large,R-NTBN,GRU,8,9.0,0.10232695989920249,0.09827427689772966,0.1064402024751763
large,R-NTBN,GRU,9,10.0,0.10310792002340229,0.09027656820922252,0.10443272284244584
large,R-NTBN,GRU,10,11.0,0.1026251489644522,0.09548612221875323,0.10479031330354335
large,R-NTBN,GRU,11,12.0,0.10349809588530119,0.09890005927673913,0.1040117391299852
large,R-NTBN,GRU,12,13.0,0.1011830328057391,0.09610522746748686,0.10450567426990094
large,R-NTBN,GRU,13,14.0,0.09856134583043234,0.08954347314379009,0.10305786514893553
large,R-NTBN,GRU,14,15.0,0.096213946494209,0.08389730369433379,0.10004013074477804
large,R-NTBN,GRU,15,16.0,0.09454136495552365,0.08382712834957026,0.09665602838600072
large,R-NTBN,GRU,16,17.0,0.09348637664347192,0.08862813096379767,0.09420782347665745
large,R-NTBN,GRU,17,18.0,0.09291213028524092,0.09277455805276628,0.09513163697588574
large,R-NTBN,GRU,18,19.0,0.09294408880019507,0.09235266153956508,0.09952723116628709
large,R-NTBN,GRU,19,20.0,0.0934981236163804,0.09272620186518979,0.10135789949706182
large,R-NTBN,GRU,20,21.0,0.09429677543986556,0.09344858157656567,0.09971098075092058
large,R-NTBN,GRU,21,22.0,0.09510081680775852,0.09446111423337561,0.09635933307573762
large,R-NTBN,GRU,22,23.0,0.09533941449190377,0.09241803055936161,0.09568196698859498
large,R-NTBN,GRU,23,24.0,0.09597032736436492,0.088618115682305,0.09607734771329403
large,R-NTBN,GRU,24,25.0,0.09589626377173247,0.08522342864119235,0.09648684455907389
large,R-NTBN,GRU,25,26.0,0.09547981992818785,0.08219654829001395,0.0965444936129345
large,R-NTBN,GRU,26,27.0,0.09485677001094935,0.07961914513683142,0.09633290201825823
large,R-NTBN,GRU,27,28.0,0.09401697984763555,0.07761379839882017,0.09574209908717134
large,R-NTBN,GRU,28,29.0,0.09306653680891637,0.07622247906140206,0.09480874093934001
large,R-NTBN,GRU,29,30.0,0.09202265161770748,0.07545701188736927,0.0936174554265899
large,R-NTBN,GRU,30,31.0,0.09097270664823796,0.07520609253492108,0.09229210456685416
large,R-NTBN,GRU,31,32.0,0.08998467120932135,0.07534652776443038,0.09077807423978204
large,R-NTBN,GRU,32,33.0,0.08907695249250666,0.07572750963716425,0.08922514355808532
large,R-NTBN,GRU,33,34.0,0.08773875539446926,0.07620107219696626,0.08827328039685738
large,R-NTBN,GRU,34,35.0,0.08628693580518271,0.07677986166270515,0.08761556482940948
large,R-NTBN,GRU,35,36.0,0.08504328774845497,0.07735163085299097,0.08710894339759999
large,R-NTBN,GRU,36,37.0,0.08405012833875615,0.07784366912421142,0.0867470844997882
large,R-NTBN,GRU,37,38.0,0.08335129396309926,0.07831971521087908,0.08646618670377977
large,R-NTBN,GRU,38,39.0,0.08289640971774437,0.0786602756097203,0.08623693467678456
large,R-NTBN,GRU,39,40.0,0.0826206864181892,0.07885061498271966,0.08603484426444266
large,R-NTBN,GRU,40,41.0,0.08248954732994455,0.07854713968050203,0.08583586072601532
large,R-NTBN,GRU,41,42.0,0.0824294939218714,0.0775599558638711,0.08561095978350575
large,R-NTBN,GRU,42,43.0,0.0823396754988966,0.07608979408230099,0.08533366500276056
large,R-NTBN,GRU,43,44.0,0.0820911355380319,0.07446099150020703,0.08499195151058309
large,R-NTBN,GRU,44,45.0,0.08163895830966904,0.07323051113021244,0.08455078559444355
large,R-NTBN,GRU,45,46.0,0.0811250324523638,0.07267275885639027,0.08402809587117371
large,R-NTBN,GRU,46,47.0,0.08065359644655488,0.07309275366120283,0.08343801644695546
large,R-NTBN,GRU,47,48.0,0.08025389027318967,0.07374742328756748,0.08282828573888038
large,R-NTBN,GRU,48,49.0,0.0799034472568568,0.07340781226917936,0.08212809754997236
large,R-NTBN,GRU,49,50.0,0.07924633856148654,0.07211854875597178,0.08121863398723694
large,R-NTBN,GRU,50,51.0,0.078107074185096,0.07135176667727537,0.08000580683550698
large,R-NTBN,GRU,51,52.0,0.0766913013325797,0.07146077189180584,0.07865501281615431
large,R-NTBN,GRU,52,53.0,0.07529143780761006,0.0696955743235546,0.07721815895976018
large,R-NTBN,GRU,53,54.0,0.07352912567910692,0.06972076326281158,0.07544600177597212
large,R-NTBN,GRU,54,55.0,0.07231475041681157,0.06757264660719113,0.07301290516124101
large,R-NTBN,GRU,55,56.0,0.07065946535094754,0.06631202006005253,0.07074215207635552
large,R-NTBN,GRU,56,57.0,0.06859491423445596,0.06663458953555831,0.06941701260751275
large,R-NTBN,GRU,57,58.0,0.06759068871119372,0.06731031286519965,0.06872307131651412
large,R-NTBN,GRU,58,59.0,0.06864075468209489,0.06556320201801147,0.07371478657873845
large,R-NTBN,GRU,59,60.0,0.06779962102626705,0.0656585819582581,0.07482200773644358
large,R-NTBN,GRU,60,61.0,0.06609738525799196,0.0655087657245524,0.06713001662012419
large,R-NTBN,GRU,61,62.0,0.06538180227281117,0.06484471436621796,0.07077813224005029
large,R-NTBN,GRU,62,63.0,0.06488879654506477,0.06453747093968629,0.06703600937884951
large,R-NTBN,GRU,63,64.0,0.06494896303093622,0.06456189901910277,0.06575797908963302
large,R-NTBN,GRU,64,65.0,0.06435633170098902,0.06406066783218302,0.0663391267778454
large,R-NTBN,GRU,65,66.0,0.06443970442109347,0.06388868693084943,0.06880724176273242
large,R-NTBN,GRU,66,67.0,0.06415923099432673,0.06171415226308854,0.0656550745997164
large,R-NTBN,GRU,67,68.0,0.06749197232090075,0.0658309591413272,0.07077861905680181
large,R-NTBN,GRU,68,69.0,0.06419889189493962,0.06394987115784297,0.07635377840535831
large,R-NTBN,GRU,69,70.0,0.06359426124119204,0.061527848493885484,0.06363068744358272
large,R-NTBN,GRU,70,71.0,0.06566466588949982,0.06456595203487865,0.07132082103190983
large,R-NTBN,GRU,71,72.0,0.06401819506971682,0.0634282903657073,0.0656038637526597
large,R-NTBN,GRU,72,73.0,0.0638870806802833,0.06165696038285746,0.06717154856257242
large,R-NTBN,GRU,73,74.0,0.06301319928014233,0.06108681633340714,0.06973325718599072
large,R-NTBN,GRU,74,75.0,0.06351891415641713,0.06292343560847315,0.06575136220535222
large,R-NTBN,GRU,75,76.0,0.0630161337945633,0.062855193389168,0.06375551699991627
large,R-NTBN,GRU,76,77.0,0.06246454481112795,0.06082396664553216,0.06656757154944322
large,R-NTBN,GRU,77,78.0,0.06287670184622754,0.061150143029889185,0.0682761600202402
large,R-NTBN,GRU,78,79.0,0.06283697497750083,0.0626092333305668,0.06668043046534718
large,R-NTBN,GRU,79,80.0,0.06251525661029075,0.06166825646373088,0.06396235182189972
large,R-NTBN,GRU,80,81.0,0.06270205715764428,0.06044248023476355,0.06322507391955536
large,R-NTBN,GRU,81,82.0,0.06241833879834129,0.06134454584856755,0.06438081507299263
large,R-NTBN,GRU,82,83.0,0.06221841988000239,0.06099238888484509,0.06536100376784
large,R-NTBN,GRU,83,84.0,0.06240063685564475,0.05994884626569182,0.06515834447319398
large,R-NTBN,GRU,84,85.0,0.06213882485898131,0.060637078810851654,0.06403685159189797
large,R-NTBN,GRU,85,86.0,0.061962428060388666,0.060088981147650836,0.06289648317864961
large,R-NTBN,GRU,86,87.0,0.062040878107295944,0.05953768109936854,0.06283932862409887
large,R-NTBN,GRU,87,88.0,0.06191903197175854,0.060017891578439966,0.06336992142565084
large,R-NTBN,GRU,88,89.0,0.062062864347619144,0.05966573721195896,0.06314743987042389
large,R-NTBN,GRU,89,90.0,0.06179761530897409,0.059454410167476913,0.0625042043881029
large,R-NTBN,GRU,90,91.0,0.06158882887153833,0.059885047144178055,0.0628469432357321
large,R-NTBN,GRU,91,92.0,0.06151936376542398,0.05953222723798291,0.06296468406497194
large,R-NTBN,GRU,92,93.0,0.061572938839085066,0.05972750201566606,0.062319177970453936
large,R-NTBN,GRU,93,94.0,0.061508376369655345,0.06003127494992935,0.06233537455472608
large,R-NTBN,GRU,94,95.0,0.06136427650521525,0.05937584529611507,0.06250302808789106
large,R-NTBN,GRU,95,96.0,0.06129963810627275,0.05968339034380057,0.06213043118862295
large,R-NTBN,GRU,96,97.0,0.061333900283435314,0.05940964859847765,0.062205877969262066
large,R-NTBN,GRU,97,98.0,0.06136040368159466,0.059103676974227574,0.062279534545500774
large,R-NTBN,GRU,98,99.0,0.061280161997483026,0.05926288511053691,0.0620452350048719
large,R-NTBN,GRU,99,100.0,0.06125151910006052,0.05921408055084092,0.062111356374108286
large,R-NTBN,GRU,100,101.0,0.06121013011505898,0.05900377535940089,0.062141435896302305
large,R-NTBN,GRU,101,102.0,0.06120487955718395,0.059239789638872976,0.06192856197392109
large,R-NTBN,GRU,102,103.0,0.0611520442379336,0.05911871324656064,0.06178562803437274
large,R-NTBN,GRU,103,104.0,0.06111696625403576,0.05900311137530247,0.06187007864607414
large,R-NTBN,GRU,104,105.0,0.06109277738010345,0.059176530034004984,0.06186541863995739
large,R-NTBN,GRU,105,106.0,0.061102952926404885,0.058998360856912645,0.06174051865334911
large,R-NTBN,GRU,106,107.0,0.060968288794723886,0.05893395929819061,0.06167562550641096
large,R-NTBN,GRU,107,108.0,0.06092658928698962,0.058937899954844455,0.06167366025430378
large,R-NTBN,GRU,108,109.0,0.06088136360322162,0.05883434853347084,0.06161060211986704
large,R-NTBN,GRU,109,110.0,0.06098878351341529,0.05877182702278042,0.061584512010598794
large,R-NTBN,GRU,110,111.0,0.06083575735307583,0.05880734700623157,0.061595961851805846
large,R-NTBN,GRU,111,112.0,0.06078933151632147,0.058780276076697606,0.061600036341446784
large,R-NTBN,GRU,112,113.0,0.06076423848395819,0.058711995581058066,0.0615664813326392
large,R-NTBN,GRU,113,114.0,0.0608442353814731,0.05878831684516608,0.06155435173284439
large,R-NTBN,GRU,114,115.0,0.06095377413580998,0.058773887626854045,0.06151294467177001
large,R-NTBN,GRU,115,116.0,0.060709777277904546,0.058716966328239556,0.06144883835708701
large,R-NTBN,GRU,116,117.0,0.06078937634261681,0.058743956684156495,0.061390355688784724
large,R-NTBN,GRU,117,118.0,0.060741680200065006,0.05864823286186207,0.061320700188041165
large,R-NTBN,GRU,118,119.0,0.06125175114607343,0.05857791258556647,0.06125674381742982
large,R-NTBN,GRU,119,120.0,0.06070946198825579,0.058602912235500175,0.06121918688709045
large,R-NTBN,sig2,0,1.0,0.16022344515801057,0.15614592497747598,0.16543416404171013
large,R-NTBN,sig2,1,2.0,0.13987348102242367,0.1371944132960323,0.14294644495215314
large,R-NTBN,sig2,2,3.0,0.12178050212662148,0.11538365776212806,0.1246839891277681
large,R-NTBN,sig2,3,4.0,0.10639779311542251,0.0991925907859144,0.11373656831672628
large,R-NTBN,sig2,4,5.0,0.09891028855091485,0.09669318962592054,0.10971871345907777
large,R-NTBN,sig2,5,6.0,0.09648961190848417,0.09170310356641717,0.10787313645284834
large,R-NTBN,sig2,6,7.0,0.08948172682552837,0.08302968575804513,0.10408016497107796
large,R-NTBN,sig2,7,8.0,0.08022706801929169,0.07931298981801638,0.09903709483088445
large,R-NTBN,sig2,8,9.0,0.0769425635390957,0.07549116692263565,0.09390986035776952
large,R-NTBN,sig2,9,10.0,0.07355922441451976,0.07300960842943015,0.08985363732982465
large,R-NTBN,sig2,10,11.0,0.07261651539686108,0.06901042468127166,0.08699289021583702
large,R-NTBN,sig2,11,12.0,0.07195671615947002,0.06656994535991413,0.08465290924713871
large,R-NTBN,sig2,12,13.0,0.0717450793791603,0.06665837375381198,0.08254655407825814
large,R-NTBN,sig2,13,14.0,0.07200105581091437,0.06838495609087819,0.0806917696099578
large,R-NTBN,sig2,14,15.0,0.07263396917791155,0.0709200308763937,0.07904606381651826
large,R-NTBN,sig2,15,16.0,0.07383708021761586,0.07334982638357612,0.07755539154176747
large,R-NTBN,sig2,16,17.0,0.07614808809808178,0.07417756113450022,0.07672118750356491
large,R-NTBN,sig2,17,18.0,0.07500584925705692,0.07487363506549735,0.07941570173908064
large,R-NTBN,sig2,18,19.0,0.07577111852219982,0.0736937920343454,0.08181960692444998
large,R-NTBN,sig2,19,20.0,0.07652404298494148,0.07261427595611018,0.0838562677522282
large,R-NTBN,sig2,20,21.0,0.07705594160763479,0.07166299037407896,0.08544631900950372
large,R-NTBN,sig2,21,22.0,0.07750498459780171,0.07081180139557346,0.0865521256758471
large,R-NTBN,sig2,22,23.0,0.07788465436779972,0.07008307750117357,0.08702149760701279
large,R-NTBN,sig2,23,24.0,0.07821830917008774,0.06948264233395,0.08709695508592147
large,R-NTBN,sig2,24,25.0,0.07842467407785784,0.06897775245709878,0.08672986832766888
large,R-NTBN,sig2,25,26.0,0.07860330705131802,0.06856404879882076,0.08600248229918461
large,R-NTBN,sig2,26,27.0,0.07876204369960396,0.06823482855663193,0.08510702278951728
large,R-NTBN,sig2,27,28.0,0.07878795323463589,0.06796166822951061,0.08404913584682386
large,R-NTBN,sig2,28,29.0,0.0788170969220599,0.0677433754561949,0.08301790566234796
large,R-NTBN,sig2,29,30.0,0.07874069155463367,0.06755903083035068,0.08195158023209798
large,R-NTBN,sig2,30,31.0,0.07862081452385407,0.06730412570839255,0.08085048700863626
large,R-NTBN,sig2,31,32.0,0.07837632052846005,0.06709957967474785,0.07966717804744565
large,R-NTBN,sig2,32,33.0,0.07811703622086437,0.06689571251726559,0.07848890100279424
large,R-NTBN,sig2,33,34.0,0.07728331073918475,0.06673330200497195,0.07784447792612735
large,R-NTBN,sig2,34,35.0,0.07607019580764211,0.06661392495454593,0.07740925811913424
large,R-NTBN,sig2,35,36.0,0.0749758847048722,0.06648811528297714,0.07669601989716693
large,R-NTBN,sig2,36,37.0,0.0740749411494158,0.06638582621192757,0.07575037801622322
large,R-NTBN,sig2,37,38.0,0.07333681504077233,0.06626821535392705,0.0746627076550572
large,R-NTBN,sig2,38,39.0,0.0728440096963456,0.06619767117358388,0.07355624126209008
large,R-NTBN,sig2,39,40.0,0.0724384604483588,0.06616396570216604,0.07253523997880598
large,R-NTBN,sig2,40,41.0,0.07136509419215323,0.0662223309533209,0.07237670941776408
large,R-NTBN,sig2,41,42.0,0.07027521326464756,0.06632780919581542,0.07226345919172697
large,R-NTBN,sig2,42,43.0,0.06930154798977685,0.06643083968605751,0.07193396597081779
large,R-NTBN,sig2,43,44.0,0.06831461289881638,0.06644503560294744,0.07139142558105992
large,R-NTBN,sig2,44,45.0,0.0673302498774578,0.06645531163201808,0.07012959226729379
large,R-NTBN,sig2,45,46.0,0.06653503256694157,0.06642963905092122,0.06830629626327674
large,R-NTBN,sig2,46,47.0,0.06645042111276123,0.06592881072753805,0.0673371111071226
large,R-NTBN,sig2,47,48.0,0.06648654481157278,0.06552323074931772,0.06693862475936957
large,R-NTBN,sig2,48,49.0,0.0664090536471106,0.065372847884857,0.06669813541465772
large,R-NTBN,sig2,49,50.0,0.06634119639266396,0.06522669377071517,0.0664980094174835
large,R-NTBN,sig2,50,51.0,0.06620883162932809,0.06541662603180051,0.066436395826903
large,R-NTBN,sig2,51,52.0,0.06602085634192706,0.06513678124663447,0.06624657362790479
large,R-NTBN,sig2,52,53.0,0.06598289166742045,0.06500167171760793,0.06599219300316804
large,R-NTBN,sig2,53,54.0,0.06561126045982771,0.0654793081166034,0.06573121057725505
large,R-NTBN,sig2,54,55.0,0.06529982762368025,0.06451584093991361,0.06546145036671042
large,R-NTBN,sig2,55,56.0,0.06489298865653947,0.06403452347195338,0.06495864238585453
large,R-NTBN,sig2,56,57.0,0.0646230661798091,0.06444893334338371,0.0646849105155075
large,R-NTBN,sig2,57,58.0,0.06396273324341127,0.06372234415403942,0.06436172864139443
large,R-NTBN,sig2,58,59.0,0.06363395829395059,0.06348654303940807,0.0643959860971268
large,R-NTBN,sig2,59,60.0,0.06354256845346593,0.06346796895121479,0.06456967421849422
large,R-NTBN,sig2,60,61.0,0.06348775389521258,0.0631912448130757,0.06459143226090658
large,R-NTBN,sig2,61,62.0,0.06353736257633155,0.06302668228381572,0.06443206866764177
large,R-NTBN,sig2,62,63.0,0.0636214226829991,0.06303683289477967,0.06434375317414746
large,R-NTBN,sig2,63,64.0,0.06340213031286283,0.06270762975526671,0.06412401363726644
large,R-NTBN,sig2,64,65.0,0.06336715976197059,0.062754445100915,0.06408565831671995
large,R-NTBN,sig2,65,66.0,0.06311398833735377,0.06248973508766864,0.06375293582404926
large,R-NTBN,sig2,66,67.0,0.06275188454832785,0.06237457052637369,0.06353576903905768
large,R-NTBN,sig2,67,68.0,0.062691109525597,0.06259233008283253,0.06335429617536956
large,R-NTBN,sig2,68,69.0,0.062356280219787785,0.06228349367395425,0.06299414763611459
large,R-NTBN,sig2,69,70.0,0.062341013961950346,0.06234095454379752,0.06288481268563258
large,R-NTBN,sig2,70,71.0,0.06230583958446032,0.06217152186383985,0.06264723207851615
large,R-NTBN,sig2,71,72.0,0.06210738257647142,0.062099767491785446,0.0625551939056106
large,R-NTBN,sig2,72,73.0,0.062293979069797965,0.061938476467889456,0.0627866040583204
large,R-NTBN,sig2,73,74.0,0.06234729890876491,0.06187310105733237,0.06244189309022219
large,R-NTBN,sig2,74,75.0,0.062490349155606216,0.06186690878336828,0.062499878889402324
large,R-NTBN,sig2,75,76.0,0.06236154131673195,0.06179628762278945,0.0625444023491262
large,R-NTBN,sig2,76,77.0,0.06234549902042917,0.06188235806712882,0.06252546601170293
large,R-NTBN,sig2,77,78.0,0.06235627416107391,0.06192144429509019,0.06241746532465803
large,R-NTBN,sig2,78,79.0,0.061933417937585285,0.06189243323072991,0.062221808666056325
large,R-NTBN,sig2,79,80.0,0.06200033262535765,0.06183223447720353,0.06224082945249019
large,R-NTBN,sig2,80,81.0,0.06197648049674481,0.06146417756966328,0.06203124477040199
large,R-NTBN,sig2,81,82.0,0.06169273833015315,0.06137561263182222,0.06200879390586864
large,R-NTBN,sig2,82,83.0,0.06172297712101604,0.061181591107295104,0.06181294850377372
large,R-NTBN,sig2,83,84.0,0.06169362635930524,0.061084969358129806,0.06207361678628113
large,R-NTBN,sig2,84,85.0,0.06145483145765477,0.061142123657959874,0.061861503159715996
large,R-NTBN,sig2,85,86.0,0.061513824140486985,0.060818961865845164,0.06210589237392894
large,R-NTBN,sig2,86,87.0,0.06140002824356995,0.061247302881090614,0.06200227892806387
large,R-NTBN,sig2,87,88.0,0.06142928895241466,0.060712115295567935,0.062142951957544844
large,R-NTBN,sig2,88,89.0,0.061360969134266405,0.061057385985122045,0.061900455782119466
large,R-NTBN,sig2,89,90.0,0.06135117121140889,0.06070715518752441,0.06183794571566638
large,R-NTBN,sig2,90,91.0,0.06136651840220149,0.06113638808457261,0.061699637699694845
large,R-NTBN,sig2,91,92.0,0.0613317280753046,0.060619046304361275,0.061682619900421044
large,R-NTBN,sig2,92,93.0,0.06131407904628575,0.06090614743194153,0.06148398565685648
large,R-NTBN,sig2,93,94.0,0.06124374471941418,0.06057214529977905,0.061572482188542686
large,R-NTBN,sig2,94,95.0,0.061229366340625556,0.06106869860919549,0.061304048936409235
large,R-NTBN,sig2,95,96.0,0.06113484864360828,0.06086390366338838,0.06143546743052346
large,R-NTBN,sig2,96,97.0,0.0612305843831928,0.06041297228308678,0.061273051860204396
large,R-NTBN,sig2,97,98.0,0.061340424044555794,0.061298220844823344,0.06139512280040898
large,R-NTBN,sig2,98,99.0,0.06108456138198483,0.06039487307161201,0.0612653178664354
large,R-NTBN,sig2,99,100.0,0.061294683110837675,0.06080398328320302,0.06135792422116312
large,R-NTBN,sig2,100,101.0,0.0612016541335245,0.0606149481075005,0.061445208846321896
large,R-NTBN,sig2,101,102.0,0.061083085134498075,0.06035708002427704,0.06119638242928244
large,R-NTBN,sig2,102,103.0,0.06093188429817611,0.060462206347375834,0.06110812644491265
large,R-NTBN,sig2,103,104.0,0.06087830604050622,0.06013012752937602,0.061157183660255666
large,R-NTBN,sig2,104,105.0,0.06088492304305016,0.06073003557939377,0.061022217516242656
large,R-NTBN,sig2,105,106.0,0.06084029580738228,0.06003369591557063,0.060942153272392975
large,R-NTBN,sig2,106,107.0,0.06075065190902704,0.060636696129382314,0.0608724827886137
large,R-NTBN,sig2,107,108.0,0.06069757246727326,0.05988482687899773,0.06104021880580099
large,R-NTBN,sig2,108,109.0,0.06075749593139858,0.06046552886510943,0.06087313566507
large,R-NTBN,sig2,109,110.0,0.06068860088112298,0.05981510967216358,0.060952087075100414
large,R-NTBN,sig2,110,111.0,0.06058680802874803,0.060531865405112094,0.06091562427480287
large,R-NTBN,sig2,111,112.0,0.06057298938051248,0.05981176767739328,0.06103484018709194
large,R-NTBN,sig2,112,113.0,0.06061049845065096,0.06042333728700912,0.061075729569272375
large,R-NTBN,sig2,113,114.0,0.060593292763017746,0.05990235641671479,0.06079458120086837
large,R-NTBN,sig2,114,115.0,0.06061478821567562,0.06006567651844868,0.06146477204230096
large,R-NTBN,sig2,115,116.0,0.06068377773094379,0.060196222671477034,0.0607545423993479
large,R-NTBN,sig2,116,117.0,0.06050354075391796,0.05967533471965674,0.06112259361206101
large,R-NTBN,sig2,117,118.0,0.06066290395145596,0.06015141137280889,0.06083795912245398
large,R-NTBN,sig2,118,119.0,0.06111874752956578,0.059675705079012015,0.06131765760381288
large,R-NTBN,sig2,119,120.0,0.061028235220101285,0.059928845391314246,0.0616874873856485
large,R-SIG,FFN,0,25.0,0.09745821061730381,0.08957966697216031,0.120070184469223
large,R-SIG,FFN,1,50.0,0.07874598646163944,0.07396933877468108,0.09837215670943261
large,R-SIG,FFN,2,75.0,0.06378120099008083,0.06263350988924503,0.06395689693093298
large,R-SIG,FFN,3,100.0,0.06174922272562979,0.06113189692795277,0.0663826516419649
large,R-SIG,FFN,4,125.0,0.06107919497787951,0.06101257303357125,0.061971305876970285
large,R-SIG,FFN,5,150.0,0.06065883691608905,0.06034651961922644,0.06170234723389148
large,R-SIG,FFN,6,175.0,0.061205390766262996,0.06075988978147506,0.06232603186368942
large,R-SIG,FFN,7,200.0,0.06011279556155204,0.05969435462355612,0.0602260631173849
large,R-SIG,FFN,8,225.0,0.059830926299095144,0.0596652492135763,0.06050824829936027
large,R-SIG,FFN,9,250.0,0.059856077685952185,0.05982302094995974,0.06077586056292058
large,R-SIG,FFN,10,275.0,0.0602928968667984,0.05970219337940216,0.06094020126760005
large,R-SIG,FFN,11,300.0,0.06068646547198295,0.06055126512050629,0.06111339442431925
large,R-SIG,FFN,12,325.0,0.06007125566899776,0.05964208415150641,0.06022214770317077
large,R-SIG,FFN,13,350.0,0.06024231635034083,0.059554120689630494,0.060298336178064335
large,R-SIG,FFN,14,375.0,0.060410435333848,0.05928420388698577,0.06156417720019817
large,R-SIG,FFN,15,400.0,0.05978228314220904,0.05975383898615835,0.05987472686171531
large,R-SIG,FFN,16,425.0,0.05976117664575577,0.059453756242990485,0.06079005797207354
large,R-SIG,FFN,17,450.0,0.05949936781823634,0.05913103605806826,0.06007021868228912
large,R-SIG,FFN,18,475.0,0.06217243434488773,0.06012118370831012,0.06416512989997863
large,R-SIG,FFN,19,500.0,0.059412916809320454,0.059252289175987224,0.06525172448158263
large,R-SIG,FFN,20,525.0,0.05984982623159884,0.059517012178897856,0.059863956362009044
large,R-SIG,FFN,21,550.0,0.059587538748979554,0.0592085117548704,0.060194912672042834
large,R-SIG,FFN,22,575.0,0.05959748923778533,0.059190539970993994,0.062007248103618615
large,R-SIG,FFN,23,600.0,0.05979377095401287,0.059341802060604104,0.05979409892857073
large,R-SIG,FFN,24,625.0,0.05933049847185611,0.05928178773820399,0.05954300925135612
large,R-SIG,FFN,25,650.0,0.06007216963171958,0.05910606981813906,0.060504104778170587
large,R-SIG,FFN,26,675.0,0.059117491140961646,0.059054792836308476,0.059444243192672726
large,R-SIG,FFN,27,700.0,0.05975770860910415,0.0595548238456249,0.0598608912229538
large,R-SIG,FFN,28,725.0,0.05910012133419514,0.058945599988102906,0.059602865710854526
large,R-SIG,FFN,29,750.0,0.06018327666819093,0.05913357661664485,0.06050468006730079
large,R-SIG,FFN,30,775.0,0.05922859162092209,0.05898984037339687,0.059248668491840364
large,R-SIG,FFN,31,800.0,0.0590252351462841,0.058962711021304126,0.05940633216500282
large,R-SIG,FFN,32,825.0,0.05905017720162869,0.059007583081722256,0.05928966699540616
large,R-SIG,FFN,33,850.0,0.05951819990575312,0.05911904864013195,0.05967851203680038
large,R-SIG,FFN,34,875.0,0.05898431542515755,0.0588601548820734,0.05940398712456226
large,R-SIG,FFN,35,900.0,0.05901490709185599,0.05887014833092689,0.05980537939071655
large,R-SIG,FFN,36,925.0,0.05957340835034846,0.05884159490466118,0.06047021140158177
large,R-SIG,FFN,37,950.0,0.0591871921122074,0.05914432479441166,0.059598617210984244
large,R-SIG,FFN,38,975.0,0.059190394043922435,0.05895777848362922,0.05961953876912593
large,R-SIG,FFN,39,1000.0,0.05917690855264664,0.05905925683677197,0.05928915403783321
large,R-SIG,FFN,40,1025.0,0.05904781302809713,0.05896567371487616,0.059248743981122974
large,R-SIG,FFN,41,1050.0,0.05925576964020728,0.05902035710215569,0.059578250512480724
large,R-SIG,FFN,42,1075.0,0.05890343484282492,0.058734612122178065,0.05914895915985108
large,R-SIG,FFN,43,1100.0,0.05912728685140609,0.05875800105929375,0.05912732668220996
large,R-SIG,FFN,44,1125.0,0.05901496653258801,0.05882051301002502,0.05926781709492206
large,R-SIG,FFN,45,1150.0,0.058853742882609354,0.05879944196343422,0.05914085954427717
large,R-SIG,FFN,46,1175.0,0.059001993730664254,0.05889313508570194,0.05918863442540169
large,R-SIG,FFN,47,1200.0,0.05876123552024363,0.058604115054011335,0.05910544444620608
large,R-SIG,FFN,48,1225.0,0.059029494807124126,0.058693688929080966,0.05935125283896923
large,R-SIG,FFN,49,1250.0,0.05898470865190028,0.05864257566630839,0.05907436221837997
large,R-SIG,FFN,50,1275.0,0.05910175943374634,0.05890493053197859,0.05940047346055507
large,R-SIG,FFN,51,1300.0,0.05882765896618365,0.058650973588228204,0.05906207606196402
large,R-SIG,FFN,52,1325.0,0.059022805288434024,0.058633801341056814,0.05928697377443313
large,R-SIG,FFN,53,1350.0,0.05885683706402778,0.05872944515943525,0.05904592509567737
large,R-SIG,FFN,54,1375.0,0.05872417664527893,0.05867832270264625,0.059220538228750216
large,R-SIG,FFN,55,1400.0,0.05870305539667605,0.05870191779732702,0.05902746681869029
large,R-SIG,FFN,56,1425.0,0.05871381220221518,0.058687448844313615,0.05917444032430648
large,R-SIG,FFN,57,1450.0,0.05889003501832484,0.05861040383577346,0.059092364802956585
large,R-SIG,FFN,58,1475.0,0.05914437961578369,0.05860569597780704,0.059263062044978124
large,R-SIG,FFN,59,1500.0,0.05886936283111571,0.058636003345251084,0.05918517476320266
large,R-SIG,FFN,60,1525.0,0.05875163348019122,0.05863704879581926,0.059023617684841156
large,R-SIG,FFN,61,1550.0,0.05883736439049243,0.05859510494768619,0.058970643624663345
large,R-SIG,FFN,62,1575.0,0.05897384689748286,0.058633239388465874,0.05899503402411938
large,R-SIG,FFN,63,1600.0,0.058843691214919086,0.05879367929697035,0.05902839714288711
large,R-SIG,GRU,0,25.0,0.0925618695616722,0.08303756943345068,0.09468574148416517
large,R-SIG,GRU,1,50.0,0.07739865183830259,0.07548592302203178,0.08018027010560036
large,R-SIG,GRU,2,75.0,0.063307643994689,0.06294273768365383,0.06385074251890183
large,R-SIG,GRU,3,100.0,0.061639915004372596,0.06070872746407986,0.06267111361026763
large,R-SIG,GRU,4,125.0,0.06090477609634398,0.06081623849272728,0.061234743312001225
large,R-SIG,GRU,5,150.0,0.0605679041147232,0.06051012259721755,0.06188735516369342
large,R-SIG,GRU,6,175.0,0.060198466777801496,0.06008015258610247,0.06048025403916836
large,R-SIG,GRU,7,200.0,0.059932166367769234,0.059925357133150094,0.060924012631177894
large,R-SIG,GRU,8,225.0,0.060200540244579305,0.060155426785349846,0.06090810878574848
large,R-SIG,GRU,9,250.0,0.06012037648260594,0.05976738373935223,0.06044473852217197
large,R-SIG,GRU,10,275.0,0.05962738604843614,0.05929044103622437,0.060101178213953964
large,R-SIG,GRU,11,300.0,0.05967468336224554,0.05958180432021618,0.061016007363796226
large,R-SIG,GRU,12,325.0,0.059799289524555196,0.0592397968173027,0.06104383145272731
large,R-SIG,GRU,13,350.0,0.06008234664797781,0.059350127026438715,0.060086614251136775
large,R-SIG,GRU,14,375.0,0.060718639522790906,0.059449244022369375,0.060931351795792565
large,R-SIG,GRU,15,400.0,0.059399284943938244,0.05923165112733839,0.06017182509601116
large,R-SIG,GRU,16,425.0,0.05938085839152335,0.0591187847405672,0.05958864967525005
large,R-SIG,GRU,17,450.0,0.05936004568636416,0.05906695613265037,0.0601815257370472
large,R-SIG,GRU,18,475.0,0.05942961107194423,0.05887162502110003,0.05997657556831835
large,R-SIG,GRU,19,500.0,0.059290829330682755,0.05871464373171329,0.059433338612318025
large,R-SIG,GRU,20,525.0,0.05942499648034572,0.05906370313465594,0.05952412129938602
large,R-SIG,GRU,21,550.0,0.05928789848089218,0.05912553104758263,0.06025903585553169
large,R-SIG,GRU,22,575.0,0.05925898405909537,0.05901917487382888,0.05953193821012974
large,R-SIG,GRU,23,600.0,0.05900023716688154,0.0587136964201927,0.059726711273193366
large,R-SIG,GRU,24,625.0,0.0592803804129362,0.05891563959419725,0.05959505826234816
large,R-SIG,GRU,25,650.0,0.05951840573549271,0.05840632350742817,0.059909060701727856
large,R-SIG,GRU,26,675.0,0.058933140814304355,0.058516507551074015,0.05950393840670585
large,R-SIG,GRU,27,700.0,0.05934807533025742,0.05869060739874838,0.05938902825117112
large,R-SIG,GRU,28,725.0,0.059005189999938014,0.05871124328672885,0.06038875123858452
large,R-SIG,GRU,29,750.0,0.05928147239983084,0.05888030309975146,0.05977808508276938
large,R-SIG,GRU,30,775.0,0.05963125605881215,0.05846749214828014,0.05986998909711837
large,R-SIG,GRU,31,800.0,0.0589666537195444,0.05832432183623312,0.05922676250338554
large,R-SIG,GRU,32,825.0,0.059191455200314526,0.05829393044114113,0.05946129004657267
large,R-SIG,GRU,33,850.0,0.05887927563488482,0.05881774702668191,0.05936435869336127
large,R-SIG,GRU,34,875.0,0.058703031539916975,0.05816611421108246,0.05917895920574665
large,R-SIG,GRU,35,900.0,0.05897309401631355,0.05836064441502093,0.05929028278589247
large,R-SIG,GRU,36,925.0,0.058744055435061455,0.058388374194502816,0.05919925154745579
large,R-SIG,GRU,37,950.0,0.0588391080647707,0.058315027996897695,0.05891492776572704
large,R-SIG,GRU,38,975.0,0.05881316156685352,0.058477989897131925,0.05921421590447425
large,R-SIG,GRU,39,1000.0,0.05868606521189213,0.05839767304062842,0.058948965966701516
large,R-SIG,GRU,40,1025.0,0.05886200805008411,0.058397065550088875,0.05891178715229034
large,R-SIG,GRU,41,1050.0,0.05885624966025353,0.058255837142467494,0.058988817840814584
large,R-SIG,GRU,42,1075.0,0.05876431241631507,0.0584176092147827,0.05906524978578089
large,R-SIG,GRU,43,1100.0,0.05893960323929785,0.0582288305312395,0.059448036149144165
large,R-SIG,GRU,44,1125.0,0.05869380131363868,0.0584093041419983,0.058935277953743925
large,R-SIG,GRU,45,1150.0,0.058728202834725365,0.05821988712251184,0.05890234175324438
large,R-SIG,GRU,46,1175.0,0.05879924957454205,0.05820396804809568,0.05883635705709456
large,R-SIG,GRU,47,1200.0,0.058605668649077396,0.05825241094827651,0.058847883075475685
large,R-SIG,GRU,48,1225.0,0.058703597009181964,0.0581956970542669,0.05886970974504947
large,R-SIG,GRU,49,1250.0,0.058502929314970954,0.05814053232967852,0.05900805865228176
large,R-SIG,GRU,50,1275.0,0.058491614580154415,0.0580622869580984,0.05882843092083931
large,R-SIG,GRU,51,1300.0,0.05855922044813633,0.058330044254660596,0.05886412617564201
large,R-SIG,GRU,52,1325.0,0.05850975665450095,0.05828927204012869,0.05885201515257358
large,R-SIG,GRU,53,1350.0,0.05851710629463196,0.05807386285066602,0.059025485053658476
large,R-SIG,GRU,54,1375.0,0.058558324128389336,0.05817691679298876,0.058822620645165434
large,R-SIG,GRU,55,1400.0,0.058505488008260706,0.058136535808444,0.0588603764474392
large,R-SIG,GRU,56,1425.0,0.05863085663318634,0.058039900168776484,0.058916792184114455
large,R-SIG,GRU,57,1450.0,0.05870227533578872,0.05815379129350184,0.0590894435495138
large,R-SIG,GRU,58,1475.0,0.05862571603059767,0.05807777348160742,0.05885070933401584
large,R-SIG,GRU,59,1500.0,0.05841179727017879,0.058258238852024066,0.05896289299428462
large,R-SIG,GRU,60,1525.0,0.05861447897553445,0.058163565531373,0.05893729797005653
large,R-SIG,GRU,61,1550.0,0.058590400293469416,0.05830709333717821,0.05893553833663464
large,R-SIG,GRU,62,1575.0,0.05861392159759998,0.058131553009152404,0.05879245485365391
large,R-SIG,GRU,63,1600.0,0.05851123069226742,0.05803901013731955,0.05881081779301166
large,R-SIG,sig2,0,25.0,0.07170306223630903,0.0674878188818693,0.07760183516144752
large,R-SIG,sig2,1,50.0,0.06640990401804445,0.06499194456636904,0.06670688903331756
large,R-SIG,sig2,2,75.0,0.06286985653638838,0.06278904098272323,0.06341904415190219
large,R-SIG,sig2,3,100.0,0.061761838421225526,0.061535377636551855,0.06344915522634982
large,R-SIG,sig2,4,125.0,0.061914518728852265,0.06177322530746459,0.0633024923056364
large,R-SIG,sig2,5,150.0,0.061949382647871976,0.06150629612803458,0.06284905311465262
large,R-SIG,sig2,6,175.0,0.06044960652291775,0.060326016739010814,0.06106461395323277
large,R-SIG,sig2,7,200.0,0.060269816726446164,0.06007063888013363,0.06237820635735986
large,R-SIG,sig2,8,225.0,0.0602885211110115,0.059935774892568586,0.06201149789988994
large,R-SIG,sig2,9,250.0,0.059956320300698265,0.05979638621211051,0.060358804494142534
large,R-SIG,sig2,10,275.0,0.06004737682640551,0.060019288703799245,0.060204619735479345
large,R-SIG,sig2,11,300.0,0.06026927025616168,0.059740922272205337,0.06286267387866971
large,R-SIG,sig2,12,325.0,0.059635668903589255,0.05960115709900855,0.059958825200796116
large,R-SIG,sig2,13,350.0,0.059534672856330885,0.05950888934731483,0.05984785348176956
large,R-SIG,sig2,14,375.0,0.059288598284125325,0.05911143106222152,0.06061403796076773
large,R-SIG,sig2,15,400.0,0.05929267399013041,0.05918460519611835,0.05973222118616103
large,R-SIG,sig2,16,425.0,0.05920075641572473,0.059053736612200744,0.05974790415167806
large,R-SIG,sig2,17,450.0,0.05916492904722688,0.05885674692690372,0.060728692382574084
large,R-SIG,sig2,18,475.0,0.059259627118706706,0.05884178365767003,0.05945852972567081
large,R-SIG,sig2,19,500.0,0.05943182323873043,0.05888079407811164,0.05995570729672908
large,R-SIG,sig2,20,525.0,0.05977209141850471,0.059282084152102454,0.0605307592153549
large,R-SIG,sig2,21,550.0,0.05881452748179436,0.058653776973485935,0.059753344014286995
large,R-SIG,sig2,22,575.0,0.05977970573306083,0.059084269493818266,0.05998524479568003
large,R-SIG,sig2,23,600.0,0.05884799028933047,0.05865331852436065,0.0591051412373781
large,R-SIG,sig2,24,625.0,0.058940278217196454,0.05874541942775249,0.05914699253439903
large,R-SIG,sig2,25,650.0,0.059344517812132826,0.05933793084323405,0.05955289910733699
large,R-SIG,sig2,26,675.0,0.05905778613686562,0.05883129747211932,0.06013689269125461
large,R-SIG,sig2,27,700.0,0.059114669263362875,0.05846533159911632,0.059626383319497094
large,R-SIG,sig2,28,725.0,0.059301942601799953,0.05875560426712036,0.05933286388218402
large,R-SIG,sig2,29,750.0,0.059088196530938136,0.05886205525696278,0.05969081085920332
large,R-SIG,sig2,30,775.0,0.058729774892330174,0.05858700592815876,0.05905126054584979
large,R-SIG,sig2,31,800.0,0.05898791104555129,0.05867195281386375,0.0598253885358572
large,R-SIG,sig2,32,825.0,0.05900132167339324,0.05844060467183589,0.05922348879277706
large,R-SIG,sig2,33,850.0,0.05901060718297959,0.058611583426594734,0.05955197128653526
large,R-SIG,sig2,34,875.0,0.05918450446426868,0.05831172078847884,0.059276076808571804
large,R-SIG,sig2,35,900.0,0.05889730027318,0.05884744399785994,0.05897792163491248
large,R-SIG,sig2,36,925.0,0.058950640350580195,0.0584174093902111,0.0592390391677618
large,R-SIG,sig2,37,950.0,0.059074414312839524,0.058791457056999195,0.059262061610817894
large,R-SIG,sig2,38,975.0,0.0590516878515482,0.058701755136251435,0.05983158987760544
large,R-SIG,sig2,39,1000.0,0.059012720897793754,0.058530176997184734,0.05923818045854567
large,R-SIG,sig2,40,1025.0,0.058864493653178196,0.05875744733214377,0.058959947437047966
large,R-SIG,sig2,41,1050.0,0.05878981676697731,0.05872647428512573,0.059300006315112105
large,R-SIG,sig2,42,1075.0,0.058698310449719425,0.058468823984265325,0.05882168625295161
large,R-SIG,sig2,43,1100.0,0.05877702048420905,0.058253080949187276,0.05907697135210036
large,R-SIG,sig2,44,1125.0,0.05866748897731304,0.058379830986261344,0.05875816230475901
large,R-SIG,sig2,45,1150.0,0.0588500926196575,0.05844991016387941,0.05893703715503215
large,R-SIG,sig2,46,1175.0,0.05910541212558744,0.0586080248504877,0.059111903429031366
large,R-SIG,sig2,47,1200.0,0.058597210764884944,0.058286632582545274,0.05877894608676434
large,R-SIG,sig2,48,1225.0,0.058780466094613064,0.05825965963304042,0.059132773742079724
large,R-SIG,sig2,49,1250.0,0.058629562139511114,0.05829863707721232,0.05944666944444179
large,R-SIG,sig2,50,1275.0,0.058686564475297916,0.058470003679394714,0.05874072256684303
large,R-SIG,sig2,51,1300.0,0.058563029780983926,0.05834222570061682,0.059007021456956854
large,R-SIG,sig2,52,1325.0,0.05861037784814833,0.05821618489921093,0.05889541313052177
large,R-SIG,sig2,53,1350.0,0.05859021048247814,0.05821111655235289,0.05883911824226378
large,R-SIG,sig2,54,1375.0,0.05856327974796295,0.058402457892894735,0.05873291607201099
large,R-SIG,sig2,55,1400.0,0.05858250552415847,0.058234771102666845,0.058738508433103555
large,R-SIG,sig2,56,1425.0,0.05864505913853645,0.058239735484123215,0.05883800454437731
large,R-SIG,sig2,57,1450.0,0.05858295507729053,0.05825681576132774,0.05886943821609021
large,R-SIG,sig2,58,1475.0,0.058684288084506965,0.05821688979864119,0.0589232601225376
large,R-SIG,sig2,59,1500.0,0.05853726620972155,0.058304500296711914,0.05877906775474548
large,R-SIG,sig2,60,1525.0,0.05853739604353903,0.05824684691429137,0.058747879415750485
large,R-SIG,sig2,61,1550.0,0.058537604123353945,0.05846396429836749,0.058846834525465956
large,R-SIG,sig2,62,1575.0,0.058548582747578626,0.05833095820248127,0.058879474788904186
large,R-SIG,sig2,63,1600.0,0.058552536740899094,0.058351590096950526,0.0590527699291706
large,R-DH,FFN,0,20.0,0.06976126947483866,0.06666686562584803,0.07663433643938336
large,R-DH,FFN,1,40.0,0.0681024260047707,0.06424022883311412,0.07050239032378161
large,R-DH,FFN,2,60.0,0.06383398159323408,0.06333783668651452,0.06522331739097356
large,R-DH,FFN,3,80.0,0.06122947982203189,0.061184134537597884,0.0613961041080984
large,R-DH,FFN,4,100.0,0.06033536604536496,0.06000479119165905,0.060439734098963555
large,R-DH,FFN,5,120.0,0.06021749119463496,0.05949910501885827,0.06064513272758634
large,R-DH,FFN,6,140.0,0.05992184294200345,0.05938059127583986,0.060352135438733995
large,R-DH,FFN,7,160.0,0.059875912376810475,0.05918056025620902,0.05991867277089116
large,R-DH,FFN,8,180.0,0.05977132266207266,0.05905694348803084,0.05991837827968996
large,R-DH,FFN,9,200.0,0.0596416542334737,0.05900631349504695,0.05971354455641634
large,R-DH,FFN,10,220.0,0.060081336833263804,0.0588395219856466,0.06012497531628472
large,R-DH,FFN,11,240.0,0.059587218247088486,0.05900006054753251,0.05996453036277674
large,R-DH,FFN,12,260.0,0.05945101200177308,0.05866103606786058,0.059765617042558034
large,R-DH,FFN,13,280.0,0.05945119032958249,0.05844642599458896,0.05947808678320146
large,R-DH,FFN,14,300.0,0.059362048516959504,0.05841237258027834,0.059581621156667125
large,R-DH,FFN,15,320.0,0.059502197816982544,0.05836348993170762,0.05957380109839508
large,R-DH,FFN,16,340.0,0.05964426614309562,0.058408015078384806,0.060032142699583374
large,R-DH,FFN,17,360.0,0.05923320173496907,0.058584978248745784,0.05927698348523339
large,R-DH,FFN,18,380.0,0.0593076926511458,0.05852001644552732,0.05931913490894661
large,R-DH,FFN,19,400.0,0.05919537612226125,0.05841869946061709,0.05953525874429036
large,R-DH,FFN,20,420.0,0.059515736448702256,0.058281055729366954,0.05991268278285136
large,R-DH,FFN,21,440.0,0.05905703393091247,0.05824008894387592,0.059418102030576875
large,R-DH,FFN,22,460.0,0.059773594101898225,0.058128037819642514,0.05993385185820446
large,R-DH,FFN,23,480.0,0.059028076795584666,0.05813411807912419,0.05928075499468835
large,R-DH,FFN,24,500.0,0.059423890997550216,0.058904159797293715,0.059612847713197
large,R-DH,FFN,25,520.0,0.0589741533958659,0.058157036821285174,0.059198602128162775
large,R-DH,FFN,26,540.0,0.05899144782006263,0.058401274550306,0.059315887237517045
large,R-DH,FFN,27,560.0,0.05882574104271046,0.05864020204217016,0.05945024074617325
large,R-DH,FFN,28,580.0,0.05889075949289693,0.058262691964046126,0.058994268589685844
large,R-DH,FFN,29,600.0,0.05872721914329307,0.05810196940319659,0.05890661202283812
large,R-DH,FFN,30,620.0,0.05906170663411106,0.058054475271092115,0.05955891508165226
large,R-DH,FFN,31,640.0,0.05873540985840012,0.05800701613588902,0.05911403445043109
large,R-DH,FFN,32,660.0,0.05882652630270971,0.05792648970827943,0.059109408183303486
large,R-DH,FFN,33,680.0,0.05860622333284485,0.05800437951165807,0.05872451365848977
large,R-DH,FFN,34,700.0,0.058830757639498216,0.058243607580152484,0.0608817791735419
large,R-DH,FFN,35,720.0,0.058839564169829855,0.05863315579790654,0.058930324033553944
large,R-DH,FFN,36,740.0,0.05882567767230287,0.05852900019272059,0.05893350864198513
large,R-DH,FFN,37,760.0,0.05868714297275804,0.058060051910160865,0.05928783501622095
large,R-DH,FFN,38,780.0,0.0586370451696894,0.058193328773541025,0.05884814487853876
large,R-DH,FFN,39,800.0,0.05846292605701822,0.05792313530491813,0.058681980121036786
large,R-DH,FFN,40,820.0,0.059098385279412496,0.05811485404547059,0.06028981894132815
large,R-DH,FFN,41,840.0,0.058696180606602893,0.05798839379394852,0.05951103444704134
large,R-DH,FFN,42,860.0,0.05874262324277882,0.05867954108634879,0.05941173193605212
large,R-DH,FFN,43,880.0,0.05835765389292649,0.05805560088538189,0.05919090532506746
large,R-DH,FFN,44,900.0,0.05853278069207593,0.05817878184188888,0.05918254790140057
large,R-DH,FFN,45,920.0,0.05883689501933989,0.05850683087464861,0.0597963171267111
large,R-DH,FFN,46,940.0,0.05847011850255515,0.058393952666847354,0.05859364286607163
large,R-DH,FFN,47,960.0,0.05933101878235905,0.058461063151753506,0.05934964940206558
large,R-DH,FFN,48,980.0,0.058479177782828656,0.05809845618296097,0.058541623038763674
large,R-DH,FFN,49,1000.0,0.05821549919755856,0.05786270272301411,0.05929888649325224
large,R-DH,FFN,50,1020.0,0.05833442569064576,0.058205172745147166,0.0591815406883143
large,R-DH,FFN,51,1040.0,0.05825626395289876,0.05805978831631367,0.05890217043997839
large,R-DH,FFN,52,1060.0,0.05853218793936324,0.058105018736569064,0.0585662255798525
large,R-DH,FFN,53,1080.0,0.05838693625582894,0.05783491779311592,0.058680853439909725
large,R-DH,FFN,54,1100.0,0.058294795030178675,0.058250037761354206,0.05858127256806259
large,R-DH,FFN,55,1120.0,0.0582910581979377,0.057870089828611554,0.058355124258014285
large,R-DH,FFN,56,1140.0,0.05857634769654399,0.05795067287408531,0.05861035859743427
large,R-DH,FFN,57,1160.0,0.058305232021666625,0.058171765501356304,0.05836593320373143
large,R-DH,FFN,58,1180.0,0.05820324533306123,0.05803874167895631,0.05825777803011081
large,R-DH,FFN,59,1200.0,0.05830528376645819,0.0579236825287808,0.059392500868852977
large,R-DH,FFN,60,1220.0,0.0584300008799801,0.05811455917319111,0.058594964815711165
large,R-DH,FFN,61,1240.0,0.058316851334893754,0.058065378946594165,0.058317700417774204
large,R-DH,FFN,62,1260.0,0.05828719691317022,0.05813031120851522,0.058606066978427435
large,R-DH,FFN,63,1280.0,0.058182699194730986,0.057884970510258454,0.058308535948526724
large,R-DH,FFN,64,1300.0,0.05864865128182831,0.05819672841835202,0.05910057414530459
large,R-DH,FFN,65,1320.0,0.058432275781797244,0.0582358912029122,0.05862866036068229
large,R-DH,FFN,66,1340.0,0.0583613621984114,0.05808568281236151,0.058637041584461286
large,R-DH,FFN,67,1360.0,0.05816637272528172,0.05811872333879367,0.058214022111769764
large,R-DH,FFN,68,1380.0,0.05855812205163605,0.058265719442260916,0.05885052466101118
large,R-DH,FFN,69,1400.0,0.05850968650565849,0.05820959091852276,0.05880978209279422
large,R-DH,FFN,70,1420.0,0.05855001708846433,0.05831444802743138,0.058785586149497276
large,R-DH,FFN,71,1440.0,0.058203653728242016,0.05819148438013147,0.05821582307635256
large,R-DH,FFN,72,1460.0,0.05899068032681501,0.05872577822856331,0.059255582425066705
large,R-DH,FFN,73,1480.0,0.058464019750545076,0.058238302512563705,0.05868973698852645
large,R-DH,FFN,74,1500.0,0.05849230750118298,0.05840478420577713,0.05857983079658882
large,R-DH,FFN,75,1520.0,0.05867973952945252,0.05863121179027078,0.058728267268634254
large,R-DH,FFN,76,1540.0,0.05850313293467482,0.058434139521978096,0.05857212634737155
large,R-DH,FFN,77,1560.0,0.05837518560929314,0.05837518560929314,0.05837518560929314
large,R-DH,FFN,78,1580.0,0.058257067941667656,0.058257067941667656,0.058257067941667656
large,R-DH,FFN,79,1600.0,0.05812543909405579,0.05812543909405579,0.05812543909405579
large,R-DH,FFN,80,1620.0,0.05827442153895393,0.05827442153895393,0.05827442153895393
large,R-DH,FFN,81,1640.0,0.058198397216529,0.058198397216529,0.058198397216529
large,R-DH,FFN,82,1660.0,0.058140331939284834,0.058140331939284834,0.058140331939284834
large,R-DH,FFN,83,1680.0,0.058280861099319764,0.058280861099319764,0.058280861099319764
large,R-DH,FFN,84,1700.0,0.05808447785784668,0.05808447785784668,0.05808447785784668
large,R-DH,FFN,85,1720.0,0.05935918059776671,0.05935918059776671,0.05935918059776671
large,R-DH,FFN,86,1740.0,0.05855973755069502,0.05855973755069502,0.05855973755069502
large,R-DH,FFN,87,1760.0,0.058270464252018456,0.058270464252018456,0.058270464252018456
large,R-DH,FFN,88,1780.0,0.05872296044117323,0.05872296044117323,0.05872296044117323
large,R-DH,FFN,89,1800.0,0.05813134917070786,0.05813134917070786,0.05813134917070786
large,R-DH,FFN,90,1820.0,0.05822749345725245,0.05822749345725245,0.05822749345725245
large,R-DH,FFN,91,1840.0,0.05963605630722671,0.05963605630722671,0.05963605630722671
large,R-DH,FFN,92,1860.0,0.058268634579235395,0.058268634579235395,0.058268634579235395
large,R-DH,FFN,93,1880.0,0.05813468365840893,0.05813468365840893,0.05813468365840893
large,R-DH,FFN,94,1900.0,0.05815587642291578,0.05815587642291578,0.05815587642291578
large,R-DH,GRU,0,20.0,0.07631407752978706,0.07348837047811688,0.09412407812578755
large,R-DH,GRU,1,40.0,0.06659690834294454,0.06652909581771385,0.0738698137829488
large,R-DH,GRU,2,60.0,0.06681220317477712,0.06491039179127259,0.06971267592871302
large,R-DH,GRU,3,80.0,0.0650462794937994,0.06465682208772708,0.07222407682820636
large,R-DH,GRU,4,100.0,0.06349427147961254,0.06306570552987979,0.06406337472208182
large,R-DH,GRU,5,120.0,0.0614514371677615,0.06144010462821828,0.06239999793024256
large,R-DH,GRU,6,140.0,0.060820712612894595,0.06069038195209944,0.06122503352798961
large,R-DH,GRU,7,160.0,0.060544124681200656,0.06039212660198248,0.06106354205758183
large,R-DH,GRU,8,180.0,0.06043755228665762,0.06016527327346924,0.06048120325021958
large,R-DH,GRU,9,200.0,0.060260826339799706,0.05997288433809447,0.06039515454403957
large,R-DH,GRU,10,220.0,0.06015423616918272,0.059809951996157934,0.060166072031279355
large,R-DH,GRU,11,240.0,0.059803629505495365,0.05970459238733386,0.05994105463923918
large,R-DH,GRU,12,260.0,0.059817282523454224,0.059476977756276056,0.060036066546217653
large,R-DH,GRU,13,280.0,0.0598659558149848,0.059572608318376324,0.0601540918155479
large,R-DH,GRU,14,300.0,0.05943351165524294,0.05937246402891108,0.05959867437877622
large,R-DH,GRU,15,320.0,0.059317274856312024,0.05921296686028657,0.05955135034218986
large,R-DH,GRU,16,340.0,0.05953590237322717,0.05931371840142677,0.05988482172006118
large,R-DH,GRU,17,360.0,0.0592361443545997,0.059001414910198974,0.060074785856159024
large,R-DH,GRU,18,380.0,0.05924437829889942,0.05896676970178308,0.05933700061541461
large,R-DH,GRU,19,400.0,0.059529236939852154,0.0589363686081015,0.05960307821123936
large,R-DH,GRU,20,420.0,0.05920274084382984,0.05885653483073841,0.05939775089791513
large,R-DH,GRU,21,440.0,0.058988379287257,0.058804920551665446,0.05958131735314967
large,R-DH,GRU,22,460.0,0.05896351690716986,0.05872604452861199,0.0591736472115372
large,R-DH,GRU,23,480.0,0.05898470363308664,0.058695320528840994,0.05899221566369309
large,R-DH,GRU,24,500.0,0.05894116802983265,0.05892318732139759,0.05898804657999793
large,R-DH,GRU,25,520.0,0.05892979741838647,0.05870239904425037,0.05907049761572128
large,R-DH,GRU,26,540.0,0.058843352539042854,0.058800071561563555,0.058879001787318
large,R-DH,GRU,27,560.0,0.058797719334506865,0.05849591328296813,0.05884049108135517
large,R-DH,GRU,28,580.0,0.05888578777603473,0.0584599736944256,0.05896949952648359
large,R-DH,GRU,29,600.0,0.05885216290198517,0.058746492895352304,0.058877114662664126
large,R-DH,GRU,30,620.0,0.058774192525106655,0.05838581843363502,0.05894432509285255
large,R-DH,GRU,31,640.0,0.058749999646806855,0.05873368285892869,0.05898109150075473
large,R-DH,GRU,32,660.0,0.0588806038576877,0.05860195746481625,0.05907662319759768
large,R-DH,GRU,33,680.0,0.058563266203236736,0.05836707610023953,0.058616652474938774
large,R-DH,GRU,34,700.0,0.05889517531613822,0.0585547494083585,0.05917705545743959
large,R-DH,GRU,35,720.0,0.05860050038381817,0.0585323868313026,0.0586069669211611
large,R-DH,GRU,36,740.0,0.058549658718220626,0.05831166262805712,0.05905036800231758
large,R-DH,GRU,37,760.0,0.05853833302444403,0.05834445647678879,0.058763048525634104
large,R-DH,GRU,38,780.0,0.05850816167958331,0.05814980743889467,0.05857138176043011
large,R-DH,GRU,39,800.0,0.05845160369381122,0.05832877628427016,0.05851806362352366
large,R-DH,GRU,40,820.0,0.058571403983478404,0.05826630297451632,0.05868671879306933
large,R-DH,GRU,41,840.0,0.058418724634066194,0.05824050725368582,0.058476246961618045
large,R-DH,GRU,42,860.0,0.05843463451719802,0.05807931930439739,0.05847990528036465
large,R-DH,GRU,43,880.0,0.05834715633318413,0.05801976642078446,0.05841884731307803
large,R-DH,GRU,44,900.0,0.0583530031103692,0.0580349780652796,0.058365959966522524
large,R-DH,GRU,45,920.0,0.05829913848901927,0.05817887897501353,0.05838153576405605
large,R-DH,GRU,46,940.0,0.05841523421941022,0.058001888122817064,0.058767748820173465
large,R-DH,GRU,47,960.0,0.05834680174530152,0.05804008957738918,0.05857845283026111
large,R-DH,GRU,48,980.0,0.05831829689623194,0.058020287206545645,0.058667808461450505
large,R-DH,GRU,49,1000.0,0.058425521874596625,0.05795806683681806,0.05874826571289307
large,R-DH,GRU,50,1020.0,0.05820009379158367,0.058132157219461106,0.0583389123403322
large,R-DH,GRU,51,1040.0,0.058361758801766,0.058038344001943215,0.05836637470792996
large,R-DH,GRU,52,1060.0,0.05825858913885898,0.05814439167988897,0.0583281361996342
large,R-DH,GRU,53,1080.0,0.05826543493412831,0.05798220791984934,0.05840133377068926
large,R-DH,GRU,54,1100.0,0.05819191100727042,0.05797791018449064,0.05826417557273092
large,R-DH,GRU,55,1120.0,0.05812687941124753,0.057922663168483296,0.058329589634013274
large,R-DH,GRU,56,1140.0,0.058139598615071036,0.057945604496580955,0.05824409110846321
large,R-DH,GRU,57,1160.0,0.058025120342335895,0.05796541040535888,0.058327250741513154
large,R-DH,GRU,58,1180.0,0.058124014952682074,0.057877248263139364,0.058147628252754685
large,R-DH,GRU,59,1200.0,0.05814707354920759,0.05804202880790402,0.058477925199440534
large,R-DH,GRU,60,1220.0,0.058017288499741,0.05781657965053458,0.05813764704862481
large,R-DH,GRU,61,1240.0,0.058031548295730345,0.057992636686776705,0.058357634826279564
large,R-DH,GRU,62,1260.0,0.05809599173744576,0.057929213840452604,0.05822123391635617
large,R-DH,GRU,63,1280.0,0.057991423306702955,0.05794516352307258,0.05819141245956419
large,R-DH,GRU,64,1300.0,0.058088738744118046,0.05794122308543595,0.05814271657527573
large,R-DH,GRU,65,1320.0,0.05812893277925471,0.057909577341888535,0.05820246077382765
large,R-DH,GRU,66,1340.0,0.05787849094986089,0.05786944796227547,0.05838976794757403
large,R-DH,GRU,67,1360.0,0.05799054841918408,0.0578965523563966,0.05858390473849798
large,R-DH,GRU,68,1380.0,0.057784503578659524,0.05778317604699626,0.05810085222037745
large,R-DH,GRU,69,1400.0,0.0579338179391016,0.05780171988317309,0.05802409100124353
large,R-DH,GRU,70,1420.0,0.05786681210520331,0.0577442150802199,0.05805724852871211
large,R-DH,GRU,71,1440.0,0.05822438043151126,0.05777216928572673,0.05828139396726331
large,R-DH,GRU,72,1460.0,0.05791610771075287,0.05781247476534193,0.05822023690461722
large,R-DH,GRU,73,1480.0,0.057868777760631956,0.0577969660271265,0.058083292278752224
large,R-DH,GRU,74,1500.0,0.05810256801623839,0.05797545418863595,0.05811299114839133
large,R-DH,GRU,75,1520.0,0.05804522798871406,0.057836624490846616,0.058066122983746055
large,R-DH,GRU,76,1540.0,0.05778648124169197,0.057769991435634466,0.058029899852954286
large,R-DH,GRU,77,1560.0,0.057771181931912025,0.057654259361697796,0.05797366828619491
large,R-DH,GRU,78,1580.0,0.05779188638098279,0.05768113207432182,0.05789470019954027
large,R-DH,GRU,79,1600.0,0.057755573452141135,0.05773174816204121,0.057856297681610186
large,R-DH,GRU,80,1620.0,0.057688360372594644,0.0576771660321356,0.057936925193644156
large,R-DH,GRU,81,1640.0,0.0577996736401474,0.05778606829835556,0.05830170041326713
large,R-DH,GRU,82,1660.0,0.057998834155569085,0.05772176576147106,0.0581238655267953
large,R-DH,GRU,83,1680.0,0.057955221568590815,0.057828045146379764,0.05799925618475757
large,R-DH,GRU,84,1700.0,0.057944544385009095,0.057915891180528006,0.05816025921012627
large,R-DH,GRU,85,1720.0,0.05792308293575846,0.057739055143883916,0.057941453337662124
large,R-DH,GRU,86,1740.0,0.05785655080535437,0.057782404778663504,0.05794257815932727
large,R-DH,GRU,87,1760.0,0.05777288917261106,0.05773442916324714,0.05806633316342416
large,R-DH,GRU,88,1780.0,0.05782202556179075,0.05776788789171408,0.05787616323186742
large,R-DH,GRU,89,1800.0,0.05780478940096148,0.05772639809265459,0.05788318070926837
large,R-DH,GRU,90,1820.0,0.05760423834135511,0.05760423834135511,0.05760423834135511
large,R-DH,GRU,91,1840.0,0.05794518087486725,0.05794518087486725,0.05794518087486725
large,R-DH,GRU,92,1860.0,0.05779234999681651,0.05779234999681651,0.05779234999681651
large,R-DH,GRU,93,1880.0,0.05777575719230302,0.05777575719230302,0.05777575719230302
large,R-DH,GRU,94,1900.0,0.05761719687916414,0.05761719687916414,0.05761719687916414
large,R-DH,GRU,95,1920.0,0.05796746682244705,0.05796746682244705,0.05796746682244705
large,R-DH,GRU,96,1940.0,0.05772683546092597,0.05772683546092597,0.05772683546092597
large,R-DH,GRU,97,1960.0,0.05763032727281828,0.05763032727281828,0.05763032727281828
large,R-DH,GRU,98,1980.0,0.05763928671422039,0.05763928671422039,0.05763928671422039
large,R-DH,GRU,99,2000.0,0.05769732210092118,0.05769732210092118,0.05769732210092118
large,R-DH,sig2,0,20.0,0.06874395971362904,0.06451676145206878,0.08097385702149043
large,R-DH,sig2,1,40.0,0.07006690772959703,0.06549639076638417,0.07023417013260772
large,R-DH,sig2,2,60.0,0.06397533978451977,0.06359621090041404,0.06430327218367896
large,R-DH,sig2,3,80.0,0.062216778198944694,0.061930094764647975,0.06335561392688763
large,R-DH,sig2,4,100.0,0.06063245676114096,0.060273581751516786,0.06210798202391746
large,R-DH,sig2,5,120.0,0.05974140442367573,0.059693917899949184,0.06101767287464102
large,R-DH,sig2,6,140.0,0.059512508035368256,0.0593925549374035,0.06038298570183545
large,R-DH,sig2,7,160.0,0.05905626324602056,0.05902090570089061,0.05996145201106631
large,R-DH,sig2,8,180.0,0.05942210081093438,0.05903963922673941,0.059662584559646376
large,R-DH,sig2,9,200.0,0.058795794246179894,0.05872611829681776,0.05931975011844773
large,R-DH,sig2,10,220.0,0.05908260515070654,0.058681195822828186,0.05949482707092105
large,R-DH,sig2,11,240.0,0.05874552036084427,0.05864464415117257,0.05899911821416029
large,R-DH,sig2,12,260.0,0.058537600281397345,0.05851577392877519,0.05860613124514205
large,R-DH,sig2,13,280.0,0.058743320089433865,0.05854638826849626,0.05876133324909463
large,R-DH,sig2,14,300.0,0.05854885656526679,0.05847088249356605,0.05873856350990539
large,R-DH,sig2,15,320.0,0.05834751123029494,0.05818059214880125,0.05844084043110345
large,R-DH,sig2,16,340.0,0.0583967673192092,0.05830628724197598,0.0584589241466347
large,R-DH,sig2,17,360.0,0.058297399671573685,0.05819305532486399,0.05893483043564632
large,R-DH,sig2,18,380.0,0.05824012573475559,0.05819856655807601,0.05873091762396146
large,R-DH,sig2,19,400.0,0.05837336057174983,0.058061432765498494,0.05853544659203183
large,R-DH,sig2,20,420.0,0.058204290183311996,0.0581797491854559,0.0584482603067045
large,R-DH,sig2,21,440.0,0.05826228637670286,0.058114521769312005,0.05830038171097843
large,R-DH,sig2,22,460.0,0.05851423965395955,0.058382973991228965,0.058519914211956375
large,R-DH,sig2,23,480.0,0.05827063968854421,0.05803434555218703,0.0585593090127077
large,R-DH,sig2,24,500.0,0.05825125893443331,0.058124185903579956,0.05851428912137638
large,R-DH,sig2,25,520.0,0.058307130819685,0.058228188592693214,0.05849407430605427
large,R-DH,sig2,26,540.0,0.05831483082783964,0.05815758407152319,0.058339882252312264
large,R-DH,sig2,27,560.0,0.058157481251328164,0.057990804058135864,0.05840663181243147
large,R-DH,sig2,28,580.0,0.058218515138833055,0.058122234474012685,0.058346491890461066
large,R-DH,sig2,29,600.0,0.05826488870025062,0.058202477001941616,0.0584310706399265
large,R-DH,sig2,30,620.0,0.058055965623225375,0.058008597306979964,0.05839880941357481
large,R-DH,sig2,31,640.0,0.05860778236456102,0.058036810105022624,0.05873464014030108
large,R-DH,sig2,32,660.0,0.058308093243795184,0.05824329913366458,0.05854033455761967
large,R-DH,sig2,33,680.0,0.058342564077065645,0.057958170661549985,0.05842593039778879
large,R-DH,sig2,34,700.0,0.05890580683080773,0.05808858795307972,0.058994371486278424
large,R-DH,sig2,35,720.0,0.0580615324988685,0.05805704036947648,0.05806602462826052
large,R-DH,sig2,36,740.0,0.058009277576502455,0.05793742009063865,0.05808113506236626
large,R-DH,sig2,37,760.0,0.05796601987844954,0.05789497948489955,0.058037060271999535
large,R-DH,sig2,38,780.0,0.0579748615616609,0.05796700775727007,0.057982715366051735
large,R-DH,sig2,39,800.0,0.0580442562516055,0.057970516624209295,0.05811799587900171
large,R-DH,sig2,40,820.0,0.057928445429979575,0.05786878828757838,0.05798810257238077
large,R-DH,sig2,41,840.0,0.05793377410805081,0.05792493298304183,0.0579426152330598
large,R-DH,sig2,42,860.0,0.05792593181104169,0.057881736291165026,0.05797012733091836
large,R-DH,sig2,43,880.0,0.057941629887636764,0.05780755684645558,0.058075702928817946
large,R-DH,sig2,44,900.0,0.057961877073694296,0.05785199511456088,0.05807175903282771
large,R-DH,sig2,45,920.0,0.05808818032755883,0.05781998138490965,0.05835637927020801
large,R-DH,sig2,46,940.0,0.05792767778757482,0.057769408424519525,0.05808594715063012
large,R-DH,sig2,47,960.0,0.05794003764003722,0.057908319048692675,0.05797175623138176
large,R-DH,sig2,48,980.0,0.0579048654428789,0.05780478164160743,0.05800494924415037
large,R-DH,sig2,49,1000.0,0.05817585506451908,0.05775555967011317,0.058596150458924995
large,R-DH,sig2,50,1020.0,0.058020011286771506,0.05796693462116312,0.05807308795237989
large,R-DH,sig2,51,1040.0,0.058182192244657954,0.05799230741558861,0.058372077073727296
large,R-DH,sig2,52,1060.0,0.05802411172635405,0.05802411172635405,0.05802411172635405
large,R-DH,sig2,53,1080.0,0.05800101853265008,0.05800101853265008,0.05800101853265008
large,R-DH,sig2,54,1100.0,0.05779119361341148,0.05779119361341148,0.05779119361341148
large,R-DH,sig2,55,1120.0,0.0577268229753827,0.0577268229753827,0.0577268229753827
large,R-DH,sig2,56,1140.0,0.05777747064348662,0.05777747064348662,0.05777747064348662
large,R-DH,sig2,57,1160.0,0.058084031105863715,0.058084031105863715,0.058084031105863715
large,R-DH,sig2,58,1180.0,0.05790954314670674,0.05790954314670674,0.05790954314670674
large,R-DH,sig2,59,1200.0,0.057703458899595744,0.057703458899595744,0.057703458899595744
large,R-DH,sig2,60,1220.0,0.05779908602607978,0.05779908602607978,0.05779908602607978
large,R-DH,sig2,61,1240.0,0.05798740975160402,0.05798740975160402,0.05798740975160402
large,R-DH,sig2,62,1260.0,0.05778209468053322,0.05778209468053322,0.05778209468053322
large,R-DH,sig2,63,1280.0,0.05783008426078598,0.05783008426078598,0.05783008426078598
large,R-DH,sig2,64,1300.0,0.05780266656165625,0.05780266656165625,0.05780266656165625
large,R-DH,sig2,65,1320.0,0.05780716904109798,0.05780716904109798,0.05780716904109798
large,R-DH,sig2,66,1340.0,0.05818720514844247,0.05818720514844247,0.05818720514844247
large,R-DH,sig2,67,1360.0,0.05773183164319565,0.05773183164319565,0.05773183164319565
large,R-DH,sig2,68,1380.0,0.05774987899530973,0.05774987899530973,0.05774987899530973
large,R-DH,sig2,69,1400.0,0.0577291483014051,0.0577291483014051,0.0577291483014051
large,R-HOR,FFN,0,31.0,0.07364412696957588,0.06918341602981089,0.07945721416175365
large,R-HOR,FFN,1,62.0,0.06332598471194505,0.062021589261293406,0.06621149920076132
large,R-HOR,FFN,2,93.0,0.06075683270543811,0.060015491697192176,0.06087154493182898
large,R-HOR,FFN,3,124.0,0.05978569850176573,0.05977815710604189,0.0601397804185748
large,R-HOR,FFN,4,155.0,0.05945007701218128,0.05929947065412998,0.06027630444318055
large,R-HOR,FFN,5,186.0,0.05933659459501504,0.059107912977039816,0.06018723532706498
large,R-HOR,FFN,6,217.0,0.05978473350554704,0.05911631660461426,0.05989231724292039
large,R-HOR,FFN,7,248.0,0.05932880767732857,0.05880809623748065,0.059526122429966924
large,R-HOR,FFN,8,279.0,0.05915748202353716,0.05906101917475463,0.059424572126567356
large,R-HOR,FFN,9,310.0,0.059618139387667156,0.058886094865202916,0.060127309124171725
large,R-HOR,FFN,10,341.0,0.05894314409047364,0.05864412126243115,0.05936103450655938
large,R-HOR,FFN,11,372.0,0.05931068832427263,0.058548238892853266,0.05994492355585099
large,R-HOR,FFN,12,403.0,0.059371745392680156,0.058530452032387256,0.05961242865771055
large,R-HOR,FFN,13,434.0,0.059012045681476596,0.05888104544132948,0.059274708190560334
large,R-HOR,FFN,14,465.0,0.0591651015087962,0.05846945284605026,0.05920193405896426
large,R-HOR,FFN,15,496.0,0.05876954100430012,0.05849524081498385,0.05894391719400883
large,R-HOR,FFN,16,527.0,0.05901956598907709,0.05858757050335408,0.0596916527479887
large,R-HOR,FFN,17,558.0,0.058692919380962855,0.058618623521924,0.058879410801827896
large,R-HOR,FFN,18,589.0,0.05872631985843181,0.05860729895234109,0.05940498271137475
large,R-HOR,FFN,19,620.0,0.05879555851519108,0.05845894217044113,0.059437312169373036
large,R-HOR,FFN,20,651.0,0.058588646617531756,0.05833515796512366,0.0587114263638854
large,R-HOR,FFN,21,682.0,0.05839444884359836,0.058375554545223717,0.05849294103085994
large,R-HOR,FFN,22,713.0,0.0585933329179883,0.05858125584721566,0.05862809832692145
large,R-HOR,FFN,23,744.0,0.05912410365194081,0.05835370283722876,0.05939282072782514
large,R-HOR,FFN,24,775.0,0.05855202492922544,0.05846069495379924,0.05973495593965054
large,R-HOR,FFN,25,806.0,0.058309018918871885,0.058250928691029547,0.058366454999148845
large,R-HOR,FFN,26,837.0,0.05880788613706826,0.05835132611244915,0.05903104870766402
large,R-HOR,FFN,27,868.0,0.05838004834800958,0.058262630884349347,0.06011893940865993
large,R-HOR,FFN,28,899.0,0.05841676231473684,0.05831271794736386,0.059194254712760436
large,R-HOR,FFN,29,930.0,0.05825748042464257,0.05818593091070651,0.058751757577061636
large,R-HOR,FFN,30,961.0,0.05856757101267576,0.05830417175590993,0.058573827846348285
large,R-HOR,FFN,31,992.0,0.058191955393552784,0.05818093332350254,0.05860667154043914
large,R-HOR,FFN,32,1023.0,0.05922106395661829,0.0588111302435398,0.05937921757549047
large,R-HOR,FFN,33,1054.0,0.058220283907651896,0.05819789253175259,0.05876587420105934
large,R-HOR,FFN,34,1085.0,0.05816832632124424,0.05813746040463446,0.058978716179728496
large,R-HOR,FFN,35,1116.0,0.05880070138722659,0.05813249417841433,0.05905681260377168
large,R-HOR,FFN,36,1147.0,0.05815264024883508,0.05812713981419802,0.05870539844036102
large,R-HOR,FFN,37,1178.0,0.058474188375473024,0.05808069814592599,0.058912913502752774
large,R-HOR,FFN,38,1209.0,0.05829324504882097,0.05825376887917518,0.05875060287564993
large,R-HOR,FFN,39,1240.0,0.05841076029241085,0.05805267847031355,0.05852017955332995
large,R-HOR,FFN,40,1271.0,0.058317051751911625,0.05809507750570773,0.0583900571346283
large,R-HOR,FFN,41,1302.0,0.05818743549734353,0.058078571948409076,0.05844817416369915
large,R-HOR,FFN,42,1333.0,0.05809716868698596,0.05797569006830454,0.05842984431535005
large,R-HOR,FFN,43,1364.0,0.05821645596921444,0.05808529148846864,0.05855527194887398
large,R-HOR,FFN,44,1395.0,0.058160979174077504,0.058013612438738336,0.05817687146067618
large,R-HOR,FFN,45,1426.0,0.058191492941975585,0.05812593015283346,0.05850352344661951
large,R-HOR,FFN,46,1457.0,0.058068428549170485,0.05803750331252814,0.05809817445129154
large,R-HOR,FFN,47,1488.0,0.058492403531074516,0.058248781709373,0.05895742098093031
large,R-HOR,FFN,48,1519.0,0.05802992524802685,0.05796401730626822,0.05817952300310134
large,R-HOR,FFN,49,1550.0,0.0580694297015667,0.058033867898583405,0.05830980433970689
large,R-HOR,FFN,50,1581.0,0.058155763128399866,0.05807717810273169,0.058169364538788786
large,R-HOR,FFN,51,1612.0,0.05799279601126908,0.05795327085256577,0.05811356985569
large,R-HOR,FFN,52,1643.0,0.05816333956718445,0.058005529513955094,0.05891210883557797
large,R-HOR,FFN,53,1674.0,0.0580229240089655,0.05799905740022659,0.05802933378219604
large,R-HOR,FFN,54,1705.0,0.05905455949157475,0.05814278337210416,0.059483396892249574
large,R-HOR,FFN,55,1736.0,0.05796905044168233,0.05796881371438502,0.05818705306053161
large,R-HOR,FFN,56,1767.0,0.05804480198025703,0.058015850667655466,0.0583244591280818
large,R-HOR,FFN,57,1798.0,0.0580863285422325,0.05799406016469002,0.0584969146311283
large,R-HOR,FFN,58,1829.0,0.05799345020204783,0.05792003259509801,0.05800531589984891
large,R-HOR,FFN,59,1860.0,0.05817777439504861,0.05801658539921045,0.05831279911547899
large,R-HOR,FFN,60,1891.0,0.05805772717148066,0.05798878727555274,0.05824738046824931
large,R-HOR,FFN,61,1922.0,0.05791016423106193,0.05789455113708973,0.05806562695354223
large,R-HOR,FFN,62,1953.0,0.05842166062891481,0.05802476285099983,0.05843268636167048
large,R-HOR,FFN,63,1984.0,0.05801159891039132,0.05795941829085348,0.05832237110435964
large,R-HOR,FFN,64,2015.0,0.058272463053464875,0.057927923506498336,0.058328247380256645
large,R-HOR,FFN,65,2046.0,0.05832346187680961,0.058026313456892964,0.05907610860615968
large,R-HOR,FFN,66,2077.0,0.058088555359840394,0.05792089478224515,0.05830688357800244
large,R-HOR,FFN,67,2108.0,0.05792631220966577,0.05787722527682781,0.05795946219265461
large,R-HOR,FFN,68,2139.0,0.05796035098135471,0.05789392182081937,0.05806625382602215
large,R-HOR,FFN,69,2170.0,0.058173181498050695,0.057882139019668086,0.058178008095920074
large,R-HOR,FFN,70,2201.0,0.05803631244748832,0.05794611763507128,0.05851633194237946
large,R-HOR,FFN,71,2232.0,0.05801997261196375,0.05793624337762594,0.05843552880883216
large,R-HOR,FFN,72,2263.0,0.05800590167194606,0.05788547024577855,0.05822025822550058
large,R-HOR,FFN,73,2294.0,0.05789259186536073,0.05788039221316574,0.05890390566140412
large,R-HOR,FFN,74,2325.0,0.05795131102651358,0.057862095603346805,0.05796019771993159
large,R-HOR,GRU,0,31.0,0.07484979776144025,0.06886462026834486,0.08628248077332973
large,R-HOR,GRU,1,62.0,0.06545338550955057,0.06475381293296814,0.06886215780079365
large,R-HOR,GRU,2,93.0,0.06290479700863362,0.06257583636939526,0.06330339160561561
large,R-HOR,GRU,3,124.0,0.0612510634109378,0.06086561380922794,0.06153633526116609
large,R-HOR,GRU,4,155.0,0.06065716978907585,0.06043642308712006,0.06068594571352004
large,R-HOR,GRU,5,186.0,0.060091904002428045,0.059930207969248285,0.060193710835278025
large,R-HOR,GRU,6,217.0,0.06004030343741176,0.05983362104594707,0.060487480624020096
large,R-HOR,GRU,7,248.0,0.059712165752053264,0.05961148241907359,0.0598226973056793
large,R-HOR,GRU,8,279.0,0.059563623341918,0.05951777330338953,0.059620626059174536
large,R-HOR,GRU,9,310.0,0.059357517988979806,0.05928747524023058,0.05941427413672207
large,R-HOR,GRU,10,341.0,0.059211984097957616,0.059093615590035904,0.05940867480039595
large,R-HOR,GRU,11,372.0,0.05929705281704665,0.05903447714745998,0.05955262012481688
large,R-HOR,GRU,12,403.0,0.05904955053180455,0.058847300584614265,0.059164000295102624
large,R-HOR,GRU,13,434.0,0.05893386601060631,0.05880718444883821,0.05894482052773237
large,R-HOR,GRU,14,465.0,0.05905742117315533,0.05898361044973134,0.059067048539221276
large,R-HOR,GRU,15,496.0,0.05909099201560022,0.05877294798046349,0.059119515979289994
large,R-HOR,GRU,16,527.0,0.058746721228957195,0.05860332025140522,0.05882226397544145
large,R-HOR,GRU,17,558.0,0.05872487613111732,0.05870289151519535,0.05874611396342517
large,R-HOR,GRU,18,589.0,0.05866843067258595,0.05866665160357952,0.05910858326405288
large,R-HOR,GRU,19,620.0,0.05866570662409066,0.058449937124550336,0.05869582344740631
large,R-HOR,GRU,20,651.0,0.05869933843910696,0.058384352929890145,0.059157899978756895
large,R-HOR,GRU,21,682.0,0.05861546946167945,0.05850390005856754,0.05862455465942619
large,R-HOR,GRU,22,713.0,0.05851362687796354,0.058317465460300436,0.05859224885702134
large,R-HOR,GRU,23,744.0,0.05847929597646,0.05838865936100482,0.058629710626602174
large,R-HOR,GRU,24,775.0,0.05832302846014502,0.05826167835444211,0.05918153922855854
large,R-HOR,GRU,25,806.0,0.058332708676159396,0.05822389171868561,0.0584735110938549
large,R-HOR,GRU,26,837.0,0.05845968022793533,0.05833701569885014,0.05847763334512709
large,R-HOR,GRU,27,868.0,0.05841659096032382,0.058154604125022887,0.05858124663382768
large,R-HOR,GRU,28,899.0,0.05825829021334648,0.058108790247142314,0.05839847054183481
large,R-HOR,GRU,29,930.0,0.058313030563294885,0.058122447085380544,0.058477502167224894
large,R-HOR,GRU,30,961.0,0.05827701598256826,0.058167612729966636,0.058407073751091956
large,R-HOR,GRU,31,992.0,0.05820483086854219,0.058000121511518954,0.058434791408479216
large,R-HOR,GRU,32,1023.0,0.0582558823481202,0.058094410698115814,0.05840286981910467
large,R-HOR,GRU,33,1054.0,0.05820421568304301,0.05806381744742393,0.05859036447405817
large,R-HOR,GRU,34,1085.0,0.05818649579286574,0.05800077135413884,0.05839322663396596
large,R-HOR,GRU,35,1116.0,0.05808406795710324,0.0580375713661313,0.058178043667972086
large,R-HOR,GRU,36,1147.0,0.05806277811974288,0.05787658556103706,0.05823584111928939
large,R-HOR,GRU,37,1178.0,0.05806214127540587,0.057872578419744955,0.058177411784231664
large,R-HOR,GRU,38,1209.0,0.05816614412218332,0.05810265710800887,0.058222027513384816
large,R-HOR,GRU,39,1240.0,0.05805854199826718,0.05791359283328054,0.058354163974523546
large,R-HOR,GRU,40,1271.0,0.05798568718135358,0.05791463129073381,0.058103270992636694
large,R-HOR,GRU,41,1302.0,0.05808271854221821,0.057809718166291706,0.05834259942919015
large,R-HOR,GRU,42,1333.0,0.05806460344493388,0.05766078764647244,0.05811828057616949
large,R-HOR,GRU,43,1364.0,0.057970503303408624,0.05777628432512283,0.058255583372712125
large,R-HOR,GRU,44,1395.0,0.05801891605854036,0.057972243912518,0.05806050710231064
large,R-HOR,GRU,45,1426.0,0.05781026608347892,0.05765811727643012,0.05797643040418624
large,R-HOR,GRU,46,1457.0,0.05798050146549941,0.05779543004781007,0.058050798331201074
large,R-HOR,GRU,47,1488.0,0.05787170209735632,0.0578341526776552,0.05804604061841963
large,R-HOR,GRU,48,1519.0,0.05793267369568347,0.0578873572692275,0.057961105930805196
large,R-HOR,GRU,49,1550.0,0.058016673691570764,0.05788973738700152,0.058048143219947806
large,R-HOR,GRU,50,1581.0,0.057851135540008536,0.05770104703158139,0.05805450800657271
large,R-HOR,GRU,51,1612.0,0.057814971387386324,0.05774451224803925,0.05820302752554414
large,R-HOR,GRU,52,1643.0,0.05783011421859263,0.057725624133646486,0.058363631126284614
large,R-HOR,GRU,53,1674.0,0.05787536216378211,0.05771627959161996,0.05792475906163452
large,R-HOR,GRU,54,1705.0,0.05789659136533736,0.05767682509869337,0.05802255747020245
large,R-HOR,GRU,55,1736.0,0.05783938429057599,0.057760310916602615,0.05794594878703356
large,R-HOR,GRU,56,1767.0,0.05773938310593366,0.057553066997230055,0.058051202021539204
large,R-HOR,GRU,57,1798.0,0.05770255533009766,0.05767042708843947,0.05787770609408615
large,R-HOR,GRU,58,1829.0,0.05773234036564826,0.05765401986390355,0.057899427179992184
large,R-HOR,GRU,59,1860.0,0.05787563022226094,0.05752449064403774,0.05798217940777539
large,R-HOR,GRU,60,1891.0,0.05777235382944344,0.057630793100595476,0.05781720606535672
large,R-HOR,GRU,61,1922.0,0.057724029406905165,0.05771902925372124,0.05799773385822772
large,R-HOR,GRU,62,1953.0,0.057726407073438166,0.057689924326539056,0.05772907481789588
large,R-HOR,GRU,63,1984.0,0.05764031074047088,0.05750779837518931,0.05782547501027585
large,R-HOR,GRU,64,2015.0,0.057656838463246825,0.05762854268252849,0.05809251663684847
large,R-HOR,GRU,65,2046.0,0.0578849383786321,0.05764836277216673,0.05789433693885802
large,R-HOR,GRU,66,2077.0,0.05803190665245056,0.0577052818790078,0.05807981345355511
large,R-HOR,GRU,67,2108.0,0.05780865906178954,0.05777583714872598,0.0580645298331976
large,R-HOR,GRU,68,2139.0,0.057682691788673426,0.057621262140572074,0.05789905448853971
large,R-HOR,GRU,69,2170.0,0.05774135325700044,0.05759776016175749,0.05810950870066882
large,R-HOR,GRU,70,2201.0,0.05758930555433035,0.05750984253287317,0.05767745109796523
large,R-HOR,GRU,71,2232.0,0.057747057713568195,0.05746494163721801,0.0578723142594099
large,R-HOR,GRU,72,2263.0,0.05782851559519766,0.05752276919782163,0.05788066386878491
large,R-HOR,GRU,73,2294.0,0.0578667211189866,0.05751722396910191,0.058088263517618186
large,R-HOR,GRU,74,2325.0,0.057788480451703095,0.05753360750824213,0.05789326729625464
large,R-HOR,sig2,0,31.0,0.07416971225440501,0.06772158794999122,0.07679839346408845
large,R-HOR,sig2,1,62.0,0.0637298790052533,0.06315133594721554,0.06507524662166833
large,R-HOR,sig2,2,93.0,0.06099112887382507,0.05986356927752495,0.0626741256818175
large,R-HOR,sig2,3,124.0,0.059822012533247475,0.05857445698082446,0.06164863772243261
large,R-HOR,sig2,4,155.0,0.05899738573431968,0.05863553490787743,0.06054917057901621
large,R-HOR,sig2,5,186.0,0.05866809100508688,0.058192522673308836,0.059743478132784356
large,R-HOR,sig2,6,217.0,0.05879177979677915,0.058183530831336955,0.0592490602016449
large,R-HOR,sig2,7,248.0,0.0585928433611989,0.05830988698154688,0.0589238214328885
large,R-HOR,sig2,8,279.0,0.0584416624084115,0.05804216091185808,0.058578219947218894
large,R-HOR,sig2,9,310.0,0.05827151085585356,0.05805545558184386,0.05855297461152077
large,R-HOR,sig2,10,341.0,0.058381994311511524,0.05799942828267812,0.0585897341787815
large,R-HOR,sig2,11,372.0,0.05864521426409482,0.05816526092737912,0.05896258199065925
large,R-HOR,sig2,12,403.0,0.05844198968857527,0.05804027752429246,0.05860893738418817
large,R-HOR,sig2,13,434.0,0.05815600118637084,0.05791466111391781,0.05828101630061867
large,R-HOR,sig2,14,465.0,0.058257337085902694,0.05820788647681475,0.05880099079012871
large,R-HOR,sig2,15,496.0,0.058194973771274076,0.05813696356266736,0.058239880852401255
large,R-HOR,sig2,16,527.0,0.058261625896394255,0.05797862799316642,0.05839995840042828
large,R-HOR,sig2,17,558.0,0.05817490437030791,0.05800736769884824,0.05820800046622754
large,R-HOR,sig2,18,589.0,0.058066536143422116,0.05802088677436113,0.05823012064695358
large,R-HOR,sig2,19,620.0,0.05806389980018138,0.057999677412211896,0.058148530086874976
large,R-HOR,sig2,20,651.0,0.05833550117164851,0.057836206322908396,0.058567057232558714
large,R-HOR,sig2,21,682.0,0.05835035186260938,0.058171301153302185,0.05950244717001913
large,R-HOR,sig2,22,713.0,0.05818195021301508,0.05786071996539831,0.05825294069200755
large,R-HOR,sig2,23,744.0,0.05795085178911686,0.05783596097826957,0.058163458898663534
large,R-HOR,sig2,24,775.0,0.05811771946102381,0.05782742743790149,0.05813338613510132
large,R-HOR,sig2,25,806.0,0.05793871607333421,0.05779768842607737,0.05820576278716325
large,R-HOR,sig2,26,837.0,0.05807769473642112,0.057876291409134854,0.058537598183751094
large,R-HOR,sig2,27,868.0,0.058046923547983166,0.05792098172456025,0.058348979932069764
large,R-HOR,sig2,28,899.0,0.057957363417744635,0.05787043199092149,0.05805564983338118
large,R-HOR,sig2,29,930.0,0.058046083700656885,0.05791111507266759,0.058362855161726464
large,R-HOR,sig2,30,961.0,0.05799250129461288,0.05790752866566181,0.058440284083783635
large,R-HOR,sig2,31,992.0,0.0579380486652255,0.05778429530560969,0.058255802069604394
large,R-HOR,sig2,32,1023.0,0.05813433937728405,0.05784499123841524,0.05835458846539258
large,R-HOR,sig2,33,1054.0,0.05799864971935749,0.05778085214495659,0.05817134528160095
large,R-HOR,sig2,34,1085.0,0.05795863019376993,0.05791615866422652,0.05810515230596066
large,R-HOR,sig2,35,1116.0,0.057901807625591745,0.05774928469806909,0.05803867691904306
large,R-HOR,sig2,36,1147.0,0.0582171078413725,0.057735970565676684,0.05833494505882263
large,R-HOR,sig2,37,1178.0,0.057973972122371195,0.05775231393575668,0.05814788722097874
large,R-HOR,sig2,38,1209.0,0.05814812054485082,0.05770038353800773,0.05852650503963233
large,R-HOR,sig2,39,1240.0,0.05780670718103646,0.05767078364044426,0.05823109505027533
large,R-HOR,sig2,40,1271.0,0.057844510614871975,0.05779243393540381,0.05800887066870927
large,R-HOR,sig2,41,1302.0,0.05811468038558958,0.05781896380782127,0.05840772039294243
large,R-HOR,sig2,42,1333.0,0.057804195417463775,0.057660665120184404,0.05804209953397512
large,R-HOR,sig2,43,1364.0,0.05804604940265416,0.05789977620244025,0.058060827799141394
large,R-HOR,sig2,44,1395.0,0.057847400437295436,0.057702682858705515,0.05821200438886881
large,R-HOR,sig2,45,1426.0,0.05819705204963685,0.0577633902311325,0.05830026340037584
large,R-HOR,sig2,46,1457.0,0.05807359768748283,0.05767762828171251,0.05849859513938426
large,R-HOR,sig2,47,1488.0,0.05794855062067509,0.057626635119318946,0.058029569299519065
large,R-HOR,sig2,48,1519.0,0.05782154412269591,0.057704422192275506,0.05798025878071785
large,R-HOR,sig2,49,1550.0,0.05780188852846623,0.05778886093050241,0.058078944490849965
large,R-HOR,sig2,50,1581.0,0.05785731268972158,0.0577501306116581,0.058103413996100445
large,R-HOR,sig2,51,1612.0,0.05773698109984397,0.05765218147933481,0.05789631790071727
large,R-HOR,sig2,52,1643.0,0.057992180539667613,0.05759699825644492,0.05813757390081881
large,R-HOR,sig2,53,1674.0,0.057831859835982304,0.05762250258326529,0.05814914049208164
large,R-HOR,sig2,54,1705.0,0.05821913014799356,0.05810299335867167,0.05866712164133786
large,R-HOR,sig2,55,1736.0,0.057813608852028846,0.057739281441271294,0.057884446097910415
large,R-HOR,sig2,56,1767.0,0.057907008232176316,0.05766527941077948,0.058007556322217
large,R-HOR,sig2,57,1798.0,0.057861573082208635,0.05778392333239317,0.058205024844408024
large,R-HOR,sig2,58,1829.0,0.05784380650818347,0.05772899409532545,0.0578831330895424
large,R-HOR,sig2,59,1860.0,0.05791204271912575,0.05754812253713607,0.058139134964346875
large,R-HOR,sig2,60,1891.0,0.057864074078202245,0.057716710965335365,0.05789455685019494
large,R-HOR,sig2,61,1922.0,0.057691680186986914,0.05754793743938208,0.05802556389719249
large,R-HOR,sig2,62,1953.0,0.05787410174906253,0.05779489235579967,0.058198300951719274
large,R-HOR,sig2,63,1984.0,0.05787083736807109,0.05758361965715884,0.0579532691076398
large,R-HOR,sig2,64,2015.0,0.05778903998732567,0.057598216627538175,0.05790443236678839
large,R-HOR,sig2,65,2046.0,0.0580300074055791,0.05802567188590764,0.0581365148320794
large,R-HOR,sig2,66,2077.0,0.0577204049706459,0.057648561221361146,0.057877387467026725
large,R-HOR,sig2,67,2108.0,0.057722770749032495,0.05767880859673023,0.057917860534787195
large,R-HOR,sig2,68,2139.0,0.057903836776316164,0.05756712781339883,0.058310767140984536
large,R-HOR,sig2,69,2170.0,0.05785902780741453,0.057508312395215005,0.05786213711202145
large,R-HOR,sig2,70,2201.0,0.057796924221515666,0.05775483631193636,0.058406920522451396
large,R-HOR,sig2,71,2232.0,0.057733672574162474,0.05768999532610177,0.05808524515777827
large,R-HOR,sig2,72,2263.0,0.057662054742872705,0.05764077798724173,0.05794012381583452
large,R-HOR,sig2,73,2294.0,0.05761792811751365,0.05759498586058615,0.05857436318397523
large,R-HOR,sig2,74,2325.0,0.057693594890832894,0.05744653337001799,0.05803583915382623
