profile,recipe,arm,epoch,which,value
large,R-GPU,FFN,0,delta_dist_mean,0.22220240533351898
large,R-GPU,FFN,1,delta_dist_mean,0.10799583792686462
large,R-GPU,FFN,2,delta_dist_mean,0.08433008193969727
large,R-GPU,FFN,3,delta_dist_mean,0.09959821403026581
large,R-GPU,FFN,4,delta_dist_mean,0.08012939244508743
large,R-GPU,FFN,5,delta_dist_mean,0.09610933065414429
large,R-GPU,FFN,6,delta_dist_mean,0.08161947876214981
large,R-GPU,FFN,7,delta_dist_mean,0.07205189764499664
large,R-GPU,FFN,8,delta_dist_mean,0.06636974960565567
large,R-GPU,FFN,9,delta_dist_mean,0.0658528059720993
large,R-GPU,FFN,10,delta_dist_mean,0.06926342099905014
large,R-GPU,FFN,11,delta_dist_mean,0.0655905231833458
large,R-GPU,FFN,12,delta_dist_mean,0.06206848844885826
large,R-GPU,FFN,13,delta_dist_mean,0.06333358585834503
large,R-GPU,FFN,14,delta_dist_mean,0.06444753706455231
large,R-GPU,FFN,15,delta_dist_mean,0.06236322596669197
large,R-GPU,FFN,16,delta_dist_mean,0.061808861792087555
large,R-GPU,FFN,17,delta_dist_mean,0.06333773583173752
large,R-GPU,FFN,18,delta_dist_mean,0.06350346654653549
large,R-GPU,FFN,19,delta_dist_mean,0.06228392571210861
large,R-GPU,FFN,20,delta_dist_mean,0.06184137985110283
large,R-GPU,FFN,21,delta_dist_mean,0.06192629039287567
large,R-GPU,FFN,22,delta_dist_mean,0.06054658815264702
large,R-GPU,FFN,23,delta_dist_mean,0.06031237542629242
large,R-GPU,FFN,24,delta_dist_mean,0.056554581969976425
large,R-GPU,FFN,25,delta_dist_mean,0.05964289605617523
large,R-GPU,FFN,26,delta_dist_mean,0.05784797668457031
large,R-GPU,FFN,27,delta_dist_mean,0.060455091297626495
large,R-GPU,FFN,28,delta_dist_mean,0.06126872077584267
large,R-GPU,FFN,29,delta_dist_mean,0.057985495775938034
large,R-GPU,FFN,30,delta_dist_mean,0.06007080897688866
large,R-GPU,FFN,31,delta_dist_mean,0.05560821294784546
large,R-GPU,FFN,32,delta_dist_mean,0.05983862653374672
large,R-GPU,FFN,33,delta_dist_mean,0.057591769844293594
large,R-GPU,FFN,34,delta_dist_mean,0.05792369693517685
large,R-GPU,FFN,35,delta_dist_mean,0.0614667683839798
large,R-GPU,FFN,36,delta_dist_mean,0.057845037430524826
large,R-GPU,FFN,37,delta_dist_mean,0.05766132101416588
large,R-GPU,FFN,38,delta_dist_mean,0.055801838636398315
large,R-GPU,FFN,39,delta_dist_mean,0.05799086391925812
large,R-GPU,FFN,40,delta_dist_mean,0.057353030890226364
large,R-GPU,FFN,41,delta_dist_mean,0.05569537356495857
large,R-GPU,FFN,42,delta_dist_mean,0.05884586274623871
large,R-GPU,FFN,43,delta_dist_mean,0.05561159551143646
large,R-GPU,FFN,44,delta_dist_mean,0.056656744331121445
large,R-GPU,FFN,45,delta_dist_mean,0.05508475750684738
large,R-GPU,FFN,46,delta_dist_mean,0.058687612414360046
large,R-GPU,FFN,47,delta_dist_mean,0.05838572233915329
large,R-GPU,FFN,48,delta_dist_mean,0.05591423809528351
large,R-GPU,FFN,49,delta_dist_mean,0.05435141548514366
large,R-GPU,GRU,0,delta_dist_mean,0.229135200381279
large,R-GPU,GRU,1,delta_dist_mean,0.1747431755065918
large,R-GPU,GRU,2,delta_dist_mean,0.10709595680236816
large,R-GPU,GRU,3,delta_dist_mean,0.12028677016496658
large,R-GPU,GRU,4,delta_dist_mean,0.10926982760429382
large,R-GPU,GRU,5,delta_dist_mean,0.10921336710453033
large,R-GPU,GRU,6,delta_dist_mean,0.10745164752006531
large,R-GPU,GRU,7,delta_dist_mean,0.10582993924617767
large,R-GPU,GRU,8,delta_dist_mean,0.08253013342618942
large,R-GPU,GRU,9,delta_dist_mean,0.08636503666639328
large,R-GPU,GRU,10,delta_dist_mean,0.08184383064508438
large,R-GPU,GRU,11,delta_dist_mean,0.077267587184906
large,R-GPU,GRU,12,delta_dist_mean,0.07638182491064072
large,R-GPU,GRU,13,delta_dist_mean,0.07298074662685394
large,R-GPU,GRU,14,delta_dist_mean,0.07118110358715057
large,R-GPU,GRU,15,delta_dist_mean,0.06878352910280228
large,R-GPU,GRU,16,delta_dist_mean,0.07221099734306335
large,R-GPU,GRU,17,delta_dist_mean,0.0700535923242569
large,R-GPU,GRU,18,delta_dist_mean,0.06951586902141571
large,R-GPU,GRU,19,delta_dist_mean,0.06786379963159561
large,R-GPU,GRU,20,delta_dist_mean,0.06611848622560501
large,R-GPU,GRU,21,delta_dist_mean,0.06750619411468506
large,R-GPU,GRU,22,delta_dist_mean,0.06553966552019119
large,R-GPU,GRU,23,delta_dist_mean,0.06510922312736511
large,R-GPU,GRU,24,delta_dist_mean,0.06553329527378082
large,R-GPU,GRU,25,delta_dist_mean,0.06443750113248825
large,R-GPU,GRU,26,delta_dist_mean,0.06419727206230164
large,R-GPU,GRU,27,delta_dist_mean,0.06425513327121735
large,R-GPU,GRU,28,delta_dist_mean,0.06356862932443619
large,R-GPU,GRU,29,delta_dist_mean,0.06248157471418381
large,R-GPU,GRU,30,delta_dist_mean,0.06608043611049652
large,R-GPU,GRU,31,delta_dist_mean,0.06181208789348602
large,R-GPU,GRU,32,delta_dist_mean,0.061417970806360245
large,R-GPU,GRU,33,delta_dist_mean,0.06176299974322319
large,R-GPU,GRU,34,delta_dist_mean,0.06298527866601944
large,R-GPU,GRU,35,delta_dist_mean,0.06501150131225586
large,R-GPU,GRU,36,delta_dist_mean,0.06190555542707443
large,R-GPU,GRU,37,delta_dist_mean,0.06347746402025223
large,R-GPU,GRU,38,delta_dist_mean,0.06081472709774971
large,R-GPU,GRU,39,delta_dist_mean,0.061910007148981094
large,R-GPU,GRU,40,delta_dist_mean,0.0618913434445858
large,R-GPU,GRU,41,delta_dist_mean,0.06366956233978271
large,R-GPU,GRU,42,delta_dist_mean,0.06366819143295288
large,R-GPU,GRU,43,delta_dist_mean,0.061670269817113876
large,R-GPU,GRU,44,delta_dist_mean,0.06126939132809639
large,R-GPU,GRU,45,delta_dist_mean,0.06012386083602905
large,R-GPU,GRU,46,delta_dist_mean,0.06396269053220749
large,R-GPU,GRU,47,delta_dist_mean,0.06174662336707115
large,R-GPU,GRU,48,delta_dist_mean,0.060962848365306854
large,R-GPU,GRU,49,delta_dist_mean,0.061994295567274094
large,R-GPU,sig2,0,delta_dist_mean,0.23691312968730927
large,R-GPU,sig2,1,delta_dist_mean,0.0966188982129097
large,R-GPU,sig2,2,delta_dist_mean,0.11508265882730484
large,R-GPU,sig2,3,delta_dist_mean,0.09681113809347153
large,R-GPU,sig2,4,delta_dist_mean,0.09291867911815643
large,R-GPU,sig2,5,delta_dist_mean,0.09136581420898438
large,R-GPU,sig2,6,delta_dist_mean,0.09484585374593735
large,R-GPU,sig2,7,delta_dist_mean,0.07587464153766632
large,R-GPU,sig2,8,delta_dist_mean,0.07443210482597351
large,R-GPU,sig2,9,delta_dist_mean,0.07342939078807831
large,R-GPU,sig2,10,delta_dist_mean,0.0710391029715538
large,R-GPU,sig2,11,delta_dist_mean,0.0684659406542778
large,R-GPU,sig2,12,delta_dist_mean,0.06446493417024612
large,R-GPU,sig2,13,delta_dist_mean,0.06087176501750946
large,R-GPU,sig2,14,delta_dist_mean,0.060328252613544464
large,R-GPU,sig2,15,delta_dist_mean,0.06050021946430206
large,R-GPU,sig2,16,delta_dist_mean,0.059103839099407196
large,R-GPU,sig2,17,delta_dist_mean,0.054510295391082764
large,R-GPU,sig2,18,delta_dist_mean,0.05660349875688553
large,R-GPU,sig2,19,delta_dist_mean,0.06093394011259079
large,R-GPU,sig2,20,delta_dist_mean,0.0577072910964489
large,R-GPU,sig2,21,delta_dist_mean,0.056236788630485535
large,R-GPU,sig2,22,delta_dist_mean,0.0573105663061142
large,R-GPU,sig2,23,delta_dist_mean,0.057541172951459885
large,R-GPU,sig2,24,delta_dist_mean,0.053942229598760605
large,R-GPU,sig2,25,delta_dist_mean,0.05607932433485985
large,R-GPU,sig2,26,delta_dist_mean,0.05653762072324753
large,R-GPU,sig2,27,delta_dist_mean,0.05601264536380768
large,R-GPU,sig2,28,delta_dist_mean,0.05524604767560959
large,R-GPU,sig2,29,delta_dist_mean,0.05161970108747482
large,R-GPU,sig2,30,delta_dist_mean,0.05977598577737808
large,R-GPU,sig2,31,delta_dist_mean,0.05642673000693321
large,R-GPU,sig2,32,delta_dist_mean,0.054568205028772354
large,R-GPU,sig2,33,delta_dist_mean,0.05539758875966072
large,R-GPU,sig2,34,delta_dist_mean,0.055500201880931854
large,R-GPU,sig2,35,delta_dist_mean,0.05696142092347145
large,R-GPU,sig2,36,delta_dist_mean,0.054006535559892654
large,R-GPU,sig2,37,delta_dist_mean,0.055943574756383896
large,R-GPU,sig2,38,delta_dist_mean,0.05574687942862511
large,R-GPU,sig2,39,delta_dist_mean,0.05595606565475464
large,R-GPU,sig2,40,delta_dist_mean,0.057866379618644714
large,R-GPU,sig2,41,delta_dist_mean,0.0561167448759079
large,R-GPU,sig2,42,delta_dist_mean,0.05464411526918411
large,R-GPU,sig2,43,delta_dist_mean,0.0539376325905323
large,R-GPU,sig2,44,delta_dist_mean,0.05515515059232712
large,R-GPU,sig2,45,delta_dist_mean,0.05726694315671921
large,R-GPU,sig2,46,delta_dist_mean,0.05729055404663086
large,R-GPU,sig2,47,delta_dist_mean,0.055916205048561096
large,R-GPU,sig2,48,delta_dist_mean,0.055850714445114136
large,R-GPU,sig2,49,delta_dist_mean,0.05418769642710686
large,R-NTBN,FFN,0,delta_dist_mean,0.46967199444770813
large,R-NTBN,FFN,1,delta_dist_mean,0.3357957899570465
large,R-NTBN,FFN,2,delta_dist_mean,0.3433891236782074
large,R-NTBN,FFN,3,delta_dist_mean,0.40761518478393555
large,R-NTBN,FFN,4,delta_dist_mean,0.3782697916030884
large,R-NTBN,FFN,5,delta_dist_mean,0.307995468378067
large,R-NTBN,FFN,6,delta_dist_mean,0.30597394704818726
large,R-NTBN,FFN,7,delta_dist_mean,0.33502495288848877
large,R-NTBN,FFN,8,delta_dist_mean,0.345653235912323
large,R-NTBN,FFN,9,delta_dist_mean,0.3448641002178192
large,R-NTBN,FFN,10,delta_dist_mean,0.3403990864753723
large,R-NTBN,FFN,11,delta_dist_mean,0.3332436680793762
large,R-NTBN,FFN,12,delta_dist_mean,0.32397013902664185
large,R-NTBN,FFN,13,delta_dist_mean,0.31337231397628784
large,R-NTBN,FFN,14,delta_dist_mean,0.30209311842918396
large,R-NTBN,FFN,15,delta_dist_mean,0.29068508744239807
large,R-NTBN,FFN,16,delta_dist_mean,0.2793583273887634
large,R-NTBN,FFN,17,delta_dist_mean,0.2689104378223419
large,R-NTBN,FFN,18,delta_dist_mean,0.25843849778175354
large,R-NTBN,FFN,19,delta_dist_mean,0.24957220256328583
large,R-NTBN,FFN,20,delta_dist_mean,0.2424139678478241
large,R-NTBN,FFN,21,delta_dist_mean,0.23736408352851868
large,R-NTBN,FFN,22,delta_dist_mean,0.2340225726366043
large,R-NTBN,FFN,23,delta_dist_mean,0.2318965345621109
large,R-NTBN,FFN,24,delta_dist_mean,0.23076261579990387
large,R-NTBN,FFN,25,delta_dist_mean,0.23049676418304443
large,R-NTBN,FFN,26,delta_dist_mean,0.2309955209493637
large,R-NTBN,FFN,27,delta_dist_mean,0.23221606016159058
large,R-NTBN,FFN,28,delta_dist_mean,0.23413953185081482
large,R-NTBN,FFN,29,delta_dist_mean,0.23558075726032257
large,R-NTBN,FFN,30,delta_dist_mean,0.2368411421775818
large,R-NTBN,FFN,31,delta_dist_mean,0.23920482397079468
large,R-NTBN,FFN,32,delta_dist_mean,0.24186812341213226
large,R-NTBN,FFN,33,delta_dist_mean,0.2426977902650833
large,R-NTBN,FFN,34,delta_dist_mean,0.24317707121372223
large,R-NTBN,FFN,35,delta_dist_mean,0.24312947690486908
large,R-NTBN,FFN,36,delta_dist_mean,0.24276147782802582
large,R-NTBN,FFN,37,delta_dist_mean,0.24219410121440887
large,R-NTBN,FFN,38,delta_dist_mean,0.24089442193508148
large,R-NTBN,FFN,39,delta_dist_mean,0.23914940655231476
large,R-NTBN,FFN,40,delta_dist_mean,0.23658820986747742
large,R-NTBN,FFN,41,delta_dist_mean,0.23328101634979248
large,R-NTBN,FFN,42,delta_dist_mean,0.2291693389415741
large,R-NTBN,FFN,43,delta_dist_mean,0.2243155986070633
large,R-NTBN,FFN,44,delta_dist_mean,0.21802470088005066
large,R-NTBN,FFN,45,delta_dist_mean,0.21007530391216278
large,R-NTBN,FFN,46,delta_dist_mean,0.20270384848117828
large,R-NTBN,FFN,47,delta_dist_mean,0.19553908705711365
large,R-NTBN,FFN,48,delta_dist_mean,0.1910170316696167
large,R-NTBN,FFN,49,delta_dist_mean,0.1890089511871338
large,R-NTBN,FFN,50,delta_dist_mean,0.18927063047885895
large,R-NTBN,FFN,51,delta_dist_mean,0.18922623991966248
large,R-NTBN,FFN,52,delta_dist_mean,0.18682365119457245
large,R-NTBN,FFN,53,delta_dist_mean,0.1811012625694275
large,R-NTBN,FFN,54,delta_dist_mean,0.17145326733589172
large,R-NTBN,FFN,55,delta_dist_mean,0.1613924503326416
large,R-NTBN,FFN,56,delta_dist_mean,0.15503869950771332
large,R-NTBN,FFN,57,delta_dist_mean,0.1538008153438568
large,R-NTBN,FFN,58,delta_dist_mean,0.15063540637493134
large,R-NTBN,FFN,59,delta_dist_mean,0.1422615498304367
large,R-NTBN,FFN,60,delta_dist_mean,0.1313256472349167
large,R-NTBN,FFN,61,delta_dist_mean,0.12576164305210114
large,R-NTBN,FFN,62,delta_dist_mean,0.12354337424039841
large,R-NTBN,FFN,63,delta_dist_mean,0.1135203167796135
large,R-NTBN,FFN,64,delta_dist_mean,0.103278748691082
large,R-NTBN,FFN,65,delta_dist_mean,0.09715753048658371
large,R-NTBN,FFN,66,delta_dist_mean,0.09437133371829987
large,R-NTBN,FFN,67,delta_dist_mean,0.08501499891281128
large,R-NTBN,FFN,68,delta_dist_mean,0.07067639380693436
large,R-NTBN,FFN,69,delta_dist_mean,0.0671873688697815
large,R-NTBN,FFN,70,delta_dist_mean,0.07058288156986237
large,R-NTBN,FFN,71,delta_dist_mean,0.06916671246290207
large,R-NTBN,FFN,72,delta_dist_mean,0.0717121958732605
large,R-NTBN,FFN,73,delta_dist_mean,0.05855260789394379
large,R-NTBN,FFN,74,delta_dist_mean,0.06329379230737686
large,R-NTBN,FFN,75,delta_dist_mean,0.06219383701682091
large,R-NTBN,FFN,76,delta_dist_mean,0.06781414151191711
large,R-NTBN,FFN,77,delta_dist_mean,0.072544164955616
large,R-NTBN,FFN,78,delta_dist_mean,0.07229176163673401
large,R-NTBN,FFN,79,delta_dist_mean,0.07465963065624237
large,R-NTBN,FFN,80,delta_dist_mean,0.07378730922937393
large,R-NTBN,FFN,81,delta_dist_mean,0.07008172571659088
large,R-NTBN,FFN,82,delta_dist_mean,0.06762653589248657
large,R-NTBN,FFN,83,delta_dist_mean,0.06603125482797623
large,R-NTBN,FFN,84,delta_dist_mean,0.06568960100412369
large,R-NTBN,FFN,85,delta_dist_mean,0.06680823862552643
large,R-NTBN,FFN,86,delta_dist_mean,0.06577489525079727
large,R-NTBN,FFN,87,delta_dist_mean,0.06617143750190735
large,R-NTBN,FFN,88,delta_dist_mean,0.0677918866276741
large,R-NTBN,FFN,89,delta_dist_mean,0.07038543373346329
large,R-NTBN,FFN,90,delta_dist_mean,0.07370574027299881
large,R-NTBN,FFN,91,delta_dist_mean,0.07496460527181625
large,R-NTBN,FFN,92,delta_dist_mean,0.07515917718410492
large,R-NTBN,FFN,93,delta_dist_mean,0.07509753853082657
large,R-NTBN,FFN,94,delta_dist_mean,0.07342972606420517
large,R-NTBN,FFN,95,delta_dist_mean,0.07336969673633575
large,R-NTBN,FFN,96,delta_dist_mean,0.07460066676139832
large,R-NTBN,FFN,97,delta_dist_mean,0.07115204632282257
large,R-NTBN,FFN,98,delta_dist_mean,0.06994352489709854
large,R-NTBN,FFN,99,delta_dist_mean,0.06954998522996902
large,R-NTBN,FFN,100,delta_dist_mean,0.06719934195280075
large,R-NTBN,FFN,101,delta_dist_mean,0.06627599895000458
large,R-NTBN,FFN,102,delta_dist_mean,0.06762279570102692
large,R-NTBN,FFN,103,delta_dist_mean,0.06805635243654251
large,R-NTBN,FFN,104,delta_dist_mean,0.06700627505779266
large,R-NTBN,FFN,105,delta_dist_mean,0.06825942546129227
large,R-NTBN,FFN,106,delta_dist_mean,0.07070112228393555
large,R-NTBN,FFN,107,delta_dist_mean,0.06583760678768158
large,R-NTBN,FFN,108,delta_dist_mean,0.06406886875629425
large,R-NTBN,FFN,109,delta_dist_mean,0.06542934477329254
large,R-NTBN,FFN,110,delta_dist_mean,0.06827062368392944
large,R-NTBN,FFN,111,delta_dist_mean,0.06460163742303848
large,R-NTBN,FFN,112,delta_dist_mean,0.06244714558124542
large,R-NTBN,FFN,113,delta_dist_mean,0.06454607844352722
large,R-NTBN,FFN,114,delta_dist_mean,0.06580138206481934
large,R-NTBN,FFN,115,delta_dist_mean,0.0665007084608078
large,R-NTBN,FFN,116,delta_dist_mean,0.0649789422750473
large,R-NTBN,FFN,117,delta_dist_mean,0.06633035838603973
large,R-NTBN,FFN,118,delta_dist_mean,0.06779546290636063
large,R-NTBN,FFN,119,delta_dist_mean,0.06436493992805481
large,R-NTBN,GRU,0,delta_dist_mean,0.3121890127658844
large,R-NTBN,GRU,1,delta_dist_mean,0.2980952262878418
large,R-NTBN,GRU,2,delta_dist_mean,0.29528728127479553
large,R-NTBN,GRU,3,delta_dist_mean,0.29979208111763
large,R-NTBN,GRU,4,delta_dist_mean,0.29494693875312805
large,R-NTBN,GRU,5,delta_dist_mean,0.26016369462013245
large,R-NTBN,GRU,6,delta_dist_mean,0.23981325328350067
large,R-NTBN,GRU,7,delta_dist_mean,0.253262996673584
large,R-NTBN,GRU,8,delta_dist_mean,0.26682159304618835
large,R-NTBN,GRU,9,delta_dist_mean,0.25596916675567627
large,R-NTBN,GRU,10,delta_dist_mean,0.24364542961120605
large,R-NTBN,GRU,11,delta_dist_mean,0.23543910682201385
large,R-NTBN,GRU,12,delta_dist_mean,0.22953025996685028
large,R-NTBN,GRU,13,delta_dist_mean,0.22451217472553253
large,R-NTBN,GRU,14,delta_dist_mean,0.22044490277767181
large,R-NTBN,GRU,15,delta_dist_mean,0.21782153844833374
large,R-NTBN,GRU,16,delta_dist_mean,0.2168131172657013
large,R-NTBN,GRU,17,delta_dist_mean,0.21518436074256897
large,R-NTBN,GRU,18,delta_dist_mean,0.20894241333007812
large,R-NTBN,GRU,19,delta_dist_mean,0.20390476286411285
large,R-NTBN,GRU,20,delta_dist_mean,0.19999845325946808
large,R-NTBN,GRU,21,delta_dist_mean,0.19702669978141785
large,R-NTBN,GRU,22,delta_dist_mean,0.19473788142204285
large,R-NTBN,GRU,23,delta_dist_mean,0.19292214512825012
large,R-NTBN,GRU,24,delta_dist_mean,0.19144988059997559
large,R-NTBN,GRU,25,delta_dist_mean,0.19023288786411285
large,R-NTBN,GRU,26,delta_dist_mean,0.1892113834619522
large,R-NTBN,GRU,27,delta_dist_mean,0.18840469419956207
large,R-NTBN,GRU,28,delta_dist_mean,0.18779832124710083
large,R-NTBN,GRU,29,delta_dist_mean,0.1874227076768875
large,R-NTBN,GRU,30,delta_dist_mean,0.18726329505443573
large,R-NTBN,GRU,31,delta_dist_mean,0.18732166290283203
large,R-NTBN,GRU,32,delta_dist_mean,0.18758556246757507
large,R-NTBN,GRU,33,delta_dist_mean,0.18803691864013672
large,R-NTBN,GRU,34,delta_dist_mean,0.1886426955461502
large,R-NTBN,GRU,35,delta_dist_mean,0.1893664449453354
large,R-NTBN,GRU,36,delta_dist_mean,0.18763354420661926
large,R-NTBN,GRU,37,delta_dist_mean,0.1844663918018341
large,R-NTBN,GRU,38,delta_dist_mean,0.18165962398052216
large,R-NTBN,GRU,39,delta_dist_mean,0.17928297817707062
large,R-NTBN,GRU,40,delta_dist_mean,0.17723913490772247
large,R-NTBN,GRU,41,delta_dist_mean,0.17557045817375183
large,R-NTBN,GRU,42,delta_dist_mean,0.1742529571056366
large,R-NTBN,GRU,43,delta_dist_mean,0.17332766950130463
large,R-NTBN,GRU,44,delta_dist_mean,0.17274516820907593
large,R-NTBN,GRU,45,delta_dist_mean,0.17251403629779816
large,R-NTBN,GRU,46,delta_dist_mean,0.17254962027072906
large,R-NTBN,GRU,47,delta_dist_mean,0.17251963913440704
large,R-NTBN,GRU,48,delta_dist_mean,0.17194557189941406
large,R-NTBN,GRU,49,delta_dist_mean,0.16907405853271484
large,R-NTBN,GRU,50,delta_dist_mean,0.1652381867170334
large,R-NTBN,GRU,51,delta_dist_mean,0.15925736725330353
large,R-NTBN,GRU,52,delta_dist_mean,0.1519859880208969
large,R-NTBN,GRU,53,delta_dist_mean,0.14658181369304657
large,R-NTBN,GRU,54,delta_dist_mean,0.14286987483501434
large,R-NTBN,GRU,55,delta_dist_mean,0.13208600878715515
large,R-NTBN,GRU,56,delta_dist_mean,0.12352529168128967
large,R-NTBN,GRU,57,delta_dist_mean,0.11696332693099976
large,R-NTBN,GRU,58,delta_dist_mean,0.1008618175983429
large,R-NTBN,GRU,59,delta_dist_mean,0.10226457566022873
large,R-NTBN,GRU,60,delta_dist_mean,0.08561816066503525
large,R-NTBN,GRU,61,delta_dist_mean,0.08422691375017166
large,R-NTBN,GRU,62,delta_dist_mean,0.10147830098867416
large,R-NTBN,GRU,63,delta_dist_mean,0.09803915023803711
large,R-NTBN,GRU,64,delta_dist_mean,0.07857237011194229
large,R-NTBN,GRU,65,delta_dist_mean,0.08502726256847382
large,R-NTBN,GRU,66,delta_dist_mean,0.08241559565067291
large,R-NTBN,GRU,67,delta_dist_mean,0.11074335128068924
large,R-NTBN,GRU,68,delta_dist_mean,0.0949726477265358
large,R-NTBN,GRU,69,delta_dist_mean,0.0756940022110939
large,R-NTBN,GRU,70,delta_dist_mean,0.07752849161624908
large,R-NTBN,GRU,71,delta_dist_mean,0.07785312086343765
large,R-NTBN,GRU,72,delta_dist_mean,0.07509610056877136
large,R-NTBN,GRU,73,delta_dist_mean,0.08293502032756805
large,R-NTBN,GRU,74,delta_dist_mean,0.08798978477716446
large,R-NTBN,GRU,75,delta_dist_mean,0.09341967105865479
large,R-NTBN,GRU,76,delta_dist_mean,0.08495965600013733
large,R-NTBN,GRU,77,delta_dist_mean,0.08704936504364014
large,R-NTBN,GRU,78,delta_dist_mean,0.08824887871742249
large,R-NTBN,GRU,79,delta_dist_mean,0.08527808636426926
large,R-NTBN,GRU,80,delta_dist_mean,0.08406071364879608
large,R-NTBN,GRU,81,delta_dist_mean,0.08219090104103088
large,R-NTBN,GRU,82,delta_dist_mean,0.08252903074026108
large,R-NTBN,GRU,83,delta_dist_mean,0.08140768110752106
large,R-NTBN,GRU,84,delta_dist_mean,0.0776602104306221
large,R-NTBN,GRU,85,delta_dist_mean,0.07213225960731506
large,R-NTBN,GRU,86,delta_dist_mean,0.0694158598780632
large,R-NTBN,GRU,87,delta_dist_mean,0.07148265093564987
large,R-NTBN,GRU,88,delta_dist_mean,0.07061287760734558
large,R-NTBN,GRU,89,delta_dist_mean,0.0705515444278717
large,R-NTBN,GRU,90,delta_dist_mean,0.06966304779052734
large,R-NTBN,GRU,91,delta_dist_mean,0.07117054611444473
large,R-NTBN,GRU,92,delta_dist_mean,0.07362980395555496
large,R-NTBN,GRU,93,delta_dist_mean,0.07601676881313324
large,R-NTBN,GRU,94,delta_dist_mean,0.07113438099622726
large,R-NTBN,GRU,95,delta_dist_mean,0.06778257340192795
large,R-NTBN,GRU,96,delta_dist_mean,0.06682178378105164
large,R-NTBN,GRU,97,delta_dist_mean,0.0676204040646553
large,R-NTBN,GRU,98,delta_dist_mean,0.06820720434188843
large,R-NTBN,GRU,99,delta_dist_mean,0.06992857903242111
large,R-NTBN,GRU,100,delta_dist_mean,0.06761371344327927
large,R-NTBN,GRU,101,delta_dist_mean,0.06723165512084961
large,R-NTBN,GRU,102,delta_dist_mean,0.06840191036462784
large,R-NTBN,GRU,103,delta_dist_mean,0.07099321484565735
large,R-NTBN,GRU,104,delta_dist_mean,0.07295989245176315
large,R-NTBN,GRU,105,delta_dist_mean,0.07163508981466293
large,R-NTBN,GRU,106,delta_dist_mean,0.06997474282979965
large,R-NTBN,GRU,107,delta_dist_mean,0.06884388625621796
large,R-NTBN,GRU,108,delta_dist_mean,0.06837216019630432
large,R-NTBN,GRU,109,delta_dist_mean,0.06848801672458649
large,R-NTBN,GRU,110,delta_dist_mean,0.06830739974975586
large,R-NTBN,GRU,111,delta_dist_mean,0.06793541461229324
large,R-NTBN,GRU,112,delta_dist_mean,0.06724866479635239
large,R-NTBN,GRU,113,delta_dist_mean,0.06684572249650955
large,R-NTBN,GRU,114,delta_dist_mean,0.0679812803864479
large,R-NTBN,GRU,115,delta_dist_mean,0.06782056391239166
large,R-NTBN,GRU,116,delta_dist_mean,0.06878382712602615
large,R-NTBN,GRU,117,delta_dist_mean,0.06681779772043228
large,R-NTBN,GRU,118,delta_dist_mean,0.06898162513971329
large,R-NTBN,GRU,119,delta_dist_mean,0.06392496824264526
large,R-NTBN,sig2,0,delta_dist_mean,0.457536906003952
large,R-NTBN,sig2,1,delta_dist_mean,0.38118234276771545
large,R-NTBN,sig2,2,delta_dist_mean,0.3266914188861847
large,R-NTBN,sig2,3,delta_dist_mean,0.2799839973449707
large,R-NTBN,sig2,4,delta_dist_mean,0.24281246960163116
large,R-NTBN,sig2,5,delta_dist_mean,0.21569758653640747
large,R-NTBN,sig2,6,delta_dist_mean,0.19182470440864563
large,R-NTBN,sig2,7,delta_dist_mean,0.17886239290237427
large,R-NTBN,sig2,8,delta_dist_mean,0.16359363496303558
large,R-NTBN,sig2,9,delta_dist_mean,0.14939776062965393
large,R-NTBN,sig2,10,delta_dist_mean,0.1385081708431244
large,R-NTBN,sig2,11,delta_dist_mean,0.12918947637081146
large,R-NTBN,sig2,12,delta_dist_mean,0.12156213819980621
large,R-NTBN,sig2,13,delta_dist_mean,0.11585422605276108
large,R-NTBN,sig2,14,delta_dist_mean,0.11249443888664246
large,R-NTBN,sig2,15,delta_dist_mean,0.11134244501590729
large,R-NTBN,sig2,16,delta_dist_mean,0.11214209347963333
large,R-NTBN,sig2,17,delta_dist_mean,0.12295114994049072
large,R-NTBN,sig2,18,delta_dist_mean,0.13422396779060364
large,R-NTBN,sig2,19,delta_dist_mean,0.1443331092596054
large,R-NTBN,sig2,20,delta_dist_mean,0.13920719921588898
large,R-NTBN,sig2,21,delta_dist_mean,0.13456058502197266
large,R-NTBN,sig2,22,delta_dist_mean,0.1319049596786499
large,R-NTBN,sig2,23,delta_dist_mean,0.13461479544639587
large,R-NTBN,sig2,24,delta_dist_mean,0.13650761544704437
large,R-NTBN,sig2,25,delta_dist_mean,0.13811801373958588
large,R-NTBN,sig2,26,delta_dist_mean,0.1394883692264557
large,R-NTBN,sig2,27,delta_dist_mean,0.14013436436653137
large,R-NTBN,sig2,28,delta_dist_mean,0.14074008166790009
large,R-NTBN,sig2,29,delta_dist_mean,0.1406935155391693
large,R-NTBN,sig2,30,delta_dist_mean,0.14055609703063965
large,R-NTBN,sig2,31,delta_dist_mean,0.1368546038866043
large,R-NTBN,sig2,32,delta_dist_mean,0.13312873244285583
large,R-NTBN,sig2,33,delta_dist_mean,0.12974058091640472
large,R-NTBN,sig2,34,delta_dist_mean,0.12688425183296204
large,R-NTBN,sig2,35,delta_dist_mean,0.12437286227941513
large,R-NTBN,sig2,36,delta_dist_mean,0.12242387235164642
large,R-NTBN,sig2,37,delta_dist_mean,0.12078668177127838
large,R-NTBN,sig2,38,delta_dist_mean,0.11765716224908829
large,R-NTBN,sig2,39,delta_dist_mean,0.11117108911275864
large,R-NTBN,sig2,40,delta_dist_mean,0.10521241277456284
large,R-NTBN,sig2,41,delta_dist_mean,0.09930645674467087
large,R-NTBN,sig2,42,delta_dist_mean,0.0948602482676506
large,R-NTBN,sig2,43,delta_dist_mean,0.0952877625823021
large,R-NTBN,sig2,44,delta_dist_mean,0.09591800719499588
large,R-NTBN,sig2,45,delta_dist_mean,0.09690448641777039
large,R-NTBN,sig2,46,delta_dist_mean,0.09832679480314255
large,R-NTBN,sig2,47,delta_dist_mean,0.09849303960800171
large,R-NTBN,sig2,48,delta_dist_mean,0.09842942655086517
large,R-NTBN,sig2,49,delta_dist_mean,0.09889796376228333
large,R-NTBN,sig2,50,delta_dist_mean,0.09945812076330185
large,R-NTBN,sig2,51,delta_dist_mean,0.09970320761203766
large,R-NTBN,sig2,52,delta_dist_mean,0.10015511512756348
large,R-NTBN,sig2,53,delta_dist_mean,0.09979559481143951
large,R-NTBN,sig2,54,delta_dist_mean,0.09571707248687744
large,R-NTBN,sig2,55,delta_dist_mean,0.0924968495965004
large,R-NTBN,sig2,56,delta_dist_mean,0.0884179100394249
large,R-NTBN,sig2,57,delta_dist_mean,0.07978209853172302
large,R-NTBN,sig2,58,delta_dist_mean,0.07363651692867279
large,R-NTBN,sig2,59,delta_dist_mean,0.07180123776197433
large,R-NTBN,sig2,60,delta_dist_mean,0.06854113936424255
large,R-NTBN,sig2,61,delta_dist_mean,0.06508763134479523
large,R-NTBN,sig2,62,delta_dist_mean,0.06449244171380997
large,R-NTBN,sig2,63,delta_dist_mean,0.06730633229017258
large,R-NTBN,sig2,64,delta_dist_mean,0.07152697443962097
large,R-NTBN,sig2,65,delta_dist_mean,0.07236950099468231
large,R-NTBN,sig2,66,delta_dist_mean,0.07229828089475632
large,R-NTBN,sig2,67,delta_dist_mean,0.07186141610145569
large,R-NTBN,sig2,68,delta_dist_mean,0.07520478218793869
large,R-NTBN,sig2,69,delta_dist_mean,0.07896249741315842
large,R-NTBN,sig2,70,delta_dist_mean,0.07939387857913971
large,R-NTBN,sig2,71,delta_dist_mean,0.07825496792793274
large,R-NTBN,sig2,72,delta_dist_mean,0.07894866168498993
large,R-NTBN,sig2,73,delta_dist_mean,0.08074679970741272
large,R-NTBN,sig2,74,delta_dist_mean,0.08309869468212128
large,R-NTBN,sig2,75,delta_dist_mean,0.08465120196342468
large,R-NTBN,sig2,76,delta_dist_mean,0.08373790234327316
large,R-NTBN,sig2,77,delta_dist_mean,0.08363653719425201
large,R-NTBN,sig2,78,delta_dist_mean,0.08590041846036911
large,R-NTBN,sig2,79,delta_dist_mean,0.08488044887781143
large,R-NTBN,sig2,80,delta_dist_mean,0.08163135498762131
large,R-NTBN,sig2,81,delta_dist_mean,0.07950185239315033
large,R-NTBN,sig2,82,delta_dist_mean,0.0763612911105156
large,R-NTBN,sig2,83,delta_dist_mean,0.07353341579437256
large,R-NTBN,sig2,84,delta_dist_mean,0.07338286191225052
large,R-NTBN,sig2,85,delta_dist_mean,0.07026985287666321
large,R-NTBN,sig2,86,delta_dist_mean,0.06777600944042206
large,R-NTBN,sig2,87,delta_dist_mean,0.06974399834871292
large,R-NTBN,sig2,88,delta_dist_mean,0.07062509655952454
large,R-NTBN,sig2,89,delta_dist_mean,0.06882147490978241
large,R-NTBN,sig2,90,delta_dist_mean,0.06812064349651337
large,R-NTBN,sig2,91,delta_dist_mean,0.07293515652418137
large,R-NTBN,sig2,92,delta_dist_mean,0.07612640410661697
large,R-NTBN,sig2,93,delta_dist_mean,0.07218420505523682
large,R-NTBN,sig2,94,delta_dist_mean,0.07254835218191147
large,R-NTBN,sig2,95,delta_dist_mean,0.07783189415931702
large,R-NTBN,sig2,96,delta_dist_mean,0.07626887410879135
large,R-NTBN,sig2,97,delta_dist_mean,0.07424468547105789
large,R-NTBN,sig2,98,delta_dist_mean,0.07476626336574554
large,R-NTBN,sig2,99,delta_dist_mean,0.07467647641897202
large,R-NTBN,sig2,100,delta_dist_mean,0.07395540922880173
large,R-NTBN,sig2,101,delta_dist_mean,0.07303084433078766
large,R-NTBN,sig2,102,delta_dist_mean,0.07308487594127655
large,R-NTBN,sig2,103,delta_dist_mean,0.07482094317674637
large,R-NTBN,sig2,104,delta_dist_mean,0.0721411183476448
large,R-NTBN,sig2,105,delta_dist_mean,0.07269317656755447
large,R-NTBN,sig2,106,delta_dist_mean,0.07356280088424683
large,R-NTBN,sig2,107,delta_dist_mean,0.07233510166406631
large,R-NTBN,sig2,108,delta_dist_mean,0.07073729485273361
large,R-NTBN,sig2,109,delta_dist_mean,0.07097733020782471
large,R-NTBN,sig2,110,delta_dist_mean,0.07142356038093567
large,R-NTBN,sig2,111,delta_dist_mean,0.07140407711267471
large,R-NTBN,sig2,112,delta_dist_mean,0.07019432634115219
large,R-NTBN,sig2,113,delta_dist_mean,0.06894398480653763
large,R-NTBN,sig2,114,delta_dist_mean,0.07294777035713196
large,R-NTBN,sig2,115,delta_dist_mean,0.0698690339922905
large,R-NTBN,sig2,116,delta_dist_mean,0.06972068548202515
large,R-NTBN,sig2,117,delta_dist_mean,0.07134561985731125
large,R-NTBN,sig2,118,delta_dist_mean,0.07186870276927948
large,R-NTBN,sig2,119,delta_dist_mean,0.07060356438159943
large,R-SIG,FFN,0,delta_dist_mean,0.2326364517211914
large,R-SIG,FFN,1,delta_dist_mean,0.16146431863307953
large,R-SIG,FFN,2,delta_dist_mean,0.06675781309604645
large,R-SIG,FFN,3,delta_dist_mean,0.07728261500597
large,R-SIG,FFN,4,delta_dist_mean,0.06551428884267807
large,R-SIG,FFN,5,delta_dist_mean,0.06609580665826797
large,R-SIG,FFN,6,delta_dist_mean,0.060225196182727814
large,R-SIG,FFN,7,delta_dist_mean,0.06252515316009521
large,R-SIG,FFN,8,delta_dist_mean,0.059387873858213425
large,R-SIG,FFN,9,delta_dist_mean,0.05975083261728287
large,R-SIG,FFN,10,delta_dist_mean,0.06087163835763931
large,R-SIG,FFN,11,delta_dist_mean,0.058652281761169434
large,R-SIG,FFN,12,delta_dist_mean,0.05196705833077431
large,R-SIG,FFN,13,delta_dist_mean,0.058209378272295
large,R-SIG,FFN,14,delta_dist_mean,0.05792989581823349
large,R-SIG,FFN,15,delta_dist_mean,0.05621430277824402
large,R-SIG,FFN,16,delta_dist_mean,0.05702819675207138
large,R-SIG,FFN,17,delta_dist_mean,0.05315026640892029
large,R-SIG,FFN,18,delta_dist_mean,0.06004825606942177
large,R-SIG,FFN,19,delta_dist_mean,0.05827759951353073
large,R-SIG,FFN,20,delta_dist_mean,0.06411237269639969
large,R-SIG,FFN,21,delta_dist_mean,0.05538483336567879
large,R-SIG,FFN,22,delta_dist_mean,0.05849989131093025
large,R-SIG,FFN,23,delta_dist_mean,0.05782146379351616
large,R-SIG,FFN,24,delta_dist_mean,0.051976241171360016
large,R-SIG,FFN,25,delta_dist_mean,0.05697145313024521
large,R-SIG,FFN,26,delta_dist_mean,0.059910666197538376
large,R-SIG,FFN,27,delta_dist_mean,0.05756862461566925
large,R-SIG,FFN,28,delta_dist_mean,0.05448398366570473
large,R-SIG,FFN,29,delta_dist_mean,0.04755769670009613
large,R-SIG,FFN,30,delta_dist_mean,0.0546429380774498
large,R-SIG,FFN,31,delta_dist_mean,0.05596984177827835
large,R-SIG,FFN,32,delta_dist_mean,0.05540115758776665
large,R-SIG,FFN,33,delta_dist_mean,0.0539846234023571
large,R-SIG,FFN,34,delta_dist_mean,0.052255477756261826
large,R-SIG,FFN,35,delta_dist_mean,0.05332652106881142
large,R-SIG,FFN,36,delta_dist_mean,0.06095152348279953
large,R-SIG,FFN,37,delta_dist_mean,0.0562652088701725
large,R-SIG,FFN,38,delta_dist_mean,0.059381358325481415
large,R-SIG,FFN,39,delta_dist_mean,0.05333255976438522
large,R-SIG,FFN,40,delta_dist_mean,0.05715422332286835
large,R-SIG,FFN,41,delta_dist_mean,0.054628048092126846
large,R-SIG,FFN,42,delta_dist_mean,0.05447728931903839
large,R-SIG,FFN,43,delta_dist_mean,0.05619189515709877
large,R-SIG,FFN,44,delta_dist_mean,0.05592770501971245
large,R-SIG,FFN,45,delta_dist_mean,0.051399748772382736
large,R-SIG,FFN,46,delta_dist_mean,0.0561758317053318
large,R-SIG,FFN,47,delta_dist_mean,0.053089775145053864
large,R-SIG,FFN,48,delta_dist_mean,0.053592853248119354
large,R-SIG,FFN,49,delta_dist_mean,0.05268113315105438
large,R-SIG,FFN,50,delta_dist_mean,0.056260690093040466
large,R-SIG,FFN,51,delta_dist_mean,0.05440433323383331
large,R-SIG,FFN,52,delta_dist_mean,0.05465368926525116
large,R-SIG,FFN,53,delta_dist_mean,0.05631556734442711
large,R-SIG,FFN,54,delta_dist_mean,0.0543469563126564
large,R-SIG,FFN,55,delta_dist_mean,0.05401015654206276
large,R-SIG,FFN,56,delta_dist_mean,0.05431366711854935
large,R-SIG,FFN,57,delta_dist_mean,0.056317757815122604
large,R-SIG,FFN,58,delta_dist_mean,0.056301698088645935
large,R-SIG,FFN,59,delta_dist_mean,0.054325688630342484
large,R-SIG,FFN,60,delta_dist_mean,0.05434209853410721
large,R-SIG,FFN,61,delta_dist_mean,0.055230166763067245
large,R-SIG,FFN,62,delta_dist_mean,0.05466253682971001
large,R-SIG,FFN,63,delta_dist_mean,0.052793677896261215
large,R-SIG,GRU,0,delta_dist_mean,0.20033656060695648
large,R-SIG,GRU,1,delta_dist_mean,0.1599620282649994
large,R-SIG,GRU,2,delta_dist_mean,0.082247294485569
large,R-SIG,GRU,3,delta_dist_mean,0.0706624761223793
large,R-SIG,GRU,4,delta_dist_mean,0.07204840332269669
large,R-SIG,GRU,5,delta_dist_mean,0.06510356068611145
large,R-SIG,GRU,6,delta_dist_mean,0.06548874825239182
large,R-SIG,GRU,7,delta_dist_mean,0.06579753756523132
large,R-SIG,GRU,8,delta_dist_mean,0.07015929371118546
large,R-SIG,GRU,9,delta_dist_mean,0.07057559490203857
large,R-SIG,GRU,10,delta_dist_mean,0.061037175357341766
large,R-SIG,GRU,11,delta_dist_mean,0.057671673595905304
large,R-SIG,GRU,12,delta_dist_mean,0.0658949539065361
large,R-SIG,GRU,13,delta_dist_mean,0.05796051025390625
large,R-SIG,GRU,14,delta_dist_mean,0.06327690184116364
large,R-SIG,GRU,15,delta_dist_mean,0.06002384051680565
large,R-SIG,GRU,16,delta_dist_mean,0.06731443107128143
large,R-SIG,GRU,17,delta_dist_mean,0.0554409883916378
large,R-SIG,GRU,18,delta_dist_mean,0.06308230012655258
large,R-SIG,GRU,19,delta_dist_mean,0.06322681903839111
large,R-SIG,GRU,20,delta_dist_mean,0.06736905872821808
large,R-SIG,GRU,21,delta_dist_mean,0.0592658706009388
large,R-SIG,GRU,22,delta_dist_mean,0.06096043437719345
large,R-SIG,GRU,23,delta_dist_mean,0.055804528295993805
large,R-SIG,GRU,24,delta_dist_mean,0.056736644357442856
large,R-SIG,GRU,25,delta_dist_mean,0.05591437593102455
large,R-SIG,GRU,26,delta_dist_mean,0.059294719249010086
large,R-SIG,GRU,27,delta_dist_mean,0.05834215134382248
large,R-SIG,GRU,28,delta_dist_mean,0.05998186767101288
large,R-SIG,GRU,29,delta_dist_mean,0.05436141788959503
large,R-SIG,GRU,30,delta_dist_mean,0.054879892617464066
large,R-SIG,GRU,31,delta_dist_mean,0.062224823981523514
large,R-SIG,GRU,32,delta_dist_mean,0.05831007659435272
large,R-SIG,GRU,33,delta_dist_mean,0.05511857569217682
large,R-SIG,GRU,34,delta_dist_mean,0.05965603142976761
large,R-SIG,GRU,35,delta_dist_mean,0.058587558567523956
large,R-SIG,GRU,36,delta_dist_mean,0.06779364496469498
large,R-SIG,GRU,37,delta_dist_mean,0.058179907500743866
large,R-SIG,GRU,38,delta_dist_mean,0.05867527052760124
large,R-SIG,GRU,39,delta_dist_mean,0.058666542172431946
large,R-SIG,GRU,40,delta_dist_mean,0.059399012476205826
large,R-SIG,GRU,41,delta_dist_mean,0.05849040672183037
large,R-SIG,GRU,42,delta_dist_mean,0.06052516773343086
large,R-SIG,GRU,43,delta_dist_mean,0.06183459982275963
large,R-SIG,GRU,44,delta_dist_mean,0.05890461802482605
large,R-SIG,GRU,45,delta_dist_mean,0.060074422508478165
large,R-SIG,GRU,46,delta_dist_mean,0.05940886214375496
large,R-SIG,GRU,47,delta_dist_mean,0.05667027831077576
large,R-SIG,GRU,48,delta_dist_mean,0.06250347197055817
large,R-SIG,GRU,49,delta_dist_mean,0.05876787379384041
large,R-SIG,GRU,50,delta_dist_mean,0.05932929366827011
large,R-SIG,GRU,51,delta_dist_mean,0.0578957162797451
large,R-SIG,GRU,52,delta_dist_mean,0.06364211440086365
large,R-SIG,GRU,53,delta_dist_mean,0.06178978830575943
large,R-SIG,GRU,54,delta_dist_mean,0.05882808193564415
large,R-SIG,GRU,55,delta_dist_mean,0.06260930001735687
large,R-SIG,GRU,56,delta_dist_mean,0.058235395699739456
large,R-SIG,GRU,57,delta_dist_mean,0.061242494732141495
large,R-SIG,GRU,58,delta_dist_mean,0.059119243174791336
large,R-SIG,GRU,59,delta_dist_mean,0.05914529785513878
large,R-SIG,GRU,60,delta_dist_mean,0.057499874383211136
large,R-SIG,GRU,61,delta_dist_mean,0.05870002508163452
large,R-SIG,GRU,62,delta_dist_mean,0.06056685373187065
large,R-SIG,GRU,63,delta_dist_mean,0.060345761477947235
large,R-SIG,sig2,0,delta_dist_mean,0.11224883794784546
large,R-SIG,sig2,1,delta_dist_mean,0.08181855082511902
large,R-SIG,sig2,2,delta_dist_mean,0.08253814280033112
large,R-SIG,sig2,3,delta_dist_mean,0.07828046381473541
large,R-SIG,sig2,4,delta_dist_mean,0.07669439911842346
large,R-SIG,sig2,5,delta_dist_mean,0.07407525181770325
large,R-SIG,sig2,6,delta_dist_mean,0.06500494480133057
large,R-SIG,sig2,7,delta_dist_mean,0.06626198440790176
large,R-SIG,sig2,8,delta_dist_mean,0.06142226979136467
large,R-SIG,sig2,9,delta_dist_mean,0.06541518867015839
large,R-SIG,sig2,10,delta_dist_mean,0.059336107224226
large,R-SIG,sig2,11,delta_dist_mean,0.06621550768613815
large,R-SIG,sig2,12,delta_dist_mean,0.06621737033128738
large,R-SIG,sig2,13,delta_dist_mean,0.057801757007837296
large,R-SIG,sig2,14,delta_dist_mean,0.059625715017318726
large,R-SIG,sig2,15,delta_dist_mean,0.05389966070652008
large,R-SIG,sig2,16,delta_dist_mean,0.06209547817707062
large,R-SIG,sig2,17,delta_dist_mean,0.054781120270490646
large,R-SIG,sig2,18,delta_dist_mean,0.054021500051021576
large,R-SIG,sig2,19,delta_dist_mean,0.05905817076563835
large,R-SIG,sig2,20,delta_dist_mean,0.055312398821115494
large,R-SIG,sig2,21,delta_dist_mean,0.05368741974234581
large,R-SIG,sig2,22,delta_dist_mean,0.051855724304914474
large,R-SIG,sig2,23,delta_dist_mean,0.056716032326221466
large,R-SIG,sig2,24,delta_dist_mean,0.05250726267695427
large,R-SIG,sig2,25,delta_dist_mean,0.04955598711967468
large,R-SIG,sig2,26,delta_dist_mean,0.05920989066362381
large,R-SIG,sig2,27,delta_dist_mean,0.05307596176862717
large,R-SIG,sig2,28,delta_dist_mean,0.057416874915361404
large,R-SIG,sig2,29,delta_dist_mean,0.04812903329730034
large,R-SIG,sig2,30,delta_dist_mean,0.053305670619010925
large,R-SIG,sig2,31,delta_dist_mean,0.05822145193815231
large,R-SIG,sig2,32,delta_dist_mean,0.05242951214313507
large,R-SIG,sig2,33,delta_dist_mean,0.05665668472647667
large,R-SIG,sig2,34,delta_dist_mean,0.053452976047992706
large,R-SIG,sig2,35,delta_dist_mean,0.053215235471725464
large,R-SIG,sig2,36,delta_dist_mean,0.06136465072631836
large,R-SIG,sig2,37,delta_dist_mean,0.051820509135723114
large,R-SIG,sig2,38,delta_dist_mean,0.05415479466319084
large,R-SIG,sig2,39,delta_dist_mean,0.054475534707307816
large,R-SIG,sig2,40,delta_dist_mean,0.0567561499774456
large,R-SIG,sig2,41,delta_dist_mean,0.057781558483839035
large,R-SIG,sig2,42,delta_dist_mean,0.05443591624498367
large,R-SIG,sig2,43,delta_dist_mean,0.056305281817913055
large,R-SIG,sig2,44,delta_dist_mean,0.05493996664881706
large,R-SIG,sig2,45,delta_dist_mean,0.056511685252189636
large,R-SIG,sig2,46,delta_dist_mean,0.05502791702747345
large,R-SIG,sig2,47,delta_dist_mean,0.054654672741889954
large,R-SIG,sig2,48,delta_dist_mean,0.05633627623319626
large,R-SIG,sig2,49,delta_dist_mean,0.05593963339924812
large,R-SIG,sig2,50,delta_dist_mean,0.0559663362801075
large,R-SIG,sig2,51,delta_dist_mean,0.05523528903722763
large,R-SIG,sig2,52,delta_dist_mean,0.05461470037698746
large,R-SIG,sig2,53,delta_dist_mean,0.05596918985247612
large,R-SIG,sig2,54,delta_dist_mean,0.056406859308481216
large,R-SIG,sig2,55,delta_dist_mean,0.056016482412815094
large,R-SIG,sig2,56,delta_dist_mean,0.054224736988544464
large,R-SIG,sig2,57,delta_dist_mean,0.055859941989183426
large,R-SIG,sig2,58,delta_dist_mean,0.057177137583494186
large,R-SIG,sig2,59,delta_dist_mean,0.054823726415634155
large,R-SIG,sig2,60,delta_dist_mean,0.055465877056121826
large,R-SIG,sig2,61,delta_dist_mean,0.05522580072283745
large,R-SIG,sig2,62,delta_dist_mean,0.05536527559161186
large,R-SIG,sig2,63,delta_dist_mean,0.05342942103743553
large,R-DH,FFN,0,delta_dist_mean,0.11263667792081833
large,R-DH,FFN,1,delta_dist_mean,0.08015473932027817
large,R-DH,FFN,2,delta_dist_mean,0.09289005398750305
large,R-DH,FFN,3,delta_dist_mean,0.07641666382551193
large,R-DH,FFN,4,delta_dist_mean,0.07107698172330856
large,R-DH,FFN,5,delta_dist_mean,0.06847409904003143
large,R-DH,FFN,6,delta_dist_mean,0.06627940386533737
large,R-DH,FFN,7,delta_dist_mean,0.06529652327299118
large,R-DH,FFN,8,delta_dist_mean,0.06398344039916992
large,R-DH,FFN,9,delta_dist_mean,0.06307915598154068
large,R-DH,FFN,10,delta_dist_mean,0.06514262408018112
large,R-DH,FFN,11,delta_dist_mean,0.06222577393054962
large,R-DH,FFN,12,delta_dist_mean,0.06366725265979767
large,R-DH,FFN,13,delta_dist_mean,0.05834609270095825
large,R-DH,FFN,14,delta_dist_mean,0.05730874091386795
large,R-DH,FFN,15,delta_dist_mean,0.057877834886312485
large,R-DH,FFN,16,delta_dist_mean,0.06102374568581581
large,R-DH,FFN,17,delta_dist_mean,0.05849499627947807
large,R-DH,FFN,18,delta_dist_mean,0.05837256461381912
large,R-DH,FFN,19,delta_dist_mean,0.05625925958156586
large,R-DH,FFN,20,delta_dist_mean,0.05633891001343727
large,R-DH,FFN,21,delta_dist_mean,0.05648675933480263
large,R-DH,FFN,22,delta_dist_mean,0.05711802467703819
large,R-DH,FFN,23,delta_dist_mean,0.05716019123792648
large,R-DH,FFN,24,delta_dist_mean,0.054829519242048264
large,R-DH,FFN,25,delta_dist_mean,0.055239301174879074
large,R-DH,FFN,26,delta_dist_mean,0.052809178829193115
large,R-DH,FFN,27,delta_dist_mean,0.05860098823904991
large,R-DH,FFN,28,delta_dist_mean,0.05458156019449234
large,R-DH,FFN,29,delta_dist_mean,0.05502868443727493
large,R-DH,FFN,30,delta_dist_mean,0.053951796144247055
large,R-DH,FFN,31,delta_dist_mean,0.05210556089878082
large,R-DH,FFN,32,delta_dist_mean,0.0506632998585701
large,R-DH,FFN,33,delta_dist_mean,0.05316862836480141
large,R-DH,FFN,34,delta_dist_mean,0.05509108304977417
large,R-DH,FFN,35,delta_dist_mean,0.05689217522740364
large,R-DH,FFN,36,delta_dist_mean,0.05862912908196449
large,R-DH,FFN,37,delta_dist_mean,0.0602271631360054
large,R-DH,FFN,38,delta_dist_mean,0.05509674921631813
large,R-DH,FFN,39,delta_dist_mean,0.05355611816048622
large,R-DH,FFN,40,delta_dist_mean,0.052052054554224014
large,R-DH,FFN,41,delta_dist_mean,0.050443924963474274
large,R-DH,FFN,42,delta_dist_mean,0.051232319325208664
large,R-DH,FFN,43,delta_dist_mean,0.05873682722449303
large,R-DH,FFN,44,delta_dist_mean,0.05280624330043793
large,R-DH,FFN,45,delta_dist_mean,0.05420377478003502
large,R-DH,FFN,46,delta_dist_mean,0.053243882954120636
large,R-DH,FFN,47,delta_dist_mean,0.06186102703213692
large,R-DH,FFN,48,delta_dist_mean,0.05662968009710312
large,R-DH,FFN,49,delta_dist_mean,0.05290920287370682
large,R-DH,FFN,50,delta_dist_mean,0.056489113718271255
large,R-DH,FFN,51,delta_dist_mean,0.05787958577275276
large,R-DH,FFN,52,delta_dist_mean,0.04869237169623375
large,R-DH,FFN,53,delta_dist_mean,0.05486723408102989
large,R-DH,FFN,54,delta_dist_mean,0.0544128492474556
large,R-DH,FFN,55,delta_dist_mean,0.05547491833567619
large,R-DH,FFN,56,delta_dist_mean,0.05302468314766884
large,R-DH,FFN,57,delta_dist_mean,0.0535304918885231
large,R-DH,FFN,58,delta_dist_mean,0.05449032783508301
large,R-DH,FFN,59,delta_dist_mean,0.053330015391111374
large,R-DH,FFN,60,delta_dist_mean,0.05138140544295311
large,R-DH,FFN,61,delta_dist_mean,0.058298882097005844
large,R-DH,FFN,62,delta_dist_mean,0.05377337336540222
large,R-DH,FFN,63,delta_dist_mean,0.05338594317436218
large,R-DH,FFN,64,delta_dist_mean,0.04980441369116306
large,R-DH,FFN,65,delta_dist_mean,0.05512537807226181
large,R-DH,FFN,66,delta_dist_mean,0.05119617097079754
large,R-DH,FFN,67,delta_dist_mean,0.05249506235122681
large,R-DH,FFN,68,delta_dist_mean,0.05494082346558571
large,R-DH,FFN,69,delta_dist_mean,0.04866127856075764
large,R-DH,FFN,70,delta_dist_mean,0.05033802427351475
large,R-DH,FFN,71,delta_dist_mean,0.0496682059019804
large,R-DH,FFN,72,delta_dist_mean,0.05784463323652744
large,R-DH,FFN,73,delta_dist_mean,0.05351310782134533
large,R-DH,FFN,74,delta_dist_mean,0.05460144765675068
large,R-DH,FFN,75,delta_dist_mean,0.05530158430337906
large,R-DH,FFN,76,delta_dist_mean,0.05237886309623718
large,R-DH,FFN,77,delta_dist_mean,0.05746551230549812
large,R-DH,FFN,78,delta_dist_mean,0.05079929158091545
large,R-DH,FFN,79,delta_dist_mean,0.052478592842817307
large,R-DH,FFN,80,delta_dist_mean,0.05379999056458473
large,R-DH,FFN,81,delta_dist_mean,0.057966411113739014
large,R-DH,FFN,82,delta_dist_mean,0.05484063923358917
large,R-DH,FFN,83,delta_dist_mean,0.0546843595802784
large,R-DH,FFN,84,delta_dist_mean,0.05231497809290886
large,R-DH,FFN,85,delta_dist_mean,0.06270698457956314
large,R-DH,FFN,86,delta_dist_mean,0.057077568024396896
large,R-DH,FFN,87,delta_dist_mean,0.05696851760149002
large,R-DH,FFN,88,delta_dist_mean,0.0473579578101635
large,R-DH,FFN,89,delta_dist_mean,0.054048966616392136
large,R-DH,FFN,90,delta_dist_mean,0.04990484192967415
large,R-DH,FFN,91,delta_dist_mean,0.050637535750865936
large,R-DH,FFN,92,delta_dist_mean,0.05314771458506584
large,R-DH,FFN,93,delta_dist_mean,0.0522860512137413
large,R-DH,FFN,94,delta_dist_mean,0.05417502298951149
large,R-DH,GRU,0,delta_dist_mean,0.15386904776096344
large,R-DH,GRU,1,delta_dist_mean,0.10310733318328857
large,R-DH,GRU,2,delta_dist_mean,0.11524739861488342
large,R-DH,GRU,3,delta_dist_mean,0.10588957369327545
large,R-DH,GRU,4,delta_dist_mean,0.09034577757120132
large,R-DH,GRU,5,delta_dist_mean,0.07720838487148285
large,R-DH,GRU,6,delta_dist_mean,0.07532304525375366
large,R-DH,GRU,7,delta_dist_mean,0.07184653729200363
large,R-DH,GRU,8,delta_dist_mean,0.06847469508647919
large,R-DH,GRU,9,delta_dist_mean,0.06785208731889725
large,R-DH,GRU,10,delta_dist_mean,0.06527629494667053
large,R-DH,GRU,11,delta_dist_mean,0.0677509605884552
large,R-DH,GRU,12,delta_dist_mean,0.06743685901165009
large,R-DH,GRU,13,delta_dist_mean,0.06545712798833847
large,R-DH,GRU,14,delta_dist_mean,0.06610346585512161
large,R-DH,GRU,15,delta_dist_mean,0.06453773379325867
large,R-DH,GRU,16,delta_dist_mean,0.06260191649198532
large,R-DH,GRU,17,delta_dist_mean,0.06383233517408371
large,R-DH,GRU,18,delta_dist_mean,0.06332604587078094
large,R-DH,GRU,19,delta_dist_mean,0.06227555125951767
large,R-DH,GRU,20,delta_dist_mean,0.06428690254688263
large,R-DH,GRU,21,delta_dist_mean,0.06456707417964935
large,R-DH,GRU,22,delta_dist_mean,0.06162239983677864
large,R-DH,GRU,23,delta_dist_mean,0.060442134737968445
large,R-DH,GRU,24,delta_dist_mean,0.06078384816646576
large,R-DH,GRU,25,delta_dist_mean,0.058909520506858826
large,R-DH,GRU,26,delta_dist_mean,0.061700332909822464
large,R-DH,GRU,27,delta_dist_mean,0.06037408858537674
large,R-DH,GRU,28,delta_dist_mean,0.057909030467271805
large,R-DH,GRU,29,delta_dist_mean,0.05869186297059059
large,R-DH,GRU,30,delta_dist_mean,0.06577489525079727
large,R-DH,GRU,31,delta_dist_mean,0.05826748162508011
large,R-DH,GRU,32,delta_dist_mean,0.054009463638067245
large,R-DH,GRU,33,delta_dist_mean,0.06256735324859619
large,R-DH,GRU,34,delta_dist_mean,0.055658310651779175
large,R-DH,GRU,35,delta_dist_mean,0.06450541317462921
large,R-DH,GRU,36,delta_dist_mean,0.06168969348073006
large,R-DH,GRU,37,delta_dist_mean,0.060560550540685654
large,R-DH,GRU,38,delta_dist_mean,0.06178774684667587
large,R-DH,GRU,39,delta_dist_mean,0.06096507981419563
large,R-DH,GRU,40,delta_dist_mean,0.06339165568351746
large,R-DH,GRU,41,delta_dist_mean,0.06591211259365082
large,R-DH,GRU,42,delta_dist_mean,0.05836072936654091
large,R-DH,GRU,43,delta_dist_mean,0.0625884160399437
large,R-DH,GRU,44,delta_dist_mean,0.06110917776823044
large,R-DH,GRU,45,delta_dist_mean,0.060266006737947464
large,R-DH,GRU,46,delta_dist_mean,0.05921897664666176
large,R-DH,GRU,47,delta_dist_mean,0.06321149319410324
large,R-DH,GRU,48,delta_dist_mean,0.06145573407411575
large,R-DH,GRU,49,delta_dist_mean,0.06297097355127335
large,R-DH,GRU,50,delta_dist_mean,0.062279947102069855
large,R-DH,GRU,51,delta_dist_mean,0.058376483619213104
large,R-DH,GRU,52,delta_dist_mean,0.05971623212099075
large,R-DH,GRU,53,delta_dist_mean,0.05961393564939499
large,R-DH,GRU,54,delta_dist_mean,0.061261795461177826
large,R-DH,GRU,55,delta_dist_mean,0.06006050854921341
large,R-DH,GRU,56,delta_dist_mean,0.06042676419019699
large,R-DH,GRU,57,delta_dist_mean,0.06380745768547058
large,R-DH,GRU,58,delta_dist_mean,0.06570888310670853
large,R-DH,GRU,59,delta_dist_mean,0.06761860102415085
large,R-DH,GRU,60,delta_dist_mean,0.06404377520084381
large,R-DH,GRU,61,delta_dist_mean,0.060982074588537216
large,R-DH,GRU,62,delta_dist_mean,0.06147091090679169
large,R-DH,GRU,63,delta_dist_mean,0.06489887833595276
large,R-DH,GRU,64,delta_dist_mean,0.05843028798699379
large,R-DH,GRU,65,delta_dist_mean,0.06621550768613815
large,R-DH,GRU,66,delta_dist_mean,0.05922892317175865
large,R-DH,GRU,67,delta_dist_mean,0.06003104895353317
large,R-DH,GRU,68,delta_dist_mean,0.06254009902477264
large,R-DH,GRU,69,delta_dist_mean,0.06405530869960785
large,R-DH,GRU,70,delta_dist_mean,0.06608866900205612
large,R-DH,GRU,71,delta_dist_mean,0.05866466462612152
large,R-DH,GRU,72,delta_dist_mean,0.06631462275981903
large,R-DH,GRU,73,delta_dist_mean,0.06471501290798187
large,R-DH,GRU,74,delta_dist_mean,0.06500159949064255
large,R-DH,GRU,75,delta_dist_mean,0.058159198611974716
large,R-DH,GRU,76,delta_dist_mean,0.06648855656385422
large,R-DH,GRU,77,delta_dist_mean,0.06766176968812943
large,R-DH,GRU,78,delta_dist_mean,0.06587634980678558
large,R-DH,GRU,79,delta_dist_mean,0.06776894629001617
large,R-DH,GRU,80,delta_dist_mean,0.062257979065179825
large,R-DH,GRU,81,delta_dist_mean,0.06724967062473297
large,R-DH,GRU,82,delta_dist_mean,0.061645105481147766
large,R-DH,GRU,83,delta_dist_mean,0.06734509021043777
large,R-DH,GRU,84,delta_dist_mean,0.06040677800774574
large,R-DH,GRU,85,delta_dist_mean,0.06654081493616104
large,R-DH,GRU,86,delta_dist_mean,0.0648924931883812
large,R-DH,GRU,87,delta_dist_mean,0.06699240207672119
large,R-DH,GRU,88,delta_dist_mean,0.06600820831954479
large,R-DH,GRU,89,delta_dist_mean,0.06690087914466858
large,R-DH,GRU,90,delta_dist_mean,0.06829279661178589
large,R-DH,GRU,91,delta_dist_mean,0.06473410129547119
large,R-DH,GRU,92,delta_dist_mean,0.06326454877853394
large,R-DH,GRU,93,delta_dist_mean,0.06841754168272018
large,R-DH,GRU,94,delta_dist_mean,0.0690758004784584
large,R-DH,GRU,95,delta_dist_mean,0.0600304938852787
large,R-DH,GRU,96,delta_dist_mean,0.07071665674448013
large,R-DH,GRU,97,delta_dist_mean,0.07516054064035416
large,R-DH,GRU,98,delta_dist_mean,0.06888815760612488
large,R-DH,GRU,99,delta_dist_mean,0.06808202713727951
large,R-DH,sig2,0,delta_dist_mean,0.10092330724000931
large,R-DH,sig2,1,delta_dist_mean,0.09596143662929535
large,R-DH,sig2,2,delta_dist_mean,0.09102463722229004
large,R-DH,sig2,3,delta_dist_mean,0.08003793656826019
large,R-DH,sig2,4,delta_dist_mean,0.07219207286834717
large,R-DH,sig2,5,delta_dist_mean,0.06639882922172546
large,R-DH,sig2,6,delta_dist_mean,0.06020083278417587
large,R-DH,sig2,7,delta_dist_mean,0.06137017533183098
large,R-DH,sig2,8,delta_dist_mean,0.05492304265499115
large,R-DH,sig2,9,delta_dist_mean,0.055062081664800644
large,R-DH,sig2,10,delta_dist_mean,0.06115409731864929
large,R-DH,sig2,11,delta_dist_mean,0.05399790778756142
large,R-DH,sig2,12,delta_dist_mean,0.058350417762994766
large,R-DH,sig2,13,delta_dist_mean,0.05676489323377609
large,R-DH,sig2,14,delta_dist_mean,0.05328013375401497
large,R-DH,sig2,15,delta_dist_mean,0.05602089315652847
large,R-DH,sig2,16,delta_dist_mean,0.05589040741324425
large,R-DH,sig2,17,delta_dist_mean,0.05419043451547623
large,R-DH,sig2,18,delta_dist_mean,0.053489308804273605
large,R-DH,sig2,19,delta_dist_mean,0.05555729568004608
large,R-DH,sig2,20,delta_dist_mean,0.060465674847364426
large,R-DH,sig2,21,delta_dist_mean,0.054379962384700775
large,R-DH,sig2,22,delta_dist_mean,0.05804503336548805
large,R-DH,sig2,23,delta_dist_mean,0.056002311408519745
large,R-DH,sig2,24,delta_dist_mean,0.05643564462661743
large,R-DH,sig2,25,delta_dist_mean,0.05702925845980644
large,R-DH,sig2,26,delta_dist_mean,0.05498632416129112
large,R-DH,sig2,27,delta_dist_mean,0.05527313053607941
large,R-DH,sig2,28,delta_dist_mean,0.05438068136572838
large,R-DH,sig2,29,delta_dist_mean,0.05467667803168297
large,R-DH,sig2,30,delta_dist_mean,0.0558428019285202
large,R-DH,sig2,31,delta_dist_mean,0.053049419075250626
large,R-DH,sig2,32,delta_dist_mean,0.0559115968644619
large,R-DH,sig2,33,delta_dist_mean,0.056680094450712204
large,R-DH,sig2,34,delta_dist_mean,0.05361245200037956
large,R-DH,sig2,35,delta_dist_mean,0.057101475074887276
large,R-DH,sig2,36,delta_dist_mean,0.05995454080402851
large,R-DH,sig2,37,delta_dist_mean,0.05390405282378197
large,R-DH,sig2,38,delta_dist_mean,0.05591064505279064
large,R-DH,sig2,39,delta_dist_mean,0.055480388924479485
large,R-DH,sig2,40,delta_dist_mean,0.05643254704773426
large,R-DH,sig2,41,delta_dist_mean,0.057198913767933846
large,R-DH,sig2,42,delta_dist_mean,0.05780848674476147
large,R-DH,sig2,43,delta_dist_mean,0.05541421286761761
large,R-DH,sig2,44,delta_dist_mean,0.0577916968613863
large,R-DH,sig2,45,delta_dist_mean,0.05572647787630558
large,R-DH,sig2,46,delta_dist_mean,0.05545649304986
large,R-DH,sig2,47,delta_dist_mean,0.05788823589682579
large,R-DH,sig2,48,delta_dist_mean,0.05624045617878437
large,R-DH,sig2,49,delta_dist_mean,0.059250691905617714
large,R-DH,sig2,50,delta_dist_mean,0.056081995368003845
large,R-DH,sig2,51,delta_dist_mean,0.05661539174616337
large,R-DH,sig2,52,delta_dist_mean,0.050628483295440674
large,R-DH,sig2,53,delta_dist_mean,0.05821247771382332
large,R-DH,sig2,54,delta_dist_mean,0.05769089609384537
large,R-DH,sig2,55,delta_dist_mean,0.058268964290618896
large,R-DH,sig2,56,delta_dist_mean,0.052644576877355576
large,R-DH,sig2,57,delta_dist_mean,0.058281153440475464
large,R-DH,sig2,58,delta_dist_mean,0.05638797581195831
large,R-DH,sig2,59,delta_dist_mean,0.05703785642981529
large,R-DH,sig2,60,delta_dist_mean,0.05554637312889099
large,R-DH,sig2,61,delta_dist_mean,0.05927490070462227
large,R-DH,sig2,62,delta_dist_mean,0.05489179491996765
large,R-DH,sig2,63,delta_dist_mean,0.062450941652059555
large,R-DH,sig2,64,delta_dist_mean,0.057924143970012665
large,R-DH,sig2,65,delta_dist_mean,0.053177911788225174
large,R-DH,sig2,66,delta_dist_mean,0.06468021124601364
large,R-DH,sig2,67,delta_dist_mean,0.05648913234472275
large,R-DH,sig2,68,delta_dist_mean,0.05472664535045624
large,R-DH,sig2,69,delta_dist_mean,0.05762512981891632
large,R-HOR,FFN,0,delta_dist_mean,0.11791755259037018
large,R-HOR,FFN,1,delta_dist_mean,0.10060504823923111
large,R-HOR,FFN,2,delta_dist_mean,0.06678837537765503
large,R-HOR,FFN,3,delta_dist_mean,0.06643185764551163
large,R-HOR,FFN,4,delta_dist_mean,0.06371939927339554
large,R-HOR,FFN,5,delta_dist_mean,0.06215023994445801
large,R-HOR,FFN,6,delta_dist_mean,0.06348886340856552
large,R-HOR,FFN,7,delta_dist_mean,0.06138674542307854
large,R-HOR,FFN,8,delta_dist_mean,0.06126200407743454
large,R-HOR,FFN,9,delta_dist_mean,0.06356920301914215
large,R-HOR,FFN,10,delta_dist_mean,0.05647736415266991
large,R-HOR,FFN,11,delta_dist_mean,0.058791980147361755
large,R-HOR,FFN,12,delta_dist_mean,0.06005556136369705
large,R-HOR,FFN,13,delta_dist_mean,0.05953864008188248
large,R-HOR,FFN,14,delta_dist_mean,0.05875744670629501
large,R-HOR,FFN,15,delta_dist_mean,0.054377973079681396
large,R-HOR,FFN,16,delta_dist_mean,0.05533699318766594
large,R-HOR,FFN,17,delta_dist_mean,0.058596957474946976
large,R-HOR,FFN,18,delta_dist_mean,0.05448639765381813
large,R-HOR,FFN,19,delta_dist_mean,0.055405501276254654
large,R-HOR,FFN,20,delta_dist_mean,0.05706936866044998
large,R-HOR,FFN,21,delta_dist_mean,0.055714353919029236
large,R-HOR,FFN,22,delta_dist_mean,0.05732403323054314
large,R-HOR,FFN,23,delta_dist_mean,0.055399101227521896
large,R-HOR,FFN,24,delta_dist_mean,0.05162623152136803
large,R-HOR,FFN,25,delta_dist_mean,0.05505003407597542
large,R-HOR,FFN,26,delta_dist_mean,0.05280861631035805
large,R-HOR,FFN,27,delta_dist_mean,0.05341140553355217
large,R-HOR,FFN,28,delta_dist_mean,0.05303715914487839
large,R-HOR,FFN,29,delta_dist_mean,0.0520150400698185
large,R-HOR,FFN,30,delta_dist_mean,0.050832562148571014
large,R-HOR,FFN,31,delta_dist_mean,0.05111553892493248
large,R-HOR,FFN,32,delta_dist_mean,0.055350225418806076
large,R-HOR,FFN,33,delta_dist_mean,0.057024888694286346
large,R-HOR,FFN,34,delta_dist_mean,0.05164649710059166
large,R-HOR,FFN,35,delta_dist_mean,0.05535578727722168
large,R-HOR,FFN,36,delta_dist_mean,0.05339654162526131
large,R-HOR,FFN,37,delta_dist_mean,0.051470860838890076
large,R-HOR,FFN,38,delta_dist_mean,0.056109920144081116
large,R-HOR,FFN,39,delta_dist_mean,0.05391053855419159
large,R-HOR,FFN,40,delta_dist_mean,0.05285574868321419
large,R-HOR,FFN,41,delta_dist_mean,0.05643249303102493
large,R-HOR,FFN,42,delta_dist_mean,0.052894096821546555
large,R-HOR,FFN,43,delta_dist_mean,0.0549817755818367
large,R-HOR,FFN,44,delta_dist_mean,0.05482729896903038
large,R-HOR,FFN,45,delta_dist_mean,0.050955381244421005
large,R-HOR,FFN,46,delta_dist_mean,0.054191701114177704
large,R-HOR,FFN,47,delta_dist_mean,0.048504967242479324
large,R-HOR,FFN,48,delta_dist_mean,0.0542597770690918
large,R-HOR,FFN,49,delta_dist_mean,0.05026749521493912
large,R-HOR,FFN,50,delta_dist_mean,0.05182471498847008
large,R-HOR,FFN,51,delta_dist_mean,0.05427473783493042
large,R-HOR,FFN,52,delta_dist_mean,0.05608128756284714
large,R-HOR,FFN,53,delta_dist_mean,0.056114472448825836
large,R-HOR,FFN,54,delta_dist_mean,0.051914386451244354
large,R-HOR,FFN,55,delta_dist_mean,0.0533115454018116
large,R-HOR,FFN,56,delta_dist_mean,0.05405452102422714
large,R-HOR,FFN,57,delta_dist_mean,0.05695851147174835
large,R-HOR,FFN,58,delta_dist_mean,0.05433374643325806
large,R-HOR,FFN,59,delta_dist_mean,0.0505514033138752
large,R-HOR,FFN,60,delta_dist_mean,0.05103522166609764
large,R-HOR,FFN,61,delta_dist_mean,0.053028933703899384
large,R-HOR,FFN,62,delta_dist_mean,0.04866597056388855
large,R-HOR,FFN,63,delta_dist_mean,0.053723134100437164
large,R-HOR,FFN,64,delta_dist_mean,0.05027030035853386
large,R-HOR,FFN,65,delta_dist_mean,0.0565001517534256
large,R-HOR,FFN,66,delta_dist_mean,0.05314692482352257
large,R-HOR,FFN,67,delta_dist_mean,0.05226960405707359
large,R-HOR,FFN,68,delta_dist_mean,0.054848793894052505
large,R-HOR,FFN,69,delta_dist_mean,0.054981574416160583
large,R-HOR,FFN,70,delta_dist_mean,0.05569230020046234
large,R-HOR,FFN,71,delta_dist_mean,0.05221794545650482
large,R-HOR,FFN,72,delta_dist_mean,0.05569279566407204
large,R-HOR,FFN,73,delta_dist_mean,0.05306701362133026
large,R-HOR,FFN,74,delta_dist_mean,0.05331515148282051
large,R-HOR,GRU,0,delta_dist_mean,0.1481267511844635
large,R-HOR,GRU,1,delta_dist_mean,0.11004093289375305
large,R-HOR,GRU,2,delta_dist_mean,0.08750613778829575
large,R-HOR,GRU,3,delta_dist_mean,0.07436367124319077
large,R-HOR,GRU,4,delta_dist_mean,0.07004212588071823
large,R-HOR,GRU,5,delta_dist_mean,0.06998991966247559
large,R-HOR,GRU,6,delta_dist_mean,0.06898358464241028
large,R-HOR,GRU,7,delta_dist_mean,0.0654006078839302
large,R-HOR,GRU,8,delta_dist_mean,0.0631997212767601
large,R-HOR,GRU,9,delta_dist_mean,0.06461065262556076
large,R-HOR,GRU,10,delta_dist_mean,0.06387582421302795
large,R-HOR,GRU,11,delta_dist_mean,0.061560411006212234
large,R-HOR,GRU,12,delta_dist_mean,0.06144009903073311
large,R-HOR,GRU,13,delta_dist_mean,0.06192085146903992
large,R-HOR,GRU,14,delta_dist_mean,0.05752159282565117
large,R-HOR,GRU,15,delta_dist_mean,0.056457918137311935
large,R-HOR,GRU,16,delta_dist_mean,0.06109398603439331
large,R-HOR,GRU,17,delta_dist_mean,0.06546740233898163
large,R-HOR,GRU,18,delta_dist_mean,0.06026193127036095
large,R-HOR,GRU,19,delta_dist_mean,0.05739928409457207
large,R-HOR,GRU,20,delta_dist_mean,0.0597078837454319
large,R-HOR,GRU,21,delta_dist_mean,0.05869053676724434
large,R-HOR,GRU,22,delta_dist_mean,0.061996620148420334
large,R-HOR,GRU,23,delta_dist_mean,0.06077497452497482
large,R-HOR,GRU,24,delta_dist_mean,0.061130985617637634
large,R-HOR,GRU,25,delta_dist_mean,0.06206228956580162
large,R-HOR,GRU,26,delta_dist_mean,0.06350450217723846
large,R-HOR,GRU,27,delta_dist_mean,0.0597933791577816
large,R-HOR,GRU,28,delta_dist_mean,0.061400219798088074
large,R-HOR,GRU,29,delta_dist_mean,0.062448978424072266
large,R-HOR,GRU,30,delta_dist_mean,0.06390854716300964
large,R-HOR,GRU,31,delta_dist_mean,0.060593780130147934
large,R-HOR,GRU,32,delta_dist_mean,0.05640656501054764
large,R-HOR,GRU,33,delta_dist_mean,0.06664483994245529
large,R-HOR,GRU,34,delta_dist_mean,0.05687450245022774
large,R-HOR,GRU,35,delta_dist_mean,0.060883838683366776
large,R-HOR,GRU,36,delta_dist_mean,0.060413070023059845
large,R-HOR,GRU,37,delta_dist_mean,0.061211250722408295
large,R-HOR,GRU,38,delta_dist_mean,0.06393132358789444
large,R-HOR,GRU,39,delta_dist_mean,0.06143717095255852
large,R-HOR,GRU,40,delta_dist_mean,0.06206270679831505
large,R-HOR,GRU,41,delta_dist_mean,0.06313122063875198
large,R-HOR,GRU,42,delta_dist_mean,0.06137128174304962
large,R-HOR,GRU,43,delta_dist_mean,0.06562875956296921
large,R-HOR,GRU,44,delta_dist_mean,0.0625229924917221
large,R-HOR,GRU,45,delta_dist_mean,0.06303706020116806
large,R-HOR,GRU,46,delta_dist_mean,0.06582815200090408
large,R-HOR,GRU,47,delta_dist_mean,0.06669680774211884
large,R-HOR,GRU,48,delta_dist_mean,0.06267205625772476
large,R-HOR,GRU,49,delta_dist_mean,0.06725021451711655
large,R-HOR,GRU,50,delta_dist_mean,0.06494319438934326
large,R-HOR,GRU,51,delta_dist_mean,0.06722952425479889
large,R-HOR,GRU,52,delta_dist_mean,0.060748856514692307
large,R-HOR,GRU,53,delta_dist_mean,0.063786581158638
large,R-HOR,GRU,54,delta_dist_mean,0.06207231059670448
large,R-HOR,GRU,55,delta_dist_mean,0.05947531387209892
large,R-HOR,GRU,56,delta_dist_mean,0.06660055369138718
large,R-HOR,GRU,57,delta_dist_mean,0.06649313867092133
large,R-HOR,GRU,58,delta_dist_mean,0.06623540073633194
large,R-HOR,GRU,59,delta_dist_mean,0.06464917957782745
large,R-HOR,GRU,60,delta_dist_mean,0.07249832153320312
large,R-HOR,GRU,61,delta_dist_mean,0.070037342607975
large,R-HOR,GRU,62,delta_dist_mean,0.06481091678142548
large,R-HOR,GRU,63,delta_dist_mean,0.06765282154083252
large,R-HOR,GRU,64,delta_dist_mean,0.06555049866437912
large,R-HOR,GRU,65,delta_dist_mean,0.06270146369934082
large,R-HOR,GRU,66,delta_dist_mean,0.06944922357797623
large,R-HOR,GRU,67,delta_dist_mean,0.06063493713736534
large,R-HOR,GRU,68,delta_dist_mean,0.07143881171941757
large,R-HOR,GRU,69,delta_dist_mean,0.06989974528551102
large,R-HOR,GRU,70,delta_dist_mean,0.06938929110765457
large,R-HOR,GRU,71,delta_dist_mean,0.06584402173757553
large,R-HOR,GRU,72,delta_dist_mean,0.06892701983451843
large,R-HOR,GRU,73,delta_dist_mean,0.0630200058221817
large,R-HOR,GRU,74,delta_dist_mean,0.06621687114238739
large,R-HOR,sig2,0,delta_dist_mean,0.12307250499725342
large,R-HOR,sig2,1,delta_dist_mean,0.09119096398353577
large,R-HOR,sig2,2,delta_dist_mean,0.07245327532291412
large,R-HOR,sig2,3,delta_dist_mean,0.06239745393395424
large,R-HOR,sig2,4,delta_dist_mean,0.05829646810889244
large,R-HOR,sig2,5,delta_dist_mean,0.05501943826675415
large,R-HOR,sig2,6,delta_dist_mean,0.05819996818900108
large,R-HOR,sig2,7,delta_dist_mean,0.05443139001727104
large,R-HOR,sig2,8,delta_dist_mean,0.055922478437423706
large,R-HOR,sig2,9,delta_dist_mean,0.05696209892630577
large,R-HOR,sig2,10,delta_dist_mean,0.057485535740852356
large,R-HOR,sig2,11,delta_dist_mean,0.05420204997062683
large,R-HOR,sig2,12,delta_dist_mean,0.059308141469955444
large,R-HOR,sig2,13,delta_dist_mean,0.05600549653172493
large,R-HOR,sig2,14,delta_dist_mean,0.05037638545036316
large,R-HOR,sig2,15,delta_dist_mean,0.055443719029426575
large,R-HOR,sig2,16,delta_dist_mean,0.05518772825598717
large,R-HOR,sig2,17,delta_dist_mean,0.05623817816376686
large,R-HOR,sig2,18,delta_dist_mean,0.056450843811035156
large,R-HOR,sig2,19,delta_dist_mean,0.05391298979520798
large,R-HOR,sig2,20,delta_dist_mean,0.05871592089533806
large,R-HOR,sig2,21,delta_dist_mean,0.052474234253168106
large,R-HOR,sig2,22,delta_dist_mean,0.05455869436264038
large,R-HOR,sig2,23,delta_dist_mean,0.05641445145010948
large,R-HOR,sig2,24,delta_dist_mean,0.054191458970308304
large,R-HOR,sig2,25,delta_dist_mean,0.05553324148058891
large,R-HOR,sig2,26,delta_dist_mean,0.05358732119202614
large,R-HOR,sig2,27,delta_dist_mean,0.057294491678476334
large,R-HOR,sig2,28,delta_dist_mean,0.05725330114364624
large,R-HOR,sig2,29,delta_dist_mean,0.056803371757268906
large,R-HOR,sig2,30,delta_dist_mean,0.051652975380420685
large,R-HOR,sig2,31,delta_dist_mean,0.05394752323627472
large,R-HOR,sig2,32,delta_dist_mean,0.054462630301713943
large,R-HOR,sig2,33,delta_dist_mean,0.05607675760984421
large,R-HOR,sig2,34,delta_dist_mean,0.05575244128704071
large,R-HOR,sig2,35,delta_dist_mean,0.05587182939052582
large,R-HOR,sig2,36,delta_dist_mean,0.05680906027555466
large,R-HOR,sig2,37,delta_dist_mean,0.05518325790762901
large,R-HOR,sig2,38,delta_dist_mean,0.05410375818610191
large,R-HOR,sig2,39,delta_dist_mean,0.057940296828746796
large,R-HOR,sig2,40,delta_dist_mean,0.05477653443813324
large,R-HOR,sig2,41,delta_dist_mean,0.056246671825647354
large,R-HOR,sig2,42,delta_dist_mean,0.05733615905046463
large,R-HOR,sig2,43,delta_dist_mean,0.05392712354660034
large,R-HOR,sig2,44,delta_dist_mean,0.058688268065452576
large,R-HOR,sig2,45,delta_dist_mean,0.052478015422821045
large,R-HOR,sig2,46,delta_dist_mean,0.055249519646167755
large,R-HOR,sig2,47,delta_dist_mean,0.05863931402564049
large,R-HOR,sig2,48,delta_dist_mean,0.0576099194586277
large,R-HOR,sig2,49,delta_dist_mean,0.055335819721221924
large,R-HOR,sig2,50,delta_dist_mean,0.0555439256131649
large,R-HOR,sig2,51,delta_dist_mean,0.05986730381846428
large,R-HOR,sig2,52,delta_dist_mean,0.05830782651901245
large,R-HOR,sig2,53,delta_dist_mean,0.05819569155573845
large,R-HOR,sig2,54,delta_dist_mean,0.05790145695209503
large,R-HOR,sig2,55,delta_dist_mean,0.05918772891163826
large,R-HOR,sig2,56,delta_dist_mean,0.055897340178489685
large,R-HOR,sig2,57,delta_dist_mean,0.05910958722233772
large,R-HOR,sig2,58,delta_dist_mean,0.05588572472333908
large,R-HOR,sig2,59,delta_dist_mean,0.05848171189427376
large,R-HOR,sig2,60,delta_dist_mean,0.0589410625398159
large,R-HOR,sig2,61,delta_dist_mean,0.05872958526015282
large,R-HOR,sig2,62,delta_dist_mean,0.05405210331082344
large,R-HOR,sig2,63,delta_dist_mean,0.05875980108976364
large,R-HOR,sig2,64,delta_dist_mean,0.058082498610019684
large,R-HOR,sig2,65,delta_dist_mean,0.060021303594112396
large,R-HOR,sig2,66,delta_dist_mean,0.05634617805480957
large,R-HOR,sig2,67,delta_dist_mean,0.056757811456918716
large,R-HOR,sig2,68,delta_dist_mean,0.059764761477708817
large,R-HOR,sig2,69,delta_dist_mean,0.06104207783937454
large,R-HOR,sig2,70,delta_dist_mean,0.06047181040048599
large,R-HOR,sig2,71,delta_dist_mean,0.05951083078980446
large,R-HOR,sig2,72,delta_dist_mean,0.05821095407009125
large,R-HOR,sig2,73,delta_dist_mean,0.057414114475250244
large,R-HOR,sig2,74,delta_dist_mean,0.061838869005441666
large,R-GPU,FFN,0,delta_dist_t0,0.26104849576950073
large,R-GPU,FFN,1,delta_dist_t0,0.13326683640480042
large,R-GPU,FFN,2,delta_dist_t0,0.09681341052055359
large,R-GPU,FFN,3,delta_dist_t0,0.07069197297096252
large,R-GPU,FFN,4,delta_dist_t0,0.05729341506958008
large,R-GPU,FFN,5,delta_dist_t0,0.03624948859214783
large,R-GPU,FFN,6,delta_dist_t0,0.008145332336425781
large,R-GPU,FFN,7,delta_dist_t0,0.05160653591156006
large,R-GPU,FFN,8,delta_dist_t0,0.04076582193374634
large,R-GPU,FFN,9,delta_dist_t0,0.028900980949401855
large,R-GPU,FFN,10,delta_dist_t0,0.03525039553642273
large,R-GPU,FFN,11,delta_dist_t0,0.03529113531112671
large,R-GPU,FFN,12,delta_dist_t0,0.03242427110671997
large,R-GPU,FFN,13,delta_dist_t0,0.030198752880096436
large,R-GPU,FFN,14,delta_dist_t0,0.02630135416984558
large,R-GPU,FFN,15,delta_dist_t0,0.03472602367401123
large,R-GPU,FFN,16,delta_dist_t0,0.02338603138923645
large,R-GPU,FFN,17,delta_dist_t0,0.028670579195022583
large,R-GPU,FFN,18,delta_dist_t0,0.03157344460487366
large,R-GPU,FFN,19,delta_dist_t0,0.0300675630569458
large,R-GPU,FFN,20,delta_dist_t0,0.026723116636276245
large,R-GPU,FFN,21,delta_dist_t0,0.027565032243728638
large,R-GPU,FFN,22,delta_dist_t0,0.028950393199920654
large,R-GPU,FFN,23,delta_dist_t0,0.028433144092559814
large,R-GPU,FFN,24,delta_dist_t0,0.029708385467529297
large,R-GPU,FFN,25,delta_dist_t0,0.0320969820022583
large,R-GPU,FFN,26,delta_dist_t0,0.029713869094848633
large,R-GPU,FFN,27,delta_dist_t0,0.02513861656188965
large,R-GPU,FFN,28,delta_dist_t0,0.030166029930114746
large,R-GPU,FFN,29,delta_dist_t0,0.033146440982818604
large,R-GPU,FFN,30,delta_dist_t0,0.027572810649871826
large,R-GPU,FFN,31,delta_dist_t0,0.029919564723968506
large,R-GPU,FFN,32,delta_dist_t0,0.029673665761947632
large,R-GPU,FFN,33,delta_dist_t0,0.026973605155944824
large,R-GPU,FFN,34,delta_dist_t0,0.04020512104034424
large,R-GPU,FFN,35,delta_dist_t0,0.03470659255981445
large,R-GPU,FFN,36,delta_dist_t0,0.03307163715362549
large,R-GPU,FFN,37,delta_dist_t0,0.03157052397727966
large,R-GPU,FFN,38,delta_dist_t0,0.03766661882400513
large,R-GPU,FFN,39,delta_dist_t0,0.036927103996276855
large,R-GPU,FFN,40,delta_dist_t0,0.035951972007751465
large,R-GPU,FFN,41,delta_dist_t0,0.027898311614990234
large,R-GPU,FFN,42,delta_dist_t0,0.03783249855041504
large,R-GPU,FFN,43,delta_dist_t0,0.026210904121398926
large,R-GPU,FFN,44,delta_dist_t0,0.0322609543800354
large,R-GPU,FFN,45,delta_dist_t0,0.03233817219734192
large,R-GPU,FFN,46,delta_dist_t0,0.03274428844451904
large,R-GPU,FFN,47,delta_dist_t0,0.030826181173324585
large,R-GPU,FFN,48,delta_dist_t0,0.03349718451499939
large,R-GPU,FFN,49,delta_dist_t0,0.03634670376777649
large,R-GPU,GRU,0,delta_dist_t0,0.33718299865722656
large,R-GPU,GRU,1,delta_dist_t0,0.24997633695602417
large,R-GPU,GRU,2,delta_dist_t0,0.22149524092674255
large,R-GPU,GRU,3,delta_dist_t0,0.21134716272354126
large,R-GPU,GRU,4,delta_dist_t0,0.20530378818511963
large,R-GPU,GRU,5,delta_dist_t0,0.20207566022872925
large,R-GPU,GRU,6,delta_dist_t0,0.19702750444412231
large,R-GPU,GRU,7,delta_dist_t0,0.188047856092453
large,R-GPU,GRU,8,delta_dist_t0,0.16524970531463623
large,R-GPU,GRU,9,delta_dist_t0,0.1389794945716858
large,R-GPU,GRU,10,delta_dist_t0,0.11883887648582458
large,R-GPU,GRU,11,delta_dist_t0,0.10063594579696655
large,R-GPU,GRU,12,delta_dist_t0,0.08554953336715698
large,R-GPU,GRU,13,delta_dist_t0,0.07162642478942871
large,R-GPU,GRU,14,delta_dist_t0,0.05985146760940552
large,R-GPU,GRU,15,delta_dist_t0,0.048323750495910645
large,R-GPU,GRU,16,delta_dist_t0,0.03968006372451782
large,R-GPU,GRU,17,delta_dist_t0,0.03586915135383606
large,R-GPU,GRU,18,delta_dist_t0,0.031396180391311646
large,R-GPU,GRU,19,delta_dist_t0,0.03057435154914856
large,R-GPU,GRU,20,delta_dist_t0,0.030374854803085327
large,R-GPU,GRU,21,delta_dist_t0,0.029636263847351074
large,R-GPU,GRU,22,delta_dist_t0,0.029662489891052246
large,R-GPU,GRU,23,delta_dist_t0,0.02984747290611267
large,R-GPU,GRU,24,delta_dist_t0,0.0293484628200531
large,R-GPU,GRU,25,delta_dist_t0,0.02896946668624878
large,R-GPU,GRU,26,delta_dist_t0,0.02747848629951477
large,R-GPU,GRU,27,delta_dist_t0,0.02841395139694214
large,R-GPU,GRU,28,delta_dist_t0,0.028636395931243896
large,R-GPU,GRU,29,delta_dist_t0,0.02816605567932129
large,R-GPU,GRU,30,delta_dist_t0,0.02875906229019165
large,R-GPU,GRU,31,delta_dist_t0,0.029334962368011475
large,R-GPU,GRU,32,delta_dist_t0,0.027785062789916992
large,R-GPU,GRU,33,delta_dist_t0,0.028138816356658936
large,R-GPU,GRU,34,delta_dist_t0,0.029114902019500732
large,R-GPU,GRU,35,delta_dist_t0,0.031099140644073486
large,R-GPU,GRU,36,delta_dist_t0,0.03139793872833252
large,R-GPU,GRU,37,delta_dist_t0,0.030783653259277344
large,R-GPU,GRU,38,delta_dist_t0,0.03232872486114502
large,R-GPU,GRU,39,delta_dist_t0,0.031016021966934204
large,R-GPU,GRU,40,delta_dist_t0,0.03230121731758118
large,R-GPU,GRU,41,delta_dist_t0,0.033033132553100586
large,R-GPU,GRU,42,delta_dist_t0,0.02905815839767456
large,R-GPU,GRU,43,delta_dist_t0,0.031888991594314575
large,R-GPU,GRU,44,delta_dist_t0,0.03262627124786377
large,R-GPU,GRU,45,delta_dist_t0,0.030570268630981445
large,R-GPU,GRU,46,delta_dist_t0,0.03314471244812012
large,R-GPU,GRU,47,delta_dist_t0,0.032606422901153564
large,R-GPU,GRU,48,delta_dist_t0,0.03166401386260986
large,R-GPU,GRU,49,delta_dist_t0,0.03224697709083557
large,R-GPU,sig2,0,delta_dist_t0,0.3190979063510895
large,R-GPU,sig2,1,delta_dist_t0,0.15174710750579834
large,R-GPU,sig2,2,delta_dist_t0,0.07135060429573059
large,R-GPU,sig2,3,delta_dist_t0,0.04808223247528076
large,R-GPU,sig2,4,delta_dist_t0,0.033011019229888916
large,R-GPU,sig2,5,delta_dist_t0,0.04296940565109253
large,R-GPU,sig2,6,delta_dist_t0,0.05554422736167908
large,R-GPU,sig2,7,delta_dist_t0,0.07067164778709412
large,R-GPU,sig2,8,delta_dist_t0,0.085023432970047
large,R-GPU,sig2,9,delta_dist_t0,0.07032760977745056
large,R-GPU,sig2,10,delta_dist_t0,0.07256901264190674
large,R-GPU,sig2,11,delta_dist_t0,0.07751637697219849
large,R-GPU,sig2,12,delta_dist_t0,0.07242310047149658
large,R-GPU,sig2,13,delta_dist_t0,0.06042981147766113
large,R-GPU,sig2,14,delta_dist_t0,0.05758082866668701
large,R-GPU,sig2,15,delta_dist_t0,0.05835598707199097
large,R-GPU,sig2,16,delta_dist_t0,0.0525779128074646
large,R-GPU,sig2,17,delta_dist_t0,0.04914507269859314
large,R-GPU,sig2,18,delta_dist_t0,0.052829086780548096
large,R-GPU,sig2,19,delta_dist_t0,0.05053761601448059
large,R-GPU,sig2,20,delta_dist_t0,0.04981726408004761
large,R-GPU,sig2,21,delta_dist_t0,0.04671862721443176
large,R-GPU,sig2,22,delta_dist_t0,0.04665789008140564
large,R-GPU,sig2,23,delta_dist_t0,0.04459500312805176
large,R-GPU,sig2,24,delta_dist_t0,0.04571673274040222
large,R-GPU,sig2,25,delta_dist_t0,0.047902196645736694
large,R-GPU,sig2,26,delta_dist_t0,0.04860791563987732
large,R-GPU,sig2,27,delta_dist_t0,0.04722598195075989
large,R-GPU,sig2,28,delta_dist_t0,0.041095584630966187
large,R-GPU,sig2,29,delta_dist_t0,0.04103726148605347
large,R-GPU,sig2,30,delta_dist_t0,0.043428659439086914
large,R-GPU,sig2,31,delta_dist_t0,0.03898364305496216
large,R-GPU,sig2,32,delta_dist_t0,0.0368744432926178
large,R-GPU,sig2,33,delta_dist_t0,0.04162856936454773
large,R-GPU,sig2,34,delta_dist_t0,0.04194483160972595
large,R-GPU,sig2,35,delta_dist_t0,0.04096496105194092
large,R-GPU,sig2,36,delta_dist_t0,0.044315457344055176
large,R-GPU,sig2,37,delta_dist_t0,0.04086881875991821
large,R-GPU,sig2,38,delta_dist_t0,0.04471480846405029
large,R-GPU,sig2,39,delta_dist_t0,0.039257168769836426
large,R-GPU,sig2,40,delta_dist_t0,0.047220706939697266
large,R-GPU,sig2,41,delta_dist_t0,0.04101353883743286
large,R-GPU,sig2,42,delta_dist_t0,0.04344111680984497
large,R-GPU,sig2,43,delta_dist_t0,0.03947046399116516
large,R-GPU,sig2,44,delta_dist_t0,0.039815932512283325
large,R-GPU,sig2,45,delta_dist_t0,0.04133105278015137
large,R-GPU,sig2,46,delta_dist_t0,0.03508198261260986
large,R-GPU,sig2,47,delta_dist_t0,0.03953111171722412
large,R-GPU,sig2,48,delta_dist_t0,0.0399700403213501
large,R-GPU,sig2,49,delta_dist_t0,0.04127100110054016
large,R-NTBN,FFN,0,delta_dist_t0,0.4544145166873932
large,R-NTBN,FFN,1,delta_dist_t0,0.4436589479446411
large,R-NTBN,FFN,2,delta_dist_t0,0.40233102440834045
large,R-NTBN,FFN,3,delta_dist_t0,0.349138468503952
large,R-NTBN,FFN,4,delta_dist_t0,0.3557409346103668
large,R-NTBN,FFN,5,delta_dist_t0,0.34673458337783813
large,R-NTBN,FFN,6,delta_dist_t0,0.3051688075065613
large,R-NTBN,FFN,7,delta_dist_t0,0.29789018630981445
large,R-NTBN,FFN,8,delta_dist_t0,0.3123832046985626
large,R-NTBN,FFN,9,delta_dist_t0,0.32171615958213806
large,R-NTBN,FFN,10,delta_dist_t0,0.31302547454833984
large,R-NTBN,FFN,11,delta_dist_t0,0.29497236013412476
large,R-NTBN,FFN,12,delta_dist_t0,0.2749854326248169
large,R-NTBN,FFN,13,delta_dist_t0,0.2545901834964752
large,R-NTBN,FFN,14,delta_dist_t0,0.23363497853279114
large,R-NTBN,FFN,15,delta_dist_t0,0.23153293132781982
large,R-NTBN,FFN,16,delta_dist_t0,0.23105764389038086
large,R-NTBN,FFN,17,delta_dist_t0,0.2228509485721588
large,R-NTBN,FFN,18,delta_dist_t0,0.210526704788208
large,R-NTBN,FFN,19,delta_dist_t0,0.19400039315223694
large,R-NTBN,FFN,20,delta_dist_t0,0.17580372095108032
large,R-NTBN,FFN,21,delta_dist_t0,0.15795332193374634
large,R-NTBN,FFN,22,delta_dist_t0,0.14059433341026306
large,R-NTBN,FFN,23,delta_dist_t0,0.12433379888534546
large,R-NTBN,FFN,24,delta_dist_t0,0.10932856798171997
large,R-NTBN,FFN,25,delta_dist_t0,0.0953528881072998
large,R-NTBN,FFN,26,delta_dist_t0,0.08257848024368286
large,R-NTBN,FFN,27,delta_dist_t0,0.0845789909362793
large,R-NTBN,FFN,28,delta_dist_t0,0.09388750791549683
large,R-NTBN,FFN,29,delta_dist_t0,0.10434028506278992
large,R-NTBN,FFN,30,delta_dist_t0,0.11472824215888977
large,R-NTBN,FFN,31,delta_dist_t0,0.12554949522018433
large,R-NTBN,FFN,32,delta_dist_t0,0.13572335243225098
large,R-NTBN,FFN,33,delta_dist_t0,0.14600160717964172
large,R-NTBN,FFN,34,delta_dist_t0,0.15552875399589539
large,R-NTBN,FFN,35,delta_dist_t0,0.16481053829193115
large,R-NTBN,FFN,36,delta_dist_t0,0.17335155606269836
large,R-NTBN,FFN,37,delta_dist_t0,0.18193471431732178
large,R-NTBN,FFN,38,delta_dist_t0,0.1892181634902954
large,R-NTBN,FFN,39,delta_dist_t0,0.1962524950504303
large,R-NTBN,FFN,40,delta_dist_t0,0.20122626423835754
large,R-NTBN,FFN,41,delta_dist_t0,0.20465588569641113
large,R-NTBN,FFN,42,delta_dist_t0,0.20573729276657104
large,R-NTBN,FFN,43,delta_dist_t0,0.20564600825309753
large,R-NTBN,FFN,44,delta_dist_t0,0.2014603614807129
large,R-NTBN,FFN,45,delta_dist_t0,0.19579312205314636
large,R-NTBN,FFN,46,delta_dist_t0,0.19103789329528809
large,R-NTBN,FFN,47,delta_dist_t0,0.18604892492294312
large,R-NTBN,FFN,48,delta_dist_t0,0.18590739369392395
large,R-NTBN,FFN,49,delta_dist_t0,0.18964076042175293
large,R-NTBN,FFN,50,delta_dist_t0,0.19489765167236328
large,R-NTBN,FFN,51,delta_dist_t0,0.19839823246002197
large,R-NTBN,FFN,52,delta_dist_t0,0.19771215319633484
large,R-NTBN,FFN,53,delta_dist_t0,0.19213667511940002
large,R-NTBN,FFN,54,delta_dist_t0,0.18131768703460693
large,R-NTBN,FFN,55,delta_dist_t0,0.16981497406959534
large,R-NTBN,FFN,56,delta_dist_t0,0.1640530526638031
large,R-NTBN,FFN,57,delta_dist_t0,0.16627109050750732
large,R-NTBN,FFN,58,delta_dist_t0,0.16667237877845764
large,R-NTBN,FFN,59,delta_dist_t0,0.16274279356002808
large,R-NTBN,FFN,60,delta_dist_t0,0.15621733665466309
large,R-NTBN,FFN,61,delta_dist_t0,0.17570674419403076
large,R-NTBN,FFN,62,delta_dist_t0,0.16475167870521545
large,R-NTBN,FFN,63,delta_dist_t0,0.16398382186889648
large,R-NTBN,FFN,64,delta_dist_t0,0.1627511978149414
large,R-NTBN,FFN,65,delta_dist_t0,0.1650596559047699
large,R-NTBN,FFN,66,delta_dist_t0,0.17109212279319763
large,R-NTBN,FFN,67,delta_dist_t0,0.17109179496765137
large,R-NTBN,FFN,68,delta_dist_t0,0.1766992211341858
large,R-NTBN,FFN,69,delta_dist_t0,0.1786065399646759
large,R-NTBN,FFN,70,delta_dist_t0,0.17947328090667725
large,R-NTBN,FFN,71,delta_dist_t0,0.17614668607711792
large,R-NTBN,FFN,72,delta_dist_t0,0.1741991639137268
large,R-NTBN,FFN,73,delta_dist_t0,0.15938013792037964
large,R-NTBN,FFN,74,delta_dist_t0,0.15422439575195312
large,R-NTBN,FFN,75,delta_dist_t0,0.13780555129051208
large,R-NTBN,FFN,76,delta_dist_t0,0.1177719235420227
large,R-NTBN,FFN,77,delta_dist_t0,0.10703420639038086
large,R-NTBN,FFN,78,delta_dist_t0,0.09061038494110107
large,R-NTBN,FFN,79,delta_dist_t0,0.06609237194061279
large,R-NTBN,FFN,80,delta_dist_t0,0.046681880950927734
large,R-NTBN,FFN,81,delta_dist_t0,0.028228402137756348
large,R-NTBN,FFN,82,delta_dist_t0,0.014910995960235596
large,R-NTBN,FFN,83,delta_dist_t0,0.012360870838165283
large,R-NTBN,FFN,84,delta_dist_t0,0.025326251983642578
large,R-NTBN,FFN,85,delta_dist_t0,0.036204516887664795
large,R-NTBN,FFN,86,delta_dist_t0,0.04715043306350708
large,R-NTBN,FFN,87,delta_dist_t0,0.05729573965072632
large,R-NTBN,FFN,88,delta_dist_t0,0.06344050168991089
large,R-NTBN,FFN,89,delta_dist_t0,0.06584584712982178
large,R-NTBN,FFN,90,delta_dist_t0,0.06576848030090332
large,R-NTBN,FFN,91,delta_dist_t0,0.06978082656860352
large,R-NTBN,FFN,92,delta_dist_t0,0.06913560628890991
large,R-NTBN,FFN,93,delta_dist_t0,0.06129932403564453
large,R-NTBN,FFN,94,delta_dist_t0,0.0632600486278534
large,R-NTBN,FFN,95,delta_dist_t0,0.06717154383659363
large,R-NTBN,FFN,96,delta_dist_t0,0.06442654132843018
large,R-NTBN,FFN,97,delta_dist_t0,0.06174767017364502
large,R-NTBN,FFN,98,delta_dist_t0,0.06366527080535889
large,R-NTBN,FFN,99,delta_dist_t0,0.06291893124580383
large,R-NTBN,FFN,100,delta_dist_t0,0.059523165225982666
large,R-NTBN,FFN,101,delta_dist_t0,0.058141738176345825
large,R-NTBN,FFN,102,delta_dist_t0,0.06101536750793457
large,R-NTBN,FFN,103,delta_dist_t0,0.0585978627204895
large,R-NTBN,FFN,104,delta_dist_t0,0.05468258261680603
large,R-NTBN,FFN,105,delta_dist_t0,0.056618452072143555
large,R-NTBN,FFN,106,delta_dist_t0,0.05935993790626526
large,R-NTBN,FFN,107,delta_dist_t0,0.05513918399810791
large,R-NTBN,FFN,108,delta_dist_t0,0.05278456211090088
large,R-NTBN,FFN,109,delta_dist_t0,0.05514323711395264
large,R-NTBN,FFN,110,delta_dist_t0,0.05465710163116455
large,R-NTBN,FFN,111,delta_dist_t0,0.05023312568664551
large,R-NTBN,FFN,112,delta_dist_t0,0.04094409942626953
large,R-NTBN,FFN,113,delta_dist_t0,0.040131330490112305
large,R-NTBN,FFN,114,delta_dist_t0,0.04140573740005493
large,R-NTBN,FFN,115,delta_dist_t0,0.03700187802314758
large,R-NTBN,FFN,116,delta_dist_t0,0.030522078275680542
large,R-NTBN,FFN,117,delta_dist_t0,0.02892741560935974
large,R-NTBN,FFN,118,delta_dist_t0,0.03232306241989136
large,R-NTBN,FFN,119,delta_dist_t0,0.026445984840393066
large,R-NTBN,GRU,0,delta_dist_t0,0.44482722878456116
large,R-NTBN,GRU,1,delta_dist_t0,0.40060245990753174
large,R-NTBN,GRU,2,delta_dist_t0,0.36519643664360046
large,R-NTBN,GRU,3,delta_dist_t0,0.3316984474658966
large,R-NTBN,GRU,4,delta_dist_t0,0.2957105338573456
large,R-NTBN,GRU,5,delta_dist_t0,0.2623130977153778
large,R-NTBN,GRU,6,delta_dist_t0,0.24597251415252686
large,R-NTBN,GRU,7,delta_dist_t0,0.23343640565872192
large,R-NTBN,GRU,8,delta_dist_t0,0.22133871912956238
large,R-NTBN,GRU,9,delta_dist_t0,0.20787662267684937
large,R-NTBN,GRU,10,delta_dist_t0,0.19337671995162964
large,R-NTBN,GRU,11,delta_dist_t0,0.17803382873535156
large,R-NTBN,GRU,12,delta_dist_t0,0.16227975487709045
large,R-NTBN,GRU,13,delta_dist_t0,0.1466471552848816
large,R-NTBN,GRU,14,delta_dist_t0,0.1314917802810669
large,R-NTBN,GRU,15,delta_dist_t0,0.11705958843231201
large,R-NTBN,GRU,16,delta_dist_t0,0.1035534143447876
large,R-NTBN,GRU,17,delta_dist_t0,0.09116598963737488
large,R-NTBN,GRU,18,delta_dist_t0,0.07987380027770996
large,R-NTBN,GRU,19,delta_dist_t0,0.06969282031059265
large,R-NTBN,GRU,20,delta_dist_t0,0.06063917279243469
large,R-NTBN,GRU,21,delta_dist_t0,0.05270576477050781
large,R-NTBN,GRU,22,delta_dist_t0,0.04584375023841858
large,R-NTBN,GRU,23,delta_dist_t0,0.03998595476150513
large,R-NTBN,GRU,24,delta_dist_t0,0.03509160876274109
large,R-NTBN,GRU,25,delta_dist_t0,0.031061172485351562
large,R-NTBN,GRU,26,delta_dist_t0,0.03444027900695801
large,R-NTBN,GRU,27,delta_dist_t0,0.037860870361328125
large,R-NTBN,GRU,28,delta_dist_t0,0.04097777605056763
large,R-NTBN,GRU,29,delta_dist_t0,0.04381769895553589
large,R-NTBN,GRU,30,delta_dist_t0,0.046406567096710205
large,R-NTBN,GRU,31,delta_dist_t0,0.04876518249511719
large,R-NTBN,GRU,32,delta_dist_t0,0.050913870334625244
large,R-NTBN,GRU,33,delta_dist_t0,0.05287438631057739
large,R-NTBN,GRU,34,delta_dist_t0,0.054660022258758545
large,R-NTBN,GRU,35,delta_dist_t0,0.05629158020019531
large,R-NTBN,GRU,36,delta_dist_t0,0.05779296159744263
large,R-NTBN,GRU,37,delta_dist_t0,0.05729153752326965
large,R-NTBN,GRU,38,delta_dist_t0,0.05546975135803223
large,R-NTBN,GRU,39,delta_dist_t0,0.05383145809173584
large,R-NTBN,GRU,40,delta_dist_t0,0.05234900116920471
large,R-NTBN,GRU,41,delta_dist_t0,0.05104255676269531
large,R-NTBN,GRU,42,delta_dist_t0,0.04993796348571777
large,R-NTBN,GRU,43,delta_dist_t0,0.049071699380874634
large,R-NTBN,GRU,44,delta_dist_t0,0.048455893993377686
large,R-NTBN,GRU,45,delta_dist_t0,0.048049211502075195
large,R-NTBN,GRU,46,delta_dist_t0,0.047766298055648804
large,R-NTBN,GRU,47,delta_dist_t0,0.04752922058105469
large,R-NTBN,GRU,48,delta_dist_t0,0.04720330238342285
large,R-NTBN,GRU,49,delta_dist_t0,0.046539127826690674
large,R-NTBN,GRU,50,delta_dist_t0,0.04553627967834473
large,R-NTBN,GRU,51,delta_dist_t0,0.044336915016174316
large,R-NTBN,GRU,52,delta_dist_t0,0.04307425022125244
large,R-NTBN,GRU,53,delta_dist_t0,0.04257109761238098
large,R-NTBN,GRU,54,delta_dist_t0,0.04258394241333008
large,R-NTBN,GRU,55,delta_dist_t0,0.04203760623931885
large,R-NTBN,GRU,56,delta_dist_t0,0.04112604260444641
large,R-NTBN,GRU,57,delta_dist_t0,0.04103273153305054
large,R-NTBN,GRU,58,delta_dist_t0,0.0413726270198822
large,R-NTBN,GRU,59,delta_dist_t0,0.03932255506515503
large,R-NTBN,GRU,60,delta_dist_t0,0.04052150249481201
large,R-NTBN,GRU,61,delta_dist_t0,0.04119312763214111
large,R-NTBN,GRU,62,delta_dist_t0,0.04175847768783569
large,R-NTBN,GRU,63,delta_dist_t0,0.04128175973892212
large,R-NTBN,GRU,64,delta_dist_t0,0.04015567898750305
large,R-NTBN,GRU,65,delta_dist_t0,0.03886714577674866
large,R-NTBN,GRU,66,delta_dist_t0,0.03572908043861389
large,R-NTBN,GRU,67,delta_dist_t0,0.036040425300598145
large,R-NTBN,GRU,68,delta_dist_t0,0.029835402965545654
large,R-NTBN,GRU,69,delta_dist_t0,0.0323767364025116
large,R-NTBN,GRU,70,delta_dist_t0,0.0341029167175293
large,R-NTBN,GRU,71,delta_dist_t0,0.03053632378578186
large,R-NTBN,GRU,72,delta_dist_t0,0.026405543088912964
large,R-NTBN,GRU,73,delta_dist_t0,0.024484753608703613
large,R-NTBN,GRU,74,delta_dist_t0,0.02714461088180542
large,R-NTBN,GRU,75,delta_dist_t0,0.02907547354698181
large,R-NTBN,GRU,76,delta_dist_t0,0.029089808464050293
large,R-NTBN,GRU,77,delta_dist_t0,0.028962641954421997
large,R-NTBN,GRU,78,delta_dist_t0,0.027349144220352173
large,R-NTBN,GRU,79,delta_dist_t0,0.024605393409729004
large,R-NTBN,GRU,80,delta_dist_t0,0.022423207759857178
large,R-NTBN,GRU,81,delta_dist_t0,0.02204430103302002
large,R-NTBN,GRU,82,delta_dist_t0,0.022728383541107178
large,R-NTBN,GRU,83,delta_dist_t0,0.023167341947555542
large,R-NTBN,GRU,84,delta_dist_t0,0.022097766399383545
large,R-NTBN,GRU,85,delta_dist_t0,0.020262867212295532
large,R-NTBN,GRU,86,delta_dist_t0,0.021284133195877075
large,R-NTBN,GRU,87,delta_dist_t0,0.022118687629699707
large,R-NTBN,GRU,88,delta_dist_t0,0.022498905658721924
large,R-NTBN,GRU,89,delta_dist_t0,0.023206442594528198
large,R-NTBN,GRU,90,delta_dist_t0,0.02295166254043579
large,R-NTBN,GRU,91,delta_dist_t0,0.02409377694129944
large,R-NTBN,GRU,92,delta_dist_t0,0.02605670690536499
large,R-NTBN,GRU,93,delta_dist_t0,0.026546001434326172
large,R-NTBN,GRU,94,delta_dist_t0,0.025883913040161133
large,R-NTBN,GRU,95,delta_dist_t0,0.026431232690811157
large,R-NTBN,GRU,96,delta_dist_t0,0.027515828609466553
large,R-NTBN,GRU,97,delta_dist_t0,0.02774941921234131
large,R-NTBN,GRU,98,delta_dist_t0,0.027470380067825317
large,R-NTBN,GRU,99,delta_dist_t0,0.027394860982894897
large,R-NTBN,GRU,100,delta_dist_t0,0.028287529945373535
large,R-NTBN,GRU,101,delta_dist_t0,0.028401672840118408
large,R-NTBN,GRU,102,delta_dist_t0,0.028350472450256348
large,R-NTBN,GRU,103,delta_dist_t0,0.02867940068244934
large,R-NTBN,GRU,104,delta_dist_t0,0.029402703046798706
large,R-NTBN,GRU,105,delta_dist_t0,0.03054824471473694
large,R-NTBN,GRU,106,delta_dist_t0,0.030840247869491577
large,R-NTBN,GRU,107,delta_dist_t0,0.03138333559036255
large,R-NTBN,GRU,108,delta_dist_t0,0.03121119737625122
large,R-NTBN,GRU,109,delta_dist_t0,0.030563712120056152
large,R-NTBN,GRU,110,delta_dist_t0,0.03019985556602478
large,R-NTBN,GRU,111,delta_dist_t0,0.02952098846435547
large,R-NTBN,GRU,112,delta_dist_t0,0.028590381145477295
large,R-NTBN,GRU,113,delta_dist_t0,0.027936160564422607
large,R-NTBN,GRU,114,delta_dist_t0,0.02806869149208069
large,R-NTBN,GRU,115,delta_dist_t0,0.02848803997039795
large,R-NTBN,GRU,116,delta_dist_t0,0.029116511344909668
large,R-NTBN,GRU,117,delta_dist_t0,0.028860151767730713
large,R-NTBN,GRU,118,delta_dist_t0,0.02807450294494629
large,R-NTBN,GRU,119,delta_dist_t0,0.028076648712158203
large,R-NTBN,sig2,0,delta_dist_t0,0.4877099394798279
large,R-NTBN,sig2,1,delta_dist_t0,0.4482181668281555
large,R-NTBN,sig2,2,delta_dist_t0,0.40744227170944214
large,R-NTBN,sig2,3,delta_dist_t0,0.3625657558441162
large,R-NTBN,sig2,4,delta_dist_t0,0.3153175413608551
large,R-NTBN,sig2,5,delta_dist_t0,0.27115464210510254
large,R-NTBN,sig2,6,delta_dist_t0,0.2376251220703125
large,R-NTBN,sig2,7,delta_dist_t0,0.2138281762599945
large,R-NTBN,sig2,8,delta_dist_t0,0.192205548286438
large,R-NTBN,sig2,9,delta_dist_t0,0.169254869222641
large,R-NTBN,sig2,10,delta_dist_t0,0.14715847373008728
large,R-NTBN,sig2,11,delta_dist_t0,0.12633708119392395
large,R-NTBN,sig2,12,delta_dist_t0,0.10695198178291321
large,R-NTBN,sig2,13,delta_dist_t0,0.0887976884841919
large,R-NTBN,sig2,14,delta_dist_t0,0.07179909944534302
large,R-NTBN,sig2,15,delta_dist_t0,0.05598685145378113
large,R-NTBN,sig2,16,delta_dist_t0,0.0674481987953186
large,R-NTBN,sig2,17,delta_dist_t0,0.08795100450515747
large,R-NTBN,sig2,18,delta_dist_t0,0.07672041654586792
large,R-NTBN,sig2,19,delta_dist_t0,0.06457164883613586
large,R-NTBN,sig2,20,delta_dist_t0,0.053357988595962524
large,R-NTBN,sig2,21,delta_dist_t0,0.04301851987838745
large,R-NTBN,sig2,22,delta_dist_t0,0.033494532108306885
large,R-NTBN,sig2,23,delta_dist_t0,0.03347903490066528
large,R-NTBN,sig2,24,delta_dist_t0,0.041057467460632324
large,R-NTBN,sig2,25,delta_dist_t0,0.04787248373031616
large,R-NTBN,sig2,26,delta_dist_t0,0.05413633584976196
large,R-NTBN,sig2,27,delta_dist_t0,0.05962193012237549
large,R-NTBN,sig2,28,delta_dist_t0,0.06445974111557007
large,R-NTBN,sig2,29,delta_dist_t0,0.06832516193389893
large,R-NTBN,sig2,30,delta_dist_t0,0.07191437482833862
large,R-NTBN,sig2,31,delta_dist_t0,0.07460826635360718
large,R-NTBN,sig2,32,delta_dist_t0,0.07674843072891235
large,R-NTBN,sig2,33,delta_dist_t0,0.07841598987579346
large,R-NTBN,sig2,34,delta_dist_t0,0.07900506258010864
large,R-NTBN,sig2,35,delta_dist_t0,0.07805967330932617
large,R-NTBN,sig2,36,delta_dist_t0,0.07548326253890991
large,R-NTBN,sig2,37,delta_dist_t0,0.07158434391021729
large,R-NTBN,sig2,38,delta_dist_t0,0.0669744610786438
large,R-NTBN,sig2,39,delta_dist_t0,0.06188911199569702
large,R-NTBN,sig2,40,delta_dist_t0,0.05677592754364014
large,R-NTBN,sig2,41,delta_dist_t0,0.053061604499816895
large,R-NTBN,sig2,42,delta_dist_t0,0.05481886863708496
large,R-NTBN,sig2,43,delta_dist_t0,0.056142985820770264
large,R-NTBN,sig2,44,delta_dist_t0,0.05715370178222656
large,R-NTBN,sig2,45,delta_dist_t0,0.05735570192337036
large,R-NTBN,sig2,46,delta_dist_t0,0.057119131088256836
large,R-NTBN,sig2,47,delta_dist_t0,0.05648612976074219
large,R-NTBN,sig2,48,delta_dist_t0,0.05580699443817139
large,R-NTBN,sig2,49,delta_dist_t0,0.05378168821334839
large,R-NTBN,sig2,50,delta_dist_t0,0.049063146114349365
large,R-NTBN,sig2,51,delta_dist_t0,0.042184531688690186
large,R-NTBN,sig2,52,delta_dist_t0,0.03157615661621094
large,R-NTBN,sig2,53,delta_dist_t0,0.024103760719299316
large,R-NTBN,sig2,54,delta_dist_t0,0.010647714138031006
large,R-NTBN,sig2,55,delta_dist_t0,0.008089005947113037
large,R-NTBN,sig2,56,delta_dist_t0,0.02013683319091797
large,R-NTBN,sig2,57,delta_dist_t0,0.020306110382080078
large,R-NTBN,sig2,58,delta_dist_t0,0.02699589729309082
large,R-NTBN,sig2,59,delta_dist_t0,0.043323636054992676
large,R-NTBN,sig2,60,delta_dist_t0,0.0540921688079834
large,R-NTBN,sig2,61,delta_dist_t0,0.060637474060058594
large,R-NTBN,sig2,62,delta_dist_t0,0.0664568841457367
large,R-NTBN,sig2,63,delta_dist_t0,0.07316899299621582
large,R-NTBN,sig2,64,delta_dist_t0,0.07867908477783203
large,R-NTBN,sig2,65,delta_dist_t0,0.07894691824913025
large,R-NTBN,sig2,66,delta_dist_t0,0.08013045787811279
large,R-NTBN,sig2,67,delta_dist_t0,0.08193233609199524
large,R-NTBN,sig2,68,delta_dist_t0,0.08544376492500305
large,R-NTBN,sig2,69,delta_dist_t0,0.08759567141532898
large,R-NTBN,sig2,70,delta_dist_t0,0.08551359176635742
large,R-NTBN,sig2,71,delta_dist_t0,0.0798855721950531
large,R-NTBN,sig2,72,delta_dist_t0,0.07931873202323914
large,R-NTBN,sig2,73,delta_dist_t0,0.07968929409980774
large,R-NTBN,sig2,74,delta_dist_t0,0.0830564796924591
large,R-NTBN,sig2,75,delta_dist_t0,0.08099004626274109
large,R-NTBN,sig2,76,delta_dist_t0,0.07882720232009888
large,R-NTBN,sig2,77,delta_dist_t0,0.07911664247512817
large,R-NTBN,sig2,78,delta_dist_t0,0.08706176280975342
large,R-NTBN,sig2,79,delta_dist_t0,0.09174096584320068
large,R-NTBN,sig2,80,delta_dist_t0,0.08887428045272827
large,R-NTBN,sig2,81,delta_dist_t0,0.09076786041259766
large,R-NTBN,sig2,82,delta_dist_t0,0.0874846875667572
large,R-NTBN,sig2,83,delta_dist_t0,0.09077826142311096
large,R-NTBN,sig2,84,delta_dist_t0,0.08589038252830505
large,R-NTBN,sig2,85,delta_dist_t0,0.08406901359558105
large,R-NTBN,sig2,86,delta_dist_t0,0.08756053447723389
large,R-NTBN,sig2,87,delta_dist_t0,0.08983415365219116
large,R-NTBN,sig2,88,delta_dist_t0,0.08928704261779785
large,R-NTBN,sig2,89,delta_dist_t0,0.09103474020957947
large,R-NTBN,sig2,90,delta_dist_t0,0.09318351745605469
large,R-NTBN,sig2,91,delta_dist_t0,0.09270060062408447
large,R-NTBN,sig2,92,delta_dist_t0,0.09060123562812805
large,R-NTBN,sig2,93,delta_dist_t0,0.08903205394744873
large,R-NTBN,sig2,94,delta_dist_t0,0.0880049467086792
large,R-NTBN,sig2,95,delta_dist_t0,0.08221971988677979
large,R-NTBN,sig2,96,delta_dist_t0,0.07798153162002563
large,R-NTBN,sig2,97,delta_dist_t0,0.0801977813243866
large,R-NTBN,sig2,98,delta_dist_t0,0.07563221454620361
large,R-NTBN,sig2,99,delta_dist_t0,0.07247745990753174
large,R-NTBN,sig2,100,delta_dist_t0,0.07966476678848267
large,R-NTBN,sig2,101,delta_dist_t0,0.07510170340538025
large,R-NTBN,sig2,102,delta_dist_t0,0.07751134037971497
large,R-NTBN,sig2,103,delta_dist_t0,0.07850882411003113
large,R-NTBN,sig2,104,delta_dist_t0,0.0779622495174408
large,R-NTBN,sig2,105,delta_dist_t0,0.07949301600456238
large,R-NTBN,sig2,106,delta_dist_t0,0.07594367861747742
large,R-NTBN,sig2,107,delta_dist_t0,0.07333776354789734
large,R-NTBN,sig2,108,delta_dist_t0,0.07360026240348816
large,R-NTBN,sig2,109,delta_dist_t0,0.070172518491745
large,R-NTBN,sig2,110,delta_dist_t0,0.0716066062450409
large,R-NTBN,sig2,111,delta_dist_t0,0.07059985399246216
large,R-NTBN,sig2,112,delta_dist_t0,0.07305854558944702
large,R-NTBN,sig2,113,delta_dist_t0,0.06999552249908447
large,R-NTBN,sig2,114,delta_dist_t0,0.07361948490142822
large,R-NTBN,sig2,115,delta_dist_t0,0.06882548332214355
large,R-NTBN,sig2,116,delta_dist_t0,0.06768399477005005
large,R-NTBN,sig2,117,delta_dist_t0,0.07173913717269897
large,R-NTBN,sig2,118,delta_dist_t0,0.06667947769165039
large,R-NTBN,sig2,119,delta_dist_t0,0.0583665668964386
large,R-SIG,FFN,0,delta_dist_t0,0.13734811544418335
large,R-SIG,FFN,1,delta_dist_t0,0.11704623699188232
large,R-SIG,FFN,2,delta_dist_t0,0.0693439245223999
large,R-SIG,FFN,3,delta_dist_t0,0.049657613039016724
large,R-SIG,FFN,4,delta_dist_t0,0.04650887846946716
large,R-SIG,FFN,5,delta_dist_t0,0.03929731249809265
large,R-SIG,FFN,6,delta_dist_t0,0.03152132034301758
large,R-SIG,FFN,7,delta_dist_t0,0.037577420473098755
large,R-SIG,FFN,8,delta_dist_t0,0.03441205620765686
large,R-SIG,FFN,9,delta_dist_t0,0.04066133499145508
large,R-SIG,FFN,10,delta_dist_t0,0.036308228969573975
large,R-SIG,FFN,11,delta_dist_t0,0.023130863904953003
large,R-SIG,FFN,12,delta_dist_t0,0.035417526960372925
large,R-SIG,FFN,13,delta_dist_t0,0.027366608381271362
large,R-SIG,FFN,14,delta_dist_t0,0.04559725522994995
large,R-SIG,FFN,15,delta_dist_t0,0.047717511653900146
large,R-SIG,FFN,16,delta_dist_t0,0.031768620014190674
large,R-SIG,FFN,17,delta_dist_t0,0.035768091678619385
large,R-SIG,FFN,18,delta_dist_t0,0.02582123875617981
large,R-SIG,FFN,19,delta_dist_t0,0.03428065776824951
large,R-SIG,FFN,20,delta_dist_t0,0.03702765703201294
large,R-SIG,FFN,21,delta_dist_t0,0.022234410047531128
large,R-SIG,FFN,22,delta_dist_t0,0.032712966203689575
large,R-SIG,FFN,23,delta_dist_t0,0.040419697761535645
large,R-SIG,FFN,24,delta_dist_t0,0.028269320726394653
large,R-SIG,FFN,25,delta_dist_t0,0.037117183208465576
large,R-SIG,FFN,26,delta_dist_t0,0.03317287564277649
large,R-SIG,FFN,27,delta_dist_t0,0.033209770917892456
large,R-SIG,FFN,28,delta_dist_t0,0.03039458394050598
large,R-SIG,FFN,29,delta_dist_t0,0.03105303645133972
large,R-SIG,FFN,30,delta_dist_t0,0.03863900899887085
large,R-SIG,FFN,31,delta_dist_t0,0.03561443090438843
large,R-SIG,FFN,32,delta_dist_t0,0.039482951164245605
large,R-SIG,FFN,33,delta_dist_t0,0.04322171211242676
large,R-SIG,FFN,34,delta_dist_t0,0.03732529282569885
large,R-SIG,FFN,35,delta_dist_t0,0.03628396987915039
large,R-SIG,FFN,36,delta_dist_t0,0.03402400016784668
large,R-SIG,FFN,37,delta_dist_t0,0.035363465547561646
large,R-SIG,FFN,38,delta_dist_t0,0.0391046404838562
large,R-SIG,FFN,39,delta_dist_t0,0.038239121437072754
large,R-SIG,FFN,40,delta_dist_t0,0.038182973861694336
large,R-SIG,FFN,41,delta_dist_t0,0.03529039025306702
large,R-SIG,FFN,42,delta_dist_t0,0.043466389179229736
large,R-SIG,FFN,43,delta_dist_t0,0.03814822435379028
large,R-SIG,FFN,44,delta_dist_t0,0.03414994478225708
large,R-SIG,FFN,45,delta_dist_t0,0.03917083144187927
large,R-SIG,FFN,46,delta_dist_t0,0.0289972722530365
large,R-SIG,FFN,47,delta_dist_t0,0.03417104482650757
large,R-SIG,FFN,48,delta_dist_t0,0.03277367353439331
large,R-SIG,FFN,49,delta_dist_t0,0.035704195499420166
large,R-SIG,FFN,50,delta_dist_t0,0.03598850965499878
large,R-SIG,FFN,51,delta_dist_t0,0.034073978662490845
large,R-SIG,FFN,52,delta_dist_t0,0.03483930230140686
large,R-SIG,FFN,53,delta_dist_t0,0.03715744614601135
large,R-SIG,FFN,54,delta_dist_t0,0.0330774188041687
large,R-SIG,FFN,55,delta_dist_t0,0.0353657603263855
large,R-SIG,FFN,56,delta_dist_t0,0.03472408652305603
large,R-SIG,FFN,57,delta_dist_t0,0.039279550313949585
large,R-SIG,FFN,58,delta_dist_t0,0.036044567823410034
large,R-SIG,FFN,59,delta_dist_t0,0.032978177070617676
large,R-SIG,FFN,60,delta_dist_t0,0.034930795431137085
large,R-SIG,FFN,61,delta_dist_t0,0.035867899656295776
large,R-SIG,FFN,62,delta_dist_t0,0.03604412078857422
large,R-SIG,FFN,63,delta_dist_t0,0.03519138693809509
large,R-SIG,GRU,0,delta_dist_t0,0.056169092655181885
large,R-SIG,GRU,1,delta_dist_t0,0.03160664439201355
large,R-SIG,GRU,2,delta_dist_t0,0.030688047409057617
large,R-SIG,GRU,3,delta_dist_t0,0.031105130910873413
large,R-SIG,GRU,4,delta_dist_t0,0.030259937047958374
large,R-SIG,GRU,5,delta_dist_t0,0.03797882795333862
large,R-SIG,GRU,6,delta_dist_t0,0.029547572135925293
large,R-SIG,GRU,7,delta_dist_t0,0.03611019253730774
large,R-SIG,GRU,8,delta_dist_t0,0.02341526746749878
large,R-SIG,GRU,9,delta_dist_t0,0.029980957508087158
large,R-SIG,GRU,10,delta_dist_t0,0.02882525324821472
large,R-SIG,GRU,11,delta_dist_t0,0.027804166078567505
large,R-SIG,GRU,12,delta_dist_t0,0.03284206986427307
large,R-SIG,GRU,13,delta_dist_t0,0.030444979667663574
large,R-SIG,GRU,14,delta_dist_t0,0.029812276363372803
large,R-SIG,GRU,15,delta_dist_t0,0.030597567558288574
large,R-SIG,GRU,16,delta_dist_t0,0.038626521825790405
large,R-SIG,GRU,17,delta_dist_t0,0.028197795152664185
large,R-SIG,GRU,18,delta_dist_t0,0.03332972526550293
large,R-SIG,GRU,19,delta_dist_t0,0.03565368056297302
large,R-SIG,GRU,20,delta_dist_t0,0.03281843662261963
large,R-SIG,GRU,21,delta_dist_t0,0.03730645775794983
large,R-SIG,GRU,22,delta_dist_t0,0.03470674157142639
large,R-SIG,GRU,23,delta_dist_t0,0.033626288175582886
large,R-SIG,GRU,24,delta_dist_t0,0.03230172395706177
large,R-SIG,GRU,25,delta_dist_t0,0.03815734386444092
large,R-SIG,GRU,26,delta_dist_t0,0.03294989466667175
large,R-SIG,GRU,27,delta_dist_t0,0.03469783067703247
large,R-SIG,GRU,28,delta_dist_t0,0.02820718288421631
large,R-SIG,GRU,29,delta_dist_t0,0.036449134349823
large,R-SIG,GRU,30,delta_dist_t0,0.03315165638923645
large,R-SIG,GRU,31,delta_dist_t0,0.04079580307006836
large,R-SIG,GRU,32,delta_dist_t0,0.03248649835586548
large,R-SIG,GRU,33,delta_dist_t0,0.04275137186050415
large,R-SIG,GRU,34,delta_dist_t0,0.03306812047958374
large,R-SIG,GRU,35,delta_dist_t0,0.03432595729827881
large,R-SIG,GRU,36,delta_dist_t0,0.035846829414367676
large,R-SIG,GRU,37,delta_dist_t0,0.033740460872650146
large,R-SIG,GRU,38,delta_dist_t0,0.03392884135246277
large,R-SIG,GRU,39,delta_dist_t0,0.035648614168167114
large,R-SIG,GRU,40,delta_dist_t0,0.03952997922897339
large,R-SIG,GRU,41,delta_dist_t0,0.03177070617675781
large,R-SIG,GRU,42,delta_dist_t0,0.03811126947402954
large,R-SIG,GRU,43,delta_dist_t0,0.032272279262542725
large,R-SIG,GRU,44,delta_dist_t0,0.03399157524108887
large,R-SIG,GRU,45,delta_dist_t0,0.041519343852996826
large,R-SIG,GRU,46,delta_dist_t0,0.03456616401672363
large,R-SIG,GRU,47,delta_dist_t0,0.038540542125701904
large,R-SIG,GRU,48,delta_dist_t0,0.034583449363708496
large,R-SIG,GRU,49,delta_dist_t0,0.038250505924224854
large,R-SIG,GRU,50,delta_dist_t0,0.039889633655548096
large,R-SIG,GRU,51,delta_dist_t0,0.03775078058242798
large,R-SIG,GRU,52,delta_dist_t0,0.03398025035858154
large,R-SIG,GRU,53,delta_dist_t0,0.03570514917373657
large,R-SIG,GRU,54,delta_dist_t0,0.036108702421188354
large,R-SIG,GRU,55,delta_dist_t0,0.039145857095718384
large,R-SIG,GRU,56,delta_dist_t0,0.03553801774978638
large,R-SIG,GRU,57,delta_dist_t0,0.03835892677307129
large,R-SIG,GRU,58,delta_dist_t0,0.03475788235664368
large,R-SIG,GRU,59,delta_dist_t0,0.03715357184410095
large,R-SIG,GRU,60,delta_dist_t0,0.03661033511161804
large,R-SIG,GRU,61,delta_dist_t0,0.03975081443786621
large,R-SIG,GRU,62,delta_dist_t0,0.03751969337463379
large,R-SIG,GRU,63,delta_dist_t0,0.04072412848472595
large,R-SIG,sig2,0,delta_dist_t0,0.023003876209259033
large,R-SIG,sig2,1,delta_dist_t0,0.024098873138427734
large,R-SIG,sig2,2,delta_dist_t0,0.09493479132652283
large,R-SIG,sig2,3,delta_dist_t0,0.07538935542106628
large,R-SIG,sig2,4,delta_dist_t0,0.05525749921798706
large,R-SIG,sig2,5,delta_dist_t0,0.03782016038894653
large,R-SIG,sig2,6,delta_dist_t0,0.035198330879211426
large,R-SIG,sig2,7,delta_dist_t0,0.046290814876556396
large,R-SIG,sig2,8,delta_dist_t0,0.03552618622779846
large,R-SIG,sig2,9,delta_dist_t0,0.04550296068191528
large,R-SIG,sig2,10,delta_dist_t0,0.03794261813163757
large,R-SIG,sig2,11,delta_dist_t0,0.05011695623397827
large,R-SIG,sig2,12,delta_dist_t0,0.04223322868347168
large,R-SIG,sig2,13,delta_dist_t0,0.03102317452430725
large,R-SIG,sig2,14,delta_dist_t0,0.03738296031951904
large,R-SIG,sig2,15,delta_dist_t0,0.04510605335235596
large,R-SIG,sig2,16,delta_dist_t0,0.037429481744766235
large,R-SIG,sig2,17,delta_dist_t0,0.03411594033241272
large,R-SIG,sig2,18,delta_dist_t0,0.030940532684326172
large,R-SIG,sig2,19,delta_dist_t0,0.04444003105163574
large,R-SIG,sig2,20,delta_dist_t0,0.045089155435562134
large,R-SIG,sig2,21,delta_dist_t0,0.03342890739440918
large,R-SIG,sig2,22,delta_dist_t0,0.0314403772354126
large,R-SIG,sig2,23,delta_dist_t0,0.035943061113357544
large,R-SIG,sig2,24,delta_dist_t0,0.031139224767684937
large,R-SIG,sig2,25,delta_dist_t0,0.034811556339263916
large,R-SIG,sig2,26,delta_dist_t0,0.03800523281097412
large,R-SIG,sig2,27,delta_dist_t0,0.03921991586685181
large,R-SIG,sig2,28,delta_dist_t0,0.04288125038146973
large,R-SIG,sig2,29,delta_dist_t0,0.03080141544342041
large,R-SIG,sig2,30,delta_dist_t0,0.04064834117889404
large,R-SIG,sig2,31,delta_dist_t0,0.03995412588119507
large,R-SIG,sig2,32,delta_dist_t0,0.0382157564163208
large,R-SIG,sig2,33,delta_dist_t0,0.041888535022735596
large,R-SIG,sig2,34,delta_dist_t0,0.0341772735118866
large,R-SIG,sig2,35,delta_dist_t0,0.03909677267074585
large,R-SIG,sig2,36,delta_dist_t0,0.04130956530570984
large,R-SIG,sig2,37,delta_dist_t0,0.03389984369277954
large,R-SIG,sig2,38,delta_dist_t0,0.039061129093170166
large,R-SIG,sig2,39,delta_dist_t0,0.039753109216690063
large,R-SIG,sig2,40,delta_dist_t0,0.0390775203704834
large,R-SIG,sig2,41,delta_dist_t0,0.0351540744304657
large,R-SIG,sig2,42,delta_dist_t0,0.039469122886657715
large,R-SIG,sig2,43,delta_dist_t0,0.037900298833847046
large,R-SIG,sig2,44,delta_dist_t0,0.03744858503341675
large,R-SIG,sig2,45,delta_dist_t0,0.033918678760528564
large,R-SIG,sig2,46,delta_dist_t0,0.031709909439086914
large,R-SIG,sig2,47,delta_dist_t0,0.037264108657836914
large,R-SIG,sig2,48,delta_dist_t0,0.03565967082977295
large,R-SIG,sig2,49,delta_dist_t0,0.03764796257019043
large,R-SIG,sig2,50,delta_dist_t0,0.03965902328491211
large,R-SIG,sig2,51,delta_dist_t0,0.03485667705535889
large,R-SIG,sig2,52,delta_dist_t0,0.035388290882110596
large,R-SIG,sig2,53,delta_dist_t0,0.03478604555130005
large,R-SIG,sig2,54,delta_dist_t0,0.040109783411026
large,R-SIG,sig2,55,delta_dist_t0,0.037577927112579346
large,R-SIG,sig2,56,delta_dist_t0,0.03755176067352295
large,R-SIG,sig2,57,delta_dist_t0,0.03500497341156006
large,R-SIG,sig2,58,delta_dist_t0,0.034061580896377563
large,R-SIG,sig2,59,delta_dist_t0,0.038162678480148315
large,R-SIG,sig2,60,delta_dist_t0,0.03636747598648071
large,R-SIG,sig2,61,delta_dist_t0,0.039700716733932495
large,R-SIG,sig2,62,delta_dist_t0,0.038903623819351196
large,R-SIG,sig2,63,delta_dist_t0,0.03451088070869446
large,R-DH,FFN,0,delta_dist_t0,0.1294022798538208
large,R-DH,FFN,1,delta_dist_t0,0.0856708288192749
large,R-DH,FFN,2,delta_dist_t0,0.05782914161682129
large,R-DH,FFN,3,delta_dist_t0,0.03682202100753784
large,R-DH,FFN,4,delta_dist_t0,0.01976439356803894
large,R-DH,FFN,5,delta_dist_t0,0.02560502290725708
large,R-DH,FFN,6,delta_dist_t0,0.029862701892852783
large,R-DH,FFN,7,delta_dist_t0,0.025064289569854736
large,R-DH,FFN,8,delta_dist_t0,0.032363176345825195
large,R-DH,FFN,9,delta_dist_t0,0.031148940324783325
large,R-DH,FFN,10,delta_dist_t0,0.03436309099197388
large,R-DH,FFN,11,delta_dist_t0,0.033247947692871094
large,R-DH,FFN,12,delta_dist_t0,0.027972161769866943
large,R-DH,FFN,13,delta_dist_t0,0.028736412525177002
large,R-DH,FFN,14,delta_dist_t0,0.036795347929000854
large,R-DH,FFN,15,delta_dist_t0,0.03857898712158203
large,R-DH,FFN,16,delta_dist_t0,0.020453214645385742
large,R-DH,FFN,17,delta_dist_t0,0.02262777090072632
large,R-DH,FFN,18,delta_dist_t0,0.039205700159072876
large,R-DH,FFN,19,delta_dist_t0,0.04216453433036804
large,R-DH,FFN,20,delta_dist_t0,0.037079811096191406
large,R-DH,FFN,21,delta_dist_t0,0.03015539050102234
large,R-DH,FFN,22,delta_dist_t0,0.02992585301399231
large,R-DH,FFN,23,delta_dist_t0,0.033196836709976196
large,R-DH,FFN,24,delta_dist_t0,0.027268707752227783
large,R-DH,FFN,25,delta_dist_t0,0.04404735565185547
large,R-DH,FFN,26,delta_dist_t0,0.02933865785598755
large,R-DH,FFN,27,delta_dist_t0,0.03655126690864563
large,R-DH,FFN,28,delta_dist_t0,0.036102890968322754
large,R-DH,FFN,29,delta_dist_t0,0.03542429208755493
large,R-DH,FFN,30,delta_dist_t0,0.0371338427066803
large,R-DH,FFN,31,delta_dist_t0,0.03126811981201172
large,R-DH,FFN,32,delta_dist_t0,0.03879931569099426
large,R-DH,FFN,33,delta_dist_t0,0.04062274098396301
large,R-DH,FFN,34,delta_dist_t0,0.03772661089897156
large,R-DH,FFN,35,delta_dist_t0,0.04399627447128296
large,R-DH,FFN,36,delta_dist_t0,0.025244593620300293
large,R-DH,FFN,37,delta_dist_t0,0.028476953506469727
large,R-DH,FFN,38,delta_dist_t0,0.03715899586677551
large,R-DH,FFN,39,delta_dist_t0,0.03433370590209961
large,R-DH,FFN,40,delta_dist_t0,0.035328209400177
large,R-DH,FFN,41,delta_dist_t0,0.038657158613204956
large,R-DH,FFN,42,delta_dist_t0,0.038253575563430786
large,R-DH,FFN,43,delta_dist_t0,0.04002842307090759
large,R-DH,FFN,44,delta_dist_t0,0.04085582494735718
large,R-DH,FFN,45,delta_dist_t0,0.027066320180892944
large,R-DH,FFN,46,delta_dist_t0,0.03277164697647095
large,R-DH,FFN,47,delta_dist_t0,0.035898953676223755
large,R-DH,FFN,48,delta_dist_t0,0.04552412033081055
large,R-DH,FFN,49,delta_dist_t0,0.04544621706008911
large,R-DH,FFN,50,delta_dist_t0,0.04029974341392517
large,R-DH,FFN,51,delta_dist_t0,0.03783601522445679
large,R-DH,FFN,52,delta_dist_t0,0.03381344676017761
large,R-DH,FFN,53,delta_dist_t0,0.038224101066589355
large,R-DH,FFN,54,delta_dist_t0,0.042356252670288086
large,R-DH,FFN,55,delta_dist_t0,0.04735320806503296
large,R-DH,FFN,56,delta_dist_t0,0.05280369520187378
large,R-DH,FFN,57,delta_dist_t0,0.03593835234642029
large,R-DH,FFN,58,delta_dist_t0,0.03784888982772827
large,R-DH,FFN,59,delta_dist_t0,0.03416287899017334
large,R-DH,FFN,60,delta_dist_t0,0.03811448812484741
large,R-DH,FFN,61,delta_dist_t0,0.03840568661689758
large,R-DH,FFN,62,delta_dist_t0,0.04175436496734619
large,R-DH,FFN,63,delta_dist_t0,0.036529541015625
large,R-DH,FFN,64,delta_dist_t0,0.04249824583530426
large,R-DH,FFN,65,delta_dist_t0,0.04579947888851166
large,R-DH,FFN,66,delta_dist_t0,0.03752817213535309
large,R-DH,FFN,67,delta_dist_t0,0.03789299726486206
large,R-DH,FFN,68,delta_dist_t0,0.04357914626598358
large,R-DH,FFN,69,delta_dist_t0,0.03833289444446564
large,R-DH,FFN,70,delta_dist_t0,0.032624587416648865
large,R-DH,FFN,71,delta_dist_t0,0.03895340859889984
large,R-DH,FFN,72,delta_dist_t0,0.03599752485752106
large,R-DH,FFN,73,delta_dist_t0,0.036319613456726074
large,R-DH,FFN,74,delta_dist_t0,0.04174911975860596
large,R-DH,FFN,75,delta_dist_t0,0.04754672944545746
large,R-DH,FFN,76,delta_dist_t0,0.03768536448478699
large,R-DH,FFN,77,delta_dist_t0,0.03928068280220032
large,R-DH,FFN,78,delta_dist_t0,0.0432911217212677
large,R-DH,FFN,79,delta_dist_t0,0.0442829430103302
large,R-DH,FFN,80,delta_dist_t0,0.050927698612213135
large,R-DH,FFN,81,delta_dist_t0,0.03946501016616821
large,R-DH,FFN,82,delta_dist_t0,0.033815860748291016
large,R-DH,FFN,83,delta_dist_t0,0.0395965576171875
large,R-DH,FFN,84,delta_dist_t0,0.0398615300655365
large,R-DH,FFN,85,delta_dist_t0,0.040578752756118774
large,R-DH,FFN,86,delta_dist_t0,0.049580514430999756
large,R-DH,FFN,87,delta_dist_t0,0.03708243370056152
large,R-DH,FFN,88,delta_dist_t0,0.034002721309661865
large,R-DH,FFN,89,delta_dist_t0,0.036942631006240845
large,R-DH,FFN,90,delta_dist_t0,0.04792529344558716
large,R-DH,FFN,91,delta_dist_t0,0.022932589054107666
large,R-DH,FFN,92,delta_dist_t0,0.022457480430603027
large,R-DH,FFN,93,delta_dist_t0,0.02550646662712097
large,R-DH,FFN,94,delta_dist_t0,0.04820278286933899
large,R-DH,GRU,0,delta_dist_t0,0.251018762588501
large,R-DH,GRU,1,delta_dist_t0,0.2107243835926056
large,R-DH,GRU,2,delta_dist_t0,0.20338410139083862
large,R-DH,GRU,3,delta_dist_t0,0.19085532426834106
large,R-DH,GRU,4,delta_dist_t0,0.14259564876556396
large,R-DH,GRU,5,delta_dist_t0,0.10706526041030884
large,R-DH,GRU,6,delta_dist_t0,0.07769328355789185
large,R-DH,GRU,7,delta_dist_t0,0.05451178550720215
large,R-DH,GRU,8,delta_dist_t0,0.03684878349304199
large,R-DH,GRU,9,delta_dist_t0,0.03204241394996643
large,R-DH,GRU,10,delta_dist_t0,0.030725032091140747
large,R-DH,GRU,11,delta_dist_t0,0.02812477946281433
large,R-DH,GRU,12,delta_dist_t0,0.027646154165267944
large,R-DH,GRU,13,delta_dist_t0,0.028767406940460205
large,R-DH,GRU,14,delta_dist_t0,0.028646886348724365
large,R-DH,GRU,15,delta_dist_t0,0.028401225805282593
large,R-DH,GRU,16,delta_dist_t0,0.026054292917251587
large,R-DH,GRU,17,delta_dist_t0,0.029386162757873535
large,R-DH,GRU,18,delta_dist_t0,0.03131714463233948
large,R-DH,GRU,19,delta_dist_t0,0.03203156590461731
large,R-DH,GRU,20,delta_dist_t0,0.029053449630737305
large,R-DH,GRU,21,delta_dist_t0,0.029427319765090942
large,R-DH,GRU,22,delta_dist_t0,0.03227818012237549
large,R-DH,GRU,23,delta_dist_t0,0.03110918402671814
large,R-DH,GRU,24,delta_dist_t0,0.02898329496383667
large,R-DH,GRU,25,delta_dist_t0,0.03200682997703552
large,R-DH,GRU,26,delta_dist_t0,0.03339138627052307
large,R-DH,GRU,27,delta_dist_t0,0.03335997462272644
large,R-DH,GRU,28,delta_dist_t0,0.03451916575431824
large,R-DH,GRU,29,delta_dist_t0,0.03399339318275452
large,R-DH,GRU,30,delta_dist_t0,0.03492569923400879
large,R-DH,GRU,31,delta_dist_t0,0.03439873456954956
large,R-DH,GRU,32,delta_dist_t0,0.0351506769657135
large,R-DH,GRU,33,delta_dist_t0,0.03478282690048218
large,R-DH,GRU,34,delta_dist_t0,0.0347098708152771
large,R-DH,GRU,35,delta_dist_t0,0.036858588457107544
large,R-DH,GRU,36,delta_dist_t0,0.03233456611633301
large,R-DH,GRU,37,delta_dist_t0,0.0384058952331543
large,R-DH,GRU,38,delta_dist_t0,0.036022961139678955
large,R-DH,GRU,39,delta_dist_t0,0.03568422794342041
large,R-DH,GRU,40,delta_dist_t0,0.037994563579559326
large,R-DH,GRU,41,delta_dist_t0,0.037058889865875244
large,R-DH,GRU,42,delta_dist_t0,0.03743895888328552
large,R-DH,GRU,43,delta_dist_t0,0.03909498453140259
large,R-DH,GRU,44,delta_dist_t0,0.03514254093170166
large,R-DH,GRU,45,delta_dist_t0,0.041156619787216187
large,R-DH,GRU,46,delta_dist_t0,0.03882375359535217
large,R-DH,GRU,47,delta_dist_t0,0.03588235378265381
large,R-DH,GRU,48,delta_dist_t0,0.03797075152397156
large,R-DH,GRU,49,delta_dist_t0,0.03809434175491333
large,R-DH,GRU,50,delta_dist_t0,0.0380786657333374
large,R-DH,GRU,51,delta_dist_t0,0.04171484708786011
large,R-DH,GRU,52,delta_dist_t0,0.036595940589904785
large,R-DH,GRU,53,delta_dist_t0,0.04322075843811035
large,R-DH,GRU,54,delta_dist_t0,0.03863447904586792
large,R-DH,GRU,55,delta_dist_t0,0.037180304527282715
large,R-DH,GRU,56,delta_dist_t0,0.0402870774269104
large,R-DH,GRU,57,delta_dist_t0,0.037915170192718506
large,R-DH,GRU,58,delta_dist_t0,0.04009610414505005
large,R-DH,GRU,59,delta_dist_t0,0.0364949107170105
large,R-DH,GRU,60,delta_dist_t0,0.039081066846847534
large,R-DH,GRU,61,delta_dist_t0,0.038695335388183594
large,R-DH,GRU,62,delta_dist_t0,0.04201227426528931
large,R-DH,GRU,63,delta_dist_t0,0.03972223401069641
large,R-DH,GRU,64,delta_dist_t0,0.037498801946640015
large,R-DH,GRU,65,delta_dist_t0,0.03971201181411743
large,R-DH,GRU,66,delta_dist_t0,0.038932621479034424
large,R-DH,GRU,67,delta_dist_t0,0.04197987914085388
large,R-DH,GRU,68,delta_dist_t0,0.0411907434463501
large,R-DH,GRU,69,delta_dist_t0,0.04184228181838989
large,R-DH,GRU,70,delta_dist_t0,0.043158918619155884
large,R-DH,GRU,71,delta_dist_t0,0.040703415870666504
large,R-DH,GRU,72,delta_dist_t0,0.03494769334793091
large,R-DH,GRU,73,delta_dist_t0,0.03798249363899231
large,R-DH,GRU,74,delta_dist_t0,0.04025059938430786
large,R-DH,GRU,75,delta_dist_t0,0.04038909077644348
large,R-DH,GRU,76,delta_dist_t0,0.03995195031166077
large,R-DH,GRU,77,delta_dist_t0,0.04136550426483154
large,R-DH,GRU,78,delta_dist_t0,0.04075700044631958
large,R-DH,GRU,79,delta_dist_t0,0.04126417636871338
large,R-DH,GRU,80,delta_dist_t0,0.03998446464538574
large,R-DH,GRU,81,delta_dist_t0,0.03899592161178589
large,R-DH,GRU,82,delta_dist_t0,0.03776592016220093
large,R-DH,GRU,83,delta_dist_t0,0.04417139291763306
large,R-DH,GRU,84,delta_dist_t0,0.04183363914489746
large,R-DH,GRU,85,delta_dist_t0,0.041378915309906006
large,R-DH,GRU,86,delta_dist_t0,0.04479995369911194
large,R-DH,GRU,87,delta_dist_t0,0.0408940315246582
large,R-DH,GRU,88,delta_dist_t0,0.040031030774116516
large,R-DH,GRU,89,delta_dist_t0,0.043907999992370605
large,R-DH,GRU,90,delta_dist_t0,0.04257017374038696
large,R-DH,GRU,91,delta_dist_t0,0.035946786403656006
large,R-DH,GRU,92,delta_dist_t0,0.041496485471725464
large,R-DH,GRU,93,delta_dist_t0,0.04277980327606201
large,R-DH,GRU,94,delta_dist_t0,0.0346771776676178
large,R-DH,GRU,95,delta_dist_t0,0.0404171347618103
large,R-DH,GRU,96,delta_dist_t0,0.04128792881965637
large,R-DH,GRU,97,delta_dist_t0,0.04435032606124878
large,R-DH,GRU,98,delta_dist_t0,0.04090535640716553
large,R-DH,GRU,99,delta_dist_t0,0.03859776258468628
large,R-DH,sig2,0,delta_dist_t0,0.15854966640472412
large,R-DH,sig2,1,delta_dist_t0,0.057518213987350464
large,R-DH,sig2,2,delta_dist_t0,0.056071698665618896
large,R-DH,sig2,3,delta_dist_t0,0.07036694884300232
large,R-DH,sig2,4,delta_dist_t0,0.08422914147377014
large,R-DH,sig2,5,delta_dist_t0,0.08787891268730164
large,R-DH,sig2,6,delta_dist_t0,0.07423359155654907
large,R-DH,sig2,7,delta_dist_t0,0.0600031316280365
large,R-DH,sig2,8,delta_dist_t0,0.049931228160858154
large,R-DH,sig2,9,delta_dist_t0,0.0494876503944397
large,R-DH,sig2,10,delta_dist_t0,0.046936750411987305
large,R-DH,sig2,11,delta_dist_t0,0.047418683767318726
large,R-DH,sig2,12,delta_dist_t0,0.04507392644882202
large,R-DH,sig2,13,delta_dist_t0,0.04570278525352478
large,R-DH,sig2,14,delta_dist_t0,0.04360640048980713
large,R-DH,sig2,15,delta_dist_t0,0.04094448685646057
large,R-DH,sig2,16,delta_dist_t0,0.040877699851989746
large,R-DH,sig2,17,delta_dist_t0,0.04183918237686157
large,R-DH,sig2,18,delta_dist_t0,0.0464860200881958
large,R-DH,sig2,19,delta_dist_t0,0.04405331611633301
large,R-DH,sig2,20,delta_dist_t0,0.04317721724510193
large,R-DH,sig2,21,delta_dist_t0,0.04254966974258423
large,R-DH,sig2,22,delta_dist_t0,0.045687079429626465
large,R-DH,sig2,23,delta_dist_t0,0.03981214761734009
large,R-DH,sig2,24,delta_dist_t0,0.03749975562095642
large,R-DH,sig2,25,delta_dist_t0,0.038059890270233154
large,R-DH,sig2,26,delta_dist_t0,0.040843695402145386
large,R-DH,sig2,27,delta_dist_t0,0.04056689143180847
large,R-DH,sig2,28,delta_dist_t0,0.04282963275909424
large,R-DH,sig2,29,delta_dist_t0,0.04107260704040527
large,R-DH,sig2,30,delta_dist_t0,0.042305588722229004
large,R-DH,sig2,31,delta_dist_t0,0.03722429275512695
large,R-DH,sig2,32,delta_dist_t0,0.043848514556884766
large,R-DH,sig2,33,delta_dist_t0,0.04168933629989624
large,R-DH,sig2,34,delta_dist_t0,0.03993597626686096
large,R-DH,sig2,35,delta_dist_t0,0.04095481336116791
large,R-DH,sig2,36,delta_dist_t0,0.04108598828315735
large,R-DH,sig2,37,delta_dist_t0,0.042355820536613464
large,R-DH,sig2,38,delta_dist_t0,0.045454755425453186
large,R-DH,sig2,39,delta_dist_t0,0.04115286469459534
large,R-DH,sig2,40,delta_dist_t0,0.04229214787483215
large,R-DH,sig2,41,delta_dist_t0,0.03963932394981384
large,R-DH,sig2,42,delta_dist_t0,0.04423147439956665
large,R-DH,sig2,43,delta_dist_t0,0.03928843140602112
large,R-DH,sig2,44,delta_dist_t0,0.043941766023635864
large,R-DH,sig2,45,delta_dist_t0,0.03812922537326813
large,R-DH,sig2,46,delta_dist_t0,0.0397273451089859
large,R-DH,sig2,47,delta_dist_t0,0.041462257504463196
large,R-DH,sig2,48,delta_dist_t0,0.04000477492809296
large,R-DH,sig2,49,delta_dist_t0,0.04399508237838745
large,R-DH,sig2,50,delta_dist_t0,0.04081897437572479
large,R-DH,sig2,51,delta_dist_t0,0.039348065853118896
large,R-DH,sig2,52,delta_dist_t0,0.036713242530822754
large,R-DH,sig2,53,delta_dist_t0,0.03916674852371216
large,R-DH,sig2,54,delta_dist_t0,0.03704792261123657
large,R-DH,sig2,55,delta_dist_t0,0.03977000713348389
large,R-DH,sig2,56,delta_dist_t0,0.03709268569946289
large,R-DH,sig2,57,delta_dist_t0,0.0339202880859375
large,R-DH,sig2,58,delta_dist_t0,0.037802934646606445
large,R-DH,sig2,59,delta_dist_t0,0.0345647931098938
large,R-DH,sig2,60,delta_dist_t0,0.03291919827461243
large,R-DH,sig2,61,delta_dist_t0,0.03165644407272339
large,R-DH,sig2,62,delta_dist_t0,0.03925114870071411
large,R-DH,sig2,63,delta_dist_t0,0.04070308804512024
large,R-DH,sig2,64,delta_dist_t0,0.03511366248130798
large,R-DH,sig2,65,delta_dist_t0,0.03769680857658386
large,R-DH,sig2,66,delta_dist_t0,0.041047096252441406
large,R-DH,sig2,67,delta_dist_t0,0.03298923373222351
large,R-DH,sig2,68,delta_dist_t0,0.03319886326789856
large,R-DH,sig2,69,delta_dist_t0,0.03022778034210205
large,R-HOR,FFN,0,delta_dist_t0,0.053977638483047485
large,R-HOR,FFN,1,delta_dist_t0,0.024969041347503662
large,R-HOR,FFN,2,delta_dist_t0,0.0424172580242157
large,R-HOR,FFN,3,delta_dist_t0,0.035268962383270264
large,R-HOR,FFN,4,delta_dist_t0,0.024206876754760742
large,R-HOR,FFN,5,delta_dist_t0,0.034559935331344604
large,R-HOR,FFN,6,delta_dist_t0,0.03529620170593262
large,R-HOR,FFN,7,delta_dist_t0,0.03412741422653198
large,R-HOR,FFN,8,delta_dist_t0,0.02675190567970276
large,R-HOR,FFN,9,delta_dist_t0,0.02680373191833496
large,R-HOR,FFN,10,delta_dist_t0,0.03130576014518738
large,R-HOR,FFN,11,delta_dist_t0,0.030060619115829468
large,R-HOR,FFN,12,delta_dist_t0,0.02931380271911621
large,R-HOR,FFN,13,delta_dist_t0,0.030998051166534424
large,R-HOR,FFN,14,delta_dist_t0,0.03420504927635193
large,R-HOR,FFN,15,delta_dist_t0,0.029584139585494995
large,R-HOR,FFN,16,delta_dist_t0,0.03397214412689209
large,R-HOR,FFN,17,delta_dist_t0,0.029521644115447998
large,R-HOR,FFN,18,delta_dist_t0,0.024760961532592773
large,R-HOR,FFN,19,delta_dist_t0,0.03769668936729431
large,R-HOR,FFN,20,delta_dist_t0,0.039556026458740234
large,R-HOR,FFN,21,delta_dist_t0,0.03652435541152954
large,R-HOR,FFN,22,delta_dist_t0,0.04137665033340454
large,R-HOR,FFN,23,delta_dist_t0,0.042588382959365845
large,R-HOR,FFN,24,delta_dist_t0,0.03651520609855652
large,R-HOR,FFN,25,delta_dist_t0,0.035821110010147095
large,R-HOR,FFN,26,delta_dist_t0,0.04129934310913086
large,R-HOR,FFN,27,delta_dist_t0,0.0358026921749115
large,R-HOR,FFN,28,delta_dist_t0,0.040013253688812256
large,R-HOR,FFN,29,delta_dist_t0,0.036527931690216064
large,R-HOR,FFN,30,delta_dist_t0,0.042511194944381714
large,R-HOR,FFN,31,delta_dist_t0,0.04278010129928589
large,R-HOR,FFN,32,delta_dist_t0,0.05323585867881775
large,R-HOR,FFN,33,delta_dist_t0,0.04003632068634033
large,R-HOR,FFN,34,delta_dist_t0,0.04169219732284546
large,R-HOR,FFN,35,delta_dist_t0,0.036045849323272705
large,R-HOR,FFN,36,delta_dist_t0,0.044471144676208496
large,R-HOR,FFN,37,delta_dist_t0,0.029761552810668945
large,R-HOR,FFN,38,delta_dist_t0,0.045464664697647095
large,R-HOR,FFN,39,delta_dist_t0,0.03522777557373047
large,R-HOR,FFN,40,delta_dist_t0,0.046261727809906006
large,R-HOR,FFN,41,delta_dist_t0,0.033821314573287964
large,R-HOR,FFN,42,delta_dist_t0,0.044260770082473755
large,R-HOR,FFN,43,delta_dist_t0,0.03447991609573364
large,R-HOR,FFN,44,delta_dist_t0,0.04759180545806885
large,R-HOR,FFN,45,delta_dist_t0,0.04010564088821411
large,R-HOR,FFN,46,delta_dist_t0,0.049002766609191895
large,R-HOR,FFN,47,delta_dist_t0,0.030967414379119873
large,R-HOR,FFN,48,delta_dist_t0,0.046134889125823975
large,R-HOR,FFN,49,delta_dist_t0,0.04714536666870117
large,R-HOR,FFN,50,delta_dist_t0,0.033935725688934326
large,R-HOR,FFN,51,delta_dist_t0,0.03885161876678467
large,R-HOR,FFN,52,delta_dist_t0,0.04208901524543762
large,R-HOR,FFN,53,delta_dist_t0,0.031127333641052246
large,R-HOR,FFN,54,delta_dist_t0,0.038634032011032104
large,R-HOR,FFN,55,delta_dist_t0,0.040866076946258545
large,R-HOR,FFN,56,delta_dist_t0,0.03871530294418335
large,R-HOR,FFN,57,delta_dist_t0,0.04317653179168701
large,R-HOR,FFN,58,delta_dist_t0,0.031274765729904175
large,R-HOR,FFN,59,delta_dist_t0,0.033468157052993774
large,R-HOR,FFN,60,delta_dist_t0,0.03524380922317505
large,R-HOR,FFN,61,delta_dist_t0,0.04567858576774597
large,R-HOR,FFN,62,delta_dist_t0,0.035857975482940674
large,R-HOR,FFN,63,delta_dist_t0,0.041004180908203125
large,R-HOR,FFN,64,delta_dist_t0,0.03908887505531311
large,R-HOR,FFN,65,delta_dist_t0,0.04413032531738281
large,R-HOR,FFN,66,delta_dist_t0,0.030956685543060303
large,R-HOR,FFN,67,delta_dist_t0,0.037876516580581665
large,R-HOR,FFN,68,delta_dist_t0,0.03881239891052246
large,R-HOR,FFN,69,delta_dist_t0,0.03690481185913086
large,R-HOR,FFN,70,delta_dist_t0,0.04090675711631775
large,R-HOR,FFN,71,delta_dist_t0,0.03635585308074951
large,R-HOR,FFN,72,delta_dist_t0,0.040517598390579224
large,R-HOR,FFN,73,delta_dist_t0,0.03796076774597168
large,R-HOR,FFN,74,delta_dist_t0,0.03829622268676758
large,R-HOR,GRU,0,delta_dist_t0,0.22437512874603271
large,R-HOR,GRU,1,delta_dist_t0,0.20632979273796082
large,R-HOR,GRU,2,delta_dist_t0,0.16142213344573975
large,R-HOR,GRU,3,delta_dist_t0,0.09885379672050476
large,R-HOR,GRU,4,delta_dist_t0,0.06116366386413574
large,R-HOR,GRU,5,delta_dist_t0,0.03862932324409485
large,R-HOR,GRU,6,delta_dist_t0,0.03401648998260498
large,R-HOR,GRU,7,delta_dist_t0,0.03186309337615967
large,R-HOR,GRU,8,delta_dist_t0,0.028507113456726074
large,R-HOR,GRU,9,delta_dist_t0,0.027772754430770874
large,R-HOR,GRU,10,delta_dist_t0,0.026808351278305054
large,R-HOR,GRU,11,delta_dist_t0,0.028552234172821045
large,R-HOR,GRU,12,delta_dist_t0,0.029624223709106445
large,R-HOR,GRU,13,delta_dist_t0,0.030340135097503662
large,R-HOR,GRU,14,delta_dist_t0,0.03015187382698059
large,R-HOR,GRU,15,delta_dist_t0,0.02945968508720398
large,R-HOR,GRU,16,delta_dist_t0,0.030351877212524414
large,R-HOR,GRU,17,delta_dist_t0,0.03147059679031372
large,R-HOR,GRU,18,delta_dist_t0,0.0290888249874115
large,R-HOR,GRU,19,delta_dist_t0,0.034173041582107544
large,R-HOR,GRU,20,delta_dist_t0,0.03716152906417847
large,R-HOR,GRU,21,delta_dist_t0,0.03415405750274658
large,R-HOR,GRU,22,delta_dist_t0,0.034724533557891846
large,R-HOR,GRU,23,delta_dist_t0,0.03256499767303467
large,R-HOR,GRU,24,delta_dist_t0,0.034084051847457886
large,R-HOR,GRU,25,delta_dist_t0,0.035759687423706055
large,R-HOR,GRU,26,delta_dist_t0,0.033012211322784424
large,R-HOR,GRU,27,delta_dist_t0,0.03559383749961853
large,R-HOR,GRU,28,delta_dist_t0,0.0376029908657074
large,R-HOR,GRU,29,delta_dist_t0,0.035254597663879395
large,R-HOR,GRU,30,delta_dist_t0,0.03781333565711975
large,R-HOR,GRU,31,delta_dist_t0,0.0339411199092865
large,R-HOR,GRU,32,delta_dist_t0,0.03941833972930908
large,R-HOR,GRU,33,delta_dist_t0,0.038596272468566895
large,R-HOR,GRU,34,delta_dist_t0,0.0413365364074707
large,R-HOR,GRU,35,delta_dist_t0,0.03651905059814453
large,R-HOR,GRU,36,delta_dist_t0,0.03636425733566284
large,R-HOR,GRU,37,delta_dist_t0,0.038011014461517334
large,R-HOR,GRU,38,delta_dist_t0,0.037724465131759644
large,R-HOR,GRU,39,delta_dist_t0,0.036275386810302734
large,R-HOR,GRU,40,delta_dist_t0,0.03862947225570679
large,R-HOR,GRU,41,delta_dist_t0,0.03586703538894653
large,R-HOR,GRU,42,delta_dist_t0,0.0439477264881134
large,R-HOR,GRU,43,delta_dist_t0,0.04148527979850769
large,R-HOR,GRU,44,delta_dist_t0,0.03811299800872803
large,R-HOR,GRU,45,delta_dist_t0,0.03807598352432251
large,R-HOR,GRU,46,delta_dist_t0,0.04163387417793274
large,R-HOR,GRU,47,delta_dist_t0,0.040939658880233765
large,R-HOR,GRU,48,delta_dist_t0,0.040256381034851074
large,R-HOR,GRU,49,delta_dist_t0,0.0420718789100647
large,R-HOR,GRU,50,delta_dist_t0,0.04080584645271301
large,R-HOR,GRU,51,delta_dist_t0,0.03596395254135132
large,R-HOR,GRU,52,delta_dist_t0,0.03969311714172363
large,R-HOR,GRU,53,delta_dist_t0,0.041622042655944824
large,R-HOR,GRU,54,delta_dist_t0,0.04254806041717529
large,R-HOR,GRU,55,delta_dist_t0,0.03750896453857422
large,R-HOR,GRU,56,delta_dist_t0,0.043114542961120605
large,R-HOR,GRU,57,delta_dist_t0,0.043038368225097656
large,R-HOR,GRU,58,delta_dist_t0,0.03736615180969238
large,R-HOR,GRU,59,delta_dist_t0,0.040776848793029785
large,R-HOR,GRU,60,delta_dist_t0,0.044817984104156494
large,R-HOR,GRU,61,delta_dist_t0,0.04109308123588562
large,R-HOR,GRU,62,delta_dist_t0,0.042071759700775146
large,R-HOR,GRU,63,delta_dist_t0,0.04505208134651184
large,R-HOR,GRU,64,delta_dist_t0,0.04207342863082886
large,R-HOR,GRU,65,delta_dist_t0,0.04377186298370361
large,R-HOR,GRU,66,delta_dist_t0,0.040865570306777954
large,R-HOR,GRU,67,delta_dist_t0,0.04207536578178406
large,R-HOR,GRU,68,delta_dist_t0,0.04002264142036438
large,R-HOR,GRU,69,delta_dist_t0,0.04478290677070618
large,R-HOR,GRU,70,delta_dist_t0,0.04191675782203674
large,R-HOR,GRU,71,delta_dist_t0,0.03578689694404602
large,R-HOR,GRU,72,delta_dist_t0,0.0417955219745636
large,R-HOR,GRU,73,delta_dist_t0,0.03536629676818848
large,R-HOR,GRU,74,delta_dist_t0,0.0404241681098938
large,R-HOR,sig2,0,delta_dist_t0,0.06652069091796875
large,R-HOR,sig2,1,delta_dist_t0,0.04534062743186951
large,R-HOR,sig2,2,delta_dist_t0,0.09820419549942017
large,R-HOR,sig2,3,delta_dist_t0,0.09289103746414185
large,R-HOR,sig2,4,delta_dist_t0,0.06947901844978333
large,R-HOR,sig2,5,delta_dist_t0,0.05320388078689575
large,R-HOR,sig2,6,delta_dist_t0,0.0573505163192749
large,R-HOR,sig2,7,delta_dist_t0,0.04644656181335449
large,R-HOR,sig2,8,delta_dist_t0,0.04232671856880188
large,R-HOR,sig2,9,delta_dist_t0,0.04332038760185242
large,R-HOR,sig2,10,delta_dist_t0,0.04137939214706421
large,R-HOR,sig2,11,delta_dist_t0,0.0466306209564209
large,R-HOR,sig2,12,delta_dist_t0,0.04320290684700012
large,R-HOR,sig2,13,delta_dist_t0,0.037912189960479736
large,R-HOR,sig2,14,delta_dist_t0,0.03779754042625427
large,R-HOR,sig2,15,delta_dist_t0,0.03753054141998291
large,R-HOR,sig2,16,delta_dist_t0,0.04022854566574097
large,R-HOR,sig2,17,delta_dist_t0,0.041981250047683716
large,R-HOR,sig2,18,delta_dist_t0,0.043306589126586914
large,R-HOR,sig2,19,delta_dist_t0,0.04374659061431885
large,R-HOR,sig2,20,delta_dist_t0,0.03683185577392578
large,R-HOR,sig2,21,delta_dist_t0,0.039805978536605835
large,R-HOR,sig2,22,delta_dist_t0,0.03212517499923706
large,R-HOR,sig2,23,delta_dist_t0,0.041700780391693115
large,R-HOR,sig2,24,delta_dist_t0,0.040447890758514404
large,R-HOR,sig2,25,delta_dist_t0,0.042284995317459106
large,R-HOR,sig2,26,delta_dist_t0,0.03786325454711914
large,R-HOR,sig2,27,delta_dist_t0,0.04014241695404053
large,R-HOR,sig2,28,delta_dist_t0,0.037532925605773926
large,R-HOR,sig2,29,delta_dist_t0,0.041338324546813965
large,R-HOR,sig2,30,delta_dist_t0,0.0383087694644928
large,R-HOR,sig2,31,delta_dist_t0,0.03674572706222534
large,R-HOR,sig2,32,delta_dist_t0,0.038652271032333374
large,R-HOR,sig2,33,delta_dist_t0,0.03820085525512695
large,R-HOR,sig2,34,delta_dist_t0,0.04168102145195007
large,R-HOR,sig2,35,delta_dist_t0,0.04101809859275818
large,R-HOR,sig2,36,delta_dist_t0,0.042875856161117554
large,R-HOR,sig2,37,delta_dist_t0,0.03986388444900513
large,R-HOR,sig2,38,delta_dist_t0,0.03919166326522827
large,R-HOR,sig2,39,delta_dist_t0,0.04188379645347595
large,R-HOR,sig2,40,delta_dist_t0,0.04069620370864868
large,R-HOR,sig2,41,delta_dist_t0,0.034489601850509644
large,R-HOR,sig2,42,delta_dist_t0,0.04106545448303223
large,R-HOR,sig2,43,delta_dist_t0,0.035615235567092896
large,R-HOR,sig2,44,delta_dist_t0,0.03826779127120972
large,R-HOR,sig2,45,delta_dist_t0,0.03901326656341553
large,R-HOR,sig2,46,delta_dist_t0,0.03660362958908081
large,R-HOR,sig2,47,delta_dist_t0,0.03841757774353027
large,R-HOR,sig2,48,delta_dist_t0,0.036871135234832764
large,R-HOR,sig2,49,delta_dist_t0,0.042501598596572876
large,R-HOR,sig2,50,delta_dist_t0,0.03438487648963928
large,R-HOR,sig2,51,delta_dist_t0,0.041273921728134155
large,R-HOR,sig2,52,delta_dist_t0,0.033645689487457275
large,R-HOR,sig2,53,delta_dist_t0,0.03589874505996704
large,R-HOR,sig2,54,delta_dist_t0,0.036885082721710205
large,R-HOR,sig2,55,delta_dist_t0,0.03504443168640137
large,R-HOR,sig2,56,delta_dist_t0,0.03527730703353882
large,R-HOR,sig2,57,delta_dist_t0,0.04095923900604248
large,R-HOR,sig2,58,delta_dist_t0,0.040873825550079346
large,R-HOR,sig2,59,delta_dist_t0,0.035837769508361816
large,R-HOR,sig2,60,delta_dist_t0,0.03735095262527466
large,R-HOR,sig2,61,delta_dist_t0,0.037878602743148804
large,R-HOR,sig2,62,delta_dist_t0,0.03424188494682312
large,R-HOR,sig2,63,delta_dist_t0,0.04169321060180664
large,R-HOR,sig2,64,delta_dist_t0,0.03899317979812622
large,R-HOR,sig2,65,delta_dist_t0,0.035998523235321045
large,R-HOR,sig2,66,delta_dist_t0,0.039494454860687256
large,R-HOR,sig2,67,delta_dist_t0,0.038960933685302734
large,R-HOR,sig2,68,delta_dist_t0,0.03237214684486389
large,R-HOR,sig2,69,delta_dist_t0,0.03499653935432434
large,R-HOR,sig2,70,delta_dist_t0,0.03896993398666382
large,R-HOR,sig2,71,delta_dist_t0,0.034553200006484985
large,R-HOR,sig2,72,delta_dist_t0,0.038470953702926636
large,R-HOR,sig2,73,delta_dist_t0,0.03211027383804321
large,R-HOR,sig2,74,delta_dist_t0,0.0362323522567749
