curve,unit,loss,survival
learned,R-HOR_GRU_2,0.0062562823,1.0
learned,R-HOR_GRU_2,0.0073236823,0.9998
learned,R-HOR_GRU_2,0.007783711,0.9996
learned,R-HOR_GRU_2,0.008150756,0.9994
learned,R-HOR_GRU_2,0.0082987845,0.9992
learned,R-HOR_GRU_2,0.008434176,0.999
learned,R-HOR_GRU_2,0.008772016,0.9988
learned,R-HOR_GRU_2,0.008928895,0.9986
learned,R-HOR_GRU_2,0.009041905,0.9984
learned,R-HOR_GRU_2,0.009385318,0.9982
learned,R-HOR_GRU_2,0.009660661,0.998
learned,R-HOR_GRU_2,0.009787738,0.9978
learned,R-HOR_GRU_2,0.010007203,0.9976
learned,R-HOR_GRU_2,0.010115147,0.9974
learned,R-HOR_GRU_2,0.010324836,0.9972
learned,R-HOR_GRU_2,0.010421634,0.997
learned,R-HOR_GRU_2,0.010491848,0.9968
learned,R-HOR_GRU_2,0.0106089115,0.9966
learned,R-HOR_GRU_2,0.010660827,0.9964
learned,R-HOR_GRU_2,0.010755062,0.9962
learned,R-HOR_GRU_2,0.010850549,0.996
learned,R-HOR_GRU_2,0.011012703,0.9958
learned,R-HOR_GRU_2,0.011156797,0.9956
learned,R-HOR_GRU_2,0.011272967,0.9954
learned,R-HOR_GRU_2,0.011320233,0.9952
learned,R-HOR_GRU_2,0.011385173,0.995
learned,R-HOR_GRU_2,0.0114375055,0.9948
learned,R-HOR_GRU_2,0.011535823,0.9946
learned,R-HOR_GRU_2,0.011574268,0.9944
learned,R-HOR_GRU_2,0.011625111,0.9942
learned,R-HOR_GRU_2,0.011721343,0.994
learned,R-HOR_GRU_2,0.0117890835,0.9938
learned,R-HOR_GRU_2,0.01187861,0.9936
learned,R-HOR_GRU_2,0.012022704,0.9934
learned,R-HOR_GRU_2,0.01206404,0.9932
learned,R-HOR_GRU_2,0.01214692,0.993
learned,R-HOR_GRU_2,0.012199998,0.9928
learned,R-HOR_GRU_2,0.012253463,0.9926
learned,R-HOR_GRU_2,0.012274116,0.9924
learned,R-HOR_GRU_2,0.012328625,0.9922
learned,R-HOR_GRU_2,0.012354076,0.992
learned,R-HOR_GRU_2,0.012401938,0.9918
learned,R-HOR_GRU_2,0.012447119,0.9916
learned,R-HOR_GRU_2,0.012484908,0.9914
learned,R-HOR_GRU_2,0.012554854,0.9912
learned,R-HOR_GRU_2,0.012573421,0.991
learned,R-HOR_GRU_2,0.012631685,0.9908
learned,R-HOR_GRU_2,0.0126928985,0.9906
learned,R-HOR_GRU_2,0.012737989,0.9904
learned,R-HOR_GRU_2,0.0128006935,0.9902
learned,R-HOR_GRU_2,0.012856036,0.99
learned,R-HOR_GRU_2,0.012868822,0.9898
learned,R-HOR_GRU_2,0.012890726,0.9896
learned,R-HOR_GRU_2,0.012914091,0.9894
learned,R-HOR_GRU_2,0.012946725,0.9892
learned,R-HOR_GRU_2,0.012968242,0.989
learned,R-HOR_GRU_2,0.012986004,0.9888
learned,R-HOR_GRU_2,0.013028383,0.9886
learned,R-HOR_GRU_2,0.013063431,0.9884
learned,R-HOR_GRU_2,0.013080299,0.9882
learned,R-HOR_GRU_2,0.013100803,0.988
learned,R-HOR_GRU_2,0.013137341,0.9878
learned,R-HOR_GRU_2,0.013199329,0.9876
learned,R-HOR_GRU_2,0.013222158,0.9874
learned,R-HOR_GRU_2,0.013291061,0.9872
learned,R-HOR_GRU_2,0.013322085,0.987
learned,R-HOR_GRU_2,0.013358504,0.9868
learned,R-HOR_GRU_2,0.013395846,0.9866
learned,R-HOR_GRU_2,0.013445556,0.9864
learned,R-HOR_GRU_2,0.013481796,0.9862
learned,R-HOR_GRU_2,0.013534278,0.986
learned,R-HOR_GRU_2,0.0135579705,0.9858
learned,R-HOR_GRU_2,0.013592184,0.9856
learned,R-HOR_GRU_2,0.013622373,0.9854
learned,R-HOR_GRU_2,0.01366055,0.9852
learned,R-HOR_GRU_2,0.013684213,0.985
learned,R-HOR_GRU_2,0.013728768,0.9848
learned,R-HOR_GRU_2,0.01374045,0.9846
learned,R-HOR_GRU_2,0.013773799,0.9844
learned,R-HOR_GRU_2,0.0137966275,0.9842
learned,R-HOR_GRU_2,0.013819039,0.984
learned,R-HOR_GRU_2,0.013831317,0.9838
learned,R-HOR_GRU_2,0.0138472915,0.9836
learned,R-HOR_GRU_2,0.013884187,0.9834
learned,R-HOR_GRU_2,0.013927221,0.9832
learned,R-HOR_GRU_2,0.013950825,0.983
learned,R-HOR_GRU_2,0.013996661,0.9828
learned,R-HOR_GRU_2,0.014030129,0.9826
learned,R-HOR_GRU_2,0.014058173,0.9824
learned,R-HOR_GRU_2,0.01408124,0.9822
learned,R-HOR_GRU_2,0.01413548,0.982
learned,R-HOR_GRU_2,0.014154494,0.9818
learned,R-HOR_GRU_2,0.014204979,0.9816
learned,R-HOR_GRU_2,0.014239728,0.9814
learned,R-HOR_GRU_2,0.014259219,0.9812
learned,R-HOR_GRU_2,0.014288902,0.981
learned,R-HOR_GRU_2,0.014362097,0.9808
learned,R-HOR_GRU_2,0.014416486,0.9806
learned,R-HOR_GRU_2,0.014481366,0.9804
learned,R-HOR_GRU_2,0.014501929,0.9802
learned,R-HOR_GRU_2,0.014527082,0.98
learned,R-HOR_GRU_2,0.01456821,0.9798
learned,R-HOR_GRU_2,0.014580935,0.9796
learned,R-HOR_GRU_2,0.014604688,0.9794
learned,R-HOR_GRU_2,0.0146455765,0.9792
learned,R-HOR_GRU_2,0.014664531,0.979
learned,R-HOR_GRU_2,0.014704645,0.9788
learned,R-HOR_GRU_2,0.014713883,0.9786
learned,R-HOR_GRU_2,0.014754057,0.9784
learned,R-HOR_GRU_2,0.0147838,0.9782
learned,R-HOR_GRU_2,0.014800489,0.978
learned,R-HOR_GRU_2,0.014834881,0.9778
learned,R-HOR_GRU_2,0.014885873,0.9776
learned,R-HOR_GRU_2,0.014891982,0.9774
learned,R-HOR_GRU_2,0.014941156,0.9772
learned,R-HOR_GRU_2,0.014950812,0.977
learned,R-HOR_GRU_2,0.014965445,0.9768
learned,R-HOR_GRU_2,0.014981419,0.9766
learned,R-HOR_GRU_2,0.015007198,0.9764
learned,R-HOR_GRU_2,0.015021741,0.9762
learned,R-HOR_GRU_2,0.015077025,0.976
learned,R-HOR_GRU_2,0.015113354,0.9758
learned,R-HOR_GRU_2,0.01516366,0.9756
learned,R-HOR_GRU_2,0.015185773,0.9754
learned,R-HOR_GRU_2,0.015216023,0.9752
learned,R-HOR_GRU_2,0.015234947,0.975
learned,R-HOR_GRU_2,0.015277147,0.9748
learned,R-HOR_GRU_2,0.015303731,0.9746
learned,R-HOR_GRU_2,0.015317559,0.9744
learned,R-HOR_GRU_2,0.015362203,0.9742
learned,R-HOR_GRU_2,0.015376508,0.974
learned,R-HOR_GRU_2,0.015382588,0.9738
learned,R-HOR_GRU_2,0.015410483,0.9736
learned,R-HOR_GRU_2,0.015458882,0.9734
learned,R-HOR_GRU_2,0.01551652,0.9732
learned,R-HOR_GRU_2,0.015564263,0.973
learned,R-HOR_GRU_2,0.015580416,0.9728
learned,R-HOR_GRU_2,0.015618622,0.9726
learned,R-HOR_GRU_2,0.015658915,0.9724
learned,R-HOR_GRU_2,0.015696019,0.9722
learned,R-HOR_GRU_2,0.01570937,0.972
learned,R-HOR_GRU_2,0.015747726,0.9718
learned,R-HOR_GRU_2,0.015781105,0.9716
learned,R-HOR_GRU_2,0.015820533,0.9714
learned,R-HOR_GRU_2,0.015856206,0.9712
learned,R-HOR_GRU_2,0.015874803,0.971
learned,R-HOR_GRU_2,0.015909374,0.9708
learned,R-HOR_GRU_2,0.01591593,0.9706
learned,R-HOR_GRU_2,0.01594323,0.9704
learned,R-HOR_GRU_2,0.01596272,0.9702
learned,R-HOR_GRU_2,0.015984058,0.97
learned,R-HOR_GRU_2,0.016029805,0.9698
learned,R-HOR_GRU_2,0.016043425,0.9696
learned,R-HOR_GRU_2,0.016123593,0.9694
learned,R-HOR_GRU_2,0.016174197,0.9692
learned,R-HOR_GRU_2,0.016196012,0.969
learned,R-HOR_GRU_2,0.016207635,0.9688
learned,R-HOR_GRU_2,0.016217709,0.9686
learned,R-HOR_GRU_2,0.01624918,0.9684
learned,R-HOR_GRU_2,0.01627338,0.9682
learned,R-HOR_GRU_2,0.016281664,0.968
learned,R-HOR_GRU_2,0.016314507,0.9678
learned,R-HOR_GRU_2,0.016324371,0.9676
learned,R-HOR_GRU_2,0.016333103,0.9674
learned,R-HOR_GRU_2,0.016353875,0.9672
learned,R-HOR_GRU_2,0.016379893,0.967
learned,R-HOR_GRU_2,0.016399264,0.9668
learned,R-HOR_GRU_2,0.016416907,0.9666
learned,R-HOR_GRU_2,0.016478479,0.9664
learned,R-HOR_GRU_2,0.0164904,0.9662
learned,R-HOR_GRU_2,0.016505778,0.966
learned,R-HOR_GRU_2,0.016513824,0.9658
learned,R-HOR_GRU_2,0.016521633,0.9656
learned,R-HOR_GRU_2,0.016529918,0.9654
learned,R-HOR_GRU_2,0.016563177,0.9652
learned,R-HOR_GRU_2,0.016584635,0.965
learned,R-HOR_GRU_2,0.016608596,0.9648
learned,R-HOR_GRU_2,0.016633213,0.9646
learned,R-HOR_GRU_2,0.016642064,0.9644
learned,R-HOR_GRU_2,0.016665578,0.9642
learned,R-HOR_GRU_2,0.016712934,0.964
learned,R-HOR_GRU_2,0.016739845,0.9638
learned,R-HOR_GRU_2,0.016746938,0.9636
learned,R-HOR_GRU_2,0.016768336,0.9634
learned,R-HOR_GRU_2,0.016794682,0.9632
learned,R-HOR_GRU_2,0.01681748,0.963
learned,R-HOR_GRU_2,0.016840994,0.9628
learned,R-HOR_GRU_2,0.016876817,0.9626
learned,R-HOR_GRU_2,0.016908169,0.9624
learned,R-HOR_GRU_2,0.01691699,0.9622
learned,R-HOR_GRU_2,0.01694566,0.962
learned,R-HOR_GRU_2,0.016987443,0.9618
learned,R-HOR_GRU_2,0.017016768,0.9616
learned,R-HOR_GRU_2,0.017028809,0.9614
learned,R-HOR_GRU_2,0.017033994,0.9612
learned,R-HOR_GRU_2,0.017053127,0.961
learned,R-HOR_GRU_2,0.01708141,0.9608
learned,R-HOR_GRU_2,0.017106175,0.9606
learned,R-HOR_GRU_2,0.017128825,0.9604
learned,R-HOR_GRU_2,0.01714784,0.9602
learned,R-HOR_GRU_2,0.017157733,0.96
learned,R-HOR_GRU_2,0.017200053,0.9598
learned,R-HOR_GRU_2,0.017206758,0.9596
learned,R-HOR_GRU_2,0.017246693,0.9594
learned,R-HOR_GRU_2,0.017266273,0.9592
learned,R-HOR_GRU_2,0.01729688,0.959
learned,R-HOR_GRU_2,0.017300665,0.9588
learned,R-HOR_GRU_2,0.017320037,0.9586
learned,R-HOR_GRU_2,0.017350852,0.9584
learned,R-HOR_GRU_2,0.01737994,0.9582
learned,R-HOR_GRU_2,0.017395169,0.958
learned,R-HOR_GRU_2,0.017417014,0.9578
learned,R-HOR_GRU_2,0.017434955,0.9576
learned,R-HOR_GRU_2,0.017448157,0.9574
learned,R-HOR_GRU_2,0.017462015,0.9572
learned,R-HOR_GRU_2,0.017475009,0.957
learned,R-HOR_GRU_2,0.017487288,0.9568
learned,R-HOR_GRU_2,0.017510116,0.9566
learned,R-HOR_GRU_2,0.017556667,0.9564
learned,R-HOR_GRU_2,0.017568827,0.9562
learned,R-HOR_GRU_2,0.017582357,0.956
learned,R-HOR_GRU_2,0.017595768,0.9558
learned,R-HOR_GRU_2,0.01761067,0.9556
learned,R-HOR_GRU_2,0.01762259,0.9554
learned,R-HOR_GRU_2,0.017632812,0.9552
learned,R-HOR_GRU_2,0.017657578,0.955
learned,R-HOR_GRU_2,0.017667532,0.9548
learned,R-HOR_GRU_2,0.017690957,0.9546
learned,R-HOR_GRU_2,0.017706037,0.9544
learned,R-HOR_GRU_2,0.017725825,0.9542
learned,R-HOR_GRU_2,0.017734528,0.954
learned,R-HOR_GRU_2,0.017759174,0.9538
learned,R-HOR_GRU_2,0.017780215,0.9536
learned,R-HOR_GRU_2,0.017784923,0.9534
learned,R-HOR_GRU_2,0.017817318,0.9532
learned,R-HOR_GRU_2,0.01782906,0.953
learned,R-HOR_GRU_2,0.01784265,0.9528
learned,R-HOR_GRU_2,0.017861724,0.9526
learned,R-HOR_GRU_2,0.017907351,0.9524
learned,R-HOR_GRU_2,0.017914653,0.9522
learned,R-HOR_GRU_2,0.017943919,0.952
learned,R-HOR_GRU_2,0.017953038,0.9518
learned,R-HOR_GRU_2,0.017968655,0.9516
learned,R-HOR_GRU_2,0.017974675,0.9514
learned,R-HOR_GRU_2,0.01799208,0.9512
learned,R-HOR_GRU_2,0.018010527,0.951
learned,R-HOR_GRU_2,0.01802051,0.9508
learned,R-HOR_GRU_2,0.018032432,0.9506
learned,R-HOR_GRU_2,0.01804626,0.9504
learned,R-HOR_GRU_2,0.01807338,0.9502
learned,R-HOR_GRU_2,0.018087417,0.95
learned,R-HOR_GRU_2,0.018119752,0.9498
learned,R-HOR_GRU_2,0.018169641,0.9496
learned,R-HOR_GRU_2,0.018189132,0.9494
learned,R-HOR_GRU_2,0.018208295,0.9492
learned,R-HOR_GRU_2,0.018210888,0.949
learned,R-HOR_GRU_2,0.018225968,0.9488
learned,R-HOR_GRU_2,0.018238515,0.9486
learned,R-HOR_GRU_2,0.01826632,0.9484
learned,R-HOR_GRU_2,0.018277705,0.9482
learned,R-HOR_GRU_2,0.0183101,0.948
learned,R-HOR_GRU_2,0.018315613,0.9478
learned,R-HOR_GRU_2,0.018343389,0.9476
learned,R-HOR_GRU_2,0.01836431,0.9474
learned,R-HOR_GRU_2,0.018394262,0.9472
learned,R-HOR_GRU_2,0.0184111,0.947
learned,R-HOR_GRU_2,0.018419266,0.9468
learned,R-HOR_GRU_2,0.018434763,0.9466
learned,R-HOR_GRU_2,0.018461347,0.9464
learned,R-HOR_GRU_2,0.018495262,0.9462
learned,R-HOR_GRU_2,0.018509418,0.946
learned,R-HOR_GRU_2,0.0185318,0.9458
learned,R-HOR_GRU_2,0.018555343,0.9456
learned,R-HOR_GRU_2,0.018569887,0.9454
learned,R-HOR_GRU_2,0.018581003,0.9452
learned,R-HOR_GRU_2,0.018600285,0.945
learned,R-HOR_GRU_2,0.018623501,0.9448
learned,R-HOR_GRU_2,0.018633246,0.9446
learned,R-HOR_GRU_2,0.018652797,0.9444
learned,R-HOR_GRU_2,0.018672466,0.9442
learned,R-HOR_GRU_2,0.018676132,0.944
learned,R-HOR_GRU_2,0.018698514,0.9438
learned,R-HOR_GRU_2,0.018709242,0.9436
learned,R-HOR_GRU_2,0.018722057,0.9434
learned,R-HOR_GRU_2,0.018745005,0.9432
learned,R-HOR_GRU_2,0.018758595,0.943
learned,R-HOR_GRU_2,0.018763453,0.9428
learned,R-HOR_GRU_2,0.018784165,0.9426
learned,R-HOR_GRU_2,0.018815517,0.9424
learned,R-HOR_GRU_2,0.018845469,0.9422
learned,R-HOR_GRU_2,0.018879592,0.942
learned,R-HOR_GRU_2,0.018892407,0.9418
learned,R-HOR_GRU_2,0.01889944,0.9416
learned,R-HOR_GRU_2,0.018911123,0.9414
learned,R-HOR_GRU_2,0.018956602,0.9412
learned,R-HOR_GRU_2,0.018971503,0.941
learned,R-HOR_GRU_2,0.019003332,0.9408
learned,R-HOR_GRU_2,0.019032836,0.9406
learned,R-HOR_GRU_2,0.019046873,0.9404
learned,R-HOR_GRU_2,0.019069046,0.9402
learned,R-HOR_GRU_2,0.019082725,0.94
learned,R-HOR_GRU_2,0.019111276,0.9398
learned,R-HOR_GRU_2,0.019127846,0.9396
learned,R-HOR_GRU_2,0.019155025,0.9394
learned,R-HOR_GRU_2,0.019190341,0.9392
learned,R-HOR_GRU_2,0.019220471,0.939
learned,R-HOR_GRU_2,0.019231498,0.9388
learned,R-HOR_GRU_2,0.019239604,0.9386
learned,R-HOR_GRU_2,0.019251347,0.9384
learned,R-HOR_GRU_2,0.019265711,0.9382
learned,R-HOR_GRU_2,0.019279122,0.938
learned,R-HOR_GRU_2,0.019308329,0.9378
learned,R-HOR_GRU_2,0.01932919,0.9376
learned,R-HOR_GRU_2,0.019346237,0.9374
learned,R-HOR_GRU_2,0.019349039,0.9372
learned,R-HOR_GRU_2,0.019360363,0.937
learned,R-HOR_GRU_2,0.019374639,0.9368
learned,R-HOR_GRU_2,0.019396603,0.9366
learned,R-HOR_GRU_2,0.019427538,0.9364
learned,R-HOR_GRU_2,0.019444734,0.9362
learned,R-HOR_GRU_2,0.019485414,0.936
learned,R-HOR_GRU_2,0.019492805,0.9358
learned,R-HOR_GRU_2,0.019513309,0.9356
learned,R-HOR_GRU_2,0.019529521,0.9354
learned,R-HOR_GRU_2,0.01953736,0.9352
learned,R-HOR_GRU_2,0.019549161,0.935
learned,R-HOR_GRU_2,0.019572794,0.9348
learned,R-HOR_GRU_2,0.019582659,0.9346
learned,R-HOR_GRU_2,0.019588828,0.9344
learned,R-HOR_GRU_2,0.019596517,0.9342
learned,R-HOR_GRU_2,0.019600034,0.934
learned,R-HOR_GRU_2,0.019614398,0.9338
learned,R-HOR_GRU_2,0.01962468,0.9336
learned,R-HOR_GRU_2,0.019651175,0.9334
learned,R-HOR_GRU_2,0.019681692,0.9332
learned,R-HOR_GRU_2,0.019695401,0.933
learned,R-HOR_GRU_2,0.019705355,0.9328
learned,R-HOR_GRU_2,0.019735247,0.9326
learned,R-HOR_GRU_2,0.019746006,0.9324
learned,R-HOR_GRU_2,0.019771993,0.9322
learned,R-HOR_GRU_2,0.01977849,0.932
learned,R-HOR_GRU_2,0.019802868,0.9318
learned,R-HOR_GRU_2,0.019811034,0.9316
learned,R-HOR_GRU_2,0.01981783,0.9314
learned,R-HOR_GRU_2,0.019827366,0.9312
learned,R-HOR_GRU_2,0.01984331,0.931
learned,R-HOR_GRU_2,0.019866407,0.9308
learned,R-HOR_GRU_2,0.019878268,0.9306
learned,R-HOR_GRU_2,0.019905627,0.9304
learned,R-HOR_GRU_2,0.01991862,0.9302
learned,R-HOR_GRU_2,0.01994586,0.93
learned,R-HOR_GRU_2,0.019966483,0.9298
learned,R-HOR_GRU_2,0.019988716,0.9296
learned,R-HOR_GRU_2,0.020000339,0.9294
learned,R-HOR_GRU_2,0.020013452,0.9292
learned,R-HOR_GRU_2,0.020022154,0.929
learned,R-HOR_GRU_2,0.020077288,0.9288
learned,R-HOR_GRU_2,0.020085454,0.9286
learned,R-HOR_GRU_2,0.020093739,0.9284
learned,R-HOR_GRU_2,0.020103991,0.9282
learned,R-HOR_GRU_2,0.020106137,0.928
learned,R-HOR_GRU_2,0.02011025,0.9278
learned,R-HOR_GRU_2,0.02011776,0.9276
learned,R-HOR_GRU_2,0.020135462,0.9274
learned,R-HOR_GRU_2,0.02015385,0.9272
learned,R-HOR_GRU_2,0.020172924,0.927
learned,R-HOR_GRU_2,0.020181537,0.9268
learned,R-HOR_GRU_2,0.02020508,0.9266
learned,R-HOR_GRU_2,0.020217746,0.9264
learned,R-HOR_GRU_2,0.020236373,0.9262
learned,R-HOR_GRU_2,0.020262182,0.926
learned,R-HOR_GRU_2,0.020288497,0.9258
learned,R-HOR_GRU_2,0.020305276,0.9256
learned,R-HOR_GRU_2,0.020315707,0.9254
learned,R-HOR_GRU_2,0.020347804,0.9252
learned,R-HOR_GRU_2,0.020360708,0.925
learned,R-HOR_GRU_2,0.020370841,0.9248
learned,R-HOR_GRU_2,0.02038151,0.9246
learned,R-HOR_GRU_2,0.0203861,0.9244
learned,R-HOR_GRU_2,0.020409822,0.9242
learned,R-HOR_GRU_2,0.020419836,0.924
learned,R-HOR_GRU_2,0.020457357,0.9238
learned,R-HOR_GRU_2,0.020477474,0.9236
learned,R-HOR_GRU_2,0.02049008,0.9234
learned,R-HOR_GRU_2,0.020511866,0.9232
learned,R-HOR_GRU_2,0.020523846,0.923
learned,R-HOR_GRU_2,0.020537883,0.9228
learned,R-HOR_GRU_2,0.020558178,0.9226
learned,R-HOR_GRU_2,0.020571232,0.9224
learned,R-HOR_GRU_2,0.02060026,0.9222
learned,R-HOR_GRU_2,0.02063492,0.922
learned,R-HOR_GRU_2,0.020642817,0.9218
learned,R-HOR_GRU_2,0.020659328,0.9216
learned,R-HOR_GRU_2,0.020662189,0.9214
learned,R-HOR_GRU_2,0.020667017,0.9212
learned,R-HOR_GRU_2,0.020683259,0.921
learned,R-HOR_GRU_2,0.020696402,0.9208
learned,R-HOR_GRU_2,0.02070728,0.9206
learned,R-HOR_GRU_2,0.020721138,0.9204
learned,R-HOR_GRU_2,0.020731151,0.9202
learned,R-HOR_GRU_2,0.020737886,0.92
learned,R-HOR_GRU_2,0.020759583,0.9198
learned,R-HOR_GRU_2,0.020780891,0.9196
learned,R-HOR_GRU_2,0.020792782,0.9194
learned,R-HOR_GRU_2,0.020805717,0.9192
learned,R-HOR_GRU_2,0.020819604,0.919
learned,R-HOR_GRU_2,0.020839393,0.9188
learned,R-HOR_GRU_2,0.020855427,0.9186
learned,R-HOR_GRU_2,0.020878851,0.9184
learned,R-HOR_GRU_2,0.020897865,0.9182
learned,R-HOR_GRU_2,0.02090913,0.918
learned,R-HOR_GRU_2,0.02091378,0.9178
learned,R-HOR_GRU_2,0.020927131,0.9176
learned,R-HOR_GRU_2,0.0209575,0.9174
learned,R-HOR_GRU_2,0.020979464,0.9172
learned,R-HOR_GRU_2,0.020985842,0.917
learned,R-HOR_GRU_2,0.020992845,0.9168
learned,R-HOR_GRU_2,0.021002531,0.9166
learned,R-HOR_GRU_2,0.021011233,0.9164
learned,R-HOR_GRU_2,0.021020979,0.9162
learned,R-HOR_GRU_2,0.02103287,0.916
learned,R-HOR_GRU_2,0.021045446,0.9158
learned,R-HOR_GRU_2,0.021066964,0.9156
learned,R-HOR_GRU_2,0.02107492,0.9154
learned,R-HOR_GRU_2,0.02109018,0.9152
learned,R-HOR_GRU_2,0.021113515,0.915
learned,R-HOR_GRU_2,0.021127164,0.9148
learned,R-HOR_GRU_2,0.021146894,0.9146
learned,R-HOR_GRU_2,0.021164656,0.9144
learned,R-HOR_GRU_2,0.021178514,0.9142
learned,R-HOR_GRU_2,0.021186113,0.914
learned,R-HOR_GRU_2,0.021198004,0.9138
learned,R-HOR_GRU_2,0.021208227,0.9136
learned,R-HOR_GRU_2,0.021218777,0.9134
learned,R-HOR_GRU_2,0.021242023,0.9132
learned,R-HOR_GRU_2,0.021255314,0.913
learned,R-HOR_GRU_2,0.021270037,0.9128
learned,R-HOR_GRU_2,0.021280766,0.9126
learned,R-HOR_GRU_2,0.021290898,0.9124
learned,R-HOR_GRU_2,0.021300673,0.9122
learned,R-HOR_GRU_2,0.021312267,0.912
learned,R-HOR_GRU_2,0.021324158,0.9118
learned,R-HOR_GRU_2,0.02134353,0.9116
learned,R-HOR_GRU_2,0.02134788,0.9114
learned,R-HOR_GRU_2,0.021360338,0.9112
learned,R-HOR_GRU_2,0.021371365,0.911
learned,R-HOR_GRU_2,0.02138424,0.9108
learned,R-HOR_GRU_2,0.02140516,0.9106
learned,R-HOR_GRU_2,0.021414071,0.9104
learned,R-HOR_GRU_2,0.021426916,0.9102
learned,R-HOR_GRU_2,0.021453112,0.91
learned,R-HOR_GRU_2,0.021464914,0.9098
learned,R-HOR_GRU_2,0.021479487,0.9096
learned,R-HOR_GRU_2,0.02149257,0.9094
learned,R-HOR_GRU_2,0.021505356,0.9092
learned,R-HOR_GRU_2,0.021537215,0.909
learned,R-HOR_GRU_2,0.021547377,0.9088
learned,R-HOR_GRU_2,0.021558344,0.9086
learned,R-HOR_GRU_2,0.021596074,0.9084
learned,R-HOR_GRU_2,0.021608412,0.9082
learned,R-HOR_GRU_2,0.021612674,0.908
learned,R-HOR_GRU_2,0.021624327,0.9078
learned,R-HOR_GRU_2,0.021634758,0.9076
learned,R-HOR_GRU_2,0.021660924,0.9074
learned,R-HOR_GRU_2,0.02166766,0.9072
learned,R-HOR_GRU_2,0.021672517,0.907
learned,R-HOR_GRU_2,0.02168101,0.9068
learned,R-HOR_GRU_2,0.021690339,0.9066
learned,R-HOR_GRU_2,0.021696627,0.9064
learned,R-HOR_GRU_2,0.021709979,0.9062
learned,R-HOR_GRU_2,0.021720678,0.906
learned,R-HOR_GRU_2,0.021724582,0.9058
learned,R-HOR_GRU_2,0.021751046,0.9056
learned,R-HOR_GRU_2,0.021756351,0.9054
learned,R-HOR_GRU_2,0.02176249,0.9052
learned,R-HOR_GRU_2,0.021785975,0.905
learned,R-HOR_GRU_2,0.0217942,0.9048
learned,R-HOR_GRU_2,0.021815002,0.9046
learned,R-HOR_GRU_2,0.021819144,0.9044
learned,R-HOR_GRU_2,0.021828055,0.9042
learned,R-HOR_GRU_2,0.021841764,0.904
learned,R-HOR_GRU_2,0.021856934,0.9038
learned,R-HOR_GRU_2,0.021873176,0.9036
learned,R-HOR_GRU_2,0.021878242,0.9034
learned,R-HOR_GRU_2,0.021890461,0.9032
learned,R-HOR_GRU_2,0.02190876,0.903
learned,R-HOR_GRU_2,0.021921486,0.9028
learned,R-HOR_GRU_2,0.021929085,0.9026
learned,R-HOR_GRU_2,0.021936119,0.9024
learned,R-HOR_GRU_2,0.021952212,0.9022
learned,R-HOR_GRU_2,0.021962523,0.902
learned,R-HOR_GRU_2,0.021967262,0.9018
learned,R-HOR_GRU_2,0.02198261,0.9016
learned,R-HOR_GRU_2,0.021990001,0.9014
learned,R-HOR_GRU_2,0.022004366,0.9012
learned,R-HOR_GRU_2,0.022011042,0.901
learned,R-HOR_GRU_2,0.022020727,0.9008
learned,R-HOR_GRU_2,0.022028863,0.9006
learned,R-HOR_GRU_2,0.022041678,0.9004
learned,R-HOR_GRU_2,0.02207321,0.9002
learned,R-HOR_GRU_2,0.022088826,0.9
learned,R-HOR_GRU_2,0.02210015,0.8998
learned,R-HOR_GRU_2,0.022117734,0.8996
learned,R-HOR_GRU_2,0.022120297,0.8994
learned,R-HOR_GRU_2,0.022136211,0.8992
learned,R-HOR_GRU_2,0.02215001,0.899
learned,R-HOR_GRU_2,0.02215153,0.8988
learned,R-HOR_GRU_2,0.022158086,0.8986
learned,R-HOR_GRU_2,0.022162259,0.8984
learned,R-HOR_GRU_2,0.022177815,0.8982
learned,R-HOR_GRU_2,0.022187293,0.898
learned,R-HOR_GRU_2,0.02221021,0.8978
learned,R-HOR_GRU_2,0.02223146,0.8976
learned,R-HOR_GRU_2,0.022253275,0.8974
learned,R-HOR_GRU_2,0.022259414,0.8972
learned,R-HOR_GRU_2,0.022277534,0.897
learned,R-HOR_GRU_2,0.022289991,0.8968
learned,R-HOR_GRU_2,0.02229917,0.8966
learned,R-HOR_GRU_2,0.022312045,0.8964
learned,R-HOR_GRU_2,0.022327065,0.8962
learned,R-HOR_GRU_2,0.022343636,0.896
learned,R-HOR_GRU_2,0.022366464,0.8958
learned,R-HOR_GRU_2,0.022378892,0.8956
learned,R-HOR_GRU_2,0.02238363,0.8954
learned,R-HOR_GRU_2,0.022402257,0.8952
learned,R-HOR_GRU_2,0.022423208,0.895
learned,R-HOR_GRU_2,0.02243334,0.8948
learned,R-HOR_GRU_2,0.022449315,0.8946
learned,R-HOR_GRU_2,0.022464871,0.8944
learned,R-HOR_GRU_2,0.022473723,0.8942
learned,R-HOR_GRU_2,0.02249664,0.894
learned,R-HOR_GRU_2,0.022512138,0.8938
learned,R-HOR_GRU_2,0.022523403,0.8936
learned,R-HOR_GRU_2,0.022548318,0.8934
learned,R-HOR_GRU_2,0.02256751,0.8932
learned,R-HOR_GRU_2,0.022575676,0.893
learned,R-HOR_GRU_2,0.022586107,0.8928
learned,R-HOR_GRU_2,0.022602886,0.8926
learned,R-HOR_GRU_2,0.022610247,0.8924
learned,R-HOR_GRU_2,0.022617757,0.8922
learned,R-HOR_GRU_2,0.022633702,0.892
learned,R-HOR_GRU_2,0.022640467,0.8918
learned,R-HOR_GRU_2,0.02264446,0.8916
learned,R-HOR_GRU_2,0.022650301,0.8914
learned,R-HOR_GRU_2,0.022669852,0.8912
learned,R-HOR_GRU_2,0.022681653,0.891
learned,R-HOR_GRU_2,0.022687078,0.8908
learned,R-HOR_GRU_2,0.022694647,0.8906
learned,R-HOR_GRU_2,0.022712946,0.8904
learned,R-HOR_GRU_2,0.022723794,0.8902
learned,R-HOR_GRU_2,0.022731781,0.89
learned,R-HOR_GRU_2,0.02274257,0.8898
learned,R-HOR_GRU_2,0.022756994,0.8896
learned,R-HOR_GRU_2,0.022766829,0.8894
learned,R-HOR_GRU_2,0.02278173,0.8892
learned,R-HOR_GRU_2,0.022792965,0.889
learned,R-HOR_GRU_2,0.022803843,0.8888
learned,R-HOR_GRU_2,0.022818863,0.8886
learned,R-HOR_GRU_2,0.022827506,0.8884
learned,R-HOR_GRU_2,0.022844672,0.8882
learned,R-HOR_GRU_2,0.022858858,0.888
learned,R-HOR_GRU_2,0.022888124,0.8878
learned,R-HOR_GRU_2,0.022895157,0.8876
learned,R-HOR_GRU_2,0.02291745,0.8874
learned,R-HOR_GRU_2,0.022931337,0.8872
learned,R-HOR_GRU_2,0.022951066,0.887
learned,R-HOR_GRU_2,0.022956848,0.8868
learned,R-HOR_GRU_2,0.022964418,0.8866
learned,R-HOR_GRU_2,0.022984326,0.8864
learned,R-HOR_GRU_2,0.022995055,0.8862
learned,R-HOR_GRU_2,0.023007274,0.886
learned,R-HOR_GRU_2,0.023015141,0.8858
learned,R-HOR_GRU_2,0.023026586,0.8856
learned,R-HOR_GRU_2,0.023033857,0.8854
learned,R-HOR_GRU_2,0.023051172,0.8852
learned,R-HOR_GRU_2,0.023065865,0.885
learned,R-HOR_GRU_2,0.023073226,0.8848
learned,R-HOR_GRU_2,0.023096263,0.8846
learned,R-HOR_GRU_2,0.023105204,0.8844
learned,R-HOR_GRU_2,0.02312529,0.8842
learned,R-HOR_GRU_2,0.023136735,0.884
learned,R-HOR_GRU_2,0.023159862,0.8838
learned,R-HOR_GRU_2,0.02317673,0.8836
learned,R-HOR_GRU_2,0.023196101,0.8834
learned,R-HOR_GRU_2,0.023204923,0.8832
learned,R-HOR_GRU_2,0.023224622,0.883
learned,R-HOR_GRU_2,0.023237169,0.8828
learned,R-HOR_GRU_2,0.023252845,0.8826
learned,R-HOR_GRU_2,0.023263782,0.8824
learned,R-HOR_GRU_2,0.0232836,0.8822
learned,R-HOR_GRU_2,0.023305029,0.882
learned,R-HOR_GRU_2,0.023311496,0.8818
learned,R-HOR_GRU_2,0.023327202,0.8816
learned,R-HOR_GRU_2,0.02334112,0.8814
learned,R-HOR_GRU_2,0.023356974,0.8812
learned,R-HOR_GRU_2,0.02337432,0.881
learned,R-HOR_GRU_2,0.023391545,0.8808
learned,R-HOR_GRU_2,0.023399413,0.8806
learned,R-HOR_GRU_2,0.023413539,0.8804
learned,R-HOR_GRU_2,0.023422122,0.8802
learned,R-HOR_GRU_2,0.023428679,0.88
learned,R-HOR_GRU_2,0.023441225,0.8798
learned,R-HOR_GRU_2,0.02344966,0.8796
learned,R-HOR_GRU_2,0.02346307,0.8794
learned,R-HOR_GRU_2,0.023475021,0.8792
learned,R-HOR_GRU_2,0.023500323,0.879
learned,R-HOR_GRU_2,0.023508906,0.8788
learned,R-HOR_GRU_2,0.023521125,0.8786
learned,R-HOR_GRU_2,0.023527026,0.8784
learned,R-HOR_GRU_2,0.023537457,0.8782
learned,R-HOR_GRU_2,0.023551345,0.878
learned,R-HOR_GRU_2,0.023554921,0.8778
learned,R-HOR_GRU_2,0.02356267,0.8776
learned,R-HOR_GRU_2,0.023566872,0.8774
learned,R-HOR_GRU_2,0.023587525,0.8772
learned,R-HOR_GRU_2,0.023599565,0.877
learned,R-HOR_GRU_2,0.023606718,0.8768
learned,R-HOR_GRU_2,0.02362305,0.8766
learned,R-HOR_GRU_2,0.02362752,0.8764
learned,R-HOR_GRU_2,0.023635924,0.8762
learned,R-HOR_GRU_2,0.023644626,0.876
learned,R-HOR_GRU_2,0.023660064,0.8758
learned,R-HOR_GRU_2,0.023669481,0.8756
learned,R-HOR_GRU_2,0.023673534,0.8754
learned,R-HOR_GRU_2,0.023681164,0.8752
learned,R-HOR_GRU_2,0.023717105,0.875
learned,R-HOR_GRU_2,0.023736417,0.8748
learned,R-HOR_GRU_2,0.023742855,0.8746
learned,R-HOR_GRU_2,0.023757815,0.8744
learned,R-HOR_GRU_2,0.023774922,0.8742
learned,R-HOR_GRU_2,0.023788512,0.874
learned,R-HOR_GRU_2,0.023796856,0.8738
learned,R-HOR_GRU_2,0.023807764,0.8736
learned,R-HOR_GRU_2,0.023838222,0.8734
learned,R-HOR_GRU_2,0.0238477,0.8732
learned,R-HOR_GRU_2,0.023855269,0.873
learned,R-HOR_GRU_2,0.023860872,0.8728
learned,R-HOR_GRU_2,0.02388084,0.8726
learned,R-HOR_GRU_2,0.023893774,0.8724
learned,R-HOR_GRU_2,0.023907274,0.8722
learned,R-HOR_GRU_2,0.02391696,0.872
learned,R-HOR_GRU_2,0.023939878,0.8718
learned,R-HOR_GRU_2,0.02394855,0.8716
learned,R-HOR_GRU_2,0.023954332,0.8714
learned,R-HOR_GRU_2,0.0239591,0.8712
learned,R-HOR_GRU_2,0.02397421,0.871
learned,R-HOR_GRU_2,0.023988664,0.8708
learned,R-HOR_GRU_2,0.024013042,0.8706
learned,R-HOR_GRU_2,0.02402711,0.8704
learned,R-HOR_GRU_2,0.024034977,0.8702
learned,R-HOR_GRU_2,0.02405101,0.87
learned,R-HOR_GRU_2,0.024067879,0.8698
learned,R-HOR_GRU_2,0.024090856,0.8696
learned,R-HOR_GRU_2,0.024103463,0.8694
learned,R-HOR_GRU_2,0.024107993,0.8692
learned,R-HOR_GRU_2,0.024122357,0.869
learned,R-HOR_GRU_2,0.02412635,0.8688
learned,R-HOR_GRU_2,0.024134308,0.8686
learned,R-HOR_GRU_2,0.024142683,0.8684
learned,R-HOR_GRU_2,0.024157107,0.8682
learned,R-HOR_GRU_2,0.024165154,0.868
learned,R-HOR_GRU_2,0.024175167,0.8678
learned,R-HOR_GRU_2,0.024181187,0.8676
learned,R-HOR_GRU_2,0.024186134,0.8674
learned,R-HOR_GRU_2,0.024203539,0.8672
learned,R-HOR_GRU_2,0.024214119,0.867
learned,R-HOR_GRU_2,0.02422434,0.8668
learned,R-HOR_GRU_2,0.024237722,0.8666
learned,R-HOR_GRU_2,0.024244279,0.8664
learned,R-HOR_GRU_2,0.024264038,0.8662
learned,R-HOR_GRU_2,0.024280429,0.866
learned,R-HOR_GRU_2,0.024299562,0.8658
learned,R-HOR_GRU_2,0.024315178,0.8656
learned,R-HOR_GRU_2,0.024323463,0.8654
learned,R-HOR_GRU_2,0.024329841,0.8652
learned,R-HOR_GRU_2,0.024338692,0.865
learned,R-HOR_GRU_2,0.024349213,0.8648
learned,R-HOR_GRU_2,0.024362922,0.8646
learned,R-HOR_GRU_2,0.024373531,0.8644
learned,R-HOR_GRU_2,0.02437964,0.8642
learned,R-HOR_GRU_2,0.0243904,0.864
learned,R-HOR_GRU_2,0.024400055,0.8638
learned,R-HOR_GRU_2,0.024403095,0.8636
learned,R-HOR_GRU_2,0.024415493,0.8634
learned,R-HOR_GRU_2,0.02442503,0.8632
learned,R-HOR_GRU_2,0.02444148,0.863
learned,R-HOR_GRU_2,0.024452567,0.8628
learned,R-HOR_GRU_2,0.02445817,0.8626
learned,R-HOR_GRU_2,0.024481714,0.8624
learned,R-HOR_GRU_2,0.024492383,0.8622
learned,R-HOR_GRU_2,0.024508059,0.862
learned,R-HOR_GRU_2,0.024519205,0.8618
learned,R-HOR_GRU_2,0.024524748,0.8616
learned,R-HOR_GRU_2,0.024532318,0.8614
learned,R-HOR_GRU_2,0.024541825,0.8612
learned,R-HOR_GRU_2,0.02455464,0.861
learned,R-HOR_GRU_2,0.024563402,0.8608
learned,R-HOR_GRU_2,0.024568975,0.8606
learned,R-HOR_GRU_2,0.024597228,0.8604
learned,R-HOR_GRU_2,0.024619102,0.8602
learned,R-HOR_GRU_2,0.024631262,0.86
learned,R-HOR_GRU_2,0.024638295,0.8598
learned,R-HOR_GRU_2,0.024644792,0.8596
learned,R-HOR_GRU_2,0.02465266,0.8594
learned,R-HOR_GRU_2,0.024658322,0.8592
learned,R-HOR_GRU_2,0.024667978,0.859
learned,R-HOR_GRU_2,0.024670035,0.8588
learned,R-HOR_GRU_2,0.024673223,0.8586
learned,R-HOR_GRU_2,0.024690643,0.8584
learned,R-HOR_GRU_2,0.024711967,0.8582
learned,R-HOR_GRU_2,0.024717271,0.858
learned,R-HOR_GRU_2,0.024726748,0.8578
learned,R-HOR_GRU_2,0.024736226,0.8576
learned,R-HOR_GRU_2,0.02475205,0.8574
learned,R-HOR_GRU_2,0.024770081,0.8572
learned,R-HOR_GRU_2,0.0247854,0.857
learned,R-HOR_GRU_2,0.024802148,0.8568
learned,R-HOR_GRU_2,0.02481538,0.8566
learned,R-HOR_GRU_2,0.024824321,0.8564
learned,R-HOR_GRU_2,0.02484268,0.8562
learned,R-HOR_GRU_2,0.024852842,0.856
learned,R-HOR_GRU_2,0.02486223,0.8558
learned,R-HOR_GRU_2,0.024865866,0.8556
learned,R-HOR_GRU_2,0.024876237,0.8554
learned,R-HOR_GRU_2,0.024887145,0.8552
learned,R-HOR_GRU_2,0.024910152,0.855
learned,R-HOR_GRU_2,0.024923623,0.8548
learned,R-HOR_GRU_2,0.024935544,0.8546
learned,R-HOR_GRU_2,0.024946034,0.8544
learned,R-HOR_GRU_2,0.02495873,0.8542
learned,R-HOR_GRU_2,0.024969041,0.854
learned,R-HOR_GRU_2,0.024977624,0.8538
learned,R-HOR_GRU_2,0.02499199,0.8536
learned,R-HOR_GRU_2,0.025004625,0.8534
learned,R-HOR_GRU_2,0.025014818,0.8532
learned,R-HOR_GRU_2,0.025021195,0.853
learned,R-HOR_GRU_2,0.02503398,0.8528
learned,R-HOR_GRU_2,0.025045544,0.8526
learned,R-HOR_GRU_2,0.025057971,0.8524
learned,R-HOR_GRU_2,0.02506566,0.8522
learned,R-HOR_GRU_2,0.02507341,0.852
learned,R-HOR_GRU_2,0.02508837,0.8518
learned,R-HOR_GRU_2,0.025096,0.8516
learned,R-HOR_GRU_2,0.025119305,0.8514
learned,R-HOR_GRU_2,0.025128305,0.8512
learned,R-HOR_GRU_2,0.025137007,0.851
learned,R-HOR_GRU_2,0.025149196,0.8508
learned,R-HOR_GRU_2,0.025159717,0.8506
learned,R-HOR_GRU_2,0.025167614,0.8504
learned,R-HOR_GRU_2,0.025180936,0.8502
learned,R-HOR_GRU_2,0.025194198,0.85
learned,R-HOR_GRU_2,0.025210977,0.8498
learned,R-HOR_GRU_2,0.025225073,0.8496
learned,R-HOR_GRU_2,0.025250137,0.8494
learned,R-HOR_GRU_2,0.025258899,0.8492
learned,R-HOR_GRU_2,0.02527219,0.849
learned,R-HOR_GRU_2,0.025280327,0.8488
learned,R-HOR_GRU_2,0.025292158,0.8486
learned,R-HOR_GRU_2,0.025303185,0.8484
learned,R-HOR_GRU_2,0.025321573,0.8482
learned,R-HOR_GRU_2,0.0253312,0.848
learned,R-HOR_GRU_2,0.025344968,0.8478
learned,R-HOR_GRU_2,0.025349677,0.8476
learned,R-HOR_GRU_2,0.025363237,0.8474
learned,R-HOR_GRU_2,0.025378227,0.8472
learned,R-HOR_GRU_2,0.02538985,0.847
learned,R-HOR_GRU_2,0.025400013,0.8468
learned,R-HOR_GRU_2,0.025412142,0.8466
learned,R-HOR_GRU_2,0.025434434,0.8464
learned,R-HOR_GRU_2,0.025443941,0.8462
learned,R-HOR_GRU_2,0.025450736,0.846
learned,R-HOR_GRU_2,0.02547133,0.8458
learned,R-HOR_GRU_2,0.025479138,0.8456
learned,R-HOR_GRU_2,0.025489151,0.8454
learned,R-HOR_GRU_2,0.025505275,0.8452
learned,R-HOR_GRU_2,0.025514662,0.845
learned,R-HOR_GRU_2,0.025520414,0.8448
learned,R-HOR_GRU_2,0.02552712,0.8446
learned,R-HOR_GRU_2,0.025532663,0.8444
learned,R-HOR_GRU_2,0.025539637,0.8442
learned,R-HOR_GRU_2,0.025549918,0.844
learned,R-HOR_GRU_2,0.025562495,0.8438
learned,R-HOR_GRU_2,0.025570303,0.8436
learned,R-HOR_GRU_2,0.02558279,0.8434
learned,R-HOR_GRU_2,0.025602907,0.8432
learned,R-HOR_GRU_2,0.02561748,0.843
learned,R-HOR_GRU_2,0.025628686,0.8428
learned,R-HOR_GRU_2,0.025634944,0.8426
learned,R-HOR_GRU_2,0.025642693,0.8424
learned,R-HOR_GRU_2,0.025652736,0.8422
learned,R-HOR_GRU_2,0.025671095,0.842
learned,R-HOR_GRU_2,0.025682896,0.8418
learned,R-HOR_GRU_2,0.025690109,0.8416
learned,R-HOR_GRU_2,0.02571015,0.8414
learned,R-HOR_GRU_2,0.025719225,0.8412
learned,R-HOR_GRU_2,0.02573353,0.841
learned,R-HOR_GRU_2,0.025743842,0.8408
learned,R-HOR_GRU_2,0.02575183,0.8406
learned,R-HOR_GRU_2,0.0257622,0.8404
learned,R-HOR_GRU_2,0.025770381,0.8402
learned,R-HOR_GRU_2,0.025774062,0.84
learned,R-HOR_GRU_2,0.025784612,0.8398
learned,R-HOR_GRU_2,0.025790542,0.8396
learned,R-HOR_GRU_2,0.025816202,0.8394
learned,R-HOR_GRU_2,0.025826514,0.8392
learned,R-HOR_GRU_2,0.025837392,0.839
learned,R-HOR_GRU_2,0.02584064,0.8388
learned,R-HOR_GRU_2,0.025847554,0.8386
learned,R-HOR_GRU_2,0.02587372,0.8384
learned,R-HOR_GRU_2,0.025877833,0.8382
learned,R-HOR_GRU_2,0.025899217,0.838
learned,R-HOR_GRU_2,0.025902987,0.8378
learned,R-HOR_GRU_2,0.02591917,0.8376
learned,R-HOR_GRU_2,0.025933862,0.8374
learned,R-HOR_GRU_2,0.025938332,0.8372
learned,R-HOR_GRU_2,0.02594842,0.837
learned,R-HOR_GRU_2,0.02595964,0.8368
learned,R-HOR_GRU_2,0.025971472,0.8366
learned,R-HOR_GRU_2,0.02598232,0.8364
learned,R-HOR_GRU_2,0.025992095,0.8362
learned,R-HOR_GRU_2,0.02599968,0.836
learned,R-HOR_GRU_2,0.026006013,0.8358
learned,R-HOR_GRU_2,0.02601111,0.8356
learned,R-HOR_GRU_2,0.026023567,0.8354
learned,R-HOR_GRU_2,0.0260337,0.8352
learned,R-HOR_GRU_2,0.026039124,0.835
learned,R-HOR_GRU_2,0.026043952,0.8348
learned,R-HOR_GRU_2,0.026054114,0.8346
learned,R-HOR_GRU_2,0.026061773,0.8344
learned,R-HOR_GRU_2,0.026068807,0.8342
learned,R-HOR_GRU_2,0.026079834,0.834
learned,R-HOR_GRU_2,0.026081085,0.8338
learned,R-HOR_GRU_2,0.026085705,0.8336
learned,R-HOR_GRU_2,0.026092052,0.8334
learned,R-HOR_GRU_2,0.026099622,0.8332
learned,R-HOR_GRU_2,0.026106,0.833
learned,R-HOR_GRU_2,0.026113212,0.8328
learned,R-HOR_GRU_2,0.026124,0.8326
learned,R-HOR_GRU_2,0.026126385,0.8324
learned,R-HOR_GRU_2,0.026130557,0.8322
learned,R-HOR_GRU_2,0.02613473,0.832
learned,R-HOR_GRU_2,0.026141047,0.8318
learned,R-HOR_GRU_2,0.02615279,0.8316
learned,R-HOR_GRU_2,0.026158273,0.8314
learned,R-HOR_GRU_2,0.02616316,0.8312
learned,R-HOR_GRU_2,0.026180685,0.831
learned,R-HOR_GRU_2,0.02618897,0.8308
learned,R-HOR_GRU_2,0.026204228,0.8306
learned,R-HOR_GRU_2,0.026209801,0.8304
learned,R-HOR_GRU_2,0.026224136,0.8302
learned,R-HOR_GRU_2,0.02624315,0.83
learned,R-HOR_GRU_2,0.026254058,0.8298
learned,R-HOR_GRU_2,0.026260406,0.8296
learned,R-HOR_GRU_2,0.026272446,0.8294
learned,R-HOR_GRU_2,0.026277363,0.8292
learned,R-HOR_GRU_2,0.026290774,0.829
learned,R-HOR_GRU_2,0.02630052,0.8288
learned,R-HOR_GRU_2,0.026328087,0.8286
learned,R-HOR_GRU_2,0.026332915,0.8284
learned,R-HOR_GRU_2,0.02634126,0.8282
learned,R-HOR_GRU_2,0.026344776,0.828
learned,R-HOR_GRU_2,0.026356995,0.8278
learned,R-HOR_GRU_2,0.0263623,0.8276
learned,R-HOR_GRU_2,0.026375532,0.8274
learned,R-HOR_GRU_2,0.02638781,0.8272
learned,R-HOR_GRU_2,0.026392668,0.827
learned,R-HOR_GRU_2,0.026405692,0.8268
learned,R-HOR_GRU_2,0.026415735,0.8266
learned,R-HOR_GRU_2,0.026427686,0.8264
learned,R-HOR_GRU_2,0.02643919,0.8262
learned,R-HOR_GRU_2,0.026455387,0.826
learned,R-HOR_GRU_2,0.026460588,0.8258
learned,R-HOR_GRU_2,0.026466131,0.8256
learned,R-HOR_GRU_2,0.026470318,0.8254
learned,R-HOR_GRU_2,0.026485145,0.8252
learned,R-HOR_GRU_2,0.026500225,0.825
learned,R-HOR_GRU_2,0.02650708,0.8248
learned,R-HOR_GRU_2,0.026512027,0.8246
learned,R-HOR_GRU_2,0.026526392,0.8244
learned,R-HOR_GRU_2,0.026545286,0.8242
learned,R-HOR_GRU_2,0.026552483,0.824
learned,R-HOR_GRU_2,0.026569188,0.8238
learned,R-HOR_GRU_2,0.026581913,0.8236
learned,R-HOR_GRU_2,0.026588053,0.8234
learned,R-HOR_GRU_2,0.02659142,0.8232
learned,R-HOR_GRU_2,0.026607156,0.823
learned,R-HOR_GRU_2,0.026613533,0.8228
learned,R-HOR_GRU_2,0.026627094,0.8226
learned,R-HOR_GRU_2,0.026634812,0.8224
learned,R-HOR_GRU_2,0.02664709,0.8222
learned,R-HOR_GRU_2,0.026651204,0.822
learned,R-HOR_GRU_2,0.026655972,0.8218
learned,R-HOR_GRU_2,0.026666164,0.8216
learned,R-HOR_GRU_2,0.026673913,0.8214
learned,R-HOR_GRU_2,0.026686952,0.8212
learned,R-HOR_GRU_2,0.026695788,0.821
learned,R-HOR_GRU_2,0.026703417,0.8208
learned,R-HOR_GRU_2,0.026706338,0.8206
learned,R-HOR_GRU_2,0.026712656,0.8204
learned,R-HOR_GRU_2,0.026735663,0.8202
learned,R-HOR_GRU_2,0.026737988,0.82
learned,R-HOR_GRU_2,0.026759148,0.8198
learned,R-HOR_GRU_2,0.026771516,0.8196
learned,R-HOR_GRU_2,0.026782513,0.8194
learned,R-HOR_GRU_2,0.026794374,0.8192
learned,R-HOR_GRU_2,0.026801825,0.819
learned,R-HOR_GRU_2,0.026815772,0.8188
learned,R-HOR_GRU_2,0.026828766,0.8186
learned,R-HOR_GRU_2,0.026838243,0.8184
learned,R-HOR_GRU_2,0.026851773,0.8182
learned,R-HOR_GRU_2,0.026858568,0.818
learned,R-HOR_GRU_2,0.026866496,0.8178
learned,R-HOR_GRU_2,0.026873052,0.8176
learned,R-HOR_GRU_2,0.026878655,0.8174
learned,R-HOR_GRU_2,0.02688539,0.8172
learned,R-HOR_GRU_2,0.026902974,0.817
learned,R-HOR_GRU_2,0.026922435,0.8168
learned,R-HOR_GRU_2,0.026928484,0.8166
learned,R-HOR_GRU_2,0.026943445,0.8164
learned,R-HOR_GRU_2,0.026960075,0.8162
learned,R-HOR_GRU_2,0.026973307,0.816
learned,R-HOR_GRU_2,0.026974589,0.8158
learned,R-HOR_GRU_2,0.026977956,0.8156
learned,R-HOR_GRU_2,0.026980698,0.8154
learned,R-HOR_GRU_2,0.027001321,0.8152
learned,R-HOR_GRU_2,0.027012408,0.815
learned,R-HOR_GRU_2,0.027018309,0.8148
learned,R-HOR_GRU_2,0.027031362,0.8146
learned,R-HOR_GRU_2,0.027039737,0.8144
learned,R-HOR_GRU_2,0.027060509,0.8142
learned,R-HOR_GRU_2,0.027073085,0.814
learned,R-HOR_GRU_2,0.027086556,0.8138
learned,R-HOR_GRU_2,0.027091563,0.8136
learned,R-HOR_GRU_2,0.027101487,0.8134
learned,R-HOR_GRU_2,0.02710718,0.8132
learned,R-HOR_GRU_2,0.027121812,0.813
learned,R-HOR_GRU_2,0.02712661,0.8128
learned,R-HOR_GRU_2,0.027138054,0.8126
learned,R-HOR_GRU_2,0.027160883,0.8124
learned,R-HOR_GRU_2,0.027171016,0.8122
learned,R-HOR_GRU_2,0.027178884,0.812
learned,R-HOR_GRU_2,0.027193755,0.8118
learned,R-HOR_GRU_2,0.02720958,0.8116
learned,R-HOR_GRU_2,0.027222633,0.8114
learned,R-HOR_GRU_2,0.027236685,0.8112
learned,R-HOR_GRU_2,0.027244896,0.811
learned,R-HOR_GRU_2,0.027261883,0.8108
learned,R-HOR_GRU_2,0.027286023,0.8106
learned,R-HOR_GRU_2,0.027302623,0.8104
learned,R-HOR_GRU_2,0.027318269,0.8102
learned,R-HOR_GRU_2,0.027330771,0.81
learned,R-HOR_GRU_2,0.02734226,0.8098
learned,R-HOR_GRU_2,0.0273543,0.8096
learned,R-HOR_GRU_2,0.027367353,0.8094
learned,R-HOR_GRU_2,0.02738434,0.8092
learned,R-HOR_GRU_2,0.027393162,0.809
learned,R-HOR_GRU_2,0.027400017,0.8088
learned,R-HOR_GRU_2,0.027406573,0.8086
learned,R-HOR_GRU_2,0.027417988,0.8084
learned,R-HOR_GRU_2,0.027441978,0.8082
learned,R-HOR_GRU_2,0.027462155,0.808
learned,R-HOR_GRU_2,0.027480423,0.8078
learned,R-HOR_GRU_2,0.027507901,0.8076
learned,R-HOR_GRU_2,0.027519047,0.8074
learned,R-HOR_GRU_2,0.027537823,0.8072
learned,R-HOR_GRU_2,0.027549088,0.807
learned,R-HOR_GRU_2,0.027563691,0.8068
learned,R-HOR_GRU_2,0.027567774,0.8066
learned,R-HOR_GRU_2,0.027575076,0.8064
learned,R-HOR_GRU_2,0.027577192,0.8062
learned,R-HOR_GRU_2,0.02758342,0.806
learned,R-HOR_GRU_2,0.027591348,0.8058
learned,R-HOR_GRU_2,0.02759844,0.8056
learned,R-HOR_GRU_2,0.027602255,0.8054
learned,R-HOR_GRU_2,0.027618527,0.8052
learned,R-HOR_GRU_2,0.027632415,0.805
learned,R-HOR_GRU_2,0.027640581,0.8048
learned,R-HOR_GRU_2,0.027649522,0.8046
learned,R-HOR_GRU_2,0.027659178,0.8044
learned,R-HOR_GRU_2,0.02766782,0.8042
learned,R-HOR_GRU_2,0.027672052,0.804
learned,R-HOR_GRU_2,0.027679205,0.8038
learned,R-HOR_GRU_2,0.027696133,0.8036
learned,R-HOR_GRU_2,0.027708143,0.8034
learned,R-HOR_GRU_2,0.027716279,0.8032
learned,R-HOR_GRU_2,0.027722418,0.803
learned,R-HOR_GRU_2,0.02772808,0.8028
learned,R-HOR_GRU_2,0.027732015,0.8026
learned,R-HOR_GRU_2,0.02774465,0.8024
learned,R-HOR_GRU_2,0.027762443,0.8022
learned,R-HOR_GRU_2,0.027772903,0.802
learned,R-HOR_GRU_2,0.027783632,0.8018
learned,R-HOR_GRU_2,0.02780354,0.8016
learned,R-HOR_GRU_2,0.027814269,0.8014
learned,R-HOR_GRU_2,0.027824879,0.8012
learned,R-HOR_GRU_2,0.027839005,0.801
learned,R-HOR_GRU_2,0.027849257,0.8008
learned,R-HOR_GRU_2,0.02786547,0.8006
learned,R-HOR_GRU_2,0.027871639,0.8004
learned,R-HOR_GRU_2,0.027875543,0.8002
learned,R-HOR_GRU_2,0.027885318,0.8
learned,R-HOR_GRU_2,0.027896583,0.7998
learned,R-HOR_GRU_2,0.027900279,0.7996
learned,R-HOR_GRU_2,0.027915448,0.7994
learned,R-HOR_GRU_2,0.02791965,0.7992
learned,R-HOR_GRU_2,0.027934551,0.799
learned,R-HOR_GRU_2,0.027942598,0.7988
learned,R-HOR_GRU_2,0.027949333,0.7986
learned,R-HOR_GRU_2,0.027953655,0.7984
learned,R-HOR_GRU_2,0.027958572,0.7982
learned,R-HOR_GRU_2,0.027973622,0.798
learned,R-HOR_GRU_2,0.027976513,0.7978
learned,R-HOR_GRU_2,0.02798158,0.7976
learned,R-HOR_GRU_2,0.027999282,0.7974
learned,R-HOR_GRU_2,0.028007627,0.7972
learned,R-HOR_GRU_2,0.028017461,0.797
learned,R-HOR_GRU_2,0.028032303,0.7968
learned,R-HOR_GRU_2,0.028039634,0.7966
learned,R-HOR_GRU_2,0.02805078,0.7964
learned,R-HOR_GRU_2,0.02806431,0.7962
learned,R-HOR_GRU_2,0.028071523,0.796
learned,R-HOR_GRU_2,0.028079271,0.7958
learned,R-HOR_GRU_2,0.028095484,0.7956
learned,R-HOR_GRU_2,0.028105676,0.7954
learned,R-HOR_GRU_2,0.028121859,0.7952
learned,R-HOR_GRU_2,0.02812779,0.795
learned,R-HOR_GRU_2,0.028135747,0.7948
learned,R-HOR_GRU_2,0.028158605,0.7946
learned,R-HOR_GRU_2,0.028163135,0.7944
learned,R-HOR_GRU_2,0.028176188,0.7942
learned,R-HOR_GRU_2,0.028188765,0.794
learned,R-HOR_GRU_2,0.02820684,0.7938
learned,R-HOR_GRU_2,0.028208971,0.7936
learned,R-HOR_GRU_2,0.028211892,0.7934
learned,R-HOR_GRU_2,0.028214812,0.7932
learned,R-HOR_GRU_2,0.028227448,0.793
learned,R-HOR_GRU_2,0.028236836,0.7928
learned,R-HOR_GRU_2,0.02825123,0.7926
learned,R-HOR_GRU_2,0.028257132,0.7924
learned,R-HOR_GRU_2,0.028261662,0.7922
learned,R-HOR_GRU_2,0.028273523,0.792
learned,R-HOR_GRU_2,0.028280482,0.7918
learned,R-HOR_GRU_2,0.028300107,0.7916
learned,R-HOR_GRU_2,0.028323054,0.7914
learned,R-HOR_GRU_2,0.028336182,0.7912
learned,R-HOR_GRU_2,0.028341264,0.791
learned,R-HOR_GRU_2,0.028346509,0.7908
learned,R-HOR_GRU_2,0.02835542,0.7906
learned,R-HOR_GRU_2,0.028362304,0.7904
learned,R-HOR_GRU_2,0.02837348,0.7902
learned,R-HOR_GRU_2,0.028378993,0.79
learned,R-HOR_GRU_2,0.028382242,0.7898
learned,R-HOR_GRU_2,0.028389156,0.7896
learned,R-HOR_GRU_2,0.028396547,0.7894
learned,R-HOR_GRU_2,0.028403595,0.7892
learned,R-HOR_GRU_2,0.028410122,0.789
learned,R-HOR_GRU_2,0.028419912,0.7888
learned,R-HOR_GRU_2,0.028428137,0.7886
learned,R-HOR_GRU_2,0.028442442,0.7884
learned,R-HOR_GRU_2,0.028447688,0.7882
learned,R-HOR_GRU_2,0.028454527,0.788
learned,R-HOR_GRU_2,0.028460383,0.7878
learned,R-HOR_GRU_2,0.028471246,0.7876
learned,R-HOR_GRU_2,0.028482735,0.7874
learned,R-HOR_GRU_2,0.028493017,0.7872
learned,R-HOR_GRU_2,0.02850002,0.787
learned,R-HOR_GRU_2,0.028511345,0.7868
learned,R-HOR_GRU_2,0.028528392,0.7866
learned,R-HOR_GRU_2,0.028534472,0.7864
learned,R-HOR_GRU_2,0.028546453,0.7862
learned,R-HOR_GRU_2,0.028554559,0.786
learned,R-HOR_GRU_2,0.02857244,0.7858
learned,R-HOR_GRU_2,0.028580397,0.7856
learned,R-HOR_GRU_2,0.028585792,0.7854
learned,R-HOR_GRU_2,0.02858901,0.7852
learned,R-HOR_GRU_2,0.028595924,0.785
learned,R-HOR_GRU_2,0.028603435,0.7848
learned,R-HOR_GRU_2,0.028609246,0.7846
learned,R-HOR_GRU_2,0.028612092,0.7844
learned,R-HOR_GRU_2,0.028618574,0.7842
learned,R-HOR_GRU_2,0.028626204,0.784
learned,R-HOR_GRU_2,0.028630584,0.7838
learned,R-HOR_GRU_2,0.028637588,0.7836
learned,R-HOR_GRU_2,0.028653115,0.7834
learned,R-HOR_GRU_2,0.028661847,0.7832
learned,R-HOR_GRU_2,0.028667524,0.783
learned,R-HOR_GRU_2,0.028680295,0.7828
learned,R-HOR_GRU_2,0.028690577,0.7826
learned,R-HOR_GRU_2,0.028703809,0.7824
learned,R-HOR_GRU_2,0.02871114,0.7822
learned,R-HOR_GRU_2,0.028720766,0.782
learned,R-HOR_GRU_2,0.028735578,0.7818
learned,R-HOR_GRU_2,0.02874428,0.7816
learned,R-HOR_GRU_2,0.028750002,0.7814
learned,R-HOR_GRU_2,0.028771281,0.7812
learned,R-HOR_GRU_2,0.028781235,0.781
learned,R-HOR_GRU_2,0.028789878,0.7808
learned,R-HOR_GRU_2,0.02879496,0.7806
learned,R-HOR_GRU_2,0.028803617,0.7804
learned,R-HOR_GRU_2,0.028814316,0.7802
learned,R-HOR_GRU_2,0.0288243,0.78
learned,R-HOR_GRU_2,0.028845504,0.7798
learned,R-HOR_GRU_2,0.02885282,0.7796
learned,R-HOR_GRU_2,0.028854609,0.7794
learned,R-HOR_GRU_2,0.028867483,0.7792
learned,R-HOR_GRU_2,0.028887898,0.779
learned,R-HOR_GRU_2,0.028893173,0.7788
learned,R-HOR_GRU_2,0.02890414,0.7786
learned,R-HOR_GRU_2,0.028911471,0.7784
learned,R-HOR_GRU_2,0.02891463,0.7782
learned,R-HOR_GRU_2,0.028921783,0.778
learned,R-HOR_GRU_2,0.028933167,0.7778
learned,R-HOR_GRU_2,0.02893895,0.7776
learned,R-HOR_GRU_2,0.028952628,0.7774
learned,R-HOR_GRU_2,0.02895984,0.7772
learned,R-HOR_GRU_2,0.028966308,0.777
learned,R-HOR_GRU_2,0.028974771,0.7768
learned,R-HOR_GRU_2,0.02898711,0.7766
learned,R-HOR_GRU_2,0.028995678,0.7764
learned,R-HOR_GRU_2,0.0290021,0.7762
learned,R-HOR_GRU_2,0.029014766,0.776
learned,R-HOR_GRU_2,0.029023051,0.7758
learned,R-HOR_GRU_2,0.029034048,0.7756
learned,R-HOR_GRU_2,0.029042423,0.7754
learned,R-HOR_GRU_2,0.02904877,0.7752
learned,R-HOR_GRU_2,0.02906084,0.775
learned,R-HOR_GRU_2,0.029072702,0.7748
learned,R-HOR_GRU_2,0.029082298,0.7746
learned,R-HOR_GRU_2,0.029087603,0.7744
learned,R-HOR_GRU_2,0.029096842,0.7742
learned,R-HOR_GRU_2,0.029103577,0.774
learned,R-HOR_GRU_2,0.029107481,0.7738
learned,R-HOR_GRU_2,0.029111579,0.7736
learned,R-HOR_GRU_2,0.029126048,0.7734
learned,R-HOR_GRU_2,0.02912873,0.7732
learned,R-HOR_GRU_2,0.029141903,0.773
learned,R-HOR_GRU_2,0.029146105,0.7728
learned,R-HOR_GRU_2,0.029156327,0.7726
learned,R-HOR_GRU_2,0.029169053,0.7724
learned,R-HOR_GRU_2,0.0291875,0.7722
learned,R-HOR_GRU_2,0.029197335,0.772
learned,R-HOR_GRU_2,0.029211164,0.7718
learned,R-HOR_GRU_2,0.029215813,0.7716
learned,R-HOR_GRU_2,0.029220998,0.7714
learned,R-HOR_GRU_2,0.02922663,0.7712
learned,R-HOR_GRU_2,0.02922976,0.771
learned,R-HOR_GRU_2,0.029238462,0.7708
learned,R-HOR_GRU_2,0.029242873,0.7706
learned,R-HOR_GRU_2,0.02925235,0.7704
learned,R-HOR_GRU_2,0.029258847,0.7702
learned,R-HOR_GRU_2,0.029276073,0.77
learned,R-HOR_GRU_2,0.02928847,0.7698
learned,R-HOR_GRU_2,0.029293299,0.7696
learned,R-HOR_GRU_2,0.029296458,0.7694
learned,R-HOR_GRU_2,0.029299557,0.7692
learned,R-HOR_GRU_2,0.029305935,0.769
learned,R-HOR_GRU_2,0.02931951,0.7688
learned,R-HOR_GRU_2,0.02933234,0.7686
learned,R-HOR_GRU_2,0.029337093,0.7684
learned,R-HOR_GRU_2,0.02934897,0.7682
learned,R-HOR_GRU_2,0.029361665,0.768
learned,R-HOR_GRU_2,0.02937007,0.7678
learned,R-HOR_GRU_2,0.0293791,0.7676
learned,R-HOR_GRU_2,0.029391617,0.7674
learned,R-HOR_GRU_2,0.02940321,0.7672
learned,R-HOR_GRU_2,0.029412627,0.767
learned,R-HOR_GRU_2,0.029422462,0.7668
learned,R-HOR_GRU_2,0.029433131,0.7666
learned,R-HOR_GRU_2,0.02944082,0.7664
learned,R-HOR_GRU_2,0.02944699,0.7662
learned,R-HOR_GRU_2,0.029453099,0.766
learned,R-HOR_GRU_2,0.029465973,0.7658
learned,R-HOR_GRU_2,0.029471904,0.7656
learned,R-HOR_GRU_2,0.029484093,0.7654
learned,R-HOR_GRU_2,0.029488802,0.7652
learned,R-HOR_GRU_2,0.029497802,0.765
learned,R-HOR_GRU_2,0.02950102,0.7648
learned,R-HOR_GRU_2,0.029506952,0.7646
learned,R-HOR_GRU_2,0.029515803,0.7644
learned,R-HOR_GRU_2,0.029531956,0.7642
learned,R-HOR_GRU_2,0.02953446,0.764
learned,R-HOR_GRU_2,0.0295403,0.7638
learned,R-HOR_GRU_2,0.029545859,0.7636
learned,R-HOR_GRU_2,0.029557645,0.7634
learned,R-HOR_GRU_2,0.02956301,0.7632
learned,R-HOR_GRU_2,0.029567003,0.763
learned,R-HOR_GRU_2,0.02957499,0.7628
learned,R-HOR_GRU_2,0.029583871,0.7626
learned,R-HOR_GRU_2,0.029598594,0.7624
learned,R-HOR_GRU_2,0.0296126,0.7622
learned,R-HOR_GRU_2,0.029616326,0.762
learned,R-HOR_GRU_2,0.029623538,0.7618
learned,R-HOR_GRU_2,0.02962786,0.7616
learned,R-HOR_GRU_2,0.029636204,0.7614
learned,R-HOR_GRU_2,0.0296458,0.7612
learned,R-HOR_GRU_2,0.029652953,0.761
learned,R-HOR_GRU_2,0.029657334,0.7608
learned,R-HOR_GRU_2,0.029677868,0.7606
learned,R-HOR_GRU_2,0.029688478,0.7604
learned,R-HOR_GRU_2,0.029696777,0.7602
learned,R-HOR_GRU_2,0.029705763,0.76
learned,R-HOR_GRU_2,0.029706895,0.7598
learned,R-HOR_GRU_2,0.029720545,0.7596
learned,R-HOR_GRU_2,0.029724538,0.7594
learned,R-HOR_GRU_2,0.029732883,0.7592
learned,R-HOR_GRU_2,0.029740274,0.759
learned,R-HOR_GRU_2,0.029748231,0.7588
learned,R-HOR_GRU_2,0.02975434,0.7586
learned,R-HOR_GRU_2,0.029769272,0.7584
learned,R-HOR_GRU_2,0.029779911,0.7582
learned,R-HOR_GRU_2,0.029786825,0.758
learned,R-HOR_GRU_2,0.029799283,0.7578
learned,R-HOR_GRU_2,0.02980858,0.7576
learned,R-HOR_GRU_2,0.029817581,0.7574
learned,R-HOR_GRU_2,0.029830635,0.7572
learned,R-HOR_GRU_2,0.029842734,0.757
learned,R-HOR_GRU_2,0.029859424,0.7568
learned,R-HOR_GRU_2,0.029867709,0.7566
learned,R-HOR_GRU_2,0.029872417,0.7564
learned,R-HOR_GRU_2,0.02988416,0.7562
learned,R-HOR_GRU_2,0.029887676,0.756
learned,R-HOR_GRU_2,0.029898435,0.7558
learned,R-HOR_GRU_2,0.029919237,0.7556
learned,R-HOR_GRU_2,0.02994454,0.7554
learned,R-HOR_GRU_2,0.029956788,0.7552
learned,R-HOR_GRU_2,0.029963732,0.755
learned,R-HOR_GRU_2,0.029970884,0.7548
learned,R-HOR_GRU_2,0.029979974,0.7546
learned,R-HOR_GRU_2,0.029987514,0.7544
learned,R-HOR_GRU_2,0.029997945,0.7542
learned,R-HOR_GRU_2,0.030004561,0.754
learned,R-HOR_GRU_2,0.030009598,0.7538
learned,R-HOR_GRU_2,0.030012488,0.7536
learned,R-HOR_GRU_2,0.030016005,0.7534
learned,R-HOR_GRU_2,0.030029267,0.7532
learned,R-HOR_GRU_2,0.030050695,0.753
learned,R-HOR_GRU_2,0.030063927,0.7528
learned,R-HOR_GRU_2,0.030078411,0.7526
learned,R-HOR_GRU_2,0.030088663,0.7524
learned,R-HOR_GRU_2,0.030099094,0.7522
learned,R-HOR_GRU_2,0.030104846,0.752
learned,R-HOR_GRU_2,0.03012079,0.7518
learned,R-HOR_GRU_2,0.030126333,0.7516
learned,R-HOR_GRU_2,0.030132115,0.7514
learned,R-HOR_GRU_2,0.030141711,0.7512
learned,R-HOR_GRU_2,0.030149996,0.751
learned,R-HOR_GRU_2,0.030163884,0.7508
learned,R-HOR_GRU_2,0.030171394,0.7506
learned,R-HOR_GRU_2,0.030182183,0.7504
learned,R-HOR_GRU_2,0.030185759,0.7502
learned,R-HOR_GRU_2,0.030198514,0.75
learned,R-HOR_GRU_2,0.030209944,0.7498
learned,R-HOR_GRU_2,0.030216336,0.7496
learned,R-HOR_GRU_2,0.030226797,0.7494
learned,R-HOR_GRU_2,0.030238718,0.7492
learned,R-HOR_GRU_2,0.03024593,0.749
learned,R-HOR_GRU_2,0.030251652,0.7488
learned,R-HOR_GRU_2,0.03025341,0.7486
learned,R-HOR_GRU_2,0.030260712,0.7484
learned,R-HOR_GRU_2,0.030273795,0.7482
learned,R-HOR_GRU_2,0.030282438,0.748
learned,R-HOR_GRU_2,0.030292213,0.7478
learned,R-HOR_GRU_2,0.030305952,0.7476
learned,R-HOR_GRU_2,0.030312836,0.7474
learned,R-HOR_GRU_2,0.030317128,0.7472
learned,R-HOR_GRU_2,0.030324847,0.747
learned,R-HOR_GRU_2,0.030335367,0.7468
learned,R-HOR_GRU_2,0.030344367,0.7466
learned,R-HOR_GRU_2,0.03036046,0.7464
learned,R-HOR_GRU_2,0.030364871,0.7462
learned,R-HOR_GRU_2,0.030369416,0.746
learned,R-HOR_GRU_2,0.03037715,0.7458
learned,R-HOR_GRU_2,0.030385017,0.7456
learned,R-HOR_GRU_2,0.030394316,0.7454
learned,R-HOR_GRU_2,0.030404493,0.7452
learned,R-HOR_GRU_2,0.030416131,0.745
learned,R-HOR_GRU_2,0.030427873,0.7448
learned,R-HOR_GRU_2,0.030433685,0.7446
learned,R-HOR_GRU_2,0.030439615,0.7444
learned,R-HOR_GRU_2,0.030446753,0.7442
learned,R-HOR_GRU_2,0.030462861,0.744
learned,R-HOR_GRU_2,0.030471623,0.7438
learned,R-HOR_GRU_2,0.030477703,0.7436
learned,R-HOR_GRU_2,0.030481696,0.7434
learned,R-HOR_GRU_2,0.030495286,0.7432
learned,R-HOR_GRU_2,0.030512795,0.743
learned,R-HOR_GRU_2,0.030523986,0.7428
learned,R-HOR_GRU_2,0.030526936,0.7426
learned,R-HOR_GRU_2,0.030532658,0.7424
learned,R-HOR_GRU_2,0.030540317,0.7422
learned,R-HOR_GRU_2,0.03055036,0.742
learned,R-HOR_GRU_2,0.030554175,0.7418
learned,R-HOR_GRU_2,0.03055814,0.7416
learned,R-HOR_GRU_2,0.030565143,0.7414
learned,R-HOR_GRU_2,0.030571043,0.7412
learned,R-HOR_GRU_2,0.030577362,0.741
learned,R-HOR_GRU_2,0.030584753,0.7408
learned,R-HOR_GRU_2,0.030592203,0.7406
learned,R-HOR_GRU_2,0.030600071,0.7404
learned,R-HOR_GRU_2,0.030619621,0.7402
learned,R-HOR_GRU_2,0.0306378,0.74
learned,R-HOR_GRU_2,0.030645132,0.7398
learned,R-HOR_GRU_2,0.030654192,0.7396
learned,R-HOR_GRU_2,0.030657709,0.7394
learned,R-HOR_GRU_2,0.030661285,0.7392
learned,R-HOR_GRU_2,0.030668199,0.739
learned,R-HOR_GRU_2,0.030675292,0.7388
learned,R-HOR_GRU_2,0.030683756,0.7386
learned,R-HOR_GRU_2,0.030690819,0.7384
learned,R-HOR_GRU_2,0.030701578,0.7382
learned,R-HOR_GRU_2,0.030706704,0.738
learned,R-HOR_GRU_2,0.030710906,0.7378
learned,R-HOR_GRU_2,0.030719787,0.7376
learned,R-HOR_GRU_2,0.030733943,0.7374
learned,R-HOR_GRU_2,0.030739218,0.7372
learned,R-HOR_GRU_2,0.030747086,0.737
learned,R-HOR_GRU_2,0.030753136,0.7368
learned,R-HOR_GRU_2,0.030766487,0.7366
learned,R-HOR_GRU_2,0.030772388,0.7364
learned,R-HOR_GRU_2,0.030780196,0.7362
learned,R-HOR_GRU_2,0.030785143,0.736
learned,R-HOR_GRU_2,0.030798376,0.7358
learned,R-HOR_GRU_2,0.030808955,0.7356
learned,R-HOR_GRU_2,0.030817926,0.7354
learned,R-HOR_GRU_2,0.030832112,0.7352
learned,R-HOR_GRU_2,0.030843616,0.735
learned,R-HOR_GRU_2,0.030854404,0.7348
learned,R-HOR_GRU_2,0.030860364,0.7346
learned,R-HOR_GRU_2,0.030870855,0.7344
learned,R-HOR_GRU_2,0.030877292,0.7342
learned,R-HOR_GRU_2,0.030881748,0.734
learned,R-HOR_GRU_2,0.030887008,0.7338
learned,R-HOR_GRU_2,0.030889124,0.7336
learned,R-HOR_GRU_2,0.030893981,0.7334
learned,R-HOR_GRU_2,0.030909479,0.7332
learned,R-HOR_GRU_2,0.030925006,0.733
learned,R-HOR_GRU_2,0.0309335,0.7328
learned,R-HOR_GRU_2,0.03093952,0.7326
learned,R-HOR_GRU_2,0.03095454,0.7324
learned,R-HOR_GRU_2,0.030962199,0.7322
learned,R-HOR_GRU_2,0.030976713,0.732
learned,R-HOR_GRU_2,0.030995429,0.7318
learned,R-HOR_GRU_2,0.031008065,0.7316
learned,R-HOR_GRU_2,0.031010091,0.7314
learned,R-HOR_GRU_2,0.031016842,0.7312
learned,R-HOR_GRU_2,0.031027645,0.731
learned,R-HOR_GRU_2,0.03103578,0.7308
learned,R-HOR_GRU_2,0.031043768,0.7306
learned,R-HOR_GRU_2,0.031053662,0.7304
learned,R-HOR_GRU_2,0.031060383,0.7302
learned,R-HOR_GRU_2,0.031066775,0.73
learned,R-HOR_GRU_2,0.031081855,0.7298
learned,R-HOR_GRU_2,0.031085521,0.7296
learned,R-HOR_GRU_2,0.03109333,0.7294
learned,R-HOR_GRU_2,0.031106487,0.7292
learned,R-HOR_GRU_2,0.031116307,0.729
learned,R-HOR_GRU_2,0.031125665,0.7288
learned,R-HOR_GRU_2,0.031127334,0.7286
learned,R-HOR_GRU_2,0.031133682,0.7284
learned,R-HOR_GRU_2,0.031137645,0.7282
learned,R-HOR_GRU_2,0.031141162,0.728
learned,R-HOR_GRU_2,0.031146765,0.7278
learned,R-HOR_GRU_2,0.031152427,0.7276
learned,R-HOR_GRU_2,0.031166017,0.7274
learned,R-HOR_GRU_2,0.031175107,0.7272
learned,R-HOR_GRU_2,0.03118743,0.727
learned,R-HOR_GRU_2,0.031194389,0.7268
learned,R-HOR_GRU_2,0.031199962,0.7266
learned,R-HOR_GRU_2,0.031212777,0.7264
learned,R-HOR_GRU_2,0.031235158,0.7262
learned,R-HOR_GRU_2,0.03123957,0.726
learned,R-HOR_GRU_2,0.03124392,0.7258
learned,R-HOR_GRU_2,0.03126204,0.7256
learned,R-HOR_GRU_2,0.031270742,0.7254
learned,R-HOR_GRU_2,0.031277627,0.7252
learned,R-HOR_GRU_2,0.03128153,0.725
learned,R-HOR_GRU_2,0.03128794,0.7248
learned,R-HOR_GRU_2,0.031299174,0.7246
learned,R-HOR_GRU_2,0.031310737,0.7244
learned,R-HOR_GRU_2,0.031324744,0.7242
learned,R-HOR_GRU_2,0.031331256,0.724
learned,R-HOR_GRU_2,0.031344056,0.7238
learned,R-HOR_GRU_2,0.031349376,0.7236
learned,R-HOR_GRU_2,0.031356454,0.7234
learned,R-HOR_GRU_2,0.031361252,0.7232
learned,R-HOR_GRU_2,0.031367898,0.723
learned,R-HOR_GRU_2,0.031378806,0.7228
learned,R-HOR_GRU_2,0.031383514,0.7226
learned,R-HOR_GRU_2,0.031390995,0.7224
learned,R-HOR_GRU_2,0.031398654,0.7222
learned,R-HOR_GRU_2,0.03140205,0.722
learned,R-HOR_GRU_2,0.031407893,0.7218
learned,R-HOR_GRU_2,0.03141272,0.7216
learned,R-HOR_GRU_2,0.031417727,0.7214
learned,R-HOR_GRU_2,0.031425595,0.7212
learned,R-HOR_GRU_2,0.0314357,0.721
learned,R-HOR_GRU_2,0.03145048,0.7208
learned,R-HOR_GRU_2,0.031460702,0.7206
learned,R-HOR_GRU_2,0.031463206,0.7204
learned,R-HOR_GRU_2,0.03147769,0.7202
learned,R-HOR_GRU_2,0.03147918,0.72
learned,R-HOR_GRU_2,0.03148651,0.7198
learned,R-HOR_GRU_2,0.031500965,0.7196
learned,R-HOR_GRU_2,0.031513393,0.7194
learned,R-HOR_GRU_2,0.0315243,0.7192
learned,R-HOR_GRU_2,0.031532526,0.719
learned,R-HOR_GRU_2,0.031544328,0.7188
learned,R-HOR_GRU_2,0.03155148,0.7186
learned,R-HOR_GRU_2,0.03156185,0.7184
learned,R-HOR_GRU_2,0.03156638,0.7182
learned,R-HOR_GRU_2,0.031568587,0.718
learned,R-HOR_GRU_2,0.031572104,0.7178
learned,R-HOR_GRU_2,0.03157848,0.7176
learned,R-HOR_GRU_2,0.03158459,0.7174
learned,R-HOR_GRU_2,0.031596333,0.7172
learned,R-HOR_GRU_2,0.031604588,0.717
learned,R-HOR_GRU_2,0.031611085,0.7168
learned,R-HOR_GRU_2,0.031615436,0.7166
learned,R-HOR_GRU_2,0.0316239,0.7164
learned,R-HOR_GRU_2,0.031629503,0.7162
learned,R-HOR_GRU_2,0.03163585,0.716
learned,R-HOR_GRU_2,0.031644717,0.7158
learned,R-HOR_GRU_2,0.03165415,0.7156
learned,R-HOR_GRU_2,0.03166634,0.7154
learned,R-HOR_GRU_2,0.031677306,0.7152
learned,R-HOR_GRU_2,0.031689346,0.715
learned,R-HOR_GRU_2,0.031694353,0.7148
learned,R-HOR_GRU_2,0.03169769,0.7146
learned,R-HOR_GRU_2,0.031700492,0.7144
learned,R-HOR_GRU_2,0.03170955,0.7142
learned,R-HOR_GRU_2,0.031714022,0.714
learned,R-HOR_GRU_2,0.03172624,0.7138
learned,R-HOR_GRU_2,0.031734377,0.7136
learned,R-HOR_GRU_2,0.031741023,0.7134
learned,R-HOR_GRU_2,0.031752452,0.7132
learned,R-HOR_GRU_2,0.03176254,0.713
learned,R-HOR_GRU_2,0.031766415,0.7128
learned,R-HOR_GRU_2,0.03177637,0.7126
learned,R-HOR_GRU_2,0.03178437,0.7124
learned,R-HOR_GRU_2,0.031790853,0.7122
learned,R-HOR_GRU_2,0.03180164,0.712
learned,R-HOR_GRU_2,0.031807244,0.7118
learned,R-HOR_GRU_2,0.03181544,0.7116
learned,R-HOR_GRU_2,0.03181815,0.7114
learned,R-HOR_GRU_2,0.031829193,0.7112
learned,R-HOR_GRU_2,0.031832367,0.711
learned,R-HOR_GRU_2,0.031836987,0.7108
learned,R-HOR_GRU_2,0.031844795,0.7106
learned,R-HOR_GRU_2,0.03186506,0.7104
learned,R-HOR_GRU_2,0.03187102,0.7102
learned,R-HOR_GRU_2,0.031882554,0.71
learned,R-HOR_GRU_2,0.031886518,0.7098
learned,R-HOR_GRU_2,0.031888425,0.7096
learned,R-HOR_GRU_2,0.03189677,0.7094
learned,R-HOR_GRU_2,0.031905293,0.7092
learned,R-HOR_GRU_2,0.031910896,0.709
learned,R-HOR_GRU_2,0.03191501,0.7088
learned,R-HOR_GRU_2,0.031924754,0.7086
learned,R-HOR_GRU_2,0.031927302,0.7084
learned,R-HOR_GRU_2,0.03194222,0.7082
learned,R-HOR_GRU_2,0.031954303,0.708
learned,R-HOR_GRU_2,0.031962574,0.7078
learned,R-HOR_GRU_2,0.031968355,0.7076
learned,R-HOR_GRU_2,0.03197038,0.7074
learned,R-HOR_GRU_2,0.03197339,0.7072
learned,R-HOR_GRU_2,0.03198117,0.707
learned,R-HOR_GRU_2,0.031994283,0.7068
learned,R-HOR_GRU_2,0.03201163,0.7066
learned,R-HOR_GRU_2,0.03202629,0.7064
learned,R-HOR_GRU_2,0.032041132,0.7062
learned,R-HOR_GRU_2,0.03204477,0.706
learned,R-HOR_GRU_2,0.032050073,0.7058
learned,R-HOR_GRU_2,0.03205879,0.7056
learned,R-HOR_GRU_2,0.032067448,0.7054
learned,R-HOR_GRU_2,0.032075018,0.7052
learned,R-HOR_GRU_2,0.03207928,0.705
learned,R-HOR_GRU_2,0.032090664,0.7048
learned,R-HOR_GRU_2,0.032098472,0.7046
learned,R-HOR_GRU_2,0.032105505,0.7044
learned,R-HOR_GRU_2,0.032118082,0.7042
learned,R-HOR_GRU_2,0.03212154,0.704
learned,R-HOR_GRU_2,0.032128364,0.7038
learned,R-HOR_GRU_2,0.03215286,0.7036
learned,R-HOR_GRU_2,0.032158732,0.7034
learned,R-HOR_GRU_2,0.032165647,0.7032
learned,R-HOR_GRU_2,0.032183737,0.703
learned,R-HOR_GRU_2,0.032190546,0.7028
learned,R-HOR_GRU_2,0.032198265,0.7026
learned,R-HOR_GRU_2,0.032206,0.7024
learned,R-HOR_GRU_2,0.032207906,0.7022
learned,R-HOR_GRU_2,0.032214046,0.702
learned,R-HOR_GRU_2,0.032223165,0.7018
learned,R-HOR_GRU_2,0.03222972,0.7016
learned,R-HOR_GRU_2,0.03223455,0.7014
learned,R-HOR_GRU_2,0.03223908,0.7012
learned,R-HOR_GRU_2,0.032246858,0.701
learned,R-HOR_GRU_2,0.03225386,0.7008
learned,R-HOR_GRU_2,0.03226711,0.7006
learned,R-HOR_GRU_2,0.03227423,0.7004
learned,R-HOR_GRU_2,0.03228277,0.7002
learned,R-HOR_GRU_2,0.032290936,0.7
learned,R-HOR_GRU_2,0.032298088,0.6998
learned,R-HOR_GRU_2,0.03230232,0.6996
learned,R-HOR_GRU_2,0.03231573,0.6994
learned,R-HOR_GRU_2,0.03232324,0.6992
learned,R-HOR_GRU_2,0.03232795,0.699
learned,R-HOR_GRU_2,0.032335937,0.6988
learned,R-HOR_GRU_2,0.032344818,0.6986
learned,R-HOR_GRU_2,0.032347202,0.6984
learned,R-HOR_GRU_2,0.03235209,0.6982
learned,R-HOR_GRU_2,0.03235674,0.698
learned,R-HOR_GRU_2,0.032363236,0.6978
learned,R-HOR_GRU_2,0.03237307,0.6976
learned,R-HOR_GRU_2,0.032384723,0.6974
learned,R-HOR_GRU_2,0.032388985,0.6972
learned,R-HOR_GRU_2,0.032391965,0.697
learned,R-HOR_GRU_2,0.032399535,0.6968
learned,R-HOR_GRU_2,0.03240651,0.6966
learned,R-HOR_GRU_2,0.032412767,0.6964
learned,R-HOR_GRU_2,0.032416284,0.6962
learned,R-HOR_GRU_2,0.032420814,0.696
learned,R-HOR_GRU_2,0.03242725,0.6958
learned,R-HOR_GRU_2,0.032433927,0.6956
learned,R-HOR_GRU_2,0.032446206,0.6954
learned,R-HOR_GRU_2,0.03245435,0.6952
learned,R-HOR_GRU_2,0.0324623,0.695
learned,R-HOR_GRU_2,0.032476127,0.6948
learned,R-HOR_GRU_2,0.032479584,0.6946
learned,R-HOR_GRU_2,0.03248802,0.6944
learned,R-HOR_GRU_2,0.032502145,0.6942
learned,R-HOR_GRU_2,0.03250894,0.694
learned,R-HOR_GRU_2,0.032517612,0.6938
learned,R-HOR_GRU_2,0.03252314,0.6936
learned,R-HOR_GRU_2,0.032537565,0.6934
learned,R-HOR_GRU_2,0.032544345,0.6932
learned,R-HOR_GRU_2,0.032551765,0.693
learned,R-HOR_GRU_2,0.03255871,0.6928
learned,R-HOR_GRU_2,0.032569647,0.6926
learned,R-HOR_GRU_2,0.032580674,0.6924
learned,R-HOR_GRU_2,0.032586217,0.6922
learned,R-HOR_GRU_2,0.032594323,0.692
learned,R-HOR_GRU_2,0.03259784,0.6918
learned,R-HOR_GRU_2,0.03260526,0.6916
learned,R-HOR_GRU_2,0.032607853,0.6914
learned,R-HOR_GRU_2,0.032620862,0.6912
learned,R-HOR_GRU_2,0.032624483,0.691
learned,R-HOR_GRU_2,0.032630444,0.6908
learned,R-HOR_GRU_2,0.032651946,0.6906
learned,R-HOR_GRU_2,0.03266138,0.6904
learned,R-HOR_GRU_2,0.032667503,0.6902
learned,R-HOR_GRU_2,0.032673925,0.69
learned,R-HOR_GRU_2,0.032678843,0.6898
learned,R-HOR_GRU_2,0.03269253,0.6896
learned,R-HOR_GRU_2,0.032701135,0.6894
learned,R-HOR_GRU_2,0.032706082,0.6892
learned,R-HOR_GRU_2,0.03271246,0.689
learned,R-HOR_GRU_2,0.032719746,0.6888
learned,R-HOR_GRU_2,0.03272365,0.6886
learned,R-HOR_GRU_2,0.032733604,0.6884
learned,R-HOR_GRU_2,0.032745242,0.6882
learned,R-HOR_GRU_2,0.03274989,0.688
learned,R-HOR_GRU_2,0.032757282,0.6878
learned,R-HOR_GRU_2,0.032763734,0.6876
learned,R-HOR_GRU_2,0.032768615,0.6874
learned,R-HOR_GRU_2,0.032769978,0.6872
learned,R-HOR_GRU_2,0.03277737,0.687
learned,R-HOR_GRU_2,0.03278303,0.6868
learned,R-HOR_GRU_2,0.032787517,0.6866
learned,R-HOR_GRU_2,0.032795787,0.6864
learned,R-HOR_GRU_2,0.032803357,0.6862
learned,R-HOR_GRU_2,0.032819033,0.686
learned,R-HOR_GRU_2,0.03283009,0.6858
learned,R-HOR_GRU_2,0.032832026,0.6856
learned,R-HOR_GRU_2,0.03283471,0.6854
learned,R-HOR_GRU_2,0.032840252,0.6852
learned,R-HOR_GRU_2,0.03284516,0.685
learned,R-HOR_GRU_2,0.03284967,0.6848
learned,R-HOR_GRU_2,0.032856345,0.6846
learned,R-HOR_GRU_2,0.032859072,0.6844
learned,R-HOR_GRU_2,0.03286855,0.6842
learned,R-HOR_GRU_2,0.03287515,0.684
learned,R-HOR_GRU_2,0.032884672,0.6838
learned,R-HOR_GRU_2,0.032893777,0.6836
learned,R-HOR_GRU_2,0.03289652,0.6834
learned,R-HOR_GRU_2,0.032900527,0.6832
learned,R-HOR_GRU_2,0.032907203,0.683
learned,R-HOR_GRU_2,0.03291279,0.6828
learned,R-HOR_GRU_2,0.03292282,0.6826
learned,R-HOR_GRU_2,0.032924533,0.6824
learned,R-HOR_GRU_2,0.032931626,0.6822
learned,R-HOR_GRU_2,0.03294149,0.682
learned,R-HOR_GRU_2,0.032944858,0.6818
learned,R-HOR_GRU_2,0.032949507,0.6816
learned,R-HOR_GRU_2,0.03295149,0.6814
learned,R-HOR_GRU_2,0.03296876,0.6812
learned,R-HOR_GRU_2,0.032982886,0.681
learned,R-HOR_GRU_2,0.03298819,0.6808
learned,R-HOR_GRU_2,0.032994032,0.6806
learned,R-HOR_GRU_2,0.033002913,0.6804
learned,R-HOR_GRU_2,0.03300947,0.6802
learned,R-HOR_GRU_2,0.03301996,0.68
learned,R-HOR_GRU_2,0.03302686,0.6798
learned,R-HOR_GRU_2,0.033047885,0.6796
learned,R-HOR_GRU_2,0.033051476,0.6794
learned,R-HOR_GRU_2,0.033068493,0.6792
learned,R-HOR_GRU_2,0.033076346,0.679
learned,R-HOR_GRU_2,0.033083677,0.6788
learned,R-HOR_GRU_2,0.033089876,0.6786
learned,R-HOR_GRU_2,0.033094317,0.6784
learned,R-HOR_GRU_2,0.033096194,0.6782
learned,R-HOR_GRU_2,0.03310299,0.678
learned,R-HOR_GRU_2,0.0331133,0.6778
learned,R-HOR_GRU_2,0.033123404,0.6776
learned,R-HOR_GRU_2,0.033127382,0.6774
learned,R-HOR_GRU_2,0.03314185,0.6772
learned,R-HOR_GRU_2,0.033144295,0.677
learned,R-HOR_GRU_2,0.033162177,0.6768
learned,R-HOR_GRU_2,0.033170104,0.6766
learned,R-HOR_GRU_2,0.033172935,0.6764
learned,R-HOR_GRU_2,0.033185303,0.6762
learned,R-HOR_GRU_2,0.03319609,0.676
learned,R-HOR_GRU_2,0.03320314,0.6758
learned,R-HOR_GRU_2,0.03321445,0.6756
learned,R-HOR_GRU_2,0.033222616,0.6754
learned,R-HOR_GRU_2,0.033227444,0.6752
learned,R-HOR_GRU_2,0.033229887,0.675
learned,R-HOR_GRU_2,0.03323561,0.6748
learned,R-HOR_GRU_2,0.033240855,0.6746
learned,R-HOR_GRU_2,0.033246934,0.6744
learned,R-HOR_GRU_2,0.033253193,0.6742
learned,R-HOR_GRU_2,0.03325498,0.674
learned,R-HOR_GRU_2,0.03326866,0.6738
learned,R-HOR_GRU_2,0.03327042,0.6736
learned,R-HOR_GRU_2,0.033273607,0.6734
learned,R-HOR_GRU_2,0.0332748,0.6732
learned,R-HOR_GRU_2,0.033284366,0.673
learned,R-HOR_GRU_2,0.033299744,0.6728
learned,R-HOR_GRU_2,0.033306003,0.6726
learned,R-HOR_GRU_2,0.033312738,0.6724
learned,R-HOR_GRU_2,0.033322275,0.6722
learned,R-HOR_GRU_2,0.033333555,0.672
learned,R-HOR_GRU_2,0.033334672,0.6718
learned,R-HOR_GRU_2,0.03334421,0.6716
learned,R-HOR_GRU_2,0.03335023,0.6714
learned,R-HOR_GRU_2,0.033365607,0.6712
learned,R-HOR_GRU_2,0.03337261,0.671
learned,R-HOR_GRU_2,0.033388674,0.6708
learned,R-HOR_GRU_2,0.03339526,0.6706
learned,R-HOR_GRU_2,0.033399984,0.6704
learned,R-HOR_GRU_2,0.03340435,0.6702
learned,R-HOR_GRU_2,0.0334121,0.67
learned,R-HOR_GRU_2,0.033416927,0.6698
learned,R-HOR_GRU_2,0.033420056,0.6696
learned,R-HOR_GRU_2,0.03342612,0.6694
learned,R-HOR_GRU_2,0.03342989,0.6692
learned,R-HOR_GRU_2,0.033436745,0.669
learned,R-HOR_GRU_2,0.033441238,0.6688
learned,R-HOR_GRU_2,0.033445597,0.6686
learned,R-HOR_GRU_2,0.033452094,0.6684
learned,R-HOR_GRU_2,0.033461377,0.6682
learned,R-HOR_GRU_2,0.03347099,0.668
learned,R-HOR_GRU_2,0.03347951,0.6678
learned,R-HOR_GRU_2,0.033487737,0.6676
learned,R-HOR_GRU_2,0.033492282,0.6674
learned,R-HOR_GRU_2,0.033502847,0.6672
learned,R-HOR_GRU_2,0.033509284,0.667
learned,R-HOR_GRU_2,0.0335142,0.6668
learned,R-HOR_GRU_2,0.033520266,0.6666
learned,R-HOR_GRU_2,0.03352678,0.6664
learned,R-HOR_GRU_2,0.03353174,0.6662
learned,R-HOR_GRU_2,0.033537537,0.666
learned,R-HOR_GRU_2,0.033545792,0.6658
learned,R-HOR_GRU_2,0.0335567,0.6656
learned,R-HOR_GRU_2,0.033566058,0.6654
learned,R-HOR_GRU_2,0.033573925,0.6652
learned,R-HOR_GRU_2,0.033581316,0.665
learned,R-HOR_GRU_2,0.03359136,0.6648
learned,R-HOR_GRU_2,0.033595026,0.6646
learned,R-HOR_GRU_2,0.033598408,0.6644
learned,R-HOR_GRU_2,0.033611536,0.6642
learned,R-HOR_GRU_2,0.033617258,0.664
learned,R-HOR_GRU_2,0.03362286,0.6638
learned,R-HOR_GRU_2,0.03363073,0.6636
learned,R-HOR_GRU_2,0.033643425,0.6634
learned,R-HOR_GRU_2,0.033652127,0.6632
learned,R-HOR_GRU_2,0.03365861,0.663
learned,R-HOR_GRU_2,0.033661783,0.6628
learned,R-HOR_GRU_2,0.033668533,0.6626
learned,R-HOR_GRU_2,0.03367263,0.6624
learned,R-HOR_GRU_2,0.033677995,0.6622
learned,R-HOR_GRU_2,0.033685684,0.662
learned,R-HOR_GRU_2,0.03369087,0.6618
learned,R-HOR_GRU_2,0.03369452,0.6616
learned,R-HOR_GRU_2,0.03369838,0.6614
learned,R-HOR_GRU_2,0.033702105,0.6612
learned,R-HOR_GRU_2,0.03370917,0.661
learned,R-HOR_GRU_2,0.03371726,0.6608
learned,R-HOR_GRU_2,0.033720165,0.6606
learned,R-HOR_GRU_2,0.033726513,0.6604
learned,R-HOR_GRU_2,0.033729136,0.6602
learned,R-HOR_GRU_2,0.033737183,0.66
learned,R-HOR_GRU_2,0.033745795,0.6598
learned,R-HOR_GRU_2,0.033756495,0.6596
learned,R-HOR_GRU_2,0.03376025,0.6594
learned,R-HOR_GRU_2,0.03376782,0.6592
learned,R-HOR_GRU_2,0.033782125,0.659
learned,R-HOR_GRU_2,0.03379816,0.6588
learned,R-HOR_GRU_2,0.033808492,0.6586
learned,R-HOR_GRU_2,0.033812225,0.6584
learned,R-HOR_GRU_2,0.033823922,0.6582
learned,R-HOR_GRU_2,0.033829495,0.658
learned,R-HOR_GRU_2,0.03383726,0.6578
learned,R-HOR_GRU_2,0.03384164,0.6576
learned,R-HOR_GRU_2,0.033849657,0.6574
learned,R-HOR_GRU_2,0.033854842,0.6572
learned,R-HOR_GRU_2,0.033859283,0.657
learned,R-HOR_GRU_2,0.03386444,0.6568
learned,R-HOR_GRU_2,0.033873677,0.6566
learned,R-HOR_GRU_2,0.033880115,0.6564
learned,R-HOR_GRU_2,0.033888638,0.6562
learned,R-HOR_GRU_2,0.033894837,0.656
learned,R-HOR_GRU_2,0.033899784,0.6558
learned,R-HOR_GRU_2,0.033909917,0.6556
learned,R-HOR_GRU_2,0.03391567,0.6554
learned,R-HOR_GRU_2,0.033922315,0.6552
learned,R-HOR_GRU_2,0.033928335,0.655
learned,R-HOR_GRU_2,0.03393805,0.6548
learned,R-HOR_GRU_2,0.03394437,0.6546
learned,R-HOR_GRU_2,0.033951998,0.6544
learned,R-HOR_GRU_2,0.03395711,0.6542
learned,R-HOR_GRU_2,0.033960104,0.654
learned,R-HOR_GRU_2,0.033973455,0.6538
learned,R-HOR_GRU_2,0.03398478,0.6536
learned,R-HOR_GRU_2,0.033991337,0.6534
learned,R-HOR_GRU_2,0.033994973,0.6532
learned,R-HOR_GRU_2,0.034003437,0.653
learned,R-HOR_GRU_2,0.03400509,0.6528
learned,R-HOR_GRU_2,0.034018993,0.6526
learned,R-HOR_GRU_2,0.034022465,0.6524
learned,R-HOR_GRU_2,0.034033895,0.6522
learned,R-HOR_GRU_2,0.034036577,0.652
learned,R-HOR_GRU_2,0.034043133,0.6518
learned,R-HOR_GRU_2,0.034049064,0.6516
learned,R-HOR_GRU_2,0.034058094,0.6514
learned,R-HOR_GRU_2,0.034062743,0.6512
learned,R-HOR_GRU_2,0.034086972,0.651
learned,R-HOR_GRU_2,0.034096003,0.6508
learned,R-HOR_GRU_2,0.03410268,0.6506
learned,R-HOR_GRU_2,0.034110606,0.6504
learned,R-HOR_GRU_2,0.034118503,0.6502
learned,R-HOR_GRU_2,0.034126997,0.65
learned,R-HOR_GRU_2,0.03413269,0.6498
learned,R-HOR_GRU_2,0.034136325,0.6496
learned,R-HOR_GRU_2,0.03414297,0.6494
learned,R-HOR_GRU_2,0.034150302,0.6492
learned,R-HOR_GRU_2,0.03415507,0.649
learned,R-HOR_GRU_2,0.034158237,0.6488
learned,R-HOR_GRU_2,0.03416878,0.6486
learned,R-HOR_GRU_2,0.034180507,0.6484
learned,R-HOR_GRU_2,0.03418547,0.6482
learned,R-HOR_GRU_2,0.03419307,0.648
learned,R-HOR_GRU_2,0.03419912,0.6478
learned,R-HOR_GRU_2,0.03421399,0.6476
learned,R-HOR_GRU_2,0.03421861,0.6474
learned,R-HOR_GRU_2,0.034234107,0.6472
learned,R-HOR_GRU_2,0.034236655,0.647
learned,R-HOR_GRU_2,0.034240425,0.6468
learned,R-HOR_GRU_2,0.034246564,0.6466
learned,R-HOR_GRU_2,0.03425312,0.6464
learned,R-HOR_GRU_2,0.03426095,0.6462
learned,R-HOR_GRU_2,0.0342692,0.646
learned,R-HOR_GRU_2,0.034275413,0.6458
learned,R-HOR_GRU_2,0.034284055,0.6456
learned,R-HOR_GRU_2,0.034288943,0.6454
learned,R-HOR_GRU_2,0.034294844,0.6452
learned,R-HOR_GRU_2,0.03430301,0.645
learned,R-HOR_GRU_2,0.034310214,0.6448
learned,R-HOR_GRU_2,0.03431493,0.6446
learned,R-HOR_GRU_2,0.03432487,0.6444
learned,R-HOR_GRU_2,0.034330234,0.6442
learned,R-HOR_GRU_2,0.034342468,0.644
learned,R-HOR_GRU_2,0.034347236,0.6438
learned,R-HOR_GRU_2,0.0343557,0.6436
learned,R-HOR_GRU_2,0.03436339,0.6434
learned,R-HOR_GRU_2,0.034382045,0.6432
learned,R-HOR_GRU_2,0.034389094,0.643
learned,R-HOR_GRU_2,0.034394205,0.6428
learned,R-HOR_GRU_2,0.03440231,0.6426
learned,R-HOR_GRU_2,0.034418724,0.6424
learned,R-HOR_GRU_2,0.034423947,0.6422
learned,R-HOR_GRU_2,0.034427583,0.642
learned,R-HOR_GRU_2,0.034439564,0.6418
learned,R-HOR_GRU_2,0.034442782,0.6416
learned,R-HOR_GRU_2,0.03445196,0.6414
learned,R-HOR_GRU_2,0.034456074,0.6412
learned,R-HOR_GRU_2,0.034464084,0.641
learned,R-HOR_GRU_2,0.03446704,0.6408
learned,R-HOR_GRU_2,0.034476086,0.6406
learned,R-HOR_GRU_2,0.034491852,0.6404
learned,R-HOR_GRU_2,0.034500167,0.6402
learned,R-HOR_GRU_2,0.034508884,0.64
learned,R-HOR_GRU_2,0.0345127,0.6398
learned,R-HOR_GRU_2,0.034525856,0.6396
learned,R-HOR_GRU_2,0.0345397,0.6394
learned,R-HOR_GRU_2,0.034547925,0.6392
learned,R-HOR_GRU_2,0.03455621,0.639
learned,R-HOR_GRU_2,0.034566104,0.6388
learned,R-HOR_GRU_2,0.034570746,0.6386
learned,R-HOR_GRU_2,0.034573793,0.6384
learned,R-HOR_GRU_2,0.034577906,0.6382
learned,R-HOR_GRU_2,0.03458494,0.638
learned,R-HOR_GRU_2,0.034593463,0.6378
learned,R-HOR_GRU_2,0.03459835,0.6376
learned,R-HOR_GRU_2,0.034613848,0.6374
learned,R-HOR_GRU_2,0.03461829,0.6372
learned,R-HOR_GRU_2,0.0346269,0.637
learned,R-HOR_GRU_2,0.034632146,0.6368
learned,R-HOR_GRU_2,0.03463787,0.6366
learned,R-HOR_GRU_2,0.03464315,0.6364
learned,R-HOR_GRU_2,0.034646183,0.6362
learned,R-HOR_GRU_2,0.034652293,0.636
learned,R-HOR_GRU_2,0.034656525,0.6358
learned,R-HOR_GRU_2,0.03467083,0.6356
learned,R-HOR_GRU_2,0.034674346,0.6354
learned,R-HOR_GRU_2,0.034683466,0.6352
learned,R-HOR_GRU_2,0.034691326,0.635
learned,R-HOR_GRU_2,0.034694374,0.6348
learned,R-HOR_GRU_2,0.034697846,0.6346
learned,R-HOR_GRU_2,0.034702122,0.6344
learned,R-HOR_GRU_2,0.034705937,0.6342
learned,R-HOR_GRU_2,0.0347085,0.634
learned,R-HOR_GRU_2,0.03472328,0.6338
learned,R-HOR_GRU_2,0.03473258,0.6336
learned,R-HOR_GRU_2,0.034735203,0.6334
learned,R-HOR_GRU_2,0.034738183,0.6332
learned,R-HOR_GRU_2,0.034743756,0.633
learned,R-HOR_GRU_2,0.03474778,0.6328
learned,R-HOR_GRU_2,0.034751832,0.6326
learned,R-HOR_GRU_2,0.03475675,0.6324
learned,R-HOR_GRU_2,0.03476596,0.6322
learned,R-HOR_GRU_2,0.034768254,0.632
learned,R-HOR_GRU_2,0.03477472,0.6318
learned,R-HOR_GRU_2,0.03478062,0.6316
learned,R-HOR_GRU_2,0.03478706,0.6314
learned,R-HOR_GRU_2,0.03479232,0.6312
learned,R-HOR_GRU_2,0.034798443,0.631
learned,R-HOR_GRU_2,0.034817696,0.6308
learned,R-HOR_GRU_2,0.0348233,0.6306
learned,R-HOR_GRU_2,0.034829617,0.6304
learned,R-HOR_GRU_2,0.03484243,0.6302
learned,R-HOR_GRU_2,0.034844875,0.63
learned,R-HOR_GRU_2,0.034853145,0.6298
learned,R-HOR_GRU_2,0.03486158,0.6296
learned,R-HOR_GRU_2,0.034863174,0.6294
learned,R-HOR_GRU_2,0.03487718,0.6292
learned,R-HOR_GRU_2,0.034887612,0.629
learned,R-HOR_GRU_2,0.034903675,0.6288
learned,R-HOR_GRU_2,0.034913182,0.6286
learned,R-HOR_GRU_2,0.034920275,0.6284
learned,R-HOR_GRU_2,0.034923345,0.6282
learned,R-HOR_GRU_2,0.034931183,0.628
learned,R-HOR_GRU_2,0.03493923,0.6278
learned,R-HOR_GRU_2,0.034945235,0.6276
learned,R-HOR_GRU_2,0.034953922,0.6274
learned,R-HOR_GRU_2,0.03495729,0.6272
learned,R-HOR_GRU_2,0.034963667,0.627
learned,R-HOR_GRU_2,0.034972906,0.6268
learned,R-HOR_GRU_2,0.034977138,0.6266
learned,R-HOR_GRU_2,0.034988105,0.6264
learned,R-HOR_GRU_2,0.034994483,0.6262
learned,R-HOR_GRU_2,0.035009712,0.626
learned,R-HOR_GRU_2,0.035015374,0.6258
learned,R-HOR_GRU_2,0.03502184,0.6256
learned,R-HOR_GRU_2,0.03502935,0.6254
learned,R-HOR_GRU_2,0.03503841,0.6252
learned,R-HOR_GRU_2,0.035048485,0.625
learned,R-HOR_GRU_2,0.03505528,0.6248
learned,R-HOR_GRU_2,0.035066616,0.6246
learned,R-HOR_GRU_2,0.035070777,0.6244
learned,R-HOR_GRU_2,0.035078287,0.6242
learned,R-HOR_GRU_2,0.035090923,0.624
learned,R-HOR_GRU_2,0.0350945,0.6238
learned,R-HOR_GRU_2,0.035096526,0.6236
learned,R-HOR_GRU_2,0.035101354,0.6234
learned,R-HOR_GRU_2,0.035107434,0.6232
learned,R-HOR_GRU_2,0.035114765,0.623
learned,R-HOR_GRU_2,0.035121858,0.6228
learned,R-HOR_GRU_2,0.035126686,0.6226
learned,R-HOR_GRU_2,0.035138488,0.6224
learned,R-HOR_GRU_2,0.03515041,0.6222
learned,R-HOR_GRU_2,0.03515333,0.622
learned,R-HOR_GRU_2,0.035157517,0.6218
learned,R-HOR_GRU_2,0.0351637,0.6216
learned,R-HOR_GRU_2,0.035171807,0.6214
learned,R-HOR_GRU_2,0.035183474,0.6212
learned,R-HOR_GRU_2,0.035185277,0.621
learned,R-HOR_GRU_2,0.03519839,0.6208
learned,R-HOR_GRU_2,0.035207346,0.6206
learned,R-HOR_GRU_2,0.035223126,0.6204
learned,R-HOR_GRU_2,0.035231948,0.6202
learned,R-HOR_GRU_2,0.035237983,0.62
learned,R-HOR_GRU_2,0.03524238,0.6198
learned,R-HOR_GRU_2,0.035248697,0.6196
learned,R-HOR_GRU_2,0.035262108,0.6194
learned,R-HOR_GRU_2,0.03527057,0.6192
learned,R-HOR_GRU_2,0.035282433,0.619
learned,R-HOR_GRU_2,0.035287946,0.6188
learned,R-HOR_GRU_2,0.035289884,0.6186
learned,R-HOR_GRU_2,0.03530222,0.6184
learned,R-HOR_GRU_2,0.0353173,0.6182
learned,R-HOR_GRU_2,0.035323426,0.618
learned,R-HOR_GRU_2,0.03532864,0.6178
learned,R-HOR_GRU_2,0.035336614,0.6176
learned,R-HOR_GRU_2,0.035344332,0.6174
learned,R-HOR_GRU_2,0.0353508,0.6172
learned,R-HOR_GRU_2,0.0353567,0.617
learned,R-HOR_GRU_2,0.035362408,0.6168
learned,R-HOR_GRU_2,0.035368085,0.6166
learned,R-HOR_GRU_2,0.035370916,0.6164
learned,R-HOR_GRU_2,0.035392642,0.6162
learned,R-HOR_GRU_2,0.035395056,0.616
learned,R-HOR_GRU_2,0.035407417,0.6158
learned,R-HOR_GRU_2,0.035417497,0.6156
learned,R-HOR_GRU_2,0.035420477,0.6154
learned,R-HOR_GRU_2,0.035429835,0.6152
learned,R-HOR_GRU_2,0.035441995,0.615
learned,R-HOR_GRU_2,0.035451412,0.6148
learned,R-HOR_GRU_2,0.035458446,0.6146
learned,R-HOR_GRU_2,0.035469413,0.6144
learned,R-HOR_GRU_2,0.035479993,0.6142
learned,R-HOR_GRU_2,0.035487533,0.614
learned,R-HOR_GRU_2,0.03549242,0.6138
learned,R-HOR_GRU_2,0.035498872,0.6136
learned,R-HOR_GRU_2,0.03550124,0.6134
learned,R-HOR_GRU_2,0.03551075,0.6132
learned,R-HOR_GRU_2,0.035513878,0.613
learned,R-HOR_GRU_2,0.035526186,0.6128
learned,R-HOR_GRU_2,0.0355317,0.6126
learned,R-HOR_GRU_2,0.035535157,0.6124
learned,R-HOR_GRU_2,0.03554082,0.6122
learned,R-HOR_GRU_2,0.03554693,0.612
learned,R-HOR_GRU_2,0.035554424,0.6118
learned,R-HOR_GRU_2,0.035558462,0.6116
learned,R-HOR_GRU_2,0.035559893,0.6114
learned,R-HOR_GRU_2,0.03556347,0.6112
learned,R-HOR_GRU_2,0.035570145,0.611
learned,R-HOR_GRU_2,0.03557521,0.6108
learned,R-HOR_GRU_2,0.035588898,0.6106
learned,R-HOR_GRU_2,0.035596967,0.6104
learned,R-HOR_GRU_2,0.035602987,0.6102
learned,R-HOR_GRU_2,0.035606503,0.61
learned,R-HOR_GRU_2,0.035618544,0.6098
learned,R-HOR_GRU_2,0.035628498,0.6096
learned,R-HOR_GRU_2,0.03563714,0.6094
learned,R-HOR_GRU_2,0.03564018,0.6092
learned,R-HOR_GRU_2,0.035649136,0.609
learned,R-HOR_GRU_2,0.03565395,0.6088
learned,R-HOR_GRU_2,0.035658717,0.6086
learned,R-HOR_GRU_2,0.03565967,0.6084
learned,R-HOR_GRU_2,0.035669565,0.6082
learned,R-HOR_GRU_2,0.0356732,0.608
learned,R-HOR_GRU_2,0.035682008,0.6078
learned,R-HOR_GRU_2,0.03568864,0.6076
learned,R-HOR_GRU_2,0.03569381,0.6074
learned,R-HOR_GRU_2,0.03570175,0.6072
learned,R-HOR_GRU_2,0.035705715,0.607
learned,R-HOR_GRU_2,0.035712585,0.6068
learned,R-HOR_GRU_2,0.03572035,0.6066
learned,R-HOR_GRU_2,0.03572905,0.6064
learned,R-HOR_GRU_2,0.03574574,0.6062
learned,R-HOR_GRU_2,0.03575503,0.606
learned,R-HOR_GRU_2,0.035764813,0.6058
learned,R-HOR_GRU_2,0.03577137,0.6056
learned,R-HOR_GRU_2,0.035775185,0.6054
learned,R-HOR_GRU_2,0.03578949,0.6052
learned,R-HOR_GRU_2,0.035799563,0.605
learned,R-HOR_GRU_2,0.03581205,0.6048
learned,R-HOR_GRU_2,0.03581494,0.6046
learned,R-HOR_GRU_2,0.035821706,0.6044
learned,R-HOR_GRU_2,0.035834193,0.6042
learned,R-HOR_GRU_2,0.03584218,0.604
learned,R-HOR_GRU_2,0.03584996,0.6038
learned,R-HOR_GRU_2,0.03585741,0.6036
learned,R-HOR_GRU_2,0.03586331,0.6034
learned,R-HOR_GRU_2,0.03586501,0.6032
learned,R-HOR_GRU_2,0.035874963,0.603
learned,R-HOR_GRU_2,0.035879523,0.6028
learned,R-HOR_GRU_2,0.03588593,0.6026
learned,R-HOR_GRU_2,0.0358997,0.6024
learned,R-HOR_GRU_2,0.035907358,0.6022
learned,R-HOR_GRU_2,0.035913587,0.602
learned,R-HOR_GRU_2,0.03591758,0.6018
learned,R-HOR_GRU_2,0.035921633,0.6016
learned,R-HOR_GRU_2,0.035934985,0.6014
learned,R-HOR_GRU_2,0.03594598,0.6012
learned,R-HOR_GRU_2,0.03595507,0.601
learned,R-HOR_GRU_2,0.035963595,0.6008
learned,R-HOR_GRU_2,0.035971522,0.6006
learned,R-HOR_GRU_2,0.035976887,0.6004
learned,R-HOR_GRU_2,0.03598255,0.6002
learned,R-HOR_GRU_2,0.035990655,0.6
learned,R-HOR_GRU_2,0.035993695,0.5998
learned,R-HOR_GRU_2,0.036004707,0.5996
learned,R-HOR_GRU_2,0.036010116,0.5994
learned,R-HOR_GRU_2,0.03601432,0.5992
learned,R-HOR_GRU_2,0.036020733,0.599
learned,R-HOR_GRU_2,0.03602475,0.5988
learned,R-HOR_GRU_2,0.036031306,0.5986
learned,R-HOR_GRU_2,0.03604053,0.5984
learned,R-HOR_GRU_2,0.036050044,0.5982
learned,R-HOR_GRU_2,0.03605348,0.598
learned,R-HOR_GRU_2,0.036055624,0.5978
learned,R-HOR_GRU_2,0.03605908,0.5976
learned,R-HOR_GRU_2,0.036065936,0.5974
learned,R-HOR_GRU_2,0.03607273,0.5972
learned,R-HOR_GRU_2,0.03607905,0.597
learned,R-HOR_GRU_2,0.036086783,0.5968
learned,R-HOR_GRU_2,0.036092818,0.5966
learned,R-HOR_GRU_2,0.036095917,0.5964
learned,R-HOR_GRU_2,0.03609903,0.5962
learned,R-HOR_GRU_2,0.036106825,0.596
learned,R-HOR_GRU_2,0.036118463,0.5958
learned,R-HOR_GRU_2,0.03612742,0.5956
learned,R-HOR_GRU_2,0.036131263,0.5954
learned,R-HOR_GRU_2,0.03614287,0.5952
learned,R-HOR_GRU_2,0.036158383,0.595
learned,R-HOR_GRU_2,0.036166012,0.5948
learned,R-HOR_GRU_2,0.036169052,0.5946
learned,R-HOR_GRU_2,0.03617823,0.5944
learned,R-HOR_GRU_2,0.03618878,0.5942
learned,R-HOR_GRU_2,0.0361979,0.594
learned,R-HOR_GRU_2,0.036206722,0.5938
learned,R-HOR_GRU_2,0.036214054,0.5936
learned,R-HOR_GRU_2,0.036217034,0.5934
learned,R-HOR_GRU_2,0.03622295,0.5932
learned,R-HOR_GRU_2,0.0362276,0.593
learned,R-HOR_GRU_2,0.036236778,0.5928
learned,R-HOR_GRU_2,0.03624034,0.5926
learned,R-HOR_GRU_2,0.036253154,0.5924
learned,R-HOR_GRU_2,0.036262654,0.5922
learned,R-HOR_GRU_2,0.036277935,0.592
learned,R-HOR_GRU_2,0.036291026,0.5918
learned,R-HOR_GRU_2,0.03629625,0.5916
learned,R-HOR_GRU_2,0.036300957,0.5914
learned,R-HOR_GRU_2,0.03630811,0.5912
learned,R-HOR_GRU_2,0.036314785,0.591
learned,R-HOR_GRU_2,0.036329567,0.5908
learned,R-HOR_GRU_2,0.036336005,0.5906
learned,R-HOR_GRU_2,0.036340117,0.5904
learned,R-HOR_GRU_2,0.03635311,0.5902
learned,R-HOR_GRU_2,0.0363608,0.59
learned,R-HOR_GRU_2,0.036372513,0.5898
learned,R-HOR_GRU_2,0.03637439,0.5896
learned,R-HOR_GRU_2,0.036379203,0.5894
learned,R-HOR_GRU_2,0.036381006,0.5892
learned,R-HOR_GRU_2,0.036386907,0.589
learned,R-HOR_GRU_2,0.036399007,0.5888
learned,R-HOR_GRU_2,0.036413014,0.5886
learned,R-HOR_GRU_2,0.036417246,0.5884
learned,R-HOR_GRU_2,0.03641948,0.5882
learned,R-HOR_GRU_2,0.036428213,0.588
learned,R-HOR_GRU_2,0.03643304,0.5878
learned,R-HOR_GRU_2,0.036438584,0.5876
learned,R-HOR_GRU_2,0.036442034,0.5874
learned,R-HOR_GRU_2,0.036444485,0.5872
learned,R-HOR_GRU_2,0.036455654,0.587
learned,R-HOR_GRU_2,0.036462963,0.5868
learned,R-HOR_GRU_2,0.036470056,0.5866
learned,R-HOR_GRU_2,0.03647673,0.5864
learned,R-HOR_GRU_2,0.03648311,0.5862
learned,R-HOR_GRU_2,0.036492288,0.586
learned,R-HOR_GRU_2,0.03649664,0.5858
learned,R-HOR_GRU_2,0.03650397,0.5856
learned,R-HOR_GRU_2,0.03651595,0.5854
learned,R-HOR_GRU_2,0.03652376,0.5852
learned,R-HOR_GRU_2,0.036536396,0.585
learned,R-HOR_GRU_2,0.036545098,0.5848
learned,R-HOR_GRU_2,0.036551178,0.5846
learned,R-HOR_GRU_2,0.036559805,0.5844
learned,R-HOR_GRU_2,0.0365628,0.5842
learned,R-HOR_GRU_2,0.036577195,0.584
learned,R-HOR_GRU_2,0.036592066,0.5838
learned,R-HOR_GRU_2,0.036594123,0.5836
learned,R-HOR_GRU_2,0.03659761,0.5834
learned,R-HOR_GRU_2,0.03660351,0.5832
learned,R-HOR_GRU_2,0.036613822,0.583
learned,R-HOR_GRU_2,0.03662908,0.5828
learned,R-HOR_GRU_2,0.0366368,0.5826
learned,R-HOR_GRU_2,0.03664604,0.5824
learned,R-HOR_GRU_2,0.036656678,0.5822
learned,R-HOR_GRU_2,0.036657855,0.582
learned,R-HOR_GRU_2,0.036673844,0.5818
learned,R-HOR_GRU_2,0.03668064,0.5816
learned,R-HOR_GRU_2,0.036685944,0.5814
learned,R-HOR_GRU_2,0.03669393,0.5812
learned,R-HOR_GRU_2,0.036704183,0.581
learned,R-HOR_GRU_2,0.036716223,0.5808
learned,R-HOR_GRU_2,0.0367285,0.5806
learned,R-HOR_GRU_2,0.036736846,0.5804
learned,R-HOR_GRU_2,0.036743596,0.5802
learned,R-HOR_GRU_2,0.036748946,0.58
learned,R-HOR_GRU_2,0.03675504,0.5798
learned,R-HOR_GRU_2,0.0367658,0.5796
learned,R-HOR_GRU_2,0.036773086,0.5794
learned,R-HOR_GRU_2,0.036778748,0.5792
learned,R-HOR_GRU_2,0.036785364,0.579
learned,R-HOR_GRU_2,0.036789984,0.5788
learned,R-HOR_GRU_2,0.036796182,0.5786
learned,R-HOR_GRU_2,0.0368046,0.5784
learned,R-HOR_GRU_2,0.036812365,0.5782
learned,R-HOR_GRU_2,0.036816835,0.578
learned,R-HOR_GRU_2,0.036824584,0.5778
learned,R-HOR_GRU_2,0.036830902,0.5776
learned,R-HOR_GRU_2,0.036839366,0.5774
learned,R-HOR_GRU_2,0.036841094,0.5772
learned,R-HOR_GRU_2,0.036855176,0.577
learned,R-HOR_GRU_2,0.036857724,0.5768
learned,R-HOR_GRU_2,0.03686869,0.5766
learned,R-HOR_GRU_2,0.0368739,0.5764
learned,R-HOR_GRU_2,0.03687811,0.5762
learned,R-HOR_GRU_2,0.036884308,0.576
learned,R-HOR_GRU_2,0.036886573,0.5758
learned,R-HOR_GRU_2,0.036890388,0.5756
learned,R-HOR_GRU_2,0.036905527,0.5754
learned,R-HOR_GRU_2,0.03690963,0.5752
learned,R-HOR_GRU_2,0.036921635,0.575
learned,R-HOR_GRU_2,0.03692466,0.5748
learned,R-HOR_GRU_2,0.036934257,0.5746
learned,R-HOR_GRU_2,0.036948442,0.5744
learned,R-HOR_GRU_2,0.036953986,0.5742
learned,R-HOR_GRU_2,0.036967397,0.574
learned,R-HOR_GRU_2,0.03697443,0.5738
learned,R-HOR_GRU_2,0.03697875,0.5736
learned,R-HOR_GRU_2,0.036991686,0.5734
learned,R-HOR_GRU_2,0.037006557,0.5732
learned,R-HOR_GRU_2,0.037015796,0.573
learned,R-HOR_GRU_2,0.037023902,0.5728
learned,R-HOR_GRU_2,0.037026405,0.5726
learned,R-HOR_GRU_2,0.037034273,0.5724
learned,R-HOR_GRU_2,0.037040442,0.5722
learned,R-HOR_GRU_2,0.03704205,0.572
learned,R-HOR_GRU_2,0.037047505,0.5718
learned,R-HOR_GRU_2,0.03705764,0.5716
learned,R-HOR_GRU_2,0.037064254,0.5714
learned,R-HOR_GRU_2,0.037076525,0.5712
learned,R-HOR_GRU_2,0.037084043,0.571
learned,R-HOR_GRU_2,0.037091136,0.5708
learned,R-HOR_GRU_2,0.03709972,0.5706
learned,R-HOR_GRU_2,0.03710383,0.5704
learned,R-HOR_GRU_2,0.03710729,0.5702
learned,R-HOR_GRU_2,0.037109584,0.57
learned,R-HOR_GRU_2,0.037121072,0.5698
learned,R-HOR_GRU_2,0.037128985,0.5696
learned,R-HOR_GRU_2,0.037147164,0.5694
learned,R-HOR_GRU_2,0.037150025,0.5692
learned,R-HOR_GRU_2,0.037153363,0.569
learned,R-HOR_GRU_2,0.037156284,0.5688
learned,R-HOR_GRU_2,0.03716275,0.5686
learned,R-HOR_GRU_2,0.037170887,0.5684
learned,R-HOR_GRU_2,0.0371854,0.5682
learned,R-HOR_GRU_2,0.037192583,0.568
learned,R-HOR_GRU_2,0.037197948,0.5678
learned,R-HOR_GRU_2,0.037212253,0.5676
learned,R-HOR_GRU_2,0.03722121,0.5674
learned,R-HOR_GRU_2,0.037233353,0.5672
learned,R-HOR_GRU_2,0.03723447,0.567
learned,R-HOR_GRU_2,0.037238896,0.5668
learned,R-HOR_GRU_2,0.03724289,0.5666
learned,R-HOR_GRU_2,0.03725058,0.5664
learned,R-HOR_GRU_2,0.037259147,0.5662
learned,R-HOR_GRU_2,0.037265852,0.566
learned,R-HOR_GRU_2,0.03727024,0.5658
learned,R-HOR_GRU_2,0.03728252,0.5656
learned,R-HOR_GRU_2,0.037284583,0.5654
learned,R-HOR_GRU_2,0.03729011,0.5652
learned,R-HOR_GRU_2,0.037297726,0.565
learned,R-HOR_GRU_2,0.03730225,0.5648
learned,R-HOR_GRU_2,0.03731446,0.5646
learned,R-HOR_GRU_2,0.03732764,0.5644
learned,R-HOR_GRU_2,0.037335277,0.5642
learned,R-HOR_GRU_2,0.03734333,0.564
learned,R-HOR_GRU_2,0.037347615,0.5638
learned,R-HOR_GRU_2,0.03735119,0.5636
learned,R-HOR_GRU_2,0.03735736,0.5634
learned,R-HOR_GRU_2,0.037365437,0.5632
learned,R-HOR_GRU_2,0.037373066,0.563
learned,R-HOR_GRU_2,0.03737898,0.5628
learned,R-HOR_GRU_2,0.037381787,0.5626
learned,R-HOR_GRU_2,0.03738773,0.5624
learned,R-HOR_GRU_2,0.037395447,0.5622
learned,R-HOR_GRU_2,0.037398875,0.562
learned,R-HOR_GRU_2,0.03740689,0.5618
learned,R-HOR_GRU_2,0.03740976,0.5616
learned,R-HOR_GRU_2,0.037416697,0.5614
learned,R-HOR_GRU_2,0.03742337,0.5612
learned,R-HOR_GRU_2,0.037431538,0.561
learned,R-HOR_GRU_2,0.037441008,0.5608
learned,R-HOR_GRU_2,0.037443742,0.5606
learned,R-HOR_GRU_2,0.037450194,0.5604
learned,R-HOR_GRU_2,0.03745517,0.5602
learned,R-HOR_GRU_2,0.037462614,0.56
learned,R-HOR_GRU_2,0.03747624,0.5598
learned,R-HOR_GRU_2,0.037480332,0.5596
learned,R-HOR_GRU_2,0.03748989,0.5594
learned,R-HOR_GRU_2,0.037496664,0.5592
learned,R-HOR_GRU_2,0.037501328,0.559
learned,R-HOR_GRU_2,0.037504733,0.5588
learned,R-HOR_GRU_2,0.037512273,0.5586
learned,R-HOR_GRU_2,0.0375181,0.5584
learned,R-HOR_GRU_2,0.037527323,0.5582
learned,R-HOR_GRU_2,0.037534,0.558
learned,R-HOR_GRU_2,0.037537396,0.5578
learned,R-HOR_GRU_2,0.037539244,0.5576
learned,R-HOR_GRU_2,0.037545547,0.5574
learned,R-HOR_GRU_2,0.037548542,0.5572
learned,R-HOR_GRU_2,0.037560523,0.557
learned,R-HOR_GRU_2,0.03757602,0.5568
learned,R-HOR_GRU_2,0.037583962,0.5566
learned,R-HOR_GRU_2,0.03758747,0.5564
learned,R-HOR_GRU_2,0.03759235,0.5562
learned,R-HOR_GRU_2,0.03759408,0.556
learned,R-HOR_GRU_2,0.037605464,0.5558
learned,R-HOR_GRU_2,0.03761041,0.5556
learned,R-HOR_GRU_2,0.03761685,0.5554
learned,R-HOR_GRU_2,0.0376222,0.5552
learned,R-HOR_GRU_2,0.037629843,0.555
learned,R-HOR_GRU_2,0.037633166,0.5548
learned,R-HOR_GRU_2,0.03763864,0.5546
learned,R-HOR_GRU_2,0.0376423,0.5544
learned,R-HOR_GRU_2,0.0376485,0.5542
learned,R-HOR_GRU_2,0.037660196,0.554
learned,R-HOR_GRU_2,0.037677586,0.5538
learned,R-HOR_GRU_2,0.037682086,0.5536
learned,R-HOR_GRU_2,0.037684366,0.5534
learned,R-HOR_GRU_2,0.037692547,0.5532
learned,R-HOR_GRU_2,0.037696004,0.553
learned,R-HOR_GRU_2,0.037702918,0.5528
learned,R-HOR_GRU_2,0.037707925,0.5526
learned,R-HOR_GRU_2,0.037719786,0.5524
learned,R-HOR_GRU_2,0.037733734,0.5522
learned,R-HOR_GRU_2,0.037739217,0.552
learned,R-HOR_GRU_2,0.037749305,0.5518
learned,R-HOR_GRU_2,0.03775409,0.5516
learned,R-HOR_GRU_2,0.037761748,0.5514
learned,R-HOR_GRU_2,0.03776838,0.5512
learned,R-HOR_GRU_2,0.037776113,0.551
learned,R-HOR_GRU_2,0.03778039,0.5508
learned,R-HOR_GRU_2,0.037792623,0.5506
learned,R-HOR_GRU_2,0.037797406,0.5504
learned,R-HOR_GRU_2,0.037809104,0.5502
learned,R-HOR_GRU_2,0.037822127,0.55
learned,R-HOR_GRU_2,0.037829995,0.5498
learned,R-HOR_GRU_2,0.03783556,0.5496
learned,R-HOR_GRU_2,0.037840545,0.5494
learned,R-HOR_GRU_2,0.037853785,0.5492
learned,R-HOR_GRU_2,0.037861913,0.549
learned,R-HOR_GRU_2,0.0378626,0.5488
learned,R-HOR_GRU_2,0.037866533,0.5486
learned,R-HOR_GRU_2,0.037872076,0.5484
learned,R-HOR_GRU_2,0.03788179,0.5482
learned,R-HOR_GRU_2,0.0378868,0.548
learned,R-HOR_GRU_2,0.037896335,0.5478
learned,R-HOR_GRU_2,0.037900984,0.5476
learned,R-HOR_GRU_2,0.037910655,0.5474
learned,R-HOR_GRU_2,0.037920553,0.5472
learned,R-HOR_GRU_2,0.03792312,0.547
learned,R-HOR_GRU_2,0.037935734,0.5468
learned,R-HOR_GRU_2,0.037938714,0.5466
learned,R-HOR_GRU_2,0.037953377,0.5464
learned,R-HOR_GRU_2,0.0379635,0.5462
learned,R-HOR_GRU_2,0.037965357,0.546
learned,R-HOR_GRU_2,0.037968338,0.5458
learned,R-HOR_GRU_2,0.03797716,0.5456
learned,R-HOR_GRU_2,0.03798595,0.5454
learned,R-HOR_GRU_2,0.037994683,0.5452
learned,R-HOR_GRU_2,0.037998192,0.545
learned,R-HOR_GRU_2,0.038002834,0.5448
learned,R-HOR_GRU_2,0.038007006,0.5446
learned,R-HOR_GRU_2,0.038015053,0.5444
learned,R-HOR_GRU_2,0.038024273,0.5442
learned,R-HOR_GRU_2,0.038030654,0.544
learned,R-HOR_GRU_2,0.038039863,0.5438
learned,R-HOR_GRU_2,0.038042247,0.5436
learned,R-HOR_GRU_2,0.03804916,0.5434
learned,R-HOR_GRU_2,0.038053513,0.5432
learned,R-HOR_GRU_2,0.038056195,0.543
learned,R-HOR_GRU_2,0.0380587,0.5428
learned,R-HOR_GRU_2,0.038068473,0.5426
learned,R-HOR_GRU_2,0.038074434,0.5424
learned,R-HOR_GRU_2,0.038084082,0.5422
learned,R-HOR_GRU_2,0.03808862,0.542
learned,R-HOR_GRU_2,0.038092047,0.5418
learned,R-HOR_GRU_2,0.03810227,0.5416
learned,R-HOR_GRU_2,0.038109392,0.5414
learned,R-HOR_GRU_2,0.038111985,0.5412
learned,R-HOR_GRU_2,0.038119614,0.541
learned,R-HOR_GRU_2,0.03812456,0.5408
learned,R-HOR_GRU_2,0.038133375,0.5406
learned,R-HOR_GRU_2,0.038144708,0.5404
learned,R-HOR_GRU_2,0.03815067,0.5402
learned,R-HOR_GRU_2,0.03816262,0.54
learned,R-HOR_GRU_2,0.03817177,0.5398
learned,R-HOR_GRU_2,0.038175285,0.5396
learned,R-HOR_GRU_2,0.038180456,0.5394
learned,R-HOR_GRU_2,0.038185105,0.5392
learned,R-HOR_GRU_2,0.038195856,0.539
learned,R-HOR_GRU_2,0.038199626,0.5388
learned,R-HOR_GRU_2,0.038203165,0.5386
learned,R-HOR_GRU_2,0.038208902,0.5384
learned,R-HOR_GRU_2,0.038216174,0.5382
learned,R-HOR_GRU_2,0.038218826,0.538
learned,R-HOR_GRU_2,0.0382251,0.5378
learned,R-HOR_GRU_2,0.038226545,0.5376
learned,R-HOR_GRU_2,0.038231492,0.5374
learned,R-HOR_GRU_2,0.038239837,0.5372
learned,R-HOR_GRU_2,0.038247615,0.537
learned,R-HOR_GRU_2,0.03825599,0.5368
learned,R-HOR_GRU_2,0.038262248,0.5366
learned,R-HOR_GRU_2,0.0382711,0.5364
learned,R-HOR_GRU_2,0.03827727,0.5362
learned,R-HOR_GRU_2,0.038284197,0.536
learned,R-HOR_GRU_2,0.038288802,0.5358
learned,R-HOR_GRU_2,0.03829229,0.5356
learned,R-HOR_GRU_2,0.038303733,0.5354
learned,R-HOR_GRU_2,0.038309395,0.5352
learned,R-HOR_GRU_2,0.038313195,0.535
learned,R-HOR_GRU_2,0.03831768,0.5348
learned,R-HOR_GRU_2,0.03832239,0.5346
learned,R-HOR_GRU_2,0.038329244,0.5344
learned,R-HOR_GRU_2,0.038337827,0.5342
learned,R-HOR_GRU_2,0.038345993,0.534
learned,R-HOR_GRU_2,0.03835103,0.5338
learned,R-HOR_GRU_2,0.038356666,0.5336
learned,R-HOR_GRU_2,0.03836809,0.5334
learned,R-HOR_GRU_2,0.038373202,0.5332
learned,R-HOR_GRU_2,0.038378,0.533
learned,R-HOR_GRU_2,0.038385466,0.5328
learned,R-HOR_GRU_2,0.038396537,0.5326
learned,R-HOR_GRU_2,0.038404047,0.5324
learned,R-HOR_GRU_2,0.038406014,0.5322
learned,R-HOR_GRU_2,0.03840953,0.532
learned,R-HOR_GRU_2,0.03841649,0.5318
learned,R-HOR_GRU_2,0.03842002,0.5316
learned,R-HOR_GRU_2,0.038423955,0.5314
learned,R-HOR_GRU_2,0.03843361,0.5312
learned,R-HOR_GRU_2,0.03843973,0.531
learned,R-HOR_GRU_2,0.038443167,0.5308
learned,R-HOR_GRU_2,0.03844902,0.5306
learned,R-HOR_GRU_2,0.03845474,0.5304
learned,R-HOR_GRU_2,0.038463876,0.5302
learned,R-HOR_GRU_2,0.038467348,0.53
learned,R-HOR_GRU_2,0.038474202,0.5298
learned,R-HOR_GRU_2,0.038477063,0.5296
learned,R-HOR_GRU_2,0.038483262,0.5294
learned,R-HOR_GRU_2,0.03848523,0.5292
learned,R-HOR_GRU_2,0.038492024,0.529
learned,R-HOR_GRU_2,0.038499594,0.5288
learned,R-HOR_GRU_2,0.038505256,0.5286
learned,R-HOR_GRU_2,0.03850978,0.5284
learned,R-HOR_GRU_2,0.038514674,0.5282
learned,R-HOR_GRU_2,0.038519792,0.528
learned,R-HOR_GRU_2,0.038522482,0.5278
learned,R-HOR_GRU_2,0.038528472,0.5276
learned,R-HOR_GRU_2,0.0385409,0.5274
learned,R-HOR_GRU_2,0.038547277,0.5272
learned,R-HOR_GRU_2,0.038555145,0.527
learned,R-HOR_GRU_2,0.038557947,0.5268
learned,R-HOR_GRU_2,0.038567603,0.5266
learned,R-HOR_GRU_2,0.038572945,0.5264
learned,R-HOR_GRU_2,0.03857942,0.5262
learned,R-HOR_GRU_2,0.038588285,0.526
learned,R-HOR_GRU_2,0.03859079,0.5258
learned,R-HOR_GRU_2,0.038594425,0.5256
learned,R-HOR_GRU_2,0.03860134,0.5254
learned,R-HOR_GRU_2,0.03861016,0.5252
learned,R-HOR_GRU_2,0.03861679,0.525
learned,R-HOR_GRU_2,0.038621664,0.5248
learned,R-HOR_GRU_2,0.03862822,0.5246
learned,R-HOR_GRU_2,0.038632154,0.5244
learned,R-HOR_GRU_2,0.03863752,0.5242
learned,R-HOR_GRU_2,0.038647592,0.524
learned,R-HOR_GRU_2,0.038652733,0.5238
learned,R-HOR_GRU_2,0.038657367,0.5236
learned,R-HOR_GRU_2,0.038660854,0.5234
learned,R-HOR_GRU_2,0.03866625,0.5232
learned,R-HOR_GRU_2,0.038669825,0.523
learned,R-HOR_GRU_2,0.03868115,0.5228
learned,R-HOR_GRU_2,0.038683057,0.5226
learned,R-HOR_GRU_2,0.038684964,0.5224
learned,R-HOR_GRU_2,0.038693607,0.5222
learned,R-HOR_GRU_2,0.03869599,0.522
learned,R-HOR_GRU_2,0.03870236,0.5218
learned,R-HOR_GRU_2,0.03870838,0.5216
learned,R-HOR_GRU_2,0.03871142,0.5214
learned,R-HOR_GRU_2,0.038719717,0.5212
learned,R-HOR_GRU_2,0.03872718,0.521
learned,R-HOR_GRU_2,0.038732026,0.5208
learned,R-HOR_GRU_2,0.038737237,0.5206
learned,R-HOR_GRU_2,0.038740724,0.5204
learned,R-HOR_GRU_2,0.038753007,0.5202
learned,R-HOR_GRU_2,0.038758885,0.52
learned,R-HOR_GRU_2,0.038764834,0.5198
learned,R-HOR_GRU_2,0.038768683,0.5196
learned,R-HOR_GRU_2,0.03877365,0.5194
learned,R-HOR_GRU_2,0.038775444,0.5192
learned,R-HOR_GRU_2,0.038779378,0.519
learned,R-HOR_GRU_2,0.038787425,0.5188
learned,R-HOR_GRU_2,0.03878972,0.5186
learned,R-HOR_GRU_2,0.038791478,0.5184
learned,R-HOR_GRU_2,0.03879738,0.5182
learned,R-HOR_GRU_2,0.038799673,0.518
learned,R-HOR_GRU_2,0.03880945,0.5178
learned,R-HOR_GRU_2,0.038814545,0.5176
learned,R-HOR_GRU_2,0.03882426,0.5174
learned,R-HOR_GRU_2,0.038826108,0.5172
learned,R-HOR_GRU_2,0.038831174,0.517
learned,R-HOR_GRU_2,0.038834527,0.5168
learned,R-HOR_GRU_2,0.038837597,0.5166
learned,R-HOR_GRU_2,0.03884363,0.5164
learned,R-HOR_GRU_2,0.03885758,0.5162
learned,R-HOR_GRU_2,0.03886783,0.516
learned,R-HOR_GRU_2,0.038873315,0.5158
learned,R-HOR_GRU_2,0.038877368,0.5156
learned,R-HOR_GRU_2,0.038887933,0.5154
learned,R-HOR_GRU_2,0.03889273,0.5152
learned,R-HOR_GRU_2,0.03889656,0.515
learned,R-HOR_GRU_2,0.038898733,0.5148
learned,R-HOR_GRU_2,0.038909778,0.5146
learned,R-HOR_GRU_2,0.038916424,0.5144
learned,R-HOR_GRU_2,0.038921952,0.5142
learned,R-HOR_GRU_2,0.0389238,0.514
learned,R-HOR_GRU_2,0.03892839,0.5138
learned,R-HOR_GRU_2,0.03893137,0.5136
learned,R-HOR_GRU_2,0.038938403,0.5134
learned,R-HOR_GRU_2,0.038951755,0.5132
learned,R-HOR_GRU_2,0.038958073,0.513
learned,R-HOR_GRU_2,0.03896287,0.5128
learned,R-HOR_GRU_2,0.038968623,0.5126
learned,R-HOR_GRU_2,0.03897825,0.5124
learned,R-HOR_GRU_2,0.038993716,0.5122
learned,R-HOR_GRU_2,0.0389964,0.512
learned,R-HOR_GRU_2,0.039002642,0.5118
learned,R-HOR_GRU_2,0.039004803,0.5116
learned,R-HOR_GRU_2,0.039008617,0.5114
learned,R-HOR_GRU_2,0.039011568,0.5112
learned,R-HOR_GRU_2,0.039015163,0.511
learned,R-HOR_GRU_2,0.03902036,0.5108
learned,R-HOR_GRU_2,0.039025255,0.5106
learned,R-HOR_GRU_2,0.039039373,0.5104
learned,R-HOR_GRU_2,0.039046884,0.5102
learned,R-HOR_GRU_2,0.039056964,0.51
learned,R-HOR_GRU_2,0.039060414,0.5098
learned,R-HOR_GRU_2,0.039067686,0.5096
learned,R-HOR_GRU_2,0.039076388,0.5094
learned,R-HOR_GRU_2,0.0390809,0.5092
learned,R-HOR_GRU_2,0.039088547,0.509
learned,R-HOR_GRU_2,0.039096773,0.5088
learned,R-HOR_GRU_2,0.039102495,0.5086
learned,R-HOR_GRU_2,0.03910597,0.5084
learned,R-HOR_GRU_2,0.03911209,0.5082
learned,R-HOR_GRU_2,0.039118707,0.508
learned,R-HOR_GRU_2,0.03912443,0.5078
learned,R-HOR_GRU_2,0.039127886,0.5076
learned,R-HOR_GRU_2,0.03912986,0.5074
learned,R-HOR_GRU_2,0.039133694,0.5072
learned,R-HOR_GRU_2,0.039140925,0.507
learned,R-HOR_GRU_2,0.03914237,0.5068
learned,R-HOR_GRU_2,0.039149582,0.5066
learned,R-HOR_GRU_2,0.03915508,0.5064
learned,R-HOR_GRU_2,0.039160788,0.5062
learned,R-HOR_GRU_2,0.039171875,0.506
learned,R-HOR_GRU_2,0.03917718,0.5058
learned,R-HOR_GRU_2,0.039178774,0.5056
learned,R-HOR_GRU_2,0.039184384,0.5054
learned,R-HOR_GRU_2,0.03919241,0.5052
learned,R-HOR_GRU_2,0.039195776,0.505
learned,R-HOR_GRU_2,0.039201308,0.5048
learned,R-HOR_GRU_2,0.03920567,0.5046
learned,R-HOR_GRU_2,0.039213598,0.5044
learned,R-HOR_GRU_2,0.03921794,0.5042
learned,R-HOR_GRU_2,0.039221227,0.504
learned,R-HOR_GRU_2,0.039226666,0.5038
learned,R-HOR_GRU_2,0.039237797,0.5036
learned,R-HOR_GRU_2,0.039241195,0.5034
learned,R-HOR_GRU_2,0.039246082,0.5032
learned,R-HOR_GRU_2,0.039256573,0.503
learned,R-HOR_GRU_2,0.0392648,0.5028
learned,R-HOR_GRU_2,0.039266348,0.5026
learned,R-HOR_GRU_2,0.039271027,0.5024
learned,R-HOR_GRU_2,0.039280534,0.5022
learned,R-HOR_GRU_2,0.03928739,0.502
learned,R-HOR_GRU_2,0.039296567,0.5018
learned,R-HOR_GRU_2,0.039304376,0.5016
learned,R-HOR_GRU_2,0.039307952,0.5014
learned,R-HOR_GRU_2,0.0393146,0.5012
learned,R-HOR_GRU_2,0.039318413,0.501
learned,R-HOR_GRU_2,0.03932321,0.5008
learned,R-HOR_GRU_2,0.039325595,0.5006
learned,R-HOR_GRU_2,0.039330363,0.5004
learned,R-HOR_GRU_2,0.03934115,0.5002
learned,R-HOR_GRU_2,0.03934805,0.5
learned,R-HOR_GRU_2,0.039353177,0.4998
learned,R-HOR_GRU_2,0.039356172,0.4996
learned,R-HOR_GRU_2,0.039360523,0.4994
learned,R-HOR_GRU_2,0.039362997,0.4992
learned,R-HOR_GRU_2,0.039366603,0.499
learned,R-HOR_GRU_2,0.03936988,0.4988
learned,R-HOR_GRU_2,0.039376378,0.4986
learned,R-HOR_GRU_2,0.039385587,0.4984
learned,R-HOR_GRU_2,0.039390042,0.4982
learned,R-HOR_GRU_2,0.03939466,0.498
learned,R-HOR_GRU_2,0.03940022,0.4978
learned,R-HOR_GRU_2,0.039403856,0.4976
learned,R-HOR_GRU_2,0.039412737,0.4974
learned,R-HOR_GRU_2,0.03942609,0.4972
learned,R-HOR_GRU_2,0.039429784,0.497
learned,R-HOR_GRU_2,0.039435744,0.4968
learned,R-HOR_GRU_2,0.039441824,0.4966
learned,R-HOR_GRU_2,0.039447844,0.4964
learned,R-HOR_GRU_2,0.03945005,0.4962
learned,R-HOR_GRU_2,0.039455026,0.496
learned,R-HOR_GRU_2,0.03946379,0.4958
learned,R-HOR_GRU_2,0.039475948,0.4956
learned,R-HOR_GRU_2,0.039483666,0.4954
learned,R-HOR_GRU_2,0.0394876,0.4952
learned,R-HOR_GRU_2,0.039491042,0.495
learned,R-HOR_GRU_2,0.039498508,0.4948
learned,R-HOR_GRU_2,0.039503932,0.4946
learned,R-HOR_GRU_2,0.039506927,0.4944
learned,R-HOR_GRU_2,0.039510638,0.4942
learned,R-HOR_GRU_2,0.039516956,0.494
learned,R-HOR_GRU_2,0.039521344,0.4938
learned,R-HOR_GRU_2,0.03953457,0.4936
learned,R-HOR_GRU_2,0.03953933,0.4934
learned,R-HOR_GRU_2,0.039543092,0.4932
learned,R-HOR_GRU_2,0.039546967,0.493
learned,R-HOR_GRU_2,0.039553404,0.4928
learned,R-HOR_GRU_2,0.039560854,0.4926
learned,R-HOR_GRU_2,0.03956624,0.4924
learned,R-HOR_GRU_2,0.039570034,0.4922
learned,R-HOR_GRU_2,0.039572,0.492
learned,R-HOR_GRU_2,0.039577298,0.4918
learned,R-HOR_GRU_2,0.03958139,0.4916
learned,R-HOR_GRU_2,0.03958665,0.4914
learned,R-HOR_GRU_2,0.039592505,0.4912
learned,R-HOR_GRU_2,0.039603293,0.491
learned,R-HOR_GRU_2,0.039606918,0.4908
learned,R-HOR_GRU_2,0.03961335,0.4906
learned,R-HOR_GRU_2,0.039616384,0.4904
learned,R-HOR_GRU_2,0.03962569,0.4902
learned,R-HOR_GRU_2,0.039628625,0.49
learned,R-HOR_GRU_2,0.039634407,0.4898
learned,R-HOR_GRU_2,0.039636314,0.4896
learned,R-HOR_GRU_2,0.03964612,0.4894
learned,R-HOR_GRU_2,0.03964746,0.4892
learned,R-HOR_GRU_2,0.03965372,0.489
learned,R-HOR_GRU_2,0.039655328,0.4888
learned,R-HOR_GRU_2,0.039657034,0.4886
learned,R-HOR_GRU_2,0.039660096,0.4884
learned,R-HOR_GRU_2,0.03967291,0.4882
learned,R-HOR_GRU_2,0.039673362,0.488
learned,R-HOR_GRU_2,0.039678037,0.4878
learned,R-HOR_GRU_2,0.03968489,0.4876
learned,R-HOR_GRU_2,0.039690398,0.4874
learned,R-HOR_GRU_2,0.039701104,0.4872
learned,R-HOR_GRU_2,0.039708495,0.487
learned,R-HOR_GRU_2,0.039711,0.4868
learned,R-HOR_GRU_2,0.03971804,0.4866
learned,R-HOR_GRU_2,0.039723217,0.4864
learned,R-HOR_GRU_2,0.039724886,0.4862
learned,R-HOR_GRU_2,0.03972727,0.486
learned,R-HOR_GRU_2,0.039735958,0.4858
learned,R-HOR_GRU_2,0.039749682,0.4856
learned,R-HOR_GRU_2,0.039752632,0.4854
learned,R-HOR_GRU_2,0.039753318,0.4852
learned,R-HOR_GRU_2,0.039759994,0.485
learned,R-HOR_GRU_2,0.039768837,0.4848
learned,R-HOR_GRU_2,0.039774254,0.4846
learned,R-HOR_GRU_2,0.039782166,0.4844
learned,R-HOR_GRU_2,0.03979087,0.4842
learned,R-HOR_GRU_2,0.039795384,0.484
learned,R-HOR_GRU_2,0.039800406,0.4838
learned,R-HOR_GRU_2,0.039808154,0.4836
learned,R-HOR_GRU_2,0.039812505,0.4834
learned,R-HOR_GRU_2,0.039818645,0.4832
learned,R-HOR_GRU_2,0.039820552,0.483
learned,R-HOR_GRU_2,0.039825916,0.4828
learned,R-HOR_GRU_2,0.03982973,0.4826
learned,R-HOR_GRU_2,0.039836407,0.4824
learned,R-HOR_GRU_2,0.03984082,0.4822
learned,R-HOR_GRU_2,0.039847624,0.482
learned,R-HOR_GRU_2,0.0398566,0.4818
learned,R-HOR_GRU_2,0.039860904,0.4816
learned,R-HOR_GRU_2,0.03986764,0.4814
learned,R-HOR_GRU_2,0.039871313,0.4812
learned,R-HOR_GRU_2,0.03987187,0.481
learned,R-HOR_GRU_2,0.03987968,0.4808
learned,R-HOR_GRU_2,0.03988886,0.4806
learned,R-HOR_GRU_2,0.039896846,0.4804
learned,R-HOR_GRU_2,0.039900243,0.4802
learned,R-HOR_GRU_2,0.039908826,0.48
learned,R-HOR_GRU_2,0.039912164,0.4798
learned,R-HOR_GRU_2,0.039914906,0.4796
learned,R-HOR_GRU_2,0.0399182,0.4794
learned,R-HOR_GRU_2,0.039924026,0.4792
learned,R-HOR_GRU_2,0.03993696,0.479
learned,R-HOR_GRU_2,0.039943665,0.4788
learned,R-HOR_GRU_2,0.039949536,0.4786
learned,R-HOR_GRU_2,0.03996253,0.4784
learned,R-HOR_GRU_2,0.039966732,0.4782
learned,R-HOR_GRU_2,0.039969265,0.478
learned,R-HOR_GRU_2,0.0399732,0.4778
learned,R-HOR_GRU_2,0.03998828,0.4776
learned,R-HOR_GRU_2,0.039991006,0.4774
learned,R-HOR_GRU_2,0.039998055,0.4772
learned,R-HOR_GRU_2,0.04001355,0.477
learned,R-HOR_GRU_2,0.0400182,0.4768
learned,R-HOR_GRU_2,0.040024042,0.4766
learned,R-HOR_GRU_2,0.040031493,0.4764
learned,R-HOR_GRU_2,0.040035278,0.4762
learned,R-HOR_GRU_2,0.040040553,0.476
learned,R-HOR_GRU_2,0.040042885,0.4758
learned,R-HOR_GRU_2,0.040047377,0.4756
learned,R-HOR_GRU_2,0.040053904,0.4754
learned,R-HOR_GRU_2,0.04006028,0.4752
learned,R-HOR_GRU_2,0.040073276,0.475
learned,R-HOR_GRU_2,0.040082455,0.4748
learned,R-HOR_GRU_2,0.04008937,0.4746
learned,R-HOR_GRU_2,0.040092885,0.4744
learned,R-HOR_GRU_2,0.040094614,0.4742
learned,R-HOR_GRU_2,0.040101595,0.474
learned,R-HOR_GRU_2,0.04010468,0.4738
learned,R-HOR_GRU_2,0.04010699,0.4736
learned,R-HOR_GRU_2,0.040109813,0.4734
learned,R-HOR_GRU_2,0.040116183,0.4732
learned,R-HOR_GRU_2,0.040118873,0.473
learned,R-HOR_GRU_2,0.04012376,0.4728
learned,R-HOR_GRU_2,0.04012823,0.4726
learned,R-HOR_GRU_2,0.040136337,0.4724
learned,R-HOR_GRU_2,0.040140033,0.4722
learned,R-HOR_GRU_2,0.04014778,0.472
learned,R-HOR_GRU_2,0.04014943,0.4718
learned,R-HOR_GRU_2,0.040155172,0.4716
learned,R-HOR_GRU_2,0.04016441,0.4714
learned,R-HOR_GRU_2,0.040171146,0.4712
learned,R-HOR_GRU_2,0.04017702,0.471
learned,R-HOR_GRU_2,0.040178895,0.4708
learned,R-HOR_GRU_2,0.04018724,0.4706
learned,R-HOR_GRU_2,0.040188584,0.4704
learned,R-HOR_GRU_2,0.040192544,0.4702
learned,R-HOR_GRU_2,0.04019499,0.47
learned,R-HOR_GRU_2,0.040198624,0.4698
learned,R-HOR_GRU_2,0.040206254,0.4696
learned,R-HOR_GRU_2,0.040209714,0.4694
learned,R-HOR_GRU_2,0.0402146,0.4692
learned,R-HOR_GRU_2,0.04021895,0.469
learned,R-HOR_GRU_2,0.040224917,0.4688
learned,R-HOR_GRU_2,0.040231764,0.4686
learned,R-HOR_GRU_2,0.040237837,0.4684
learned,R-HOR_GRU_2,0.040242672,0.4682
learned,R-HOR_GRU_2,0.04024677,0.468
learned,R-HOR_GRU_2,0.040251702,0.4678
learned,R-HOR_GRU_2,0.0402534,0.4676
learned,R-HOR_GRU_2,0.040256977,0.4674
learned,R-HOR_GRU_2,0.04026246,0.4672
learned,R-HOR_GRU_2,0.040268302,0.467
learned,R-HOR_GRU_2,0.040272593,0.4668
learned,R-HOR_GRU_2,0.040273666,0.4666
learned,R-HOR_GRU_2,0.04027514,0.4664
learned,R-HOR_GRU_2,0.04028082,0.4662
learned,R-HOR_GRU_2,0.040284395,0.466
learned,R-HOR_GRU_2,0.040285587,0.4658
learned,R-HOR_GRU_2,0.040294647,0.4656
learned,R-HOR_GRU_2,0.04029938,0.4654
learned,R-HOR_GRU_2,0.040311575,0.4652
learned,R-HOR_GRU_2,0.04031515,0.465
learned,R-HOR_GRU_2,0.040324032,0.4648
learned,R-HOR_GRU_2,0.040328503,0.4646
learned,R-HOR_GRU_2,0.040333077,0.4644
learned,R-HOR_GRU_2,0.040335536,0.4642
learned,R-HOR_GRU_2,0.040343087,0.464
learned,R-HOR_GRU_2,0.040345192,0.4638
learned,R-HOR_GRU_2,0.040347517,0.4636
learned,R-HOR_GRU_2,0.04035424,0.4634
learned,R-HOR_GRU_2,0.04035771,0.4632
learned,R-HOR_GRU_2,0.040363193,0.463
learned,R-HOR_GRU_2,0.040371433,0.4628
learned,R-HOR_GRU_2,0.040376104,0.4626
learned,R-HOR_GRU_2,0.040383816,0.4624
learned,R-HOR_GRU_2,0.040393412,0.4622
learned,R-HOR_GRU_2,0.04039529,0.462
learned,R-HOR_GRU_2,0.04040253,0.4618
learned,R-HOR_GRU_2,0.040409803,0.4616
learned,R-HOR_GRU_2,0.040416628,0.4614
learned,R-HOR_GRU_2,0.04042363,0.4612
learned,R-HOR_GRU_2,0.040429056,0.461
learned,R-HOR_GRU_2,0.040432096,0.4608
learned,R-HOR_GRU_2,0.040440366,0.4606
learned,R-HOR_GRU_2,0.040445447,0.4604
learned,R-HOR_GRU_2,0.04045272,0.4602
learned,R-HOR_GRU_2,0.04046315,0.46
learned,R-HOR_GRU_2,0.040472746,0.4598
learned,R-HOR_GRU_2,0.0404799,0.4596
learned,R-HOR_GRU_2,0.040486515,0.4594
learned,R-HOR_GRU_2,0.040491402,0.4592
learned,R-HOR_GRU_2,0.040497642,0.459
learned,R-HOR_GRU_2,0.04050155,0.4588
learned,R-HOR_GRU_2,0.040506124,0.4586
learned,R-HOR_GRU_2,0.040511906,0.4584
learned,R-HOR_GRU_2,0.040513888,0.4582
learned,R-HOR_GRU_2,0.040519357,0.458
learned,R-HOR_GRU_2,0.040525027,0.4578
learned,R-HOR_GRU_2,0.040530607,0.4576
learned,R-HOR_GRU_2,0.040532954,0.4574
learned,R-HOR_GRU_2,0.040536538,0.4572
learned,R-HOR_GRU_2,0.04054272,0.457
learned,R-HOR_GRU_2,0.040547937,0.4568
learned,R-HOR_GRU_2,0.04055105,0.4566
learned,R-HOR_GRU_2,0.04055459,0.4564
learned,R-HOR_GRU_2,0.040559232,0.4562
learned,R-HOR_GRU_2,0.040562868,0.456
learned,R-HOR_GRU_2,0.04056406,0.4558
learned,R-HOR_GRU_2,0.040571034,0.4556
learned,R-HOR_GRU_2,0.040574074,0.4554
learned,R-HOR_GRU_2,0.040578246,0.4552
learned,R-HOR_GRU_2,0.040587246,0.455
learned,R-HOR_GRU_2,0.04058873,0.4548
learned,R-HOR_GRU_2,0.04059585,0.4546
learned,R-HOR_GRU_2,0.04059708,0.4544
learned,R-HOR_GRU_2,0.04060155,0.4542
learned,R-HOR_GRU_2,0.040607512,0.454
learned,R-HOR_GRU_2,0.04060793,0.4538
learned,R-HOR_GRU_2,0.0406121,0.4536
learned,R-HOR_GRU_2,0.04061526,0.4534
learned,R-HOR_GRU_2,0.040620882,0.4532
learned,R-HOR_GRU_2,0.040623188,0.453
learned,R-HOR_GRU_2,0.04063523,0.4528
learned,R-HOR_GRU_2,0.040643375,0.4526
learned,R-HOR_GRU_2,0.040649414,0.4524
learned,R-HOR_GRU_2,0.040655136,0.4522
learned,R-HOR_GRU_2,0.040659785,0.452
learned,R-HOR_GRU_2,0.04066328,0.4518
learned,R-HOR_GRU_2,0.04066898,0.4516
learned,R-HOR_GRU_2,0.04067254,0.4514
learned,R-HOR_GRU_2,0.04067707,0.4512
learned,R-HOR_GRU_2,0.04068947,0.451
learned,R-HOR_GRU_2,0.040702492,0.4508
learned,R-HOR_GRU_2,0.040708005,0.4506
learned,R-HOR_GRU_2,0.04071372,0.4504
learned,R-HOR_GRU_2,0.040721923,0.4502
learned,R-HOR_GRU_2,0.04072845,0.45
learned,R-HOR_GRU_2,0.040732548,0.4498
learned,R-HOR_GRU_2,0.040736377,0.4496
learned,R-HOR_GRU_2,0.04074174,0.4494
learned,R-HOR_GRU_2,0.040751934,0.4492
learned,R-HOR_GRU_2,0.04076597,0.449
learned,R-HOR_GRU_2,0.04076755,0.4488
learned,R-HOR_GRU_2,0.040771842,0.4486
learned,R-HOR_GRU_2,0.0407784,0.4484
learned,R-HOR_GRU_2,0.04078704,0.4482
learned,R-HOR_GRU_2,0.040788613,0.448
learned,R-HOR_GRU_2,0.04079487,0.4478
learned,R-HOR_GRU_2,0.04080063,0.4476
learned,R-HOR_GRU_2,0.040804982,0.4474
learned,R-HOR_GRU_2,0.040813327,0.4472
learned,R-HOR_GRU_2,0.04081961,0.447
learned,R-HOR_GRU_2,0.040825486,0.4468
learned,R-HOR_GRU_2,0.040828347,0.4466
learned,R-HOR_GRU_2,0.04083228,0.4464
learned,R-HOR_GRU_2,0.040838122,0.4462
learned,R-HOR_GRU_2,0.040843472,0.446
learned,R-HOR_GRU_2,0.0408476,0.4458
learned,R-HOR_GRU_2,0.04085098,0.4456
learned,R-HOR_GRU_2,0.040856183,0.4454
learned,R-HOR_GRU_2,0.040860415,0.4452
learned,R-HOR_GRU_2,0.040863715,0.445
learned,R-HOR_GRU_2,0.04086934,0.4448
learned,R-HOR_GRU_2,0.0408718,0.4446
learned,R-HOR_GRU_2,0.040878892,0.4444
learned,R-HOR_GRU_2,0.04088662,0.4442
learned,R-HOR_GRU_2,0.04089889,0.444
learned,R-HOR_GRU_2,0.040900767,0.4438
learned,R-HOR_GRU_2,0.040906787,0.4436
learned,R-HOR_GRU_2,0.04091239,0.4434
learned,R-HOR_GRU_2,0.040918827,0.4432
learned,R-HOR_GRU_2,0.04092568,0.443
learned,R-HOR_GRU_2,0.040928185,0.4428
learned,R-HOR_GRU_2,0.04093204,0.4426
learned,R-HOR_GRU_2,0.04094385,0.4424
learned,R-HOR_GRU_2,0.040946603,0.4422
learned,R-HOR_GRU_2,0.04095207,0.442
learned,R-HOR_GRU_2,0.040956676,0.4418
learned,R-HOR_GRU_2,0.040967595,0.4416
learned,R-HOR_GRU_2,0.040975858,0.4414
learned,R-HOR_GRU_2,0.040977836,0.4412
learned,R-HOR_GRU_2,0.04098296,0.441
learned,R-HOR_GRU_2,0.04098785,0.4408
learned,R-HOR_GRU_2,0.04099366,0.4406
learned,R-HOR_GRU_2,0.040997386,0.4404
learned,R-HOR_GRU_2,0.041003227,0.4402
learned,R-HOR_GRU_2,0.041006923,0.44
learned,R-HOR_GRU_2,0.041013718,0.4398
learned,R-HOR_GRU_2,0.041017517,0.4396
learned,R-HOR_GRU_2,0.041021824,0.4394
learned,R-HOR_GRU_2,0.04102516,0.4392
learned,R-HOR_GRU_2,0.041032672,0.439
learned,R-HOR_GRU_2,0.041034937,0.4388
learned,R-HOR_GRU_2,0.041038096,0.4386
learned,R-HOR_GRU_2,0.041040897,0.4384
learned,R-HOR_GRU_2,0.04104743,0.4382
learned,R-HOR_GRU_2,0.04105854,0.438
learned,R-HOR_GRU_2,0.041062355,0.4378
learned,R-HOR_GRU_2,0.04106729,0.4376
learned,R-HOR_GRU_2,0.041072488,0.4374
learned,R-HOR_GRU_2,0.041073244,0.4372
learned,R-HOR_GRU_2,0.041078985,0.437
learned,R-HOR_GRU_2,0.04108739,0.4368
learned,R-HOR_GRU_2,0.04109168,0.4366
learned,R-HOR_GRU_2,0.041095734,0.4364
learned,R-HOR_GRU_2,0.041099846,0.4362
learned,R-HOR_GRU_2,0.041104376,0.436
learned,R-HOR_GRU_2,0.041107208,0.4358
learned,R-HOR_GRU_2,0.04111278,0.4356
learned,R-HOR_GRU_2,0.041118145,0.4354
learned,R-HOR_GRU_2,0.041127563,0.4352
learned,R-HOR_GRU_2,0.04113394,0.435
learned,R-HOR_GRU_2,0.041138865,0.4348
learned,R-HOR_GRU_2,0.041140735,0.4346
learned,R-HOR_GRU_2,0.041143492,0.4344
learned,R-HOR_GRU_2,0.041146934,0.4342
learned,R-HOR_GRU_2,0.04115224,0.434
learned,R-HOR_GRU_2,0.041157722,0.4338
learned,R-HOR_GRU_2,0.041168094,0.4336
learned,R-HOR_GRU_2,0.04117164,0.4334
learned,R-HOR_GRU_2,0.04118091,0.4332
learned,R-HOR_GRU_2,0.04118234,0.433
learned,R-HOR_GRU_2,0.041185975,0.4328
learned,R-HOR_GRU_2,0.04119187,0.4326
learned,R-HOR_GRU_2,0.041195817,0.4324
learned,R-HOR_GRU_2,0.041199446,0.4322
learned,R-HOR_GRU_2,0.041208252,0.432
learned,R-HOR_GRU_2,0.041213177,0.4318
learned,R-HOR_GRU_2,0.041220963,0.4316
learned,R-HOR_GRU_2,0.041229144,0.4314
learned,R-HOR_GRU_2,0.041234493,0.4312
learned,R-HOR_GRU_2,0.04124105,0.431
learned,R-HOR_GRU_2,0.041245595,0.4308
learned,R-HOR_GRU_2,0.041251063,0.4306
learned,R-HOR_GRU_2,0.041257992,0.4304
learned,R-HOR_GRU_2,0.041263327,0.4302
learned,R-HOR_GRU_2,0.041266203,0.43
learned,R-HOR_GRU_2,0.041273266,0.4298
learned,R-HOR_GRU_2,0.041276276,0.4296
learned,R-HOR_GRU_2,0.041281007,0.4294
learned,R-HOR_GRU_2,0.041284468,0.4292
learned,R-HOR_GRU_2,0.04128766,0.429
learned,R-HOR_GRU_2,0.041289337,0.4288
learned,R-HOR_GRU_2,0.04129219,0.4286
learned,R-HOR_GRU_2,0.04129684,0.4284
learned,R-HOR_GRU_2,0.041298803,0.4282
learned,R-HOR_GRU_2,0.04130566,0.428
learned,R-HOR_GRU_2,0.041310348,0.4278
learned,R-HOR_GRU_2,0.0413177,0.4276
learned,R-HOR_GRU_2,0.041324876,0.4274
learned,R-HOR_GRU_2,0.041330397,0.4272
learned,R-HOR_GRU_2,0.04133749,0.427
learned,R-HOR_GRU_2,0.04134071,0.4268
learned,R-HOR_GRU_2,0.041346956,0.4266
learned,R-HOR_GRU_2,0.041351914,0.4264
learned,R-HOR_GRU_2,0.04136479,0.4262
learned,R-HOR_GRU_2,0.041369595,0.426
learned,R-HOR_GRU_2,0.04138048,0.4258
learned,R-HOR_GRU_2,0.041391253,0.4256
learned,R-HOR_GRU_2,0.04139495,0.4254
learned,R-HOR_GRU_2,0.04140084,0.4252
learned,R-HOR_GRU_2,0.041407287,0.425
learned,R-HOR_GRU_2,0.041409552,0.4248
learned,R-HOR_GRU_2,0.041413814,0.4246
learned,R-HOR_GRU_2,0.041421175,0.4244
learned,R-HOR_GRU_2,0.041427806,0.4242
learned,R-HOR_GRU_2,0.04143417,0.424
learned,R-HOR_GRU_2,0.04143697,0.4238
learned,R-HOR_GRU_2,0.04144144,0.4236
learned,R-HOR_GRU_2,0.04145229,0.4234
learned,R-HOR_GRU_2,0.041455388,0.4232
learned,R-HOR_GRU_2,0.041461885,0.423
learned,R-HOR_GRU_2,0.041471936,0.4228
learned,R-HOR_GRU_2,0.04147519,0.4226
learned,R-HOR_GRU_2,0.041487582,0.4224
learned,R-HOR_GRU_2,0.041488227,0.4222
learned,R-HOR_GRU_2,0.041491263,0.422
learned,R-HOR_GRU_2,0.04149723,0.4218
learned,R-HOR_GRU_2,0.041505814,0.4216
learned,R-HOR_GRU_2,0.04151261,0.4214
learned,R-HOR_GRU_2,0.041514713,0.4212
learned,R-HOR_GRU_2,0.041517615,0.421
learned,R-HOR_GRU_2,0.04152012,0.4208
learned,R-HOR_GRU_2,0.041525543,0.4206
learned,R-HOR_GRU_2,0.041535236,0.4204
learned,R-HOR_GRU_2,0.041541822,0.4202
learned,R-HOR_GRU_2,0.041547894,0.42
learned,R-HOR_GRU_2,0.041550398,0.4198
learned,R-HOR_GRU_2,0.04155214,0.4196
learned,R-HOR_GRU_2,0.04155527,0.4194
learned,R-HOR_GRU_2,0.041558415,0.4192
learned,R-HOR_GRU_2,0.041562676,0.419
learned,R-HOR_GRU_2,0.041564737,0.4188
learned,R-HOR_GRU_2,0.041566487,0.4186
learned,R-HOR_GRU_2,0.04157269,0.4184
learned,R-HOR_GRU_2,0.04157608,0.4182
learned,R-HOR_GRU_2,0.0415833,0.418
learned,R-HOR_GRU_2,0.04158774,0.4178
learned,R-HOR_GRU_2,0.04159694,0.4176
learned,R-HOR_GRU_2,0.04160424,0.4174
learned,R-HOR_GRU_2,0.041606896,0.4172
learned,R-HOR_GRU_2,0.041611314,0.417
learned,R-HOR_GRU_2,0.041615427,0.4168
learned,R-HOR_GRU_2,0.041624427,0.4166
learned,R-HOR_GRU_2,0.041629232,0.4164
learned,R-HOR_GRU_2,0.041634798,0.4162
learned,R-HOR_GRU_2,0.041639805,0.416
learned,R-HOR_GRU_2,0.041641057,0.4158
learned,R-HOR_GRU_2,0.04164523,0.4156
learned,R-HOR_GRU_2,0.041648727,0.4154
learned,R-HOR_GRU_2,0.041657425,0.4152
learned,R-HOR_GRU_2,0.041662317,0.415
learned,R-HOR_GRU_2,0.041666448,0.4148
learned,R-HOR_GRU_2,0.04167208,0.4146
learned,R-HOR_GRU_2,0.04167676,0.4144
learned,R-HOR_GRU_2,0.041682363,0.4142
learned,R-HOR_GRU_2,0.041689396,0.414
learned,R-HOR_GRU_2,0.041692376,0.4138
learned,R-HOR_GRU_2,0.041697852,0.4136
learned,R-HOR_GRU_2,0.041702345,0.4134
learned,R-HOR_GRU_2,0.041708827,0.4132
learned,R-HOR_GRU_2,0.041711263,0.413
learned,R-HOR_GRU_2,0.04171908,0.4128
learned,R-HOR_GRU_2,0.041721314,0.4126
learned,R-HOR_GRU_2,0.041733027,0.4124
learned,R-HOR_GRU_2,0.0417402,0.4122
learned,R-HOR_GRU_2,0.04174477,0.412
learned,R-HOR_GRU_2,0.041749775,0.4118
learned,R-HOR_GRU_2,0.041753598,0.4116
learned,R-HOR_GRU_2,0.041764103,0.4114
learned,R-HOR_GRU_2,0.041771352,0.4112
learned,R-HOR_GRU_2,0.041775465,0.411
learned,R-HOR_GRU_2,0.04178218,0.4108
learned,R-HOR_GRU_2,0.041784752,0.4106
learned,R-HOR_GRU_2,0.041787982,0.4104
learned,R-HOR_GRU_2,0.041795373,0.4102
learned,R-HOR_GRU_2,0.041805968,0.41
learned,R-HOR_GRU_2,0.04181087,0.4098
learned,R-HOR_GRU_2,0.041813254,0.4096
learned,R-HOR_GRU_2,0.041817904,0.4094
learned,R-HOR_GRU_2,0.041827712,0.4092
learned,R-HOR_GRU_2,0.041829914,0.409
learned,R-HOR_GRU_2,0.04183352,0.4088
learned,R-HOR_GRU_2,0.04183644,0.4086
learned,R-HOR_GRU_2,0.041840494,0.4084
learned,R-HOR_GRU_2,0.041845143,0.4082
learned,R-HOR_GRU_2,0.041847125,0.408
learned,R-HOR_GRU_2,0.04184983,0.4078
learned,R-HOR_GRU_2,0.04185319,0.4076
learned,R-HOR_GRU_2,0.04185772,0.4074
learned,R-HOR_GRU_2,0.04185909,0.4072
learned,R-HOR_GRU_2,0.041862786,0.407
learned,R-HOR_GRU_2,0.04186511,0.4068
learned,R-HOR_GRU_2,0.041868925,0.4066
learned,R-HOR_GRU_2,0.041871626,0.4064
learned,R-HOR_GRU_2,0.041873455,0.4062
learned,R-HOR_GRU_2,0.041874655,0.406
learned,R-HOR_GRU_2,0.0418759,0.4058
learned,R-HOR_GRU_2,0.04187806,0.4056
learned,R-HOR_GRU_2,0.041882396,0.4054
learned,R-HOR_GRU_2,0.041888,0.4052
learned,R-HOR_GRU_2,0.041890025,0.405
learned,R-HOR_GRU_2,0.041894138,0.4048
learned,R-HOR_GRU_2,0.041895803,0.4046
learned,R-HOR_GRU_2,0.041900516,0.4044
learned,R-HOR_GRU_2,0.0419076,0.4042
learned,R-HOR_GRU_2,0.041912004,0.404
learned,R-HOR_GRU_2,0.041915298,0.4038
learned,R-HOR_GRU_2,0.04191874,0.4036
learned,R-HOR_GRU_2,0.04192406,0.4034
learned,R-HOR_GRU_2,0.04193157,0.4032
learned,R-HOR_GRU_2,0.041935265,0.403
learned,R-HOR_GRU_2,0.041939527,0.4028
learned,R-HOR_GRU_2,0.041941404,0.4026
learned,R-HOR_GRU_2,0.041946888,0.4024
learned,R-HOR_GRU_2,0.04195392,0.4022
learned,R-HOR_GRU_2,0.041959405,0.402
learned,R-HOR_GRU_2,0.04196679,0.4018
learned,R-HOR_GRU_2,0.041971505,0.4016
learned,R-HOR_GRU_2,0.041974068,0.4014
learned,R-HOR_GRU_2,0.041981585,0.4012
learned,R-HOR_GRU_2,0.04198499,0.401
learned,R-HOR_GRU_2,0.041987866,0.4008
learned,R-HOR_GRU_2,0.041994527,0.4006
learned,R-HOR_GRU_2,0.041997515,0.4004
learned,R-HOR_GRU_2,0.042001665,0.4002
learned,R-HOR_GRU_2,0.042009592,0.4
learned,R-HOR_GRU_2,0.042019606,0.3998
learned,R-HOR_GRU_2,0.042024255,0.3996
learned,R-HOR_GRU_2,0.042030353,0.3994
learned,R-HOR_GRU_2,0.04203236,0.3992
learned,R-HOR_GRU_2,0.04203824,0.399
learned,R-HOR_GRU_2,0.042045888,0.3988
learned,R-HOR_GRU_2,0.04204929,0.3986
learned,R-HOR_GRU_2,0.04205513,0.3984
learned,R-HOR_GRU_2,0.04206081,0.3982
learned,R-HOR_GRU_2,0.04206428,0.398
learned,R-HOR_GRU_2,0.042073008,0.3978
learned,R-HOR_GRU_2,0.04208381,0.3976
learned,R-HOR_GRU_2,0.042091727,0.3974
learned,R-HOR_GRU_2,0.042096574,0.3972
learned,R-HOR_GRU_2,0.04210627,0.397
learned,R-HOR_GRU_2,0.04211557,0.3968
learned,R-HOR_GRU_2,0.04212165,0.3966
learned,R-HOR_GRU_2,0.042130947,0.3964
learned,R-HOR_GRU_2,0.042135395,0.3962
learned,R-HOR_GRU_2,0.042137392,0.396
learned,R-HOR_GRU_2,0.042146444,0.3958
learned,R-HOR_GRU_2,0.042149484,0.3956
learned,R-HOR_GRU_2,0.042151928,0.3954
learned,R-HOR_GRU_2,0.04215479,0.3952
learned,R-HOR_GRU_2,0.04216005,0.395
learned,R-HOR_GRU_2,0.042171627,0.3948
learned,R-HOR_GRU_2,0.042172633,0.3946
learned,R-HOR_GRU_2,0.042179108,0.3944
learned,R-HOR_GRU_2,0.042182684,0.3942
learned,R-HOR_GRU_2,0.042190135,0.394
learned,R-HOR_GRU_2,0.04219389,0.3938
learned,R-HOR_GRU_2,0.04219675,0.3936
learned,R-HOR_GRU_2,0.04220164,0.3934
learned,R-HOR_GRU_2,0.04220462,0.3932
learned,R-HOR_GRU_2,0.042209256,0.393
learned,R-HOR_GRU_2,0.04221177,0.3928
learned,R-HOR_GRU_2,0.042221785,0.3926
learned,R-HOR_GRU_2,0.042224627,0.3924
learned,R-HOR_GRU_2,0.042230368,0.3922
learned,R-HOR_GRU_2,0.042236805,0.392
learned,R-HOR_GRU_2,0.04224229,0.3918
learned,R-HOR_GRU_2,0.042245585,0.3916
learned,R-HOR_GRU_2,0.04224953,0.3914
learned,R-HOR_GRU_2,0.04225266,0.3912
learned,R-HOR_GRU_2,0.042262316,0.391
learned,R-HOR_GRU_2,0.042267263,0.3908
learned,R-HOR_GRU_2,0.042271495,0.3906
learned,R-HOR_GRU_2,0.04227686,0.3904
learned,R-HOR_GRU_2,0.042282403,0.3902
learned,R-HOR_GRU_2,0.042286426,0.39
learned,R-HOR_GRU_2,0.042292893,0.3898
learned,R-HOR_GRU_2,0.042300485,0.3896
learned,R-HOR_GRU_2,0.042302728,0.3894
learned,R-HOR_GRU_2,0.042307556,0.3892
learned,R-HOR_GRU_2,0.042310357,0.389
learned,R-HOR_GRU_2,0.042314693,0.3888
learned,R-HOR_GRU_2,0.042318583,0.3886
learned,R-HOR_GRU_2,0.042322695,0.3884
learned,R-HOR_GRU_2,0.042331338,0.3882
learned,R-HOR_GRU_2,0.04233607,0.388
learned,R-HOR_GRU_2,0.042337537,0.3878
learned,R-HOR_GRU_2,0.04234612,0.3876
learned,R-HOR_GRU_2,0.04235208,0.3874
learned,R-HOR_GRU_2,0.042357802,0.3872
learned,R-HOR_GRU_2,0.042365015,0.387
learned,R-HOR_GRU_2,0.04236783,0.3868
learned,R-HOR_GRU_2,0.04237342,0.3866
learned,R-HOR_GRU_2,0.04238078,0.3864
learned,R-HOR_GRU_2,0.04238645,0.3862
learned,R-HOR_GRU_2,0.042389512,0.386
learned,R-HOR_GRU_2,0.04239227,0.3858
learned,R-HOR_GRU_2,0.042400956,0.3856
learned,R-HOR_GRU_2,0.04240362,0.3854
learned,R-HOR_GRU_2,0.042408183,0.3852
learned,R-HOR_GRU_2,0.042415142,0.385
learned,R-HOR_GRU_2,0.04242289,0.3848
learned,R-HOR_GRU_2,0.042426083,0.3846
learned,R-HOR_GRU_2,0.042430863,0.3844
learned,R-HOR_GRU_2,0.0424334,0.3842
learned,R-HOR_GRU_2,0.042443037,0.384
learned,R-HOR_GRU_2,0.04244578,0.3838
learned,R-HOR_GRU_2,0.04245031,0.3836
learned,R-HOR_GRU_2,0.042452402,0.3834
learned,R-HOR_GRU_2,0.04245411,0.3832
learned,R-HOR_GRU_2,0.0424608,0.383
learned,R-HOR_GRU_2,0.042462707,0.3828
learned,R-HOR_GRU_2,0.04246825,0.3826
learned,R-HOR_GRU_2,0.04247129,0.3824
learned,R-HOR_GRU_2,0.042478144,0.3822
learned,R-HOR_GRU_2,0.042482734,0.382
learned,R-HOR_GRU_2,0.042485118,0.3818
learned,R-HOR_GRU_2,0.04248786,0.3816
learned,R-HOR_GRU_2,0.042489648,0.3814
learned,R-HOR_GRU_2,0.042496543,0.3812
learned,R-HOR_GRU_2,0.04250014,0.381
learned,R-HOR_GRU_2,0.04250586,0.3808
learned,R-HOR_GRU_2,0.042510152,0.3806
learned,R-HOR_GRU_2,0.042515874,0.3804
learned,R-HOR_GRU_2,0.042524338,0.3802
learned,R-HOR_GRU_2,0.042529844,0.38
learned,R-HOR_GRU_2,0.04253769,0.3798
learned,R-HOR_GRU_2,0.04254055,0.3796
learned,R-HOR_GRU_2,0.042546153,0.3794
learned,R-HOR_GRU_2,0.042549722,0.3792
learned,R-HOR_GRU_2,0.04255736,0.379
learned,R-HOR_GRU_2,0.04256413,0.3788
learned,R-HOR_GRU_2,0.042568088,0.3786
learned,R-HOR_GRU_2,0.04257731,0.3784
learned,R-HOR_GRU_2,0.04258108,0.3782
learned,R-HOR_GRU_2,0.042587996,0.378
learned,R-HOR_GRU_2,0.042590022,0.3778
learned,R-HOR_GRU_2,0.042593565,0.3776
learned,R-HOR_GRU_2,0.042601943,0.3774
learned,R-HOR_GRU_2,0.042605042,0.3772
learned,R-HOR_GRU_2,0.042613268,0.377
learned,R-HOR_GRU_2,0.042615518,0.3768
learned,R-HOR_GRU_2,0.04262483,0.3766
learned,R-HOR_GRU_2,0.042627096,0.3764
learned,R-HOR_GRU_2,0.042632617,0.3762
learned,R-HOR_GRU_2,0.042638574,0.376
learned,R-HOR_GRU_2,0.042643547,0.3758
learned,R-HOR_GRU_2,0.04264939,0.3756
learned,R-HOR_GRU_2,0.04265231,0.3754
learned,R-HOR_GRU_2,0.04265704,0.3752
learned,R-HOR_GRU_2,0.042660326,0.375
learned,R-HOR_GRU_2,0.04266286,0.3748
learned,R-HOR_GRU_2,0.042667292,0.3746
learned,R-HOR_GRU_2,0.04267043,0.3744
learned,R-HOR_GRU_2,0.0426762,0.3742
learned,R-HOR_GRU_2,0.042682987,0.374
learned,R-HOR_GRU_2,0.042688098,0.3738
learned,R-HOR_GRU_2,0.04269135,0.3736
learned,R-HOR_GRU_2,0.042701606,0.3734
learned,R-HOR_GRU_2,0.042709317,0.3732
learned,R-HOR_GRU_2,0.042712174,0.373
learned,R-HOR_GRU_2,0.04271686,0.3728
learned,R-HOR_GRU_2,0.042721346,0.3726
learned,R-HOR_GRU_2,0.0427261,0.3724
learned,R-HOR_GRU_2,0.042729497,0.3722
learned,R-HOR_GRU_2,0.04273117,0.372
learned,R-HOR_GRU_2,0.04273787,0.3718
learned,R-HOR_GRU_2,0.042743336,0.3716
learned,R-HOR_GRU_2,0.042744994,0.3714
learned,R-HOR_GRU_2,0.04274708,0.3712
learned,R-HOR_GRU_2,0.04275655,0.371
learned,R-HOR_GRU_2,0.04276359,0.3708
learned,R-HOR_GRU_2,0.042767733,0.3706
learned,R-HOR_GRU_2,0.04277523,0.3704
learned,R-HOR_GRU_2,0.042778224,0.3702
learned,R-HOR_GRU_2,0.04278779,0.37
learned,R-HOR_GRU_2,0.042792168,0.3698
learned,R-HOR_GRU_2,0.042794004,0.3696
learned,R-HOR_GRU_2,0.04280162,0.3694
learned,R-HOR_GRU_2,0.042803943,0.3692
learned,R-HOR_GRU_2,0.04280808,0.369
learned,R-HOR_GRU_2,0.042818405,0.3688
learned,R-HOR_GRU_2,0.042827785,0.3686
learned,R-HOR_GRU_2,0.042833634,0.3684
learned,R-HOR_GRU_2,0.042840242,0.3682
learned,R-HOR_GRU_2,0.042844415,0.368
learned,R-HOR_GRU_2,0.042848743,0.3678
learned,R-HOR_GRU_2,0.042857617,0.3676
learned,R-HOR_GRU_2,0.04286394,0.3674
learned,R-HOR_GRU_2,0.04287404,0.3672
learned,R-HOR_GRU_2,0.0428766,0.367
learned,R-HOR_GRU_2,0.04288298,0.3668
learned,R-HOR_GRU_2,0.042889,0.3666
learned,R-HOR_GRU_2,0.042893752,0.3664
learned,R-HOR_GRU_2,0.04289651,0.3662
learned,R-HOR_GRU_2,0.042898536,0.366
learned,R-HOR_GRU_2,0.04290104,0.3658
learned,R-HOR_GRU_2,0.042904675,0.3656
learned,R-HOR_GRU_2,0.042915594,0.3654
learned,R-HOR_GRU_2,0.042917192,0.3652
learned,R-HOR_GRU_2,0.042926837,0.365
learned,R-HOR_GRU_2,0.042930305,0.3648
learned,R-HOR_GRU_2,0.042936563,0.3646
learned,R-HOR_GRU_2,0.042948414,0.3644
learned,R-HOR_GRU_2,0.042952538,0.3642
learned,R-HOR_GRU_2,0.04295709,0.364
learned,R-HOR_GRU_2,0.04296094,0.3638
learned,R-HOR_GRU_2,0.042965412,0.3636
learned,R-HOR_GRU_2,0.04297352,0.3634
learned,R-HOR_GRU_2,0.042983178,0.3632
learned,R-HOR_GRU_2,0.042987585,0.363
learned,R-HOR_GRU_2,0.04299231,0.3628
learned,R-HOR_GRU_2,0.042998664,0.3626
learned,R-HOR_GRU_2,0.04300627,0.3624
learned,R-HOR_GRU_2,0.043010116,0.3622
learned,R-HOR_GRU_2,0.04301691,0.362
learned,R-HOR_GRU_2,0.043019988,0.3618
learned,R-HOR_GRU_2,0.043020997,0.3616
learned,R-HOR_GRU_2,0.043027222,0.3614
learned,R-HOR_GRU_2,0.04302897,0.3612
learned,R-HOR_GRU_2,0.043032467,0.361
learned,R-HOR_GRU_2,0.043037713,0.3608
learned,R-HOR_GRU_2,0.0430429,0.3606
learned,R-HOR_GRU_2,0.043055415,0.3604
learned,R-HOR_GRU_2,0.043060094,0.3602
learned,R-HOR_GRU_2,0.04306197,0.36
learned,R-HOR_GRU_2,0.04306537,0.3598
learned,R-HOR_GRU_2,0.04306817,0.3596
learned,R-HOR_GRU_2,0.04306954,0.3594
learned,R-HOR_GRU_2,0.04307294,0.3592
learned,R-HOR_GRU_2,0.04307568,0.359
learned,R-HOR_GRU_2,0.043080308,0.3588
learned,R-HOR_GRU_2,0.043085456,0.3586
learned,R-HOR_GRU_2,0.043092847,0.3584
learned,R-HOR_GRU_2,0.043096304,0.3582
learned,R-HOR_GRU_2,0.04310012,0.358
learned,R-HOR_GRU_2,0.043106437,0.3578
learned,R-HOR_GRU_2,0.04311204,0.3576
learned,R-HOR_GRU_2,0.043119155,0.3574
learned,R-HOR_GRU_2,0.043128133,0.3572
learned,R-HOR_GRU_2,0.04313325,0.357
learned,R-HOR_GRU_2,0.04313612,0.3568
learned,R-HOR_GRU_2,0.043139793,0.3566
learned,R-HOR_GRU_2,0.043141246,0.3564
learned,R-HOR_GRU_2,0.043146603,0.3562
learned,R-HOR_GRU_2,0.04314825,0.356
learned,R-HOR_GRU_2,0.04315293,0.3558
learned,R-HOR_GRU_2,0.04315722,0.3556
learned,R-HOR_GRU_2,0.04316449,0.3554
learned,R-HOR_GRU_2,0.043170333,0.3552
learned,R-HOR_GRU_2,0.04317391,0.355
learned,R-HOR_GRU_2,0.04318115,0.3548
learned,R-HOR_GRU_2,0.043187015,0.3546
learned,R-HOR_GRU_2,0.043191075,0.3544
learned,R-HOR_GRU_2,0.043195482,0.3542
learned,R-HOR_GRU_2,0.043203723,0.354
learned,R-HOR_GRU_2,0.04321021,0.3538
learned,R-HOR_GRU_2,0.043216333,0.3536
learned,R-HOR_GRU_2,0.043220997,0.3534
learned,R-HOR_GRU_2,0.04323238,0.3532
learned,R-HOR_GRU_2,0.043236017,0.353
learned,R-HOR_GRU_2,0.043247074,0.3528
learned,R-HOR_GRU_2,0.04325108,0.3526
learned,R-HOR_GRU_2,0.043258015,0.3524
learned,R-HOR_GRU_2,0.04326284,0.3522
learned,R-HOR_GRU_2,0.043268517,0.352
learned,R-HOR_GRU_2,0.043274403,0.3518
learned,R-HOR_GRU_2,0.043278456,0.3516
learned,R-HOR_GRU_2,0.043286085,0.3514
learned,R-HOR_GRU_2,0.043290854,0.3512
learned,R-HOR_GRU_2,0.043297634,0.351
learned,R-HOR_GRU_2,0.043306857,0.3508
learned,R-HOR_GRU_2,0.043311026,0.3506
learned,R-HOR_GRU_2,0.04331392,0.3504
learned,R-HOR_GRU_2,0.043321252,0.3502
learned,R-HOR_GRU_2,0.04332631,0.35
learned,R-HOR_GRU_2,0.04333204,0.3498
learned,R-HOR_GRU_2,0.043333903,0.3496
learned,R-HOR_GRU_2,0.043337844,0.3494
learned,R-HOR_GRU_2,0.043343227,0.3492
learned,R-HOR_GRU_2,0.043346286,0.349
learned,R-HOR_GRU_2,0.043349743,0.3488
learned,R-HOR_GRU_2,0.043356,0.3486
learned,R-HOR_GRU_2,0.043364167,0.3484
learned,R-HOR_GRU_2,0.043367386,0.3482
learned,R-HOR_GRU_2,0.043372035,0.348
learned,R-HOR_GRU_2,0.04337573,0.3478
learned,R-HOR_GRU_2,0.04337871,0.3476
learned,R-HOR_GRU_2,0.043385148,0.3474
learned,R-HOR_GRU_2,0.043388188,0.3472
learned,R-HOR_GRU_2,0.04339552,0.347
learned,R-HOR_GRU_2,0.04340005,0.3468
learned,R-HOR_GRU_2,0.04340875,0.3466
learned,R-HOR_GRU_2,0.0434134,0.3464
learned,R-HOR_GRU_2,0.043418437,0.3462
learned,R-HOR_GRU_2,0.043419242,0.346
learned,R-HOR_GRU_2,0.04342401,0.3458
learned,R-HOR_GRU_2,0.043428063,0.3456
learned,R-HOR_GRU_2,0.04343076,0.3454
learned,R-HOR_GRU_2,0.043435574,0.3452
learned,R-HOR_GRU_2,0.04343748,0.345
learned,R-HOR_GRU_2,0.0434407,0.3448
learned,R-HOR_GRU_2,0.043443926,0.3446
learned,R-HOR_GRU_2,0.04344574,0.3444
learned,R-HOR_GRU_2,0.043450557,0.3442
learned,R-HOR_GRU_2,0.04345286,0.344
learned,R-HOR_GRU_2,0.04345821,0.3438
learned,R-HOR_GRU_2,0.043463185,0.3436
learned,R-HOR_GRU_2,0.04346579,0.3434
learned,R-HOR_GRU_2,0.04347188,0.3432
learned,R-HOR_GRU_2,0.043475613,0.343
learned,R-HOR_GRU_2,0.043478277,0.3428
learned,R-HOR_GRU_2,0.04347968,0.3426
learned,R-HOR_GRU_2,0.043480992,0.3424
learned,R-HOR_GRU_2,0.043484703,0.3422
learned,R-HOR_GRU_2,0.04348743,0.342
learned,R-HOR_GRU_2,0.043493986,0.3418
learned,R-HOR_GRU_2,0.04349947,0.3416
learned,R-HOR_GRU_2,0.04350257,0.3414
learned,R-HOR_GRU_2,0.043505132,0.3412
learned,R-HOR_GRU_2,0.043507107,0.341
learned,R-HOR_GRU_2,0.04351461,0.3408
learned,R-HOR_GRU_2,0.043520093,0.3406
learned,R-HOR_GRU_2,0.043525696,0.3404
learned,R-HOR_GRU_2,0.043532953,0.3402
learned,R-HOR_GRU_2,0.043535862,0.34
learned,R-HOR_GRU_2,0.043542266,0.3398
learned,R-HOR_GRU_2,0.04354658,0.3396
learned,R-HOR_GRU_2,0.04355061,0.3394
learned,R-HOR_GRU_2,0.04355395,0.3392
learned,R-HOR_GRU_2,0.043558583,0.339
learned,R-HOR_GRU_2,0.043563485,0.3388
learned,R-HOR_GRU_2,0.043570578,0.3386
learned,R-HOR_GRU_2,0.04357472,0.3384
learned,R-HOR_GRU_2,0.043581307,0.3382
learned,R-HOR_GRU_2,0.043595597,0.338
learned,R-HOR_GRU_2,0.04360199,0.3378
learned,R-HOR_GRU_2,0.043604136,0.3376
learned,R-HOR_GRU_2,0.043607138,0.3374
learned,R-HOR_GRU_2,0.04361371,0.3372
learned,R-HOR_GRU_2,0.043620467,0.337
learned,R-HOR_GRU_2,0.043623626,0.3368
learned,R-HOR_GRU_2,0.04362802,0.3366
learned,R-HOR_GRU_2,0.043631196,0.3364
learned,R-HOR_GRU_2,0.043634057,0.3362
learned,R-HOR_GRU_2,0.04363948,0.336
learned,R-HOR_GRU_2,0.043644667,0.3358
learned,R-HOR_GRU_2,0.043647528,0.3356
learned,R-HOR_GRU_2,0.0436496,0.3354
learned,R-HOR_GRU_2,0.04365349,0.3352
learned,R-HOR_GRU_2,0.0436569,0.335
learned,R-HOR_GRU_2,0.04366207,0.3348
learned,R-HOR_GRU_2,0.04366833,0.3346
learned,R-HOR_GRU_2,0.043672085,0.3344
learned,R-HOR_GRU_2,0.043673407,0.3342
learned,R-HOR_GRU_2,0.043676086,0.334
learned,R-HOR_GRU_2,0.043679237,0.3338
learned,R-HOR_GRU_2,0.04368669,0.3336
learned,R-HOR_GRU_2,0.04369247,0.3334
learned,R-HOR_GRU_2,0.043695092,0.3332
learned,R-HOR_GRU_2,0.043701477,0.333
learned,R-HOR_GRU_2,0.043705463,0.3328
learned,R-HOR_GRU_2,0.043714598,0.3326
learned,R-HOR_GRU_2,0.04371935,0.3324
learned,R-HOR_GRU_2,0.043726586,0.3322
learned,R-HOR_GRU_2,0.043730706,0.332
learned,R-HOR_GRU_2,0.04373908,0.3318
learned,R-HOR_GRU_2,0.043740153,0.3316
learned,R-HOR_GRU_2,0.043746848,0.3314
learned,R-HOR_GRU_2,0.043748572,0.3312
learned,R-HOR_GRU_2,0.043752432,0.331
learned,R-HOR_GRU_2,0.043755766,0.3308
learned,R-HOR_GRU_2,0.043758273,0.3306
learned,R-HOR_GRU_2,0.043762505,0.3304
learned,R-HOR_GRU_2,0.043767452,0.3302
learned,R-HOR_GRU_2,0.04377416,0.33
learned,R-HOR_GRU_2,0.043781042,0.3298
learned,R-HOR_GRU_2,0.043783426,0.3296
learned,R-HOR_GRU_2,0.043790817,0.3294
learned,R-HOR_GRU_2,0.04379283,0.3292
learned,R-HOR_GRU_2,0.0437963,0.329
learned,R-HOR_GRU_2,0.04380071,0.3288
learned,R-HOR_GRU_2,0.043804042,0.3286
learned,R-HOR_GRU_2,0.04380977,0.3284
learned,R-HOR_GRU_2,0.043816093,0.3282
learned,R-HOR_GRU_2,0.043817878,0.328
learned,R-HOR_GRU_2,0.04382376,0.3278
learned,R-HOR_GRU_2,0.043829747,0.3276
learned,R-HOR_GRU_2,0.043832086,0.3274
learned,R-HOR_GRU_2,0.04383558,0.3272
learned,R-HOR_GRU_2,0.04384458,0.327
learned,R-HOR_GRU_2,0.043851405,0.3268
learned,R-HOR_GRU_2,0.043856144,0.3266
learned,R-HOR_GRU_2,0.043858435,0.3264
learned,R-HOR_GRU_2,0.04386448,0.3262
learned,R-HOR_GRU_2,0.043871924,0.326
learned,R-HOR_GRU_2,0.043876838,0.3258
learned,R-HOR_GRU_2,0.04387915,0.3256
learned,R-HOR_GRU_2,0.04388307,0.3254
learned,R-HOR_GRU_2,0.04388714,0.3252
learned,R-HOR_GRU_2,0.04389264,0.325
learned,R-HOR_GRU_2,0.04389493,0.3248
learned,R-HOR_GRU_2,0.043900847,0.3246
learned,R-HOR_GRU_2,0.04390353,0.3244
learned,R-HOR_GRU_2,0.043910205,0.3242
learned,R-HOR_GRU_2,0.04391229,0.324
learned,R-HOR_GRU_2,0.043916464,0.3238
learned,R-HOR_GRU_2,0.043920934,0.3236
learned,R-HOR_GRU_2,0.043922886,0.3234
learned,R-HOR_GRU_2,0.043928742,0.3232
learned,R-HOR_GRU_2,0.043931365,0.323
learned,R-HOR_GRU_2,0.04393339,0.3228
learned,R-HOR_GRU_2,0.043939233,0.3226
learned,R-HOR_GRU_2,0.04394164,0.3224
learned,R-HOR_GRU_2,0.043944653,0.3222
learned,R-HOR_GRU_2,0.043947853,0.322
learned,R-HOR_GRU_2,0.04395747,0.3218
learned,R-HOR_GRU_2,0.043963272,0.3216
learned,R-HOR_GRU_2,0.043967962,0.3214
learned,R-HOR_GRU_2,0.043974757,0.3212
learned,R-HOR_GRU_2,0.043983817,0.321
learned,R-HOR_GRU_2,0.043985363,0.3208
learned,R-HOR_GRU_2,0.043988228,0.3206
learned,R-HOR_GRU_2,0.043992963,0.3204
learned,R-HOR_GRU_2,0.043997884,0.3202
learned,R-HOR_GRU_2,0.044004716,0.32
learned,R-HOR_GRU_2,0.04400754,0.3198
learned,R-HOR_GRU_2,0.044008374,0.3196
learned,R-HOR_GRU_2,0.044020526,0.3194
learned,R-HOR_GRU_2,0.044022508,0.3192
learned,R-HOR_GRU_2,0.04402417,0.319
learned,R-HOR_GRU_2,0.044037104,0.3188
learned,R-HOR_GRU_2,0.04404211,0.3186
learned,R-HOR_GRU_2,0.04404833,0.3184
learned,R-HOR_GRU_2,0.044054143,0.3182
learned,R-HOR_GRU_2,0.04405588,0.318
learned,R-HOR_GRU_2,0.044059634,0.3178
learned,R-HOR_GRU_2,0.04406268,0.3176
learned,R-HOR_GRU_2,0.0440674,0.3174
learned,R-HOR_GRU_2,0.044070363,0.3172
learned,R-HOR_GRU_2,0.044076085,0.317
learned,R-HOR_GRU_2,0.044080403,0.3168
learned,R-HOR_GRU_2,0.044083677,0.3166
learned,R-HOR_GRU_2,0.044085264,0.3164
learned,R-HOR_GRU_2,0.04408843,0.3162
learned,R-HOR_GRU_2,0.04409136,0.316
learned,R-HOR_GRU_2,0.04409387,0.3158
learned,R-HOR_GRU_2,0.044097424,0.3156
learned,R-HOR_GRU_2,0.04410112,0.3154
learned,R-HOR_GRU_2,0.044104695,0.3152
learned,R-HOR_GRU_2,0.044108402,0.315
learned,R-HOR_GRU_2,0.044111907,0.3148
learned,R-HOR_GRU_2,0.04412031,0.3146
learned,R-HOR_GRU_2,0.04412383,0.3144
learned,R-HOR_GRU_2,0.044131458,0.3142
learned,R-HOR_GRU_2,0.044137836,0.314
learned,R-HOR_GRU_2,0.04414445,0.3138
learned,R-HOR_GRU_2,0.044148803,0.3136
learned,R-HOR_GRU_2,0.044149637,0.3134
learned,R-HOR_GRU_2,0.04415202,0.3132
learned,R-HOR_GRU_2,0.044154882,0.313
learned,R-HOR_GRU_2,0.04415667,0.3128
learned,R-HOR_GRU_2,0.044159412,0.3126
learned,R-HOR_GRU_2,0.044162393,0.3124
learned,R-HOR_GRU_2,0.044165768,0.3122
learned,R-HOR_GRU_2,0.044170573,0.312
learned,R-HOR_GRU_2,0.044174433,0.3118
learned,R-HOR_GRU_2,0.044181585,0.3116
learned,R-HOR_GRU_2,0.04418639,0.3114
learned,R-HOR_GRU_2,0.044190645,0.3112
learned,R-HOR_GRU_2,0.044192076,0.311
learned,R-HOR_GRU_2,0.044195365,0.3108
learned,R-HOR_GRU_2,0.04419613,0.3106
learned,R-HOR_GRU_2,0.04420007,0.3104
learned,R-HOR_GRU_2,0.044204175,0.3102
learned,R-HOR_GRU_2,0.044206996,0.31
learned,R-HOR_GRU_2,0.044210076,0.3098
learned,R-HOR_GRU_2,0.044214442,0.3096
learned,R-HOR_GRU_2,0.04421687,0.3094
learned,R-HOR_GRU_2,0.044218898,0.3092
learned,R-HOR_GRU_2,0.044221997,0.309
learned,R-HOR_GRU_2,0.044227898,0.3088
learned,R-HOR_GRU_2,0.04423231,0.3086
learned,R-HOR_GRU_2,0.04423511,0.3084
learned,R-HOR_GRU_2,0.044241965,0.3082
learned,R-HOR_GRU_2,0.04424642,0.308
learned,R-HOR_GRU_2,0.04425007,0.3078
learned,R-HOR_GRU_2,0.044257175,0.3076
learned,R-HOR_GRU_2,0.04426425,0.3074
learned,R-HOR_GRU_2,0.044269398,0.3072
learned,R-HOR_GRU_2,0.044275045,0.307
learned,R-HOR_GRU_2,0.04428085,0.3068
learned,R-HOR_GRU_2,0.044284105,0.3066
learned,R-HOR_GRU_2,0.04428933,0.3064
learned,R-HOR_GRU_2,0.044294894,0.3062
learned,R-HOR_GRU_2,0.044300497,0.306
learned,R-HOR_GRU_2,0.04430747,0.3058
learned,R-HOR_GRU_2,0.044312812,0.3056
learned,R-HOR_GRU_2,0.04432559,0.3054
learned,R-HOR_GRU_2,0.044330698,0.3052
learned,R-HOR_GRU_2,0.044336557,0.305
learned,R-HOR_GRU_2,0.04433775,0.3048
learned,R-HOR_GRU_2,0.04434518,0.3046
learned,R-HOR_GRU_2,0.044351306,0.3044
learned,R-HOR_GRU_2,0.044357415,0.3042
learned,R-HOR_GRU_2,0.044363216,0.304
learned,R-HOR_GRU_2,0.044365883,0.3038
learned,R-HOR_GRU_2,0.044374503,0.3036
learned,R-HOR_GRU_2,0.044385582,0.3034
learned,R-HOR_GRU_2,0.044391967,0.3032
learned,R-HOR_GRU_2,0.04439652,0.303
learned,R-HOR_GRU_2,0.044401765,0.3028
learned,R-HOR_GRU_2,0.044403743,0.3026
learned,R-HOR_GRU_2,0.044406414,0.3024
learned,R-HOR_GRU_2,0.0444113,0.3022
learned,R-HOR_GRU_2,0.044417486,0.302
learned,R-HOR_GRU_2,0.044420093,0.3018
learned,R-HOR_GRU_2,0.044428613,0.3016
learned,R-HOR_GRU_2,0.044437382,0.3014
learned,R-HOR_GRU_2,0.044445634,0.3012
learned,R-HOR_GRU_2,0.04445313,0.301
learned,R-HOR_GRU_2,0.044456866,0.3008
learned,R-HOR_GRU_2,0.04445987,0.3006
learned,R-HOR_GRU_2,0.044465996,0.3004
learned,R-HOR_GRU_2,0.04446946,0.3002
learned,R-HOR_GRU_2,0.044473518,0.3
learned,R-HOR_GRU_2,0.044480562,0.2998
learned,R-HOR_GRU_2,0.04448855,0.2996
learned,R-HOR_GRU_2,0.044494003,0.2994
learned,R-HOR_GRU_2,0.044496823,0.2992
learned,R-HOR_GRU_2,0.044499993,0.299
learned,R-HOR_GRU_2,0.04450679,0.2988
learned,R-HOR_GRU_2,0.04450798,0.2986
learned,R-HOR_GRU_2,0.044514,0.2984
learned,R-HOR_GRU_2,0.044523098,0.2982
learned,R-HOR_GRU_2,0.04452423,0.298
learned,R-HOR_GRU_2,0.044527285,0.2978
learned,R-HOR_GRU_2,0.044530492,0.2976
learned,R-HOR_GRU_2,0.04453349,0.2974
learned,R-HOR_GRU_2,0.04453688,0.2972
learned,R-HOR_GRU_2,0.04453894,0.297
learned,R-HOR_GRU_2,0.044545278,0.2968
learned,R-HOR_GRU_2,0.044548985,0.2966
learned,R-HOR_GRU_2,0.04455328,0.2964
learned,R-HOR_GRU_2,0.044556737,0.2962
learned,R-HOR_GRU_2,0.044561982,0.296
learned,R-HOR_GRU_2,0.044567585,0.2958
learned,R-HOR_GRU_2,0.044574976,0.2956
learned,R-HOR_GRU_2,0.044577133,0.2954
learned,R-HOR_GRU_2,0.044587772,0.2952
learned,R-HOR_GRU_2,0.04459071,0.295
learned,R-HOR_GRU_2,0.04459536,0.2948
learned,R-HOR_GRU_2,0.04460144,0.2946
learned,R-HOR_GRU_2,0.044602513,0.2944
learned,R-HOR_GRU_2,0.044608593,0.2942
learned,R-HOR_GRU_2,0.044614315,0.294
learned,R-HOR_GRU_2,0.044617653,0.2938
learned,R-HOR_GRU_2,0.044622064,0.2936
learned,R-HOR_GRU_2,0.0446254,0.2934
learned,R-HOR_GRU_2,0.04463032,0.2932
learned,R-HOR_GRU_2,0.044638515,0.293
learned,R-HOR_GRU_2,0.04464772,0.2928
learned,R-HOR_GRU_2,0.04465139,0.2926
learned,R-HOR_GRU_2,0.044658184,0.2924
learned,R-HOR_GRU_2,0.044661358,0.2922
learned,R-HOR_GRU_2,0.044666722,0.292
learned,R-HOR_GRU_2,0.044668317,0.2918
learned,R-HOR_GRU_2,0.04467058,0.2916
learned,R-HOR_GRU_2,0.04467607,0.2914
learned,R-HOR_GRU_2,0.044677917,0.2912
learned,R-HOR_GRU_2,0.04468155,0.291
learned,R-HOR_GRU_2,0.044684775,0.2908
learned,R-HOR_GRU_2,0.04469059,0.2906
learned,R-HOR_GRU_2,0.04469337,0.2904
learned,R-HOR_GRU_2,0.044696927,0.2902
learned,R-HOR_GRU_2,0.044700623,0.29
learned,R-HOR_GRU_2,0.044713702,0.2898
learned,R-HOR_GRU_2,0.044715967,0.2896
learned,R-HOR_GRU_2,0.04471814,0.2894
learned,R-HOR_GRU_2,0.044719696,0.2892
learned,R-HOR_GRU_2,0.044725537,0.289
learned,R-HOR_GRU_2,0.044728816,0.2888
learned,R-HOR_GRU_2,0.04473356,0.2886
learned,R-HOR_GRU_2,0.044742346,0.2884
learned,R-HOR_GRU_2,0.04475138,0.2882
learned,R-HOR_GRU_2,0.044754162,0.288
learned,R-HOR_GRU_2,0.044759728,0.2878
learned,R-HOR_GRU_2,0.04476255,0.2876
learned,R-HOR_GRU_2,0.04476559,0.2874
learned,R-HOR_GRU_2,0.044775963,0.2872
learned,R-HOR_GRU_2,0.044777136,0.287
learned,R-HOR_GRU_2,0.044784725,0.2868
learned,R-HOR_GRU_2,0.044787288,0.2866
learned,R-HOR_GRU_2,0.044792414,0.2864
learned,R-HOR_GRU_2,0.044794492,0.2862
learned,R-HOR_GRU_2,0.044795938,0.286
learned,R-HOR_GRU_2,0.044798106,0.2858
learned,R-HOR_GRU_2,0.044802725,0.2856
learned,R-HOR_GRU_2,0.04480481,0.2854
learned,R-HOR_GRU_2,0.04481411,0.2852
learned,R-HOR_GRU_2,0.044819746,0.285
learned,R-HOR_GRU_2,0.044824287,0.2848
learned,R-HOR_GRU_2,0.044831157,0.2846
learned,R-HOR_GRU_2,0.0448338,0.2844
learned,R-HOR_GRU_2,0.0448384,0.2842
learned,R-HOR_GRU_2,0.04484495,0.284
learned,R-HOR_GRU_2,0.044851907,0.2838
learned,R-HOR_GRU_2,0.044858932,0.2836
learned,R-HOR_GRU_2,0.044863343,0.2834
learned,R-HOR_GRU_2,0.04486704,0.2832
learned,R-HOR_GRU_2,0.044867966,0.283
learned,R-HOR_GRU_2,0.04487109,0.2828
learned,R-HOR_GRU_2,0.04487424,0.2826
learned,R-HOR_GRU_2,0.044876445,0.2824
learned,R-HOR_GRU_2,0.044881538,0.2822
learned,R-HOR_GRU_2,0.044887353,0.282
learned,R-HOR_GRU_2,0.044893384,0.2818
learned,R-HOR_GRU_2,0.04489945,0.2816
learned,R-HOR_GRU_2,0.04490691,0.2814
learned,R-HOR_GRU_2,0.04491198,0.2812
learned,R-HOR_GRU_2,0.044912875,0.281
learned,R-HOR_GRU_2,0.044917583,0.2808
learned,R-HOR_GRU_2,0.044920802,0.2806
learned,R-HOR_GRU_2,0.044929292,0.2804
learned,R-HOR_GRU_2,0.0449337,0.2802
learned,R-HOR_GRU_2,0.04494192,0.28
learned,R-HOR_GRU_2,0.044944383,0.2798
learned,R-HOR_GRU_2,0.044950467,0.2796
learned,R-HOR_GRU_2,0.04495474,0.2794
learned,R-HOR_GRU_2,0.044957988,0.2792
learned,R-HOR_GRU_2,0.044961553,0.279
learned,R-HOR_GRU_2,0.044964626,0.2788
learned,R-HOR_GRU_2,0.04497095,0.2786
learned,R-HOR_GRU_2,0.044974543,0.2784
learned,R-HOR_GRU_2,0.044976115,0.2782
learned,R-HOR_GRU_2,0.04498017,0.278
learned,R-HOR_GRU_2,0.04498136,0.2778
learned,R-HOR_GRU_2,0.04498695,0.2776
learned,R-HOR_GRU_2,0.04498929,0.2774
learned,R-HOR_GRU_2,0.04499209,0.2772
learned,R-HOR_GRU_2,0.044999838,0.277
learned,R-HOR_GRU_2,0.04500332,0.2768
learned,R-HOR_GRU_2,0.045008678,0.2766
learned,R-HOR_GRU_2,0.04501146,0.2764
learned,R-HOR_GRU_2,0.04501593,0.2762
learned,R-HOR_GRU_2,0.04502132,0.276
learned,R-HOR_GRU_2,0.04502821,0.2758
learned,R-HOR_GRU_2,0.045031205,0.2756
learned,R-HOR_GRU_2,0.04503443,0.2754
learned,R-HOR_GRU_2,0.045040965,0.2752
learned,R-HOR_GRU_2,0.045045853,0.275
learned,R-HOR_GRU_2,0.04505062,0.2748
learned,R-HOR_GRU_2,0.04505287,0.2746
learned,R-HOR_GRU_2,0.045059077,0.2744
learned,R-HOR_GRU_2,0.045062378,0.2742
learned,R-HOR_GRU_2,0.0450668,0.274
learned,R-HOR_GRU_2,0.045069378,0.2738
learned,R-HOR_GRU_2,0.04507634,0.2736
learned,R-HOR_GRU_2,0.045081493,0.2734
learned,R-HOR_GRU_2,0.045085184,0.2732
learned,R-HOR_GRU_2,0.045086935,0.273
learned,R-HOR_GRU_2,0.045091987,0.2728
learned,R-HOR_GRU_2,0.045103654,0.2726
learned,R-HOR_GRU_2,0.045112014,0.2724
learned,R-HOR_GRU_2,0.045120716,0.2722
learned,R-HOR_GRU_2,0.045122504,0.272
learned,R-HOR_GRU_2,0.045124345,0.2718
learned,R-HOR_GRU_2,0.04512972,0.2716
learned,R-HOR_GRU_2,0.045133114,0.2714
learned,R-HOR_GRU_2,0.045140795,0.2712
learned,R-HOR_GRU_2,0.045148995,0.271
learned,R-HOR_GRU_2,0.0451504,0.2708
learned,R-HOR_GRU_2,0.045152783,0.2706
learned,R-HOR_GRU_2,0.045158293,0.2704
learned,R-HOR_GRU_2,0.045161996,0.2702
learned,R-HOR_GRU_2,0.045162905,0.27
learned,R-HOR_GRU_2,0.04516624,0.2698
learned,R-HOR_GRU_2,0.04516983,0.2696
learned,R-HOR_GRU_2,0.045176387,0.2694
learned,R-HOR_GRU_2,0.045179367,0.2692
learned,R-HOR_GRU_2,0.045188513,0.269
learned,R-HOR_GRU_2,0.045195863,0.2688
learned,R-HOR_GRU_2,0.045204297,0.2686
learned,R-HOR_GRU_2,0.04520969,0.2684
learned,R-HOR_GRU_2,0.04521157,0.2682
learned,R-HOR_GRU_2,0.045213044,0.268
learned,R-HOR_GRU_2,0.04521787,0.2678
learned,R-HOR_GRU_2,0.045220375,0.2676
learned,R-HOR_GRU_2,0.04522416,0.2674
learned,R-HOR_GRU_2,0.045230567,0.2672
learned,R-HOR_GRU_2,0.045233488,0.267
learned,R-HOR_GRU_2,0.045237422,0.2668
learned,R-HOR_GRU_2,0.045238778,0.2666
learned,R-HOR_GRU_2,0.04524198,0.2664
learned,R-HOR_GRU_2,0.04524687,0.2662
learned,R-HOR_GRU_2,0.045254197,0.266
learned,R-HOR_GRU_2,0.045257293,0.2658
learned,R-HOR_GRU_2,0.045258973,0.2656
learned,R-HOR_GRU_2,0.045266032,0.2654
learned,R-HOR_GRU_2,0.045269728,0.2652
learned,R-HOR_GRU_2,0.045273684,0.265
learned,R-HOR_GRU_2,0.04527664,0.2648
learned,R-HOR_GRU_2,0.045279123,0.2646
learned,R-HOR_GRU_2,0.045284137,0.2644
learned,R-HOR_GRU_2,0.04528594,0.2642
learned,R-HOR_GRU_2,0.04529375,0.264
learned,R-HOR_GRU_2,0.04529631,0.2638
learned,R-HOR_GRU_2,0.045296714,0.2636
learned,R-HOR_GRU_2,0.045301225,0.2634
learned,R-HOR_GRU_2,0.045305192,0.2632
learned,R-HOR_GRU_2,0.045309324,0.263
learned,R-HOR_GRU_2,0.0453132,0.2628
learned,R-HOR_GRU_2,0.045315694,0.2626
learned,R-HOR_GRU_2,0.045319915,0.2624
learned,R-HOR_GRU_2,0.045325913,0.2622
learned,R-HOR_GRU_2,0.04532892,0.262
learned,R-HOR_GRU_2,0.045331903,0.2618
learned,R-HOR_GRU_2,0.045337215,0.2616
learned,R-HOR_GRU_2,0.045341253,0.2614
learned,R-HOR_GRU_2,0.045344114,0.2612
learned,R-HOR_GRU_2,0.04534614,0.261
learned,R-HOR_GRU_2,0.04534781,0.2608
learned,R-HOR_GRU_2,0.045351136,0.2606
learned,R-HOR_GRU_2,0.045362774,0.2604
learned,R-HOR_GRU_2,0.04536581,0.2602
learned,R-HOR_GRU_2,0.045371074,0.26
learned,R-HOR_GRU_2,0.045379885,0.2598
learned,R-HOR_GRU_2,0.045383006,0.2596
learned,R-HOR_GRU_2,0.045387387,0.2594
learned,R-HOR_GRU_2,0.04539524,0.2592
learned,R-HOR_GRU_2,0.045399357,0.259
learned,R-HOR_GRU_2,0.045407474,0.2588
learned,R-HOR_GRU_2,0.045412183,0.2586
learned,R-HOR_GRU_2,0.04541576,0.2584
learned,R-HOR_GRU_2,0.045420986,0.2582
learned,R-HOR_GRU_2,0.045426726,0.258
learned,R-HOR_GRU_2,0.045428634,0.2578
learned,R-HOR_GRU_2,0.04543233,0.2576
learned,R-HOR_GRU_2,0.04543841,0.2574
learned,R-HOR_GRU_2,0.045441866,0.2572
learned,R-HOR_GRU_2,0.04545164,0.257
learned,R-HOR_GRU_2,0.045455337,0.2568
learned,R-HOR_GRU_2,0.04546347,0.2566
learned,R-HOR_GRU_2,0.0454638,0.2564
learned,R-HOR_GRU_2,0.04546666,0.2562
learned,R-HOR_GRU_2,0.045470335,0.256
learned,R-HOR_GRU_2,0.04547451,0.2558
learned,R-HOR_GRU_2,0.04547534,0.2556
learned,R-HOR_GRU_2,0.045479894,0.2554
learned,R-HOR_GRU_2,0.045485288,0.2552
learned,R-HOR_GRU_2,0.045485675,0.255
learned,R-HOR_GRU_2,0.045491233,0.2548
learned,R-HOR_GRU_2,0.045496248,0.2546
learned,R-HOR_GRU_2,0.04550016,0.2544
learned,R-HOR_GRU_2,0.045502853,0.2542
learned,R-HOR_GRU_2,0.045510013,0.254
learned,R-HOR_GRU_2,0.04551593,0.2538
learned,R-HOR_GRU_2,0.04552263,0.2536
learned,R-HOR_GRU_2,0.0455247,0.2534
learned,R-HOR_GRU_2,0.045525968,0.2532
learned,R-HOR_GRU_2,0.045530964,0.253
learned,R-HOR_GRU_2,0.04553312,0.2528
learned,R-HOR_GRU_2,0.04554,0.2526
learned,R-HOR_GRU_2,0.04554217,0.2524
learned,R-HOR_GRU_2,0.045552287,0.2522
learned,R-HOR_GRU_2,0.0455544,0.252
learned,R-HOR_GRU_2,0.04555893,0.2518
learned,R-HOR_GRU_2,0.04556501,0.2516
learned,R-HOR_GRU_2,0.04557174,0.2514
learned,R-HOR_GRU_2,0.045573235,0.2512
learned,R-HOR_GRU_2,0.045583606,0.251
learned,R-HOR_GRU_2,0.045586046,0.2508
learned,R-HOR_GRU_2,0.045592252,0.2506
learned,R-HOR_GRU_2,0.045593426,0.2504
learned,R-HOR_GRU_2,0.04559803,0.2502
learned,R-HOR_GRU_2,0.045603108,0.25
learned,R-HOR_GRU_2,0.045606732,0.2498
learned,R-HOR_GRU_2,0.045609154,0.2496
learned,R-HOR_GRU_2,0.045611136,0.2494
learned,R-HOR_GRU_2,0.04561564,0.2492
learned,R-HOR_GRU_2,0.045621134,0.249
learned,R-HOR_GRU_2,0.045629878,0.2488
learned,R-HOR_GRU_2,0.045632243,0.2486
learned,R-HOR_GRU_2,0.04563318,0.2484
learned,R-HOR_GRU_2,0.045633975,0.2482
learned,R-HOR_GRU_2,0.045635343,0.248
learned,R-HOR_GRU_2,0.045639433,0.2478
learned,R-HOR_GRU_2,0.045642443,0.2476
learned,R-HOR_GRU_2,0.045646686,0.2474
learned,R-HOR_GRU_2,0.045651615,0.2472
learned,R-HOR_GRU_2,0.045660257,0.247
learned,R-HOR_GRU_2,0.04566388,0.2468
learned,R-HOR_GRU_2,0.045666814,0.2466
learned,R-HOR_GRU_2,0.045672953,0.2464
learned,R-HOR_GRU_2,0.045681357,0.2462
learned,R-HOR_GRU_2,0.04569137,0.246
learned,R-HOR_GRU_2,0.045694385,0.2458
learned,R-HOR_GRU_2,0.0456962,0.2456
learned,R-HOR_GRU_2,0.045708783,0.2454
learned,R-HOR_GRU_2,0.045713235,0.2452
learned,R-HOR_GRU_2,0.045723006,0.245
learned,R-HOR_GRU_2,0.04572742,0.2448
learned,R-HOR_GRU_2,0.045730595,0.2446
learned,R-HOR_GRU_2,0.045737267,0.2444
learned,R-HOR_GRU_2,0.045746118,0.2442
learned,R-HOR_GRU_2,0.045751184,0.244
learned,R-HOR_GRU_2,0.045753937,0.2438
learned,R-HOR_GRU_2,0.045761093,0.2436
learned,R-HOR_GRU_2,0.045772407,0.2434
learned,R-HOR_GRU_2,0.045775965,0.2432
learned,R-HOR_GRU_2,0.045778304,0.243
learned,R-HOR_GRU_2,0.045784593,0.2428
learned,R-HOR_GRU_2,0.04578794,0.2426
learned,R-HOR_GRU_2,0.04579504,0.2424
learned,R-HOR_GRU_2,0.04579687,0.2422
learned,R-HOR_GRU_2,0.04580009,0.242
learned,R-HOR_GRU_2,0.045808226,0.2418
learned,R-HOR_GRU_2,0.045814328,0.2416
learned,R-HOR_GRU_2,0.0458169,0.2414
learned,R-HOR_GRU_2,0.04581786,0.2412
learned,R-HOR_GRU_2,0.045822382,0.241
learned,R-HOR_GRU_2,0.0458256,0.2408
learned,R-HOR_GRU_2,0.045828547,0.2406
learned,R-HOR_GRU_2,0.04583061,0.2404
learned,R-HOR_GRU_2,0.04583317,0.2402
learned,R-HOR_GRU_2,0.045835853,0.24
learned,R-HOR_GRU_2,0.045838356,0.2398
learned,R-HOR_GRU_2,0.045843244,0.2396
learned,R-HOR_GRU_2,0.045847647,0.2394
learned,R-HOR_GRU_2,0.045850635,0.2392
learned,R-HOR_GRU_2,0.0458616,0.239
learned,R-HOR_GRU_2,0.04586482,0.2388
learned,R-HOR_GRU_2,0.045870066,0.2386
learned,R-HOR_GRU_2,0.045871854,0.2384
learned,R-HOR_GRU_2,0.045880914,0.2382
learned,R-HOR_GRU_2,0.045881867,0.238
learned,R-HOR_GRU_2,0.045891717,0.2378
learned,R-HOR_GRU_2,0.045894086,0.2376
learned,R-HOR_GRU_2,0.04589665,0.2374
learned,R-HOR_GRU_2,0.04590044,0.2372
learned,R-HOR_GRU_2,0.045905113,0.237
learned,R-HOR_GRU_2,0.045907855,0.2368
learned,R-HOR_GRU_2,0.04591143,0.2366
learned,R-HOR_GRU_2,0.045915246,0.2364
learned,R-HOR_GRU_2,0.045921326,0.2362
learned,R-HOR_GRU_2,0.045927644,0.236
learned,R-HOR_GRU_2,0.045932405,0.2358
learned,R-HOR_GRU_2,0.04593885,0.2356
learned,R-HOR_GRU_2,0.045943398,0.2354
learned,R-HOR_GRU_2,0.04594539,0.2352
learned,R-HOR_GRU_2,0.045950055,0.235
learned,R-HOR_GRU_2,0.045957044,0.2348
learned,R-HOR_GRU_2,0.04595979,0.2346
learned,R-HOR_GRU_2,0.04596317,0.2344
learned,R-HOR_GRU_2,0.04596448,0.2342
learned,R-HOR_GRU_2,0.045967817,0.234
learned,R-HOR_GRU_2,0.045972824,0.2338
learned,R-HOR_GRU_2,0.045976475,0.2336
learned,R-HOR_GRU_2,0.045982204,0.2334
learned,R-HOR_GRU_2,0.045990344,0.2332
learned,R-HOR_GRU_2,0.045999873,0.233
learned,R-HOR_GRU_2,0.04600191,0.2328
learned,R-HOR_GRU_2,0.046006233,0.2326
learned,R-HOR_GRU_2,0.04601832,0.2324
learned,R-HOR_GRU_2,0.046024635,0.2322
learned,R-HOR_GRU_2,0.046031594,0.232
learned,R-HOR_GRU_2,0.046045303,0.2318
learned,R-HOR_GRU_2,0.046051025,0.2316
learned,R-HOR_GRU_2,0.046053767,0.2314
learned,R-HOR_GRU_2,0.046055675,0.2312
learned,R-HOR_GRU_2,0.046060205,0.231
learned,R-HOR_GRU_2,0.046066046,0.2308
learned,R-HOR_GRU_2,0.046067595,0.2306
learned,R-HOR_GRU_2,0.04607141,0.2304
learned,R-HOR_GRU_2,0.0460757,0.2302
learned,R-HOR_GRU_2,0.04608071,0.23
learned,R-HOR_GRU_2,0.046084285,0.2298
learned,R-HOR_GRU_2,0.046088945,0.2296
learned,R-HOR_GRU_2,0.04609144,0.2294
learned,R-HOR_GRU_2,0.046096325,0.2292
learned,R-HOR_GRU_2,0.04610014,0.229
learned,R-HOR_GRU_2,0.046103,0.2288
learned,R-HOR_GRU_2,0.046106376,0.2286
learned,R-HOR_GRU_2,0.046109557,0.2284
learned,R-HOR_GRU_2,0.046112537,0.2282
learned,R-HOR_GRU_2,0.046117425,0.228
learned,R-HOR_GRU_2,0.046124578,0.2278
learned,R-HOR_GRU_2,0.046131134,0.2276
learned,R-HOR_GRU_2,0.046136186,0.2274
learned,R-HOR_GRU_2,0.0461483,0.2272
learned,R-HOR_GRU_2,0.046153426,0.227
learned,R-HOR_GRU_2,0.046161402,0.2268
learned,R-HOR_GRU_2,0.046163663,0.2266
learned,R-HOR_GRU_2,0.04617159,0.2264
learned,R-HOR_GRU_2,0.046177626,0.2262
learned,R-HOR_GRU_2,0.046195008,0.226
learned,R-HOR_GRU_2,0.046196938,0.2258
learned,R-HOR_GRU_2,0.04620433,0.2256
learned,R-HOR_GRU_2,0.046208978,0.2254
learned,R-HOR_GRU_2,0.046212528,0.2252
learned,R-HOR_GRU_2,0.0462173,0.225
learned,R-HOR_GRU_2,0.04621981,0.2248
learned,R-HOR_GRU_2,0.046222188,0.2246
learned,R-HOR_GRU_2,0.046228778,0.2244
learned,R-HOR_GRU_2,0.04623373,0.2242
learned,R-HOR_GRU_2,0.046242118,0.224
learned,R-HOR_GRU_2,0.046245404,0.2238
learned,R-HOR_GRU_2,0.046247646,0.2236
learned,R-HOR_GRU_2,0.04625225,0.2234
learned,R-HOR_GRU_2,0.046257257,0.2232
learned,R-HOR_GRU_2,0.046257854,0.223
learned,R-HOR_GRU_2,0.046262145,0.2228
learned,R-HOR_GRU_2,0.046269774,0.2226
learned,R-HOR_GRU_2,0.046271265,0.2224
learned,R-HOR_GRU_2,0.046273768,0.2222
learned,R-HOR_GRU_2,0.046275496,0.222
learned,R-HOR_GRU_2,0.046278216,0.2218
learned,R-HOR_GRU_2,0.046283722,0.2216
learned,R-HOR_GRU_2,0.046290874,0.2214
learned,R-HOR_GRU_2,0.04629922,0.2212
learned,R-HOR_GRU_2,0.046304703,0.221
learned,R-HOR_GRU_2,0.04631412,0.2208
learned,R-HOR_GRU_2,0.046320915,0.2206
learned,R-HOR_GRU_2,0.046323776,0.2204
learned,R-HOR_GRU_2,0.04633057,0.2202
learned,R-HOR_GRU_2,0.046340264,0.22
learned,R-HOR_GRU_2,0.046350002,0.2198
learned,R-HOR_GRU_2,0.046354655,0.2196
learned,R-HOR_GRU_2,0.0463614,0.2194
learned,R-HOR_GRU_2,0.046368003,0.2192
learned,R-HOR_GRU_2,0.046372175,0.219
learned,R-HOR_GRU_2,0.04637825,0.2188
learned,R-HOR_GRU_2,0.04638466,0.2186
learned,R-HOR_GRU_2,0.046391487,0.2184
learned,R-HOR_GRU_2,0.046396136,0.2182
learned,R-HOR_GRU_2,0.04640007,0.218
learned,R-HOR_GRU_2,0.046407327,0.2178
learned,R-HOR_GRU_2,0.04641092,0.2176
learned,R-HOR_GRU_2,0.046414375,0.2174
learned,R-HOR_GRU_2,0.046419144,0.2172
learned,R-HOR_GRU_2,0.04642496,0.217
learned,R-HOR_GRU_2,0.046428323,0.2168
learned,R-HOR_GRU_2,0.046430826,0.2166
learned,R-HOR_GRU_2,0.046433926,0.2164
learned,R-HOR_GRU_2,0.046436843,0.2162
learned,R-HOR_GRU_2,0.04644108,0.216
learned,R-HOR_GRU_2,0.046445876,0.2158
learned,R-HOR_GRU_2,0.046448648,0.2156
learned,R-HOR_GRU_2,0.0464547,0.2154
learned,R-HOR_GRU_2,0.046460867,0.2152
learned,R-HOR_GRU_2,0.04646614,0.215
learned,R-HOR_GRU_2,0.046471175,0.2148
learned,R-HOR_GRU_2,0.04647886,0.2146
learned,R-HOR_GRU_2,0.04648328,0.2144
learned,R-HOR_GRU_2,0.046488896,0.2142
learned,R-HOR_GRU_2,0.04649198,0.214
learned,R-HOR_GRU_2,0.046502512,0.2138
learned,R-HOR_GRU_2,0.04650688,0.2136
learned,R-HOR_GRU_2,0.04651347,0.2134
learned,R-HOR_GRU_2,0.04651797,0.2132
learned,R-HOR_GRU_2,0.04652345,0.213
learned,R-HOR_GRU_2,0.046525937,0.2128
learned,R-HOR_GRU_2,0.046532203,0.2126
learned,R-HOR_GRU_2,0.04653497,0.2124
learned,R-HOR_GRU_2,0.046542007,0.2122
learned,R-HOR_GRU_2,0.04654831,0.212
learned,R-HOR_GRU_2,0.046551432,0.2118
learned,R-HOR_GRU_2,0.04655564,0.2116
learned,R-HOR_GRU_2,0.046565015,0.2114
learned,R-HOR_GRU_2,0.046570063,0.2112
learned,R-HOR_GRU_2,0.046579316,0.211
learned,R-HOR_GRU_2,0.046585858,0.2108
learned,R-HOR_GRU_2,0.04659033,0.2106
learned,R-HOR_GRU_2,0.046594374,0.2104
learned,R-HOR_GRU_2,0.046597034,0.2102
learned,R-HOR_GRU_2,0.046599388,0.21
learned,R-HOR_GRU_2,0.046603262,0.2098
learned,R-HOR_GRU_2,0.046610832,0.2096
learned,R-HOR_GRU_2,0.046612144,0.2094
learned,R-HOR_GRU_2,0.04661739,0.2092
learned,R-HOR_GRU_2,0.046620794,0.209
learned,R-HOR_GRU_2,0.04662764,0.2088
learned,R-HOR_GRU_2,0.04663971,0.2086
learned,R-HOR_GRU_2,0.04664347,0.2084
learned,R-HOR_GRU_2,0.046649814,0.2082
learned,R-HOR_GRU_2,0.046661258,0.208
learned,R-HOR_GRU_2,0.046663925,0.2078
learned,R-HOR_GRU_2,0.04666646,0.2076
learned,R-HOR_GRU_2,0.046671055,0.2074
learned,R-HOR_GRU_2,0.04667683,0.2072
learned,R-HOR_GRU_2,0.046680138,0.207
learned,R-HOR_GRU_2,0.046683867,0.2068
learned,R-HOR_GRU_2,0.046687756,0.2066
learned,R-HOR_GRU_2,0.046693332,0.2064
learned,R-HOR_GRU_2,0.04669689,0.2062
learned,R-HOR_GRU_2,0.046699926,0.206
learned,R-HOR_GRU_2,0.04670489,0.2058
learned,R-HOR_GRU_2,0.046715975,0.2056
learned,R-HOR_GRU_2,0.046723604,0.2054
learned,R-HOR_GRU_2,0.046728134,0.2052
learned,R-HOR_GRU_2,0.046730638,0.205
learned,R-HOR_GRU_2,0.046732068,0.2048
learned,R-HOR_GRU_2,0.04673493,0.2046
learned,R-HOR_GRU_2,0.046741113,0.2044
learned,R-HOR_GRU_2,0.046747804,0.2042
learned,R-HOR_GRU_2,0.04675114,0.204
learned,R-HOR_GRU_2,0.046755478,0.2038
learned,R-HOR_GRU_2,0.04676158,0.2036
learned,R-HOR_GRU_2,0.046765685,0.2034
learned,R-HOR_GRU_2,0.046770632,0.2032
learned,R-HOR_GRU_2,0.046774745,0.203
learned,R-HOR_GRU_2,0.04677973,0.2028
learned,R-HOR_GRU_2,0.0467887,0.2026
learned,R-HOR_GRU_2,0.046797827,0.2024
learned,R-HOR_GRU_2,0.046803832,0.2022
learned,R-HOR_GRU_2,0.046804667,0.202
learned,R-HOR_GRU_2,0.046807647,0.2018
learned,R-HOR_GRU_2,0.04681039,0.2016
learned,R-HOR_GRU_2,0.0468159,0.2014
learned,R-HOR_GRU_2,0.04682052,0.2012
learned,R-HOR_GRU_2,0.046826232,0.201
learned,R-HOR_GRU_2,0.046829928,0.2008
learned,R-HOR_GRU_2,0.046832204,0.2006
learned,R-HOR_GRU_2,0.046839595,0.2004
learned,R-HOR_GRU_2,0.04684353,0.2002
learned,R-HOR_GRU_2,0.046848368,0.2
learned,R-HOR_GRU_2,0.046854846,0.1998
learned,R-HOR_GRU_2,0.046857953,0.1996
learned,R-HOR_GRU_2,0.046861768,0.1994
learned,R-HOR_GRU_2,0.04686773,0.1992
learned,R-HOR_GRU_2,0.04687178,0.199
learned,R-HOR_GRU_2,0.046877213,0.1988
learned,R-HOR_GRU_2,0.046881013,0.1986
learned,R-HOR_GRU_2,0.046885252,0.1984
learned,R-HOR_GRU_2,0.04689026,0.1982
learned,R-HOR_GRU_2,0.046895094,0.198
learned,R-HOR_GRU_2,0.046900384,0.1978
learned,R-HOR_GRU_2,0.0469054,0.1976
learned,R-HOR_GRU_2,0.046909213,0.1974
learned,R-HOR_GRU_2,0.046914075,0.1972
learned,R-HOR_GRU_2,0.046919823,0.197
learned,R-HOR_GRU_2,0.046924025,0.1968
learned,R-HOR_GRU_2,0.046926644,0.1966
learned,R-HOR_GRU_2,0.046928424,0.1964
learned,R-HOR_GRU_2,0.046930436,0.1962
learned,R-HOR_GRU_2,0.04693365,0.196
learned,R-HOR_GRU_2,0.04694029,0.1958
learned,R-HOR_GRU_2,0.046944045,0.1956
learned,R-HOR_GRU_2,0.046946526,0.1954
learned,R-HOR_GRU_2,0.046948835,0.1952
learned,R-HOR_GRU_2,0.046952605,0.195
learned,R-HOR_GRU_2,0.046955943,0.1948
learned,R-HOR_GRU_2,0.046964798,0.1946
learned,R-HOR_GRU_2,0.046969414,0.1944
learned,R-HOR_GRU_2,0.046973944,0.1942
learned,R-HOR_GRU_2,0.04697728,0.194
learned,R-HOR_GRU_2,0.046982523,0.1938
learned,R-HOR_GRU_2,0.04698654,0.1936
learned,R-HOR_GRU_2,0.046989713,0.1934
learned,R-HOR_GRU_2,0.046991497,0.1932
learned,R-HOR_GRU_2,0.046997763,0.193
learned,R-HOR_GRU_2,0.04700136,0.1928
learned,R-HOR_GRU_2,0.047006983,0.1926
learned,R-HOR_GRU_2,0.04701066,0.1924
learned,R-HOR_GRU_2,0.04702069,0.1922
learned,R-HOR_GRU_2,0.04702449,0.192
learned,R-HOR_GRU_2,0.04703019,0.1918
learned,R-HOR_GRU_2,0.047035217,0.1916
learned,R-HOR_GRU_2,0.04703951,0.1914
learned,R-HOR_GRU_2,0.047042996,0.1912
learned,R-HOR_GRU_2,0.047050934,0.191
learned,R-HOR_GRU_2,0.047053933,0.1908
learned,R-HOR_GRU_2,0.047057807,0.1906
learned,R-HOR_GRU_2,0.047060274,0.1904
learned,R-HOR_GRU_2,0.047066364,0.1902
learned,R-HOR_GRU_2,0.04707241,0.19
learned,R-HOR_GRU_2,0.04707563,0.1898
learned,R-HOR_GRU_2,0.047079325,0.1896
learned,R-HOR_GRU_2,0.047085024,0.1894
learned,R-HOR_GRU_2,0.04709137,0.1892
learned,R-HOR_GRU_2,0.047092795,0.189
learned,R-HOR_GRU_2,0.0470953,0.1888
learned,R-HOR_GRU_2,0.047103047,0.1886
learned,R-HOR_GRU_2,0.047110375,0.1884
learned,R-HOR_GRU_2,0.047113225,0.1882
learned,R-HOR_GRU_2,0.0471251,0.188
learned,R-HOR_GRU_2,0.047132406,0.1878
learned,R-HOR_GRU_2,0.047137022,0.1876
learned,R-HOR_GRU_2,0.047146194,0.1874
learned,R-HOR_GRU_2,0.047150735,0.1872
learned,R-HOR_GRU_2,0.047152188,0.187
learned,R-HOR_GRU_2,0.04715991,0.1868
learned,R-HOR_GRU_2,0.047164403,0.1866
learned,R-HOR_GRU_2,0.047166467,0.1864
learned,R-HOR_GRU_2,0.047173142,0.1862
learned,R-HOR_GRU_2,0.047176294,0.186
learned,R-HOR_GRU_2,0.0471832,0.1858
learned,R-HOR_GRU_2,0.04718755,0.1856
learned,R-HOR_GRU_2,0.04719591,0.1854
learned,R-HOR_GRU_2,0.047202054,0.1852
learned,R-HOR_GRU_2,0.047206737,0.185
learned,R-HOR_GRU_2,0.047214307,0.1848
learned,R-HOR_GRU_2,0.04722016,0.1846
learned,R-HOR_GRU_2,0.04722301,0.1844
learned,R-HOR_GRU_2,0.04723525,0.1842
learned,R-HOR_GRU_2,0.047241926,0.184
learned,R-HOR_GRU_2,0.047245502,0.1838
learned,R-HOR_GRU_2,0.04725291,0.1836
learned,R-HOR_GRU_2,0.047258615,0.1834
learned,R-HOR_GRU_2,0.047261555,0.1832
learned,R-HOR_GRU_2,0.04726553,0.183
learned,R-HOR_GRU_2,0.04726974,0.1828
learned,R-HOR_GRU_2,0.04727216,0.1826
learned,R-HOR_GRU_2,0.047280703,0.1824
learned,R-HOR_GRU_2,0.047283195,0.1822
learned,R-HOR_GRU_2,0.047287464,0.182
learned,R-HOR_GRU_2,0.04729557,0.1818
learned,R-HOR_GRU_2,0.04730022,0.1816
learned,R-HOR_GRU_2,0.047305703,0.1814
learned,R-HOR_GRU_2,0.04730904,0.1812
learned,R-HOR_GRU_2,0.047314882,0.181
learned,R-HOR_GRU_2,0.047318414,0.1808
learned,R-HOR_GRU_2,0.0473212,0.1806
learned,R-HOR_GRU_2,0.047324955,0.1804
learned,R-HOR_GRU_2,0.047327507,0.1802
learned,R-HOR_GRU_2,0.047332644,0.18
learned,R-HOR_GRU_2,0.04733801,0.1798
learned,R-HOR_GRU_2,0.04734193,0.1796
learned,R-HOR_GRU_2,0.04734528,0.1794
learned,R-HOR_GRU_2,0.047349375,0.1792
learned,R-HOR_GRU_2,0.047351956,0.179
learned,R-HOR_GRU_2,0.047357354,0.1788
learned,R-HOR_GRU_2,0.04736483,0.1786
learned,R-HOR_GRU_2,0.047376335,0.1784
learned,R-HOR_GRU_2,0.047377825,0.1782
learned,R-HOR_GRU_2,0.04738307,0.178
learned,R-HOR_GRU_2,0.047389593,0.1778
learned,R-HOR_GRU_2,0.04739487,0.1776
learned,R-HOR_GRU_2,0.047401886,0.1774
learned,R-HOR_GRU_2,0.04740572,0.1772
learned,R-HOR_GRU_2,0.047413252,0.177
learned,R-HOR_GRU_2,0.047415126,0.1768
learned,R-HOR_GRU_2,0.0474236,0.1766
learned,R-HOR_GRU_2,0.047427833,0.1764
learned,R-HOR_GRU_2,0.04743153,0.1762
learned,R-HOR_GRU_2,0.047439218,0.176
learned,R-HOR_GRU_2,0.04744196,0.1758
learned,R-HOR_GRU_2,0.04744506,0.1756
learned,R-HOR_GRU_2,0.047452413,0.1754
learned,R-HOR_GRU_2,0.047460794,0.1752
learned,R-HOR_GRU_2,0.047463812,0.175
learned,R-HOR_GRU_2,0.047468457,0.1748
learned,R-HOR_GRU_2,0.0474715,0.1746
learned,R-HOR_GRU_2,0.04747491,0.1744
learned,R-HOR_GRU_2,0.047477245,0.1742
learned,R-HOR_GRU_2,0.047482155,0.174
learned,R-HOR_GRU_2,0.04748535,0.1738
learned,R-HOR_GRU_2,0.04749179,0.1736
learned,R-HOR_GRU_2,0.047500476,0.1734
learned,R-HOR_GRU_2,0.047503024,0.1732
learned,R-HOR_GRU_2,0.047506638,0.173
learned,R-HOR_GRU_2,0.04751541,0.1728
learned,R-HOR_GRU_2,0.04751788,0.1726
learned,R-HOR_GRU_2,0.04752183,0.1724
learned,R-HOR_GRU_2,0.047530293,0.1722
learned,R-HOR_GRU_2,0.04753614,0.172
learned,R-HOR_GRU_2,0.04754114,0.1718
learned,R-HOR_GRU_2,0.047545336,0.1716
learned,R-HOR_GRU_2,0.047547594,0.1714
learned,R-HOR_GRU_2,0.04755044,0.1712
learned,R-HOR_GRU_2,0.047557354,0.171
learned,R-HOR_GRU_2,0.04756766,0.1708
learned,R-HOR_GRU_2,0.04757772,0.1706
learned,R-HOR_GRU_2,0.047582142,0.1704
learned,R-HOR_GRU_2,0.04758489,0.1702
learned,R-HOR_GRU_2,0.047591995,0.17
learned,R-HOR_GRU_2,0.04759741,0.1698
learned,R-HOR_GRU_2,0.04760492,0.1696
learned,R-HOR_GRU_2,0.047611754,0.1694
learned,R-HOR_GRU_2,0.047612786,0.1692
learned,R-HOR_GRU_2,0.047617815,0.169
learned,R-HOR_GRU_2,0.047625303,0.1688
learned,R-HOR_GRU_2,0.04763138,0.1686
learned,R-HOR_GRU_2,0.0476377,0.1684
learned,R-HOR_GRU_2,0.047644056,0.1682
learned,R-HOR_GRU_2,0.047651783,0.168
learned,R-HOR_GRU_2,0.04765602,0.1678
learned,R-HOR_GRU_2,0.047657847,0.1676
learned,R-HOR_GRU_2,0.04766148,0.1674
learned,R-HOR_GRU_2,0.047668576,0.1672
learned,R-HOR_GRU_2,0.04768014,0.167
learned,R-HOR_GRU_2,0.047683112,0.1668
learned,R-HOR_GRU_2,0.0476861,0.1666
learned,R-HOR_GRU_2,0.047691602,0.1664
learned,R-HOR_GRU_2,0.0476954,0.1662
learned,R-HOR_GRU_2,0.047699507,0.166
learned,R-HOR_GRU_2,0.047703743,0.1658
learned,R-HOR_GRU_2,0.047713526,0.1656
learned,R-HOR_GRU_2,0.047720473,0.1654
learned,R-HOR_GRU_2,0.047727678,0.1652
learned,R-HOR_GRU_2,0.047731474,0.165
learned,R-HOR_GRU_2,0.047736503,0.1648
learned,R-HOR_GRU_2,0.04773903,0.1646
learned,R-HOR_GRU_2,0.047742844,0.1644
learned,R-HOR_GRU_2,0.04774916,0.1642
learned,R-HOR_GRU_2,0.047751345,0.164
learned,R-HOR_GRU_2,0.04775703,0.1638
learned,R-HOR_GRU_2,0.04776296,0.1636
learned,R-HOR_GRU_2,0.04776573,0.1634
learned,R-HOR_GRU_2,0.047774732,0.1632
learned,R-HOR_GRU_2,0.04778015,0.163
learned,R-HOR_GRU_2,0.04778707,0.1628
learned,R-HOR_GRU_2,0.047789812,0.1626
learned,R-HOR_GRU_2,0.047791827,0.1624
learned,R-HOR_GRU_2,0.04780008,0.1622
learned,R-HOR_GRU_2,0.047804907,0.162
learned,R-HOR_GRU_2,0.047809586,0.1618
learned,R-HOR_GRU_2,0.047814846,0.1616
learned,R-HOR_GRU_2,0.047819853,0.1614
learned,R-HOR_GRU_2,0.04782629,0.1612
learned,R-HOR_GRU_2,0.047827996,0.161
learned,R-HOR_GRU_2,0.0478338,0.1608
learned,R-HOR_GRU_2,0.04784631,0.1606
learned,R-HOR_GRU_2,0.047849294,0.1604
learned,R-HOR_GRU_2,0.04785365,0.1602
learned,R-HOR_GRU_2,0.04785838,0.16
learned,R-HOR_GRU_2,0.0478611,0.1598
learned,R-HOR_GRU_2,0.047864676,0.1596
learned,R-HOR_GRU_2,0.04786843,0.1594
learned,R-HOR_GRU_2,0.04787135,0.1592
learned,R-HOR_GRU_2,0.047878206,0.159
learned,R-HOR_GRU_2,0.047890663,0.1588
learned,R-HOR_GRU_2,0.047899127,0.1586
learned,R-HOR_GRU_2,0.047906756,0.1584
learned,R-HOR_GRU_2,0.04791063,0.1582
learned,R-HOR_GRU_2,0.047911882,0.158
learned,R-HOR_GRU_2,0.047916707,0.1578
learned,R-HOR_GRU_2,0.04792118,0.1576
learned,R-HOR_GRU_2,0.047926426,0.1574
learned,R-HOR_GRU_2,0.047929734,0.1572
learned,R-HOR_GRU_2,0.04793811,0.157
learned,R-HOR_GRU_2,0.047940746,0.1568
learned,R-HOR_GRU_2,0.047952175,0.1566
learned,R-HOR_GRU_2,0.0479589,0.1564
learned,R-HOR_GRU_2,0.047961473,0.1562
learned,R-HOR_GRU_2,0.04796636,0.156
learned,R-HOR_GRU_2,0.047971487,0.1558
learned,R-HOR_GRU_2,0.047977887,0.1556
learned,R-HOR_GRU_2,0.047980893,0.1554
learned,R-HOR_GRU_2,0.047989488,0.1552
learned,R-HOR_GRU_2,0.04799422,0.155
learned,R-HOR_GRU_2,0.04799766,0.1548
learned,R-HOR_GRU_2,0.048006415,0.1546
learned,R-HOR_GRU_2,0.048011564,0.1544
learned,R-HOR_GRU_2,0.04801515,0.1542
learned,R-HOR_GRU_2,0.048019886,0.154
learned,R-HOR_GRU_2,0.048025787,0.1538
learned,R-HOR_GRU_2,0.048032403,0.1536
learned,R-HOR_GRU_2,0.048038024,0.1534
learned,R-HOR_GRU_2,0.048043795,0.1532
learned,R-HOR_GRU_2,0.048053145,0.153
learned,R-HOR_GRU_2,0.048058808,0.1528
learned,R-HOR_GRU_2,0.04806566,0.1526
learned,R-HOR_GRU_2,0.048070386,0.1524
learned,R-HOR_GRU_2,0.04807818,0.1522
learned,R-HOR_GRU_2,0.048084468,0.152
learned,R-HOR_GRU_2,0.048092604,0.1518
learned,R-HOR_GRU_2,0.048098408,0.1516
learned,R-HOR_GRU_2,0.048104484,0.1514
learned,R-HOR_GRU_2,0.04810667,0.1512
learned,R-HOR_GRU_2,0.048112832,0.151
learned,R-HOR_GRU_2,0.048116505,0.1508
learned,R-HOR_GRU_2,0.048121892,0.1506
learned,R-HOR_GRU_2,0.048126936,0.1504
learned,R-HOR_GRU_2,0.04813438,0.1502
learned,R-HOR_GRU_2,0.048138652,0.15
learned,R-HOR_GRU_2,0.04814279,0.1498
learned,R-HOR_GRU_2,0.04814919,0.1496
learned,R-HOR_GRU_2,0.04815633,0.1494
learned,R-HOR_GRU_2,0.048166394,0.1492
learned,R-HOR_GRU_2,0.048173547,0.149
learned,R-HOR_GRU_2,0.048179366,0.1488
learned,R-HOR_GRU_2,0.048185278,0.1486
learned,R-HOR_GRU_2,0.04818982,0.1484
learned,R-HOR_GRU_2,0.048199058,0.1482
learned,R-HOR_GRU_2,0.048205547,0.148
learned,R-HOR_GRU_2,0.04821089,0.1478
learned,R-HOR_GRU_2,0.048214316,0.1476
learned,R-HOR_GRU_2,0.048217297,0.1474
learned,R-HOR_GRU_2,0.04822324,0.1472
learned,R-HOR_GRU_2,0.04823037,0.147
learned,R-HOR_GRU_2,0.048239112,0.1468
learned,R-HOR_GRU_2,0.048249286,0.1466
learned,R-HOR_GRU_2,0.04825461,0.1464
learned,R-HOR_GRU_2,0.048261642,0.1462
learned,R-HOR_GRU_2,0.04826951,0.146
learned,R-HOR_GRU_2,0.048277378,0.1458
learned,R-HOR_GRU_2,0.04828471,0.1456
learned,R-HOR_GRU_2,0.048289694,0.1454
learned,R-HOR_GRU_2,0.04829434,0.1452
learned,R-HOR_GRU_2,0.048300743,0.145
learned,R-HOR_GRU_2,0.048305757,0.1448
learned,R-HOR_GRU_2,0.04831183,0.1446
learned,R-HOR_GRU_2,0.048316117,0.1444
learned,R-HOR_GRU_2,0.04832178,0.1442
learned,R-HOR_GRU_2,0.048327565,0.144
learned,R-HOR_GRU_2,0.04833187,0.1438
learned,R-HOR_GRU_2,0.04833791,0.1436
learned,R-HOR_GRU_2,0.048339047,0.1434
learned,R-HOR_GRU_2,0.04834521,0.1432
learned,R-HOR_GRU_2,0.048351526,0.143
learned,R-HOR_GRU_2,0.048357934,0.1428
learned,R-HOR_GRU_2,0.048360944,0.1426
learned,R-HOR_GRU_2,0.04836818,0.1424
learned,R-HOR_GRU_2,0.048374414,0.1422
learned,R-HOR_GRU_2,0.048378155,0.142
learned,R-HOR_GRU_2,0.048381448,0.1418
learned,R-HOR_GRU_2,0.048383996,0.1416
learned,R-HOR_GRU_2,0.048390463,0.1414
learned,R-HOR_GRU_2,0.048395395,0.1412
learned,R-HOR_GRU_2,0.048400372,0.141
learned,R-HOR_GRU_2,0.048403405,0.1408
learned,R-HOR_GRU_2,0.04840811,0.1406
learned,R-HOR_GRU_2,0.048413668,0.1404
learned,R-HOR_GRU_2,0.048420776,0.1402
learned,R-HOR_GRU_2,0.048422635,0.14
learned,R-HOR_GRU_2,0.048427977,0.1398
learned,R-HOR_GRU_2,0.048437595,0.1396
learned,R-HOR_GRU_2,0.048443794,0.1394
learned,R-HOR_GRU_2,0.048448563,0.1392
learned,R-HOR_GRU_2,0.048457146,0.139
learned,R-HOR_GRU_2,0.048461318,0.1388
learned,R-HOR_GRU_2,0.04846681,0.1386
learned,R-HOR_GRU_2,0.04847063,0.1384
learned,R-HOR_GRU_2,0.04847745,0.1382
learned,R-HOR_GRU_2,0.048481822,0.138
learned,R-HOR_GRU_2,0.048484474,0.1378
learned,R-HOR_GRU_2,0.048486114,0.1376
learned,R-HOR_GRU_2,0.048489284,0.1374
learned,R-HOR_GRU_2,0.04849913,0.1372
learned,R-HOR_GRU_2,0.048507214,0.137
learned,R-HOR_GRU_2,0.048513446,0.1368
learned,R-HOR_GRU_2,0.048516154,0.1366
learned,R-HOR_GRU_2,0.04851997,0.1364
learned,R-HOR_GRU_2,0.048526883,0.1362
learned,R-HOR_GRU_2,0.048532765,0.136
learned,R-HOR_GRU_2,0.048535705,0.1358
learned,R-HOR_GRU_2,0.048540153,0.1356
learned,R-HOR_GRU_2,0.048553288,0.1354
learned,R-HOR_GRU_2,0.048560858,0.1352
learned,R-HOR_GRU_2,0.048564658,0.135
learned,R-HOR_GRU_2,0.048569158,0.1348
learned,R-HOR_GRU_2,0.04857726,0.1346
learned,R-HOR_GRU_2,0.04858184,0.1344
learned,R-HOR_GRU_2,0.048585057,0.1342
learned,R-HOR_GRU_2,0.04859179,0.134
learned,R-HOR_GRU_2,0.04859771,0.1338
learned,R-HOR_GRU_2,0.04860437,0.1336
learned,R-HOR_GRU_2,0.04860723,0.1334
learned,R-HOR_GRU_2,0.04860999,0.1332
learned,R-HOR_GRU_2,0.048614822,0.133
learned,R-HOR_GRU_2,0.04862119,0.1328
learned,R-HOR_GRU_2,0.04862702,0.1326
learned,R-HOR_GRU_2,0.048629086,0.1324
learned,R-HOR_GRU_2,0.048632823,0.1322
learned,R-HOR_GRU_2,0.048637763,0.132
learned,R-HOR_GRU_2,0.048642278,0.1318
learned,R-HOR_GRU_2,0.048647642,0.1316
learned,R-HOR_GRU_2,0.048651095,0.1314
learned,R-HOR_GRU_2,0.04865787,0.1312
learned,R-HOR_GRU_2,0.048661962,0.131
learned,R-HOR_GRU_2,0.04866624,0.1308
learned,R-HOR_GRU_2,0.04867437,0.1306
learned,R-HOR_GRU_2,0.048690267,0.1304
learned,R-HOR_GRU_2,0.04869758,0.1302
learned,R-HOR_GRU_2,0.04870676,0.13
learned,R-HOR_GRU_2,0.048708726,0.1298
learned,R-HOR_GRU_2,0.048715446,0.1296
learned,R-HOR_GRU_2,0.04872221,0.1294
learned,R-HOR_GRU_2,0.048729412,0.1292
learned,R-HOR_GRU_2,0.048734315,0.129
learned,R-HOR_GRU_2,0.04873717,0.1288
learned,R-HOR_GRU_2,0.048742056,0.1286
learned,R-HOR_GRU_2,0.048748195,0.1284
learned,R-HOR_GRU_2,0.048754334,0.1282
learned,R-HOR_GRU_2,0.048760094,0.128
learned,R-HOR_GRU_2,0.048766114,0.1278
learned,R-HOR_GRU_2,0.048778296,0.1276
learned,R-HOR_GRU_2,0.048782285,0.1274
learned,R-HOR_GRU_2,0.048787273,0.1272
learned,R-HOR_GRU_2,0.048792563,0.127
learned,R-HOR_GRU_2,0.048797965,0.1268
learned,R-HOR_GRU_2,0.048807163,0.1266
learned,R-HOR_GRU_2,0.0488137,0.1264
learned,R-HOR_GRU_2,0.048820138,0.1262
learned,R-HOR_GRU_2,0.048825808,0.126
learned,R-HOR_GRU_2,0.048829798,0.1258
learned,R-HOR_GRU_2,0.048833728,0.1256
learned,R-HOR_GRU_2,0.048838735,0.1254
learned,R-HOR_GRU_2,0.048844934,0.1252
learned,R-HOR_GRU_2,0.048855625,0.125
learned,R-HOR_GRU_2,0.04886177,0.1248
learned,R-HOR_GRU_2,0.0488699,0.1246
learned,R-HOR_GRU_2,0.048879623,0.1244
learned,R-HOR_GRU_2,0.04888606,0.1242
learned,R-HOR_GRU_2,0.048888326,0.124
learned,R-HOR_GRU_2,0.04889171,0.1238
learned,R-HOR_GRU_2,0.048899874,0.1236
learned,R-HOR_GRU_2,0.048907094,0.1234
learned,R-HOR_GRU_2,0.04890995,0.1232
learned,R-HOR_GRU_2,0.04891384,0.123
learned,R-HOR_GRU_2,0.048918843,0.1228
learned,R-HOR_GRU_2,0.048924793,0.1226
learned,R-HOR_GRU_2,0.048926808,0.1224
learned,R-HOR_GRU_2,0.048938274,0.1222
learned,R-HOR_GRU_2,0.04894092,0.122
learned,R-HOR_GRU_2,0.048943408,0.1218
learned,R-HOR_GRU_2,0.048948288,0.1216
learned,R-HOR_GRU_2,0.048950512,0.1214
learned,R-HOR_GRU_2,0.048959374,0.1212
learned,R-HOR_GRU_2,0.048968233,0.121
learned,R-HOR_GRU_2,0.048970547,0.1208
learned,R-HOR_GRU_2,0.048979267,0.1206
learned,R-HOR_GRU_2,0.048986435,0.1204
learned,R-HOR_GRU_2,0.048989177,0.1202
learned,R-HOR_GRU_2,0.04899943,0.12
learned,R-HOR_GRU_2,0.04900484,0.1198
learned,R-HOR_GRU_2,0.04901278,0.1196
learned,R-HOR_GRU_2,0.049014386,0.1194
learned,R-HOR_GRU_2,0.049022436,0.1192
learned,R-HOR_GRU_2,0.049028277,0.119
learned,R-HOR_GRU_2,0.04903543,0.1188
learned,R-HOR_GRU_2,0.04904236,0.1186
learned,R-HOR_GRU_2,0.04905784,0.1184
learned,R-HOR_GRU_2,0.04906354,0.1182
learned,R-HOR_GRU_2,0.04907038,0.118
learned,R-HOR_GRU_2,0.049075615,0.1178
learned,R-HOR_GRU_2,0.049084663,0.1176
learned,R-HOR_GRU_2,0.049094915,0.1174
learned,R-HOR_GRU_2,0.049103618,0.1172
learned,R-HOR_GRU_2,0.04911101,0.117
learned,R-HOR_GRU_2,0.049117804,0.1168
learned,R-HOR_GRU_2,0.049119677,0.1166
learned,R-HOR_GRU_2,0.049129426,0.1164
learned,R-HOR_GRU_2,0.049134493,0.1162
learned,R-HOR_GRU_2,0.049138658,0.116
learned,R-HOR_GRU_2,0.0491513,0.1158
learned,R-HOR_GRU_2,0.04915297,0.1156
learned,R-HOR_GRU_2,0.049155593,0.1154
learned,R-HOR_GRU_2,0.04916346,0.1152
learned,R-HOR_GRU_2,0.049172282,0.115
learned,R-HOR_GRU_2,0.049176246,0.1148
learned,R-HOR_GRU_2,0.049182773,0.1146
learned,R-HOR_GRU_2,0.04918883,0.1144
learned,R-HOR_GRU_2,0.049193952,0.1142
learned,R-HOR_GRU_2,0.04920008,0.114
learned,R-HOR_GRU_2,0.049206525,0.1138
learned,R-HOR_GRU_2,0.049210124,0.1136
learned,R-HOR_GRU_2,0.049219515,0.1134
learned,R-HOR_GRU_2,0.049227122,0.1132
learned,R-HOR_GRU_2,0.049234327,0.113
learned,R-HOR_GRU_2,0.049237132,0.1128
learned,R-HOR_GRU_2,0.049246788,0.1126
learned,R-HOR_GRU_2,0.0492543,0.1124
learned,R-HOR_GRU_2,0.04927051,0.1122
learned,R-HOR_GRU_2,0.049274564,0.112
learned,R-HOR_GRU_2,0.04928174,0.1118
learned,R-HOR_GRU_2,0.049287558,0.1116
learned,R-HOR_GRU_2,0.049291793,0.1114
learned,R-HOR_GRU_2,0.04929506,0.1112
learned,R-HOR_GRU_2,0.04929922,0.111
learned,R-HOR_GRU_2,0.04930615,0.1108
learned,R-HOR_GRU_2,0.04931089,0.1106
learned,R-HOR_GRU_2,0.049318,0.1104
learned,R-HOR_GRU_2,0.04931966,0.1102
learned,R-HOR_GRU_2,0.04932523,0.11
learned,R-HOR_GRU_2,0.04933332,0.1098
learned,R-HOR_GRU_2,0.04934019,0.1096
learned,R-HOR_GRU_2,0.0493436,0.1094
learned,R-HOR_GRU_2,0.049350962,0.1092
learned,R-HOR_GRU_2,0.04935205,0.109
learned,R-HOR_GRU_2,0.049355507,0.1088
learned,R-HOR_GRU_2,0.04936927,0.1086
learned,R-HOR_GRU_2,0.049374133,0.1084
learned,R-HOR_GRU_2,0.04938045,0.1082
learned,R-HOR_GRU_2,0.049390078,0.108
learned,R-HOR_GRU_2,0.049401402,0.1078
learned,R-HOR_GRU_2,0.049409628,0.1076
learned,R-HOR_GRU_2,0.04941362,0.1074
learned,R-HOR_GRU_2,0.049420696,0.1072
learned,R-HOR_GRU_2,0.049426205,0.107
learned,R-HOR_GRU_2,0.049430203,0.1068
learned,R-HOR_GRU_2,0.04943827,0.1066
learned,R-HOR_GRU_2,0.0494424,0.1064
learned,R-HOR_GRU_2,0.04944994,0.1062
learned,R-HOR_GRU_2,0.049455762,0.106
learned,R-HOR_GRU_2,0.04946196,0.1058
learned,R-HOR_GRU_2,0.049464107,0.1056
learned,R-HOR_GRU_2,0.049468756,0.1054
learned,R-HOR_GRU_2,0.049470745,0.1052
learned,R-HOR_GRU_2,0.049472548,0.105
learned,R-HOR_GRU_2,0.049478173,0.1048
learned,R-HOR_GRU_2,0.0494864,0.1046
learned,R-HOR_GRU_2,0.04949195,0.1044
learned,R-HOR_GRU_2,0.049496364,0.1042
learned,R-HOR_GRU_2,0.049501777,0.104
learned,R-HOR_GRU_2,0.049506262,0.1038
learned,R-HOR_GRU_2,0.049517393,0.1036
learned,R-HOR_GRU_2,0.049522042,0.1034
learned,R-HOR_GRU_2,0.04952402,0.1032
learned,R-HOR_GRU_2,0.049529314,0.103
learned,R-HOR_GRU_2,0.04954321,0.1028
learned,R-HOR_GRU_2,0.049553156,0.1026
learned,R-HOR_GRU_2,0.049556628,0.1024
learned,R-HOR_GRU_2,0.049563527,0.1022
learned,R-HOR_GRU_2,0.049567707,0.102
learned,R-HOR_GRU_2,0.0495757,0.1018
learned,R-HOR_GRU_2,0.049579766,0.1016
learned,R-HOR_GRU_2,0.04958418,0.1014
learned,R-HOR_GRU_2,0.049592614,0.1012
learned,R-HOR_GRU_2,0.049603842,0.101
learned,R-HOR_GRU_2,0.04960934,0.1008
learned,R-HOR_GRU_2,0.049611427,0.1006
learned,R-HOR_GRU_2,0.049618375,0.1004
learned,R-HOR_GRU_2,0.04962969,0.1002
learned,R-HOR_GRU_2,0.049640894,0.1
learned,R-HOR_GRU_2,0.049646497,0.0998
learned,R-HOR_GRU_2,0.049657106,0.0996
learned,R-HOR_GRU_2,0.04966387,0.0994
learned,R-HOR_GRU_2,0.049668506,0.0992
learned,R-HOR_GRU_2,0.04967333,0.099
learned,R-HOR_GRU_2,0.04969597,0.0988
learned,R-HOR_GRU_2,0.049700618,0.0986
learned,R-HOR_GRU_2,0.049709566,0.0984
learned,R-HOR_GRU_2,0.049719788,0.0982
learned,R-HOR_GRU_2,0.049726605,0.098
learned,R-HOR_GRU_2,0.04973185,0.0978
learned,R-HOR_GRU_2,0.049738407,0.0976
learned,R-HOR_GRU_2,0.04974666,0.0974
learned,R-HOR_GRU_2,0.049749598,0.0972
learned,R-HOR_GRU_2,0.049754947,0.097
learned,R-HOR_GRU_2,0.049763203,0.0968
learned,R-HOR_GRU_2,0.049768448,0.0966
learned,R-HOR_GRU_2,0.04977574,0.0964
learned,R-HOR_GRU_2,0.049782395,0.0962
learned,R-HOR_GRU_2,0.049788013,0.096
learned,R-HOR_GRU_2,0.049790464,0.0958
learned,R-HOR_GRU_2,0.04980445,0.0956
learned,R-HOR_GRU_2,0.049809933,0.0954
learned,R-HOR_GRU_2,0.049815554,0.0952
learned,R-HOR_GRU_2,0.0498289,0.095
learned,R-HOR_GRU_2,0.049831733,0.0948
learned,R-HOR_GRU_2,0.049841046,0.0946
learned,R-HOR_GRU_2,0.049846265,0.0944
learned,R-HOR_GRU_2,0.04986304,0.0942
learned,R-HOR_GRU_2,0.0498724,0.094
learned,R-HOR_GRU_2,0.04987371,0.0938
learned,R-HOR_GRU_2,0.049876332,0.0936
learned,R-HOR_GRU_2,0.049889326,0.0934
learned,R-HOR_GRU_2,0.049892306,0.0932
learned,R-HOR_GRU_2,0.049899835,0.093
learned,R-HOR_GRU_2,0.04990708,0.0928
learned,R-HOR_GRU_2,0.049909256,0.0926
learned,R-HOR_GRU_2,0.049917698,0.0924
learned,R-HOR_GRU_2,0.04992519,0.0922
learned,R-HOR_GRU_2,0.049935102,0.092
learned,R-HOR_GRU_2,0.04994021,0.0918
learned,R-HOR_GRU_2,0.04994774,0.0916
learned,R-HOR_GRU_2,0.0499586,0.0914
learned,R-HOR_GRU_2,0.049964905,0.0912
learned,R-HOR_GRU_2,0.049981266,0.091
learned,R-HOR_GRU_2,0.049984813,0.0908
learned,R-HOR_GRU_2,0.049996257,0.0906
learned,R-HOR_GRU_2,0.05000198,0.0904
learned,R-HOR_GRU_2,0.050006747,0.0902
learned,R-HOR_GRU_2,0.05001557,0.09
learned,R-HOR_GRU_2,0.050018154,0.0898
learned,R-HOR_GRU_2,0.05003734,0.0896
learned,R-HOR_GRU_2,0.05005117,0.0894
learned,R-HOR_GRU_2,0.050055742,0.0892
learned,R-HOR_GRU_2,0.05006337,0.089
learned,R-HOR_GRU_2,0.05008432,0.0888
learned,R-HOR_GRU_2,0.050098896,0.0886
learned,R-HOR_GRU_2,0.050114512,0.0884
learned,R-HOR_GRU_2,0.05012107,0.0882
learned,R-HOR_GRU_2,0.050124645,0.088
learned,R-HOR_GRU_2,0.050129853,0.0878
learned,R-HOR_GRU_2,0.05013323,0.0876
learned,R-HOR_GRU_2,0.050140277,0.0874
learned,R-HOR_GRU_2,0.050145123,0.0872
learned,R-HOR_GRU_2,0.050153494,0.087
learned,R-HOR_GRU_2,0.050163627,0.0868
learned,R-HOR_GRU_2,0.050171137,0.0866
learned,R-HOR_GRU_2,0.05017711,0.0864
learned,R-HOR_GRU_2,0.050180424,0.0862
learned,R-HOR_GRU_2,0.050193213,0.086
learned,R-HOR_GRU_2,0.05019717,0.0858
learned,R-HOR_GRU_2,0.050203502,0.0856
learned,R-HOR_GRU_2,0.050208334,0.0854
learned,R-HOR_GRU_2,0.05021119,0.0852
learned,R-HOR_GRU_2,0.050219655,0.085
learned,R-HOR_GRU_2,0.050224572,0.0848
learned,R-HOR_GRU_2,0.05023215,0.0846
learned,R-HOR_GRU_2,0.050237417,0.0844
learned,R-HOR_GRU_2,0.050238967,0.0842
learned,R-HOR_GRU_2,0.050245147,0.084
learned,R-HOR_GRU_2,0.050252885,0.0838
learned,R-HOR_GRU_2,0.050266217,0.0836
learned,R-HOR_GRU_2,0.050275803,0.0834
learned,R-HOR_GRU_2,0.05028794,0.0832
learned,R-HOR_GRU_2,0.050297104,0.083
learned,R-HOR_GRU_2,0.05030775,0.0828
learned,R-HOR_GRU_2,0.050312802,0.0826
learned,R-HOR_GRU_2,0.050319754,0.0824
learned,R-HOR_GRU_2,0.05033733,0.0822
learned,R-HOR_GRU_2,0.050348878,0.082
learned,R-HOR_GRU_2,0.050354227,0.0818
learned,R-HOR_GRU_2,0.05036497,0.0816
learned,R-HOR_GRU_2,0.050378133,0.0814
learned,R-HOR_GRU_2,0.050383054,0.0812
learned,R-HOR_GRU_2,0.05038929,0.081
learned,R-HOR_GRU_2,0.05039456,0.0808
learned,R-HOR_GRU_2,0.050400637,0.0806
learned,R-HOR_GRU_2,0.05040908,0.0804
learned,R-HOR_GRU_2,0.050417602,0.0802
learned,R-HOR_GRU_2,0.050427794,0.08
learned,R-HOR_GRU_2,0.050434284,0.0798
learned,R-HOR_GRU_2,0.050458908,0.0796
learned,R-HOR_GRU_2,0.05046624,0.0794
learned,R-HOR_GRU_2,0.050474882,0.0792
learned,R-HOR_GRU_2,0.05048806,0.079
learned,R-HOR_GRU_2,0.050496146,0.0788
learned,R-HOR_GRU_2,0.0504992,0.0786
learned,R-HOR_GRU_2,0.050519705,0.0784
learned,R-HOR_GRU_2,0.050525308,0.0782
learned,R-HOR_GRU_2,0.050529987,0.078
learned,R-HOR_GRU_2,0.050535798,0.0778
learned,R-HOR_GRU_2,0.050537143,0.0776
learned,R-HOR_GRU_2,0.050542723,0.0774
learned,R-HOR_GRU_2,0.05055535,0.0772
learned,R-HOR_GRU_2,0.05056135,0.077
learned,R-HOR_GRU_2,0.05056649,0.0768
learned,R-HOR_GRU_2,0.05057188,0.0766
learned,R-HOR_GRU_2,0.050576035,0.0764
learned,R-HOR_GRU_2,0.050576806,0.0762
learned,R-HOR_GRU_2,0.050584197,0.076
learned,R-HOR_GRU_2,0.05058801,0.0758
learned,R-HOR_GRU_2,0.050594874,0.0756
learned,R-HOR_GRU_2,0.050601557,0.0754
learned,R-HOR_GRU_2,0.050613284,0.0752
learned,R-HOR_GRU_2,0.050614834,0.075
learned,R-HOR_GRU_2,0.050622046,0.0748
learned,R-HOR_GRU_2,0.050632004,0.0746
learned,R-HOR_GRU_2,0.05064839,0.0744
learned,R-HOR_GRU_2,0.05065751,0.0742
learned,R-HOR_GRU_2,0.050661087,0.074
learned,R-HOR_GRU_2,0.05066827,0.0738
learned,R-HOR_GRU_2,0.05067817,0.0736
learned,R-HOR_GRU_2,0.050693043,0.0734
learned,R-HOR_GRU_2,0.050701857,0.0732
learned,R-HOR_GRU_2,0.05072081,0.073
learned,R-HOR_GRU_2,0.05072391,0.0728
learned,R-HOR_GRU_2,0.050736483,0.0726
learned,R-HOR_GRU_2,0.050742775,0.0724
learned,R-HOR_GRU_2,0.050751477,0.0722
learned,R-HOR_GRU_2,0.05076492,0.072
learned,R-HOR_GRU_2,0.050775543,0.0718
learned,R-HOR_GRU_2,0.050786734,0.0716
learned,R-HOR_GRU_2,0.05079473,0.0714
learned,R-HOR_GRU_2,0.0507993,0.0712
learned,R-HOR_GRU_2,0.050807714,0.071
learned,R-HOR_GRU_2,0.050821736,0.0708
learned,R-HOR_GRU_2,0.050824374,0.0706
learned,R-HOR_GRU_2,0.050831676,0.0704
learned,R-HOR_GRU_2,0.050837874,0.0702
learned,R-HOR_GRU_2,0.05084738,0.07
learned,R-HOR_GRU_2,0.050851107,0.0698
learned,R-HOR_GRU_2,0.05085874,0.0696
learned,R-HOR_GRU_2,0.050865732,0.0694
learned,R-HOR_GRU_2,0.050884753,0.0692
learned,R-HOR_GRU_2,0.050896242,0.069
learned,R-HOR_GRU_2,0.050902963,0.0688
learned,R-HOR_GRU_2,0.05090987,0.0686
learned,R-HOR_GRU_2,0.050925072,0.0684
learned,R-HOR_GRU_2,0.050936818,0.0682
learned,R-HOR_GRU_2,0.050954454,0.068
learned,R-HOR_GRU_2,0.05096233,0.0678
learned,R-HOR_GRU_2,0.05096793,0.0676
learned,R-HOR_GRU_2,0.0509758,0.0674
learned,R-HOR_GRU_2,0.050993003,0.0672
learned,R-HOR_GRU_2,0.050993823,0.067
learned,R-HOR_GRU_2,0.05101019,0.0668
learned,R-HOR_GRU_2,0.05101601,0.0666
learned,R-HOR_GRU_2,0.051032163,0.0664
learned,R-HOR_GRU_2,0.051044133,0.0662
learned,R-HOR_GRU_2,0.05104698,0.066
learned,R-HOR_GRU_2,0.051053643,0.0658
learned,R-HOR_GRU_2,0.051058173,0.0656
learned,R-HOR_GRU_2,0.051075645,0.0654
learned,R-HOR_GRU_2,0.051083643,0.0652
learned,R-HOR_GRU_2,0.051095366,0.065
learned,R-HOR_GRU_2,0.051116705,0.0648
learned,R-HOR_GRU_2,0.051125836,0.0646
learned,R-HOR_GRU_2,0.05114315,0.0644
learned,R-HOR_GRU_2,0.05116243,0.0642
learned,R-HOR_GRU_2,0.051179357,0.064
learned,R-HOR_GRU_2,0.051194567,0.0638
learned,R-HOR_GRU_2,0.051206112,0.0636
learned,R-HOR_GRU_2,0.051219337,0.0634
learned,R-HOR_GRU_2,0.051234365,0.0632
learned,R-HOR_GRU_2,0.05124533,0.063
learned,R-HOR_GRU_2,0.05125871,0.0628
learned,R-HOR_GRU_2,0.05126381,0.0626
learned,R-HOR_GRU_2,0.05127224,0.0624
learned,R-HOR_GRU_2,0.051284432,0.0622
learned,R-HOR_GRU_2,0.051294446,0.062
learned,R-HOR_GRU_2,0.05130942,0.0618
learned,R-HOR_GRU_2,0.051321507,0.0616
learned,R-HOR_GRU_2,0.05132854,0.0614
learned,R-HOR_GRU_2,0.051333033,0.0612
learned,R-HOR_GRU_2,0.051348843,0.061
learned,R-HOR_GRU_2,0.051366404,0.0608
learned,R-HOR_GRU_2,0.05137656,0.0606
learned,R-HOR_GRU_2,0.051386714,0.0604
learned,R-HOR_GRU_2,0.05139211,0.0602
learned,R-HOR_GRU_2,0.051400296,0.06
learned,R-HOR_GRU_2,0.051411033,0.0598
learned,R-HOR_GRU_2,0.051412344,0.0596
learned,R-HOR_GRU_2,0.051425934,0.0594
learned,R-HOR_GRU_2,0.051432904,0.0592
learned,R-HOR_GRU_2,0.051442385,0.059
learned,R-HOR_GRU_2,0.051462077,0.0588
learned,R-HOR_GRU_2,0.05147156,0.0586
learned,R-HOR_GRU_2,0.051476095,0.0584
learned,R-HOR_GRU_2,0.051485732,0.0582
learned,R-HOR_GRU_2,0.051500097,0.058
learned,R-HOR_GRU_2,0.05150938,0.0578
learned,R-HOR_GRU_2,0.051515818,0.0576
learned,R-HOR_GRU_2,0.051527977,0.0574
learned,R-HOR_GRU_2,0.0515505,0.0572
learned,R-HOR_GRU_2,0.051558733,0.057
learned,R-HOR_GRU_2,0.05156531,0.0568
learned,R-HOR_GRU_2,0.051567852,0.0566
learned,R-HOR_GRU_2,0.051576197,0.0564
learned,R-HOR_GRU_2,0.051596045,0.0562
learned,R-HOR_GRU_2,0.051615044,0.056
learned,R-HOR_GRU_2,0.05163475,0.0558
learned,R-HOR_GRU_2,0.05165136,0.0556
learned,R-HOR_GRU_2,0.051660247,0.0554
learned,R-HOR_GRU_2,0.051666066,0.0552
learned,R-HOR_GRU_2,0.05167544,0.055
learned,R-HOR_GRU_2,0.051687498,0.0548
learned,R-HOR_GRU_2,0.051699024,0.0546
learned,R-HOR_GRU_2,0.05170667,0.0544
learned,R-HOR_GRU_2,0.05172026,0.0542
learned,R-HOR_GRU_2,0.051738024,0.054
learned,R-HOR_GRU_2,0.051747072,0.0538
learned,R-HOR_GRU_2,0.051764216,0.0536
learned,R-HOR_GRU_2,0.05178082,0.0534
learned,R-HOR_GRU_2,0.05178759,0.0532
learned,R-HOR_GRU_2,0.051798105,0.053
learned,R-HOR_GRU_2,0.051805954,0.0528
learned,R-HOR_GRU_2,0.051825523,0.0526
learned,R-HOR_GRU_2,0.051843524,0.0524
learned,R-HOR_GRU_2,0.05186081,0.0522
learned,R-HOR_GRU_2,0.05189883,0.052
learned,R-HOR_GRU_2,0.051910948,0.0518
learned,R-HOR_GRU_2,0.051917225,0.0516
learned,R-HOR_GRU_2,0.051935546,0.0514
learned,R-HOR_GRU_2,0.051942468,0.0512
learned,R-HOR_GRU_2,0.05195459,0.051
learned,R-HOR_GRU_2,0.05196552,0.0508
learned,R-HOR_GRU_2,0.0519774,0.0506
learned,R-HOR_GRU_2,0.051982798,0.0504
learned,R-HOR_GRU_2,0.052000675,0.0502
learned,R-HOR_GRU_2,0.052003838,0.05
learned,R-HOR_GRU_2,0.05201447,0.0498
learned,R-HOR_GRU_2,0.05202456,0.0496
learned,R-HOR_GRU_2,0.052033782,0.0494
learned,R-HOR_GRU_2,0.05203938,0.0492
learned,R-HOR_GRU_2,0.052042786,0.049
learned,R-HOR_GRU_2,0.052056327,0.0488
learned,R-HOR_GRU_2,0.05207273,0.0486
learned,R-HOR_GRU_2,0.052090883,0.0484
learned,R-HOR_GRU_2,0.05210805,0.0482
learned,R-HOR_GRU_2,0.052122474,0.048
learned,R-HOR_GRU_2,0.05214703,0.0478
learned,R-HOR_GRU_2,0.05215942,0.0476
learned,R-HOR_GRU_2,0.052171588,0.0474
learned,R-HOR_GRU_2,0.05219027,0.0472
learned,R-HOR_GRU_2,0.052222956,0.047
learned,R-HOR_GRU_2,0.05223535,0.0468
learned,R-HOR_GRU_2,0.052256465,0.0466
learned,R-HOR_GRU_2,0.05226016,0.0464
learned,R-HOR_GRU_2,0.052273512,0.0462
learned,R-HOR_GRU_2,0.052295737,0.046
learned,R-HOR_GRU_2,0.052302994,0.0458
learned,R-HOR_GRU_2,0.05233246,0.0456
learned,R-HOR_GRU_2,0.052352645,0.0454
learned,R-HOR_GRU_2,0.05236554,0.0452
learned,R-HOR_GRU_2,0.052380256,0.045
learned,R-HOR_GRU_2,0.052388817,0.0448
learned,R-HOR_GRU_2,0.052405477,0.0446
learned,R-HOR_GRU_2,0.05242349,0.0444
learned,R-HOR_GRU_2,0.05243302,0.0442
learned,R-HOR_GRU_2,0.05244696,0.044
learned,R-HOR_GRU_2,0.052466065,0.0438
learned,R-HOR_GRU_2,0.05246961,0.0436
learned,R-HOR_GRU_2,0.05247616,0.0434
learned,R-HOR_GRU_2,0.052501142,0.0432
learned,R-HOR_GRU_2,0.05253327,0.043
learned,R-HOR_GRU_2,0.052545898,0.0428
learned,R-HOR_GRU_2,0.052588582,0.0426
learned,R-HOR_GRU_2,0.052603774,0.0424
learned,R-HOR_GRU_2,0.052613214,0.0422
learned,R-HOR_GRU_2,0.052630663,0.042
learned,R-HOR_GRU_2,0.05264008,0.0418
learned,R-HOR_GRU_2,0.05265081,0.0416
learned,R-HOR_GRU_2,0.05266666,0.0414
learned,R-HOR_GRU_2,0.052684717,0.0412
learned,R-HOR_GRU_2,0.05270002,0.041
learned,R-HOR_GRU_2,0.052710414,0.0408
learned,R-HOR_GRU_2,0.052735128,0.0406
learned,R-HOR_GRU_2,0.05275282,0.0404
learned,R-HOR_GRU_2,0.052797914,0.0402
learned,R-HOR_GRU_2,0.052817907,0.04
learned,R-HOR_GRU_2,0.052830577,0.0398
learned,R-HOR_GRU_2,0.052841432,0.0396
learned,R-HOR_GRU_2,0.05285713,0.0394
learned,R-HOR_GRU_2,0.05287409,0.0392
learned,R-HOR_GRU_2,0.052893624,0.039
learned,R-HOR_GRU_2,0.05290202,0.0388
learned,R-HOR_GRU_2,0.052921373,0.0386
learned,R-HOR_GRU_2,0.052963257,0.0384
learned,R-HOR_GRU_2,0.053011015,0.0382
learned,R-HOR_GRU_2,0.05302255,0.038
learned,R-HOR_GRU_2,0.05305127,0.0378
learned,R-HOR_GRU_2,0.053065658,0.0376
learned,R-HOR_GRU_2,0.05309754,0.0374
learned,R-HOR_GRU_2,0.053114112,0.0372
learned,R-HOR_GRU_2,0.053126905,0.037
learned,R-HOR_GRU_2,0.05313773,0.0368
learned,R-HOR_GRU_2,0.053147912,0.0366
learned,R-HOR_GRU_2,0.05316627,0.0364
learned,R-HOR_GRU_2,0.05320222,0.0362
learned,R-HOR_GRU_2,0.05322639,0.036
learned,R-HOR_GRU_2,0.05324143,0.0358
learned,R-HOR_GRU_2,0.053250223,0.0356
learned,R-HOR_GRU_2,0.053266514,0.0354
learned,R-HOR_GRU_2,0.053277258,0.0352
learned,R-HOR_GRU_2,0.053306103,0.035
learned,R-HOR_GRU_2,0.05333557,0.0348
learned,R-HOR_GRU_2,0.053355575,0.0346
learned,R-HOR_GRU_2,0.053395003,0.0344
learned,R-HOR_GRU_2,0.05340514,0.0342
learned,R-HOR_GRU_2,0.053419948,0.034
learned,R-HOR_GRU_2,0.053446308,0.0338
learned,R-HOR_GRU_2,0.053454757,0.0336
learned,R-HOR_GRU_2,0.053483106,0.0334
learned,R-HOR_GRU_2,0.053507328,0.0332
learned,R-HOR_GRU_2,0.053518057,0.033
learned,R-HOR_GRU_2,0.05353582,0.0328
learned,R-HOR_GRU_2,0.053551435,0.0326
learned,R-HOR_GRU_2,0.053569935,0.0324
learned,R-HOR_GRU_2,0.053593397,0.0322
learned,R-HOR_GRU_2,0.05361592,0.032
learned,R-HOR_GRU_2,0.053641796,0.0318
learned,R-HOR_GRU_2,0.05366671,0.0316
learned,R-HOR_GRU_2,0.053679314,0.0314
learned,R-HOR_GRU_2,0.053691402,0.0312
learned,R-HOR_GRU_2,0.053711176,0.031
learned,R-HOR_GRU_2,0.05373784,0.0308
learned,R-HOR_GRU_2,0.053762138,0.0306
learned,R-HOR_GRU_2,0.053782806,0.0304
learned,R-HOR_GRU_2,0.053797722,0.0302
learned,R-HOR_GRU_2,0.05382991,0.03
learned,R-HOR_GRU_2,0.053845122,0.0298
learned,R-HOR_GRU_2,0.05386603,0.0296
learned,R-HOR_GRU_2,0.05390787,0.0294
learned,R-HOR_GRU_2,0.053940177,0.0292
learned,R-HOR_GRU_2,0.05397308,0.029
learned,R-HOR_GRU_2,0.054037683,0.0288
learned,R-HOR_GRU_2,0.054075062,0.0286
learned,R-HOR_GRU_2,0.054092377,0.0284
learned,R-HOR_GRU_2,0.054112058,0.0282
learned,R-HOR_GRU_2,0.054169767,0.028
learned,R-HOR_GRU_2,0.054204226,0.0278
learned,R-HOR_GRU_2,0.05424226,0.0276
learned,R-HOR_GRU_2,0.054256596,0.0274
learned,R-HOR_GRU_2,0.054267373,0.0272
learned,R-HOR_GRU_2,0.054291725,0.027
learned,R-HOR_GRU_2,0.054327406,0.0268
learned,R-HOR_GRU_2,0.054369666,0.0266
learned,R-HOR_GRU_2,0.05438741,0.0264
learned,R-HOR_GRU_2,0.054397702,0.0262
learned,R-HOR_GRU_2,0.054442644,0.026
learned,R-HOR_GRU_2,0.054540485,0.0258
learned,R-HOR_GRU_2,0.054557804,0.0256
learned,R-HOR_GRU_2,0.054588914,0.0254
learned,R-HOR_GRU_2,0.054628015,0.0252
learned,R-HOR_GRU_2,0.054645758,0.025
learned,R-HOR_GRU_2,0.054706268,0.0248
learned,R-HOR_GRU_2,0.054716516,0.0246
learned,R-HOR_GRU_2,0.05476874,0.0244
learned,R-HOR_GRU_2,0.054799967,0.0242
learned,R-HOR_GRU_2,0.054831862,0.024
learned,R-HOR_GRU_2,0.054836787,0.0238
learned,R-HOR_GRU_2,0.05487764,0.0236
learned,R-HOR_GRU_2,0.0549016,0.0234
learned,R-HOR_GRU_2,0.054938316,0.0232
learned,R-HOR_GRU_2,0.054976225,0.023
learned,R-HOR_GRU_2,0.055010676,0.0228
learned,R-HOR_GRU_2,0.05503022,0.0226
learned,R-HOR_GRU_2,0.055112477,0.0224
learned,R-HOR_GRU_2,0.055147734,0.0222
learned,R-HOR_GRU_2,0.055214643,0.022
learned,R-HOR_GRU_2,0.055233836,0.0218
learned,R-HOR_GRU_2,0.05529345,0.0216
learned,R-HOR_GRU_2,0.05531299,0.0214
learned,R-HOR_GRU_2,0.055363074,0.0212
learned,R-HOR_GRU_2,0.055414796,0.021
learned,R-HOR_GRU_2,0.05544567,0.0208
learned,R-HOR_GRU_2,0.05548907,0.0206
learned,R-HOR_GRU_2,0.055520695,0.0204
learned,R-HOR_GRU_2,0.055543184,0.0202
learned,R-HOR_GRU_2,0.05561316,0.02
learned,R-HOR_GRU_2,0.055660605,0.0198
learned,R-HOR_GRU_2,0.055731684,0.0196
learned,R-HOR_GRU_2,0.05576217,0.0194
learned,R-HOR_GRU_2,0.05584216,0.0192
learned,R-HOR_GRU_2,0.055910468,0.019
learned,R-HOR_GRU_2,0.055935208,0.0188
learned,R-HOR_GRU_2,0.055970788,0.0186
learned,R-HOR_GRU_2,0.05600047,0.0184
learned,R-HOR_GRU_2,0.056041338,0.0182
learned,R-HOR_GRU_2,0.056080855,0.018
learned,R-HOR_GRU_2,0.05616951,0.0178
learned,R-HOR_GRU_2,0.056290388,0.0176
learned,R-HOR_GRU_2,0.0563429,0.0174
learned,R-HOR_GRU_2,0.05639279,0.0172
learned,R-HOR_GRU_2,0.056451917,0.017
learned,R-HOR_GRU_2,0.05650109,0.0168
learned,R-HOR_GRU_2,0.05654303,0.0166
learned,R-HOR_GRU_2,0.056580544,0.0164
learned,R-HOR_GRU_2,0.056713223,0.0162
learned,R-HOR_GRU_2,0.05677267,0.016
learned,R-HOR_GRU_2,0.05689528,0.0158
learned,R-HOR_GRU_2,0.056970477,0.0156
learned,R-HOR_GRU_2,0.056989823,0.0154
learned,R-HOR_GRU_2,0.057042256,0.0152
learned,R-HOR_GRU_2,0.05709247,0.015
learned,R-HOR_GRU_2,0.057114244,0.0148
learned,R-HOR_GRU_2,0.057170868,0.0146
learned,R-HOR_GRU_2,0.057260275,0.0144
learned,R-HOR_GRU_2,0.057361543,0.0142
learned,R-HOR_GRU_2,0.057431895,0.014
learned,R-HOR_GRU_2,0.057514463,0.0138
learned,R-HOR_GRU_2,0.057594895,0.0136
learned,R-HOR_GRU_2,0.057627328,0.0134
learned,R-HOR_GRU_2,0.057639387,0.0132
learned,R-HOR_GRU_2,0.057756424,0.013
learned,R-HOR_GRU_2,0.057854746,0.0128
learned,R-HOR_GRU_2,0.05795311,0.0126
learned,R-HOR_GRU_2,0.058074646,0.0124
learned,R-HOR_GRU_2,0.058153365,0.0122
learned,R-HOR_GRU_2,0.058232784,0.012
learned,R-HOR_GRU_2,0.058297753,0.0118
learned,R-HOR_GRU_2,0.058369488,0.0116
learned,R-HOR_GRU_2,0.058548868,0.0114
learned,R-HOR_GRU_2,0.0587439,0.0112
learned,R-HOR_GRU_2,0.05883353,0.011
learned,R-HOR_GRU_2,0.058955934,0.0108
learned,R-HOR_GRU_2,0.059038743,0.0106
learned,R-HOR_GRU_2,0.059099913,0.0104
learned,R-HOR_GRU_2,0.059174567,0.0102
learned,R-HOR_GRU_2,0.05924295,0.01
learned,R-HOR_GRU_2,0.059299413,0.0098
learned,R-HOR_GRU_2,0.059540536,0.0096
learned,R-HOR_GRU_2,0.059695646,0.0094
learned,R-HOR_GRU_2,0.059849083,0.0092
learned,R-HOR_GRU_2,0.060150385,0.009
learned,R-HOR_GRU_2,0.06039536,0.0088
learned,R-HOR_GRU_2,0.060562015,0.0086
learned,R-HOR_GRU_2,0.0607215,0.0084
learned,R-HOR_GRU_2,0.060919464,0.0082
learned,R-HOR_GRU_2,0.060991883,0.008
learned,R-HOR_GRU_2,0.061076164,0.0078
learned,R-HOR_GRU_2,0.061141234,0.0076
learned,R-HOR_GRU_2,0.0612166,0.0074
learned,R-HOR_GRU_2,0.061454415,0.0072
learned,R-HOR_GRU_2,0.06157863,0.007
learned,R-HOR_GRU_2,0.06175737,0.0068
learned,R-HOR_GRU_2,0.0619301,0.0066
learned,R-HOR_GRU_2,0.06211434,0.0064
learned,R-HOR_GRU_2,0.062312365,0.0062
learned,R-HOR_GRU_2,0.062879205,0.006
learned,R-HOR_GRU_2,0.06326342,0.0058
learned,R-HOR_GRU_2,0.063489795,0.0056
learned,R-HOR_GRU_2,0.06403655,0.0054
learned,R-HOR_GRU_2,0.06445528,0.0052
learned,R-HOR_GRU_2,0.064620376,0.005
learned,R-HOR_GRU_2,0.065061495,0.0048
learned,R-HOR_GRU_2,0.06542957,0.0046
learned,R-HOR_GRU_2,0.065893695,0.0044
learned,R-HOR_GRU_2,0.066478334,0.0042
learned,R-HOR_GRU_2,0.067023635,0.004
learned,R-HOR_GRU_2,0.06750512,0.0038
learned,R-HOR_GRU_2,0.06800991,0.0036
learned,R-HOR_GRU_2,0.06893402,0.0034
learned,R-HOR_GRU_2,0.06932461,0.0032
learned,R-HOR_GRU_2,0.0704453,0.003
learned,R-HOR_GRU_2,0.07158643,0.0028
learned,R-HOR_GRU_2,0.07232493,0.0026
learned,R-HOR_GRU_2,0.07340153,0.0024
learned,R-HOR_GRU_2,0.074218005,0.0022
learned,R-HOR_GRU_2,0.077049375,0.002
learned,R-HOR_GRU_2,0.07800317,0.0018
learned,R-HOR_GRU_2,0.078734025,0.0016
learned,R-HOR_GRU_2,0.07991955,0.0014
learned,R-HOR_GRU_2,0.080924034,0.0012
learned,R-HOR_GRU_2,0.08384594,0.001
learned,R-HOR_GRU_2,0.087766945,0.0008
learned,R-HOR_GRU_2,0.09022656,0.0006
learned,R-HOR_GRU_2,0.09369275,0.0004
learned,R-HOR_GRU_2,0.12370294,0.0002
bs_delta,bs_delta,0.01082705,1.0
bs_delta,bs_delta,0.013282656,0.9998
bs_delta,bs_delta,0.013895627,0.9996
bs_delta,bs_delta,0.014329593,0.9994
bs_delta,bs_delta,0.015059676,0.9992
bs_delta,bs_delta,0.015355531,0.999
bs_delta,bs_delta,0.01590081,0.9988
bs_delta,bs_delta,0.016115414,0.9986
bs_delta,bs_delta,0.016211292,0.9984
bs_delta,bs_delta,0.01640289,0.9982
bs_delta,bs_delta,0.016755674,0.998
bs_delta,bs_delta,0.017018816,0.9978
bs_delta,bs_delta,0.01730254,0.9976
bs_delta,bs_delta,0.017628904,0.9974
bs_delta,bs_delta,0.017752782,0.9972
bs_delta,bs_delta,0.017959036,0.997
bs_delta,bs_delta,0.018127821,0.9968
bs_delta,bs_delta,0.01829384,0.9966
bs_delta,bs_delta,0.018386753,0.9964
bs_delta,bs_delta,0.01851453,0.9962
bs_delta,bs_delta,0.018565452,0.996
bs_delta,bs_delta,0.018643662,0.9958
bs_delta,bs_delta,0.018718459,0.9956
bs_delta,bs_delta,0.018765314,0.9954
bs_delta,bs_delta,0.018891161,0.9952
bs_delta,bs_delta,0.018990373,0.995
bs_delta,bs_delta,0.019052105,0.9948
bs_delta,bs_delta,0.019158984,0.9946
bs_delta,bs_delta,0.019282864,0.9944
bs_delta,bs_delta,0.019407084,0.9942
bs_delta,bs_delta,0.0194434,0.994
bs_delta,bs_delta,0.019504145,0.9938
bs_delta,bs_delta,0.019637419,0.9936
bs_delta,bs_delta,0.019747853,0.9934
bs_delta,bs_delta,0.019830128,0.9932
bs_delta,bs_delta,0.019957673,0.993
bs_delta,bs_delta,0.020021124,0.9928
bs_delta,bs_delta,0.020073889,0.9926
bs_delta,bs_delta,0.020126643,0.9924
bs_delta,bs_delta,0.020216746,0.9922
bs_delta,bs_delta,0.020276053,0.992
bs_delta,bs_delta,0.020304935,0.9918
bs_delta,bs_delta,0.020404754,0.9916
bs_delta,bs_delta,0.020459875,0.9914
bs_delta,bs_delta,0.020549772,0.9912
bs_delta,bs_delta,0.020597808,0.991
bs_delta,bs_delta,0.020632558,0.9908
bs_delta,bs_delta,0.020690436,0.9906
bs_delta,bs_delta,0.02075144,0.9904
bs_delta,bs_delta,0.020815862,0.9902
bs_delta,bs_delta,0.020846758,0.99
bs_delta,bs_delta,0.020880397,0.9898
bs_delta,bs_delta,0.020914594,0.9896
bs_delta,bs_delta,0.020935368,0.9894
bs_delta,bs_delta,0.02098326,0.9892
bs_delta,bs_delta,0.021006413,0.989
bs_delta,bs_delta,0.021019464,0.9888
bs_delta,bs_delta,0.021074018,0.9886
bs_delta,bs_delta,0.021135166,0.9884
bs_delta,bs_delta,0.021183595,0.9882
bs_delta,bs_delta,0.021243036,0.988
bs_delta,bs_delta,0.021304047,0.9878
bs_delta,bs_delta,0.021331845,0.9876
bs_delta,bs_delta,0.021369943,0.9874
bs_delta,bs_delta,0.021436462,0.9872
bs_delta,bs_delta,0.021483727,0.987
bs_delta,bs_delta,0.021519968,0.9868
bs_delta,bs_delta,0.021613056,0.9866
bs_delta,bs_delta,0.021638146,0.9864
bs_delta,bs_delta,0.021653187,0.9862
bs_delta,bs_delta,0.02174078,0.986
bs_delta,bs_delta,0.021784058,0.9858
bs_delta,bs_delta,0.021858264,0.9856
bs_delta,bs_delta,0.02189672,0.9854
bs_delta,bs_delta,0.021928145,0.9852
bs_delta,bs_delta,0.021982372,0.985
bs_delta,bs_delta,0.022018198,0.9848
bs_delta,bs_delta,0.022047365,0.9846
bs_delta,bs_delta,0.022097003,0.9844
bs_delta,bs_delta,0.022123728,0.9842
bs_delta,bs_delta,0.022141024,0.984
bs_delta,bs_delta,0.022184748,0.9838
bs_delta,bs_delta,0.022210773,0.9836
bs_delta,bs_delta,0.022235816,0.9834
bs_delta,bs_delta,0.022252318,0.9832
bs_delta,bs_delta,0.022314185,0.983
bs_delta,bs_delta,0.022374522,0.9828
bs_delta,bs_delta,0.022385366,0.9826
bs_delta,bs_delta,0.022404632,0.9824
bs_delta,bs_delta,0.02244428,0.9822
bs_delta,bs_delta,0.022478513,0.982
bs_delta,bs_delta,0.022505958,0.9818
bs_delta,bs_delta,0.022527318,0.9816
bs_delta,bs_delta,0.022570865,0.9814
bs_delta,bs_delta,0.022584002,0.9812
bs_delta,bs_delta,0.022607347,0.981
bs_delta,bs_delta,0.022632983,0.9808
bs_delta,bs_delta,0.022654092,0.9806
bs_delta,bs_delta,0.022692656,0.9804
bs_delta,bs_delta,0.022746962,0.9802
bs_delta,bs_delta,0.02277556,0.98
bs_delta,bs_delta,0.022805776,0.9798
bs_delta,bs_delta,0.022842642,0.9796
bs_delta,bs_delta,0.022880046,0.9794
bs_delta,bs_delta,0.02289012,0.9792
bs_delta,bs_delta,0.022910016,0.979
bs_delta,bs_delta,0.022931095,0.9788
bs_delta,bs_delta,0.022949314,0.9786
bs_delta,bs_delta,0.022977043,0.9784
bs_delta,bs_delta,0.022990547,0.9782
bs_delta,bs_delta,0.023014693,0.978
bs_delta,bs_delta,0.023036223,0.9778
bs_delta,bs_delta,0.023051284,0.9776
bs_delta,bs_delta,0.023067193,0.9774
bs_delta,bs_delta,0.023148386,0.9772
bs_delta,bs_delta,0.02315542,0.977
bs_delta,bs_delta,0.023165429,0.9768
bs_delta,bs_delta,0.023193125,0.9766
bs_delta,bs_delta,0.023209142,0.9764
bs_delta,bs_delta,0.023255832,0.9762
bs_delta,bs_delta,0.023295522,0.976
bs_delta,bs_delta,0.023333598,0.9758
bs_delta,bs_delta,0.023369957,0.9756
bs_delta,bs_delta,0.023409557,0.9754
bs_delta,bs_delta,0.02342425,0.9752
bs_delta,bs_delta,0.02344108,0.975
bs_delta,bs_delta,0.023456112,0.9748
bs_delta,bs_delta,0.023470053,0.9746
bs_delta,bs_delta,0.023479015,0.9744
bs_delta,bs_delta,0.023512116,0.9742
bs_delta,bs_delta,0.023543129,0.974
bs_delta,bs_delta,0.023561666,0.9738
bs_delta,bs_delta,0.023569653,0.9736
bs_delta,bs_delta,0.023620676,0.9734
bs_delta,bs_delta,0.0236564,0.9732
bs_delta,bs_delta,0.023710292,0.973
bs_delta,bs_delta,0.023726465,0.9728
bs_delta,bs_delta,0.023757968,0.9726
bs_delta,bs_delta,0.023783466,0.9724
bs_delta,bs_delta,0.023796424,0.9722
bs_delta,bs_delta,0.023820331,0.972
bs_delta,bs_delta,0.023846122,0.9718
bs_delta,bs_delta,0.023880739,0.9716
bs_delta,bs_delta,0.023908343,0.9714
bs_delta,bs_delta,0.02392892,0.9712
bs_delta,bs_delta,0.023934375,0.971
bs_delta,bs_delta,0.023954237,0.9708
bs_delta,bs_delta,0.023973137,0.9706
bs_delta,bs_delta,0.023991084,0.9704
bs_delta,bs_delta,0.024022108,0.9702
bs_delta,bs_delta,0.024039254,0.97
bs_delta,bs_delta,0.024055751,0.9698
bs_delta,bs_delta,0.024067448,0.9696
bs_delta,bs_delta,0.024088597,0.9694
bs_delta,bs_delta,0.024116969,0.9692
bs_delta,bs_delta,0.024123827,0.969
bs_delta,bs_delta,0.024148166,0.9688
bs_delta,bs_delta,0.024182657,0.9686
bs_delta,bs_delta,0.024193753,0.9684
bs_delta,bs_delta,0.024211505,0.9682
bs_delta,bs_delta,0.024222447,0.968
bs_delta,bs_delta,0.024235284,0.9678
bs_delta,bs_delta,0.024284035,0.9676
bs_delta,bs_delta,0.02430712,0.9674
bs_delta,bs_delta,0.02431066,0.9672
bs_delta,bs_delta,0.02432018,0.967
bs_delta,bs_delta,0.024346672,0.9668
bs_delta,bs_delta,0.024380932,0.9666
bs_delta,bs_delta,0.024396952,0.9664
bs_delta,bs_delta,0.024421806,0.9662
bs_delta,bs_delta,0.024439992,0.966
bs_delta,bs_delta,0.024469426,0.9658
bs_delta,bs_delta,0.02447301,0.9656
bs_delta,bs_delta,0.024521044,0.9654
bs_delta,bs_delta,0.024540763,0.9652
bs_delta,bs_delta,0.024557222,0.965
bs_delta,bs_delta,0.024595434,0.9648
bs_delta,bs_delta,0.024606086,0.9646
bs_delta,bs_delta,0.024615848,0.9644
bs_delta,bs_delta,0.024643242,0.9642
bs_delta,bs_delta,0.0246638,0.964
bs_delta,bs_delta,0.024691647,0.9638
bs_delta,bs_delta,0.024697106,0.9636
bs_delta,bs_delta,0.024722347,0.9634
bs_delta,bs_delta,0.02473553,0.9632
bs_delta,bs_delta,0.024756756,0.963
bs_delta,bs_delta,0.02476161,0.9628
bs_delta,bs_delta,0.024794532,0.9626
bs_delta,bs_delta,0.024822215,0.9624
bs_delta,bs_delta,0.024856718,0.9622
bs_delta,bs_delta,0.02486903,0.962
bs_delta,bs_delta,0.024882264,0.9618
bs_delta,bs_delta,0.024888339,0.9616
bs_delta,bs_delta,0.024903873,0.9614
bs_delta,bs_delta,0.024916137,0.9612
bs_delta,bs_delta,0.024959393,0.961
bs_delta,bs_delta,0.02496674,0.9608
bs_delta,bs_delta,0.024994468,0.9606
bs_delta,bs_delta,0.02500561,0.9604
bs_delta,bs_delta,0.025013993,0.9602
bs_delta,bs_delta,0.0250321,0.96
bs_delta,bs_delta,0.025036981,0.9598
bs_delta,bs_delta,0.02508272,0.9596
bs_delta,bs_delta,0.025100466,0.9594
bs_delta,bs_delta,0.025110101,0.9592
bs_delta,bs_delta,0.025133962,0.959
bs_delta,bs_delta,0.025147824,0.9588
bs_delta,bs_delta,0.025176173,0.9586
bs_delta,bs_delta,0.025219467,0.9584
bs_delta,bs_delta,0.025237462,0.9582
bs_delta,bs_delta,0.025248425,0.958
bs_delta,bs_delta,0.025257483,0.9578
bs_delta,bs_delta,0.025269462,0.9576
bs_delta,bs_delta,0.025275437,0.9574
bs_delta,bs_delta,0.025289243,0.9572
bs_delta,bs_delta,0.02530142,0.957
bs_delta,bs_delta,0.02532155,0.9568
bs_delta,bs_delta,0.02533849,0.9566
bs_delta,bs_delta,0.025341677,0.9564
bs_delta,bs_delta,0.025354765,0.9562
bs_delta,bs_delta,0.02538095,0.956
bs_delta,bs_delta,0.025405088,0.9558
bs_delta,bs_delta,0.025416087,0.9556
bs_delta,bs_delta,0.025440827,0.9554
bs_delta,bs_delta,0.025466919,0.9552
bs_delta,bs_delta,0.02549528,0.955
bs_delta,bs_delta,0.025507992,0.9548
bs_delta,bs_delta,0.025520502,0.9546
bs_delta,bs_delta,0.025542352,0.9544
bs_delta,bs_delta,0.025573704,0.9542
bs_delta,bs_delta,0.025587741,0.954
bs_delta,bs_delta,0.02561397,0.9538
bs_delta,bs_delta,0.025631113,0.9536
bs_delta,bs_delta,0.025644397,0.9534
bs_delta,bs_delta,0.025657475,0.9532
bs_delta,bs_delta,0.025672121,0.953
bs_delta,bs_delta,0.025677629,0.9528
bs_delta,bs_delta,0.025678389,0.9526
bs_delta,bs_delta,0.02569648,0.9524
bs_delta,bs_delta,0.025709914,0.9522
bs_delta,bs_delta,0.02572026,0.952
bs_delta,bs_delta,0.025741007,0.9518
bs_delta,bs_delta,0.025773572,0.9516
bs_delta,bs_delta,0.02579393,0.9514
bs_delta,bs_delta,0.025807684,0.9512
bs_delta,bs_delta,0.025833836,0.951
bs_delta,bs_delta,0.025851946,0.9508
bs_delta,bs_delta,0.025878828,0.9506
bs_delta,bs_delta,0.025884623,0.9504
bs_delta,bs_delta,0.025891108,0.9502
bs_delta,bs_delta,0.025901834,0.95
bs_delta,bs_delta,0.025910893,0.9498
bs_delta,bs_delta,0.025923932,0.9496
bs_delta,bs_delta,0.02593819,0.9494
bs_delta,bs_delta,0.025944142,0.9492
bs_delta,bs_delta,0.02596712,0.949
bs_delta,bs_delta,0.025989074,0.9488
bs_delta,bs_delta,0.026009832,0.9486
bs_delta,bs_delta,0.026017517,0.9484
bs_delta,bs_delta,0.026029885,0.9482
bs_delta,bs_delta,0.026056536,0.948
bs_delta,bs_delta,0.026079638,0.9478
bs_delta,bs_delta,0.026103206,0.9476
bs_delta,bs_delta,0.026111657,0.9474
bs_delta,bs_delta,0.026119122,0.9472
bs_delta,bs_delta,0.026133526,0.947
bs_delta,bs_delta,0.026157085,0.9468
bs_delta,bs_delta,0.026171336,0.9466
bs_delta,bs_delta,0.026186055,0.9464
bs_delta,bs_delta,0.026194468,0.9462
bs_delta,bs_delta,0.026208835,0.946
bs_delta,bs_delta,0.026217505,0.9458
bs_delta,bs_delta,0.026236432,0.9456
bs_delta,bs_delta,0.026248429,0.9454
bs_delta,bs_delta,0.026258318,0.9452
bs_delta,bs_delta,0.026268318,0.945
bs_delta,bs_delta,0.026275782,0.9448
bs_delta,bs_delta,0.026290681,0.9446
bs_delta,bs_delta,0.026315413,0.9444
bs_delta,bs_delta,0.026326893,0.9442
bs_delta,bs_delta,0.026340568,0.944
bs_delta,bs_delta,0.026380768,0.9438
bs_delta,bs_delta,0.026404466,0.9436
bs_delta,bs_delta,0.026419902,0.9434
bs_delta,bs_delta,0.02643881,0.9432
bs_delta,bs_delta,0.026443271,0.943
bs_delta,bs_delta,0.026457204,0.9428
bs_delta,bs_delta,0.026469028,0.9426
bs_delta,bs_delta,0.026481302,0.9424
bs_delta,bs_delta,0.02649263,0.9422
bs_delta,bs_delta,0.026516229,0.942
bs_delta,bs_delta,0.026524205,0.9418
bs_delta,bs_delta,0.026533207,0.9416
bs_delta,bs_delta,0.026545106,0.9414
bs_delta,bs_delta,0.026560012,0.9412
bs_delta,bs_delta,0.026568703,0.941
bs_delta,bs_delta,0.02657414,0.9408
bs_delta,bs_delta,0.026584933,0.9406
bs_delta,bs_delta,0.026594048,0.9404
bs_delta,bs_delta,0.026600031,0.9402
bs_delta,bs_delta,0.02660887,0.94
bs_delta,bs_delta,0.026619738,0.9398
bs_delta,bs_delta,0.026627505,0.9396
bs_delta,bs_delta,0.026638016,0.9394
bs_delta,bs_delta,0.026654124,0.9392
bs_delta,bs_delta,0.02667258,0.939
bs_delta,bs_delta,0.026679138,0.9388
bs_delta,bs_delta,0.026698967,0.9386
bs_delta,bs_delta,0.026713552,0.9384
bs_delta,bs_delta,0.026730921,0.9382
bs_delta,bs_delta,0.026741883,0.938
bs_delta,bs_delta,0.026750226,0.9378
bs_delta,bs_delta,0.026752945,0.9376
bs_delta,bs_delta,0.02676153,0.9374
bs_delta,bs_delta,0.026781494,0.9372
bs_delta,bs_delta,0.026786838,0.937
bs_delta,bs_delta,0.026793897,0.9368
bs_delta,bs_delta,0.02680804,0.9366
bs_delta,bs_delta,0.026823265,0.9364
bs_delta,bs_delta,0.026832154,0.9362
bs_delta,bs_delta,0.02684612,0.936
bs_delta,bs_delta,0.026852703,0.9358
bs_delta,bs_delta,0.026874546,0.9356
bs_delta,bs_delta,0.02688154,0.9354
bs_delta,bs_delta,0.026887422,0.9352
bs_delta,bs_delta,0.026899079,0.935
bs_delta,bs_delta,0.026908016,0.9348
bs_delta,bs_delta,0.026913779,0.9346
bs_delta,bs_delta,0.026922071,0.9344
bs_delta,bs_delta,0.026936864,0.9342
bs_delta,bs_delta,0.026948722,0.934
bs_delta,bs_delta,0.026953401,0.9338
bs_delta,bs_delta,0.026966952,0.9336
bs_delta,bs_delta,0.026988205,0.9334
bs_delta,bs_delta,0.026992695,0.9332
bs_delta,bs_delta,0.027002333,0.933
bs_delta,bs_delta,0.0270083,0.9328
bs_delta,bs_delta,0.02701868,0.9326
bs_delta,bs_delta,0.027027233,0.9324
bs_delta,bs_delta,0.027039886,0.9322
bs_delta,bs_delta,0.027047452,0.932
bs_delta,bs_delta,0.027056728,0.9318
bs_delta,bs_delta,0.027063806,0.9316
bs_delta,bs_delta,0.027076699,0.9314
bs_delta,bs_delta,0.027094245,0.9312
bs_delta,bs_delta,0.027102912,0.931
bs_delta,bs_delta,0.027109703,0.9308
bs_delta,bs_delta,0.02712829,0.9306
bs_delta,bs_delta,0.027134271,0.9304
bs_delta,bs_delta,0.027146194,0.9302
bs_delta,bs_delta,0.027153794,0.93
bs_delta,bs_delta,0.027170945,0.9298
bs_delta,bs_delta,0.027176995,0.9296
bs_delta,bs_delta,0.027183222,0.9294
bs_delta,bs_delta,0.027191795,0.9292
bs_delta,bs_delta,0.027196856,0.929
bs_delta,bs_delta,0.0272013,0.9288
bs_delta,bs_delta,0.02720704,0.9286
bs_delta,bs_delta,0.027215863,0.9284
bs_delta,bs_delta,0.027241904,0.9282
bs_delta,bs_delta,0.027251175,0.928
bs_delta,bs_delta,0.027265007,0.9278
bs_delta,bs_delta,0.027269015,0.9276
bs_delta,bs_delta,0.027276449,0.9274
bs_delta,bs_delta,0.027288154,0.9272
bs_delta,bs_delta,0.02730527,0.927
bs_delta,bs_delta,0.0273148,0.9268
bs_delta,bs_delta,0.027325602,0.9266
bs_delta,bs_delta,0.027344372,0.9264
bs_delta,bs_delta,0.027357437,0.9262
bs_delta,bs_delta,0.027374955,0.926
bs_delta,bs_delta,0.027386285,0.9258
bs_delta,bs_delta,0.027388914,0.9256
bs_delta,bs_delta,0.02739345,0.9254
bs_delta,bs_delta,0.027407125,0.9252
bs_delta,bs_delta,0.027420478,0.925
bs_delta,bs_delta,0.027430728,0.9248
bs_delta,bs_delta,0.027438965,0.9246
bs_delta,bs_delta,0.027446926,0.9244
bs_delta,bs_delta,0.02745951,0.9242
bs_delta,bs_delta,0.02746553,0.924
bs_delta,bs_delta,0.02747699,0.9238
bs_delta,bs_delta,0.02749117,0.9236
bs_delta,bs_delta,0.02750383,0.9234
bs_delta,bs_delta,0.02751524,0.9232
bs_delta,bs_delta,0.027522938,0.923
bs_delta,bs_delta,0.02753135,0.9228
bs_delta,bs_delta,0.027540373,0.9226
bs_delta,bs_delta,0.027549589,0.9224
bs_delta,bs_delta,0.027569996,0.9222
bs_delta,bs_delta,0.027575992,0.922
bs_delta,bs_delta,0.027591582,0.9218
bs_delta,bs_delta,0.02759613,0.9216
bs_delta,bs_delta,0.027613437,0.9214
bs_delta,bs_delta,0.027627775,0.9212
bs_delta,bs_delta,0.027636684,0.921
bs_delta,bs_delta,0.027651979,0.9208
bs_delta,bs_delta,0.02766216,0.9206
bs_delta,bs_delta,0.027669199,0.9204
bs_delta,bs_delta,0.027680438,0.9202
bs_delta,bs_delta,0.027696647,0.92
bs_delta,bs_delta,0.02770716,0.9198
bs_delta,bs_delta,0.027710646,0.9196
bs_delta,bs_delta,0.027718056,0.9194
bs_delta,bs_delta,0.027742865,0.9192
bs_delta,bs_delta,0.027747521,0.919
bs_delta,bs_delta,0.0277554,0.9188
bs_delta,bs_delta,0.027762074,0.9186
bs_delta,bs_delta,0.027777769,0.9184
bs_delta,bs_delta,0.027785363,0.9182
bs_delta,bs_delta,0.027792152,0.918
bs_delta,bs_delta,0.02780315,0.9178
bs_delta,bs_delta,0.027808648,0.9176
bs_delta,bs_delta,0.02781369,0.9174
bs_delta,bs_delta,0.027824167,0.9172
bs_delta,bs_delta,0.027837474,0.917
bs_delta,bs_delta,0.027845994,0.9168
bs_delta,bs_delta,0.02785699,0.9166
bs_delta,bs_delta,0.02786953,0.9164
bs_delta,bs_delta,0.027875096,0.9162
bs_delta,bs_delta,0.027898075,0.916
bs_delta,bs_delta,0.027906327,0.9158
bs_delta,bs_delta,0.02791394,0.9156
bs_delta,bs_delta,0.027931435,0.9154
bs_delta,bs_delta,0.027935173,0.9152
bs_delta,bs_delta,0.027947135,0.915
bs_delta,bs_delta,0.027953377,0.9148
bs_delta,bs_delta,0.027966246,0.9146
bs_delta,bs_delta,0.027972454,0.9144
bs_delta,bs_delta,0.02798194,0.9142
bs_delta,bs_delta,0.028003506,0.914
bs_delta,bs_delta,0.028012386,0.9138
bs_delta,bs_delta,0.028025862,0.9136
bs_delta,bs_delta,0.028038349,0.9134
bs_delta,bs_delta,0.028048875,0.9132
bs_delta,bs_delta,0.028055815,0.913
bs_delta,bs_delta,0.028059192,0.9128
bs_delta,bs_delta,0.02807509,0.9126
bs_delta,bs_delta,0.028084425,0.9124
bs_delta,bs_delta,0.028088728,0.9122
bs_delta,bs_delta,0.028095922,0.912
bs_delta,bs_delta,0.028110564,0.9118
bs_delta,bs_delta,0.028124724,0.9116
bs_delta,bs_delta,0.028131217,0.9114
bs_delta,bs_delta,0.028141461,0.9112
bs_delta,bs_delta,0.028149998,0.911
bs_delta,bs_delta,0.028158547,0.9108
bs_delta,bs_delta,0.028179485,0.9106
bs_delta,bs_delta,0.0281884,0.9104
bs_delta,bs_delta,0.028205173,0.9102
bs_delta,bs_delta,0.02821653,0.91
bs_delta,bs_delta,0.02822572,0.9098
bs_delta,bs_delta,0.028229974,0.9096
bs_delta,bs_delta,0.028234446,0.9094
bs_delta,bs_delta,0.028248128,0.9092
bs_delta,bs_delta,0.028262591,0.909
bs_delta,bs_delta,0.028266573,0.9088
bs_delta,bs_delta,0.028269166,0.9086
bs_delta,bs_delta,0.028278872,0.9084
bs_delta,bs_delta,0.02828102,0.9082
bs_delta,bs_delta,0.028291484,0.908
bs_delta,bs_delta,0.028297938,0.9078
bs_delta,bs_delta,0.028307186,0.9076
bs_delta,bs_delta,0.028318295,0.9074
bs_delta,bs_delta,0.02832354,0.9072
bs_delta,bs_delta,0.028336806,0.907
bs_delta,bs_delta,0.028347151,0.9068
bs_delta,bs_delta,0.028355924,0.9066
bs_delta,bs_delta,0.028364416,0.9064
bs_delta,bs_delta,0.028370164,0.9062
bs_delta,bs_delta,0.02837883,0.906
bs_delta,bs_delta,0.028382098,0.9058
bs_delta,bs_delta,0.028386833,0.9056
bs_delta,bs_delta,0.028392691,0.9054
bs_delta,bs_delta,0.028401062,0.9052
bs_delta,bs_delta,0.028415412,0.905
bs_delta,bs_delta,0.02842046,0.9048
bs_delta,bs_delta,0.028428853,0.9046
bs_delta,bs_delta,0.028442068,0.9044
bs_delta,bs_delta,0.02845075,0.9042
bs_delta,bs_delta,0.028457835,0.904
bs_delta,bs_delta,0.028469263,0.9038
bs_delta,bs_delta,0.028473316,0.9036
bs_delta,bs_delta,0.028486108,0.9034
bs_delta,bs_delta,0.028492127,0.9032
bs_delta,bs_delta,0.028501542,0.903
bs_delta,bs_delta,0.028511906,0.9028
bs_delta,bs_delta,0.028527915,0.9026
bs_delta,bs_delta,0.028546557,0.9024
bs_delta,bs_delta,0.02855204,0.9022
bs_delta,bs_delta,0.028562518,0.902
bs_delta,bs_delta,0.028565155,0.9018
bs_delta,bs_delta,0.028581765,0.9016
bs_delta,bs_delta,0.028589252,0.9014
bs_delta,bs_delta,0.0286057,0.9012
bs_delta,bs_delta,0.02860946,0.901
bs_delta,bs_delta,0.02861332,0.9008
bs_delta,bs_delta,0.02862008,0.9006
bs_delta,bs_delta,0.028624006,0.9004
bs_delta,bs_delta,0.028632669,0.9002
bs_delta,bs_delta,0.02864025,0.9
bs_delta,bs_delta,0.028645389,0.8998
bs_delta,bs_delta,0.028648334,0.8996
bs_delta,bs_delta,0.028652966,0.8994
bs_delta,bs_delta,0.028660323,0.8992
bs_delta,bs_delta,0.028666109,0.899
bs_delta,bs_delta,0.02867221,0.8988
bs_delta,bs_delta,0.028677508,0.8986
bs_delta,bs_delta,0.028687986,0.8984
bs_delta,bs_delta,0.028692469,0.8982
bs_delta,bs_delta,0.028702008,0.898
bs_delta,bs_delta,0.028712101,0.8978
bs_delta,bs_delta,0.028717183,0.8976
bs_delta,bs_delta,0.028732575,0.8974
bs_delta,bs_delta,0.028746996,0.8972
bs_delta,bs_delta,0.02875469,0.897
bs_delta,bs_delta,0.02876209,0.8968
bs_delta,bs_delta,0.028771028,0.8966
bs_delta,bs_delta,0.02877317,0.8964
bs_delta,bs_delta,0.028779661,0.8962
bs_delta,bs_delta,0.028785674,0.896
bs_delta,bs_delta,0.028790813,0.8958
bs_delta,bs_delta,0.028796248,0.8956
bs_delta,bs_delta,0.028810283,0.8954
bs_delta,bs_delta,0.028813897,0.8952
bs_delta,bs_delta,0.02881917,0.895
bs_delta,bs_delta,0.028829303,0.8948
bs_delta,bs_delta,0.028834552,0.8946
bs_delta,bs_delta,0.028840467,0.8944
bs_delta,bs_delta,0.028847972,0.8942
bs_delta,bs_delta,0.028851198,0.894
bs_delta,bs_delta,0.02885602,0.8938
bs_delta,bs_delta,0.028869756,0.8936
bs_delta,bs_delta,0.028872576,0.8934
bs_delta,bs_delta,0.028892795,0.8932
bs_delta,bs_delta,0.0288964,0.893
bs_delta,bs_delta,0.028907973,0.8928
bs_delta,bs_delta,0.028910128,0.8926
bs_delta,bs_delta,0.028917385,0.8924
bs_delta,bs_delta,0.02892871,0.8922
bs_delta,bs_delta,0.028944388,0.892
bs_delta,bs_delta,0.028949333,0.8918
bs_delta,bs_delta,0.028960342,0.8916
bs_delta,bs_delta,0.028967861,0.8914
bs_delta,bs_delta,0.02897261,0.8912
bs_delta,bs_delta,0.028983233,0.891
bs_delta,bs_delta,0.028995823,0.8908
bs_delta,bs_delta,0.029003596,0.8906
bs_delta,bs_delta,0.029016608,0.8904
bs_delta,bs_delta,0.029022666,0.8902
bs_delta,bs_delta,0.029033782,0.89
bs_delta,bs_delta,0.029038401,0.8898
bs_delta,bs_delta,0.029055217,0.8896
bs_delta,bs_delta,0.029059993,0.8894
bs_delta,bs_delta,0.02907225,0.8892
bs_delta,bs_delta,0.029083079,0.889
bs_delta,bs_delta,0.029087456,0.8888
bs_delta,bs_delta,0.02909531,0.8886
bs_delta,bs_delta,0.029097036,0.8884
bs_delta,bs_delta,0.02910261,0.8882
bs_delta,bs_delta,0.029106565,0.888
bs_delta,bs_delta,0.029112844,0.8878
bs_delta,bs_delta,0.029118689,0.8876
bs_delta,bs_delta,0.0291248,0.8874
bs_delta,bs_delta,0.029130751,0.8872
bs_delta,bs_delta,0.02914599,0.887
bs_delta,bs_delta,0.029150194,0.8868
bs_delta,bs_delta,0.029159673,0.8866
bs_delta,bs_delta,0.029169537,0.8864
bs_delta,bs_delta,0.029184073,0.8862
bs_delta,bs_delta,0.029188095,0.886
bs_delta,bs_delta,0.029193377,0.8858
bs_delta,bs_delta,0.029202057,0.8856
bs_delta,bs_delta,0.029211482,0.8854
bs_delta,bs_delta,0.02922128,0.8852
bs_delta,bs_delta,0.029231092,0.885
bs_delta,bs_delta,0.029235797,0.8848
bs_delta,bs_delta,0.029245922,0.8846
bs_delta,bs_delta,0.029247444,0.8844
bs_delta,bs_delta,0.0292551,0.8842
bs_delta,bs_delta,0.029258355,0.884
bs_delta,bs_delta,0.029264417,0.8838
bs_delta,bs_delta,0.029270468,0.8836
bs_delta,bs_delta,0.029280577,0.8834
bs_delta,bs_delta,0.029285373,0.8832
bs_delta,bs_delta,0.029291458,0.883
bs_delta,bs_delta,0.029308408,0.8828
bs_delta,bs_delta,0.029314686,0.8826
bs_delta,bs_delta,0.029325616,0.8824
bs_delta,bs_delta,0.029343918,0.8822
bs_delta,bs_delta,0.029350717,0.882
bs_delta,bs_delta,0.02935385,0.8818
bs_delta,bs_delta,0.029361207,0.8816
bs_delta,bs_delta,0.029370049,0.8814
bs_delta,bs_delta,0.029375076,0.8812
bs_delta,bs_delta,0.029378932,0.881
bs_delta,bs_delta,0.029383374,0.8808
bs_delta,bs_delta,0.029388014,0.8806
bs_delta,bs_delta,0.029393727,0.8804
bs_delta,bs_delta,0.029398682,0.8802
bs_delta,bs_delta,0.02940511,0.88
bs_delta,bs_delta,0.029420543,0.8798
bs_delta,bs_delta,0.029428193,0.8796
bs_delta,bs_delta,0.029433219,0.8794
bs_delta,bs_delta,0.029447248,0.8792
bs_delta,bs_delta,0.029453978,0.879
bs_delta,bs_delta,0.02946251,0.8788
bs_delta,bs_delta,0.02947027,0.8786
bs_delta,bs_delta,0.029489081,0.8784
bs_delta,bs_delta,0.029493945,0.8782
bs_delta,bs_delta,0.029501248,0.878
bs_delta,bs_delta,0.029502666,0.8778
bs_delta,bs_delta,0.029507542,0.8776
bs_delta,bs_delta,0.029510511,0.8774
bs_delta,bs_delta,0.02951948,0.8772
bs_delta,bs_delta,0.02952882,0.877
bs_delta,bs_delta,0.0295338,0.8768
bs_delta,bs_delta,0.029543623,0.8766
bs_delta,bs_delta,0.02954717,0.8764
bs_delta,bs_delta,0.02955335,0.8762
bs_delta,bs_delta,0.02956568,0.876
bs_delta,bs_delta,0.029574875,0.8758
bs_delta,bs_delta,0.029586034,0.8756
bs_delta,bs_delta,0.029593762,0.8754
bs_delta,bs_delta,0.029597262,0.8752
bs_delta,bs_delta,0.029604398,0.875
bs_delta,bs_delta,0.029611982,0.8748
bs_delta,bs_delta,0.029620051,0.8746
bs_delta,bs_delta,0.029629538,0.8744
bs_delta,bs_delta,0.0296356,0.8742
bs_delta,bs_delta,0.029639851,0.874
bs_delta,bs_delta,0.029648568,0.8738
bs_delta,bs_delta,0.029653093,0.8736
bs_delta,bs_delta,0.029656423,0.8734
bs_delta,bs_delta,0.029664917,0.8732
bs_delta,bs_delta,0.029673504,0.873
bs_delta,bs_delta,0.02967996,0.8728
bs_delta,bs_delta,0.029689873,0.8726
bs_delta,bs_delta,0.029696498,0.8724
bs_delta,bs_delta,0.029709505,0.8722
bs_delta,bs_delta,0.029718608,0.872
bs_delta,bs_delta,0.029722873,0.8718
bs_delta,bs_delta,0.02972878,0.8716
bs_delta,bs_delta,0.029734405,0.8714
bs_delta,bs_delta,0.0297372,0.8712
bs_delta,bs_delta,0.029746901,0.871
bs_delta,bs_delta,0.029762715,0.8708
bs_delta,bs_delta,0.029772144,0.8706
bs_delta,bs_delta,0.02978311,0.8704
bs_delta,bs_delta,0.029798506,0.8702
bs_delta,bs_delta,0.029809466,0.87
bs_delta,bs_delta,0.02981264,0.8698
bs_delta,bs_delta,0.029815959,0.8696
bs_delta,bs_delta,0.029826846,0.8694
bs_delta,bs_delta,0.029832253,0.8692
bs_delta,bs_delta,0.029836133,0.869
bs_delta,bs_delta,0.029842747,0.8688
bs_delta,bs_delta,0.029851105,0.8686
bs_delta,bs_delta,0.029857919,0.8684
bs_delta,bs_delta,0.029871183,0.8682
bs_delta,bs_delta,0.029878398,0.868
bs_delta,bs_delta,0.02988444,0.8678
bs_delta,bs_delta,0.029889457,0.8676
bs_delta,bs_delta,0.029893447,0.8674
bs_delta,bs_delta,0.029896332,0.8672
bs_delta,bs_delta,0.029902512,0.867
bs_delta,bs_delta,0.029911932,0.8668
bs_delta,bs_delta,0.029919026,0.8666
bs_delta,bs_delta,0.029931072,0.8664
bs_delta,bs_delta,0.029940398,0.8662
bs_delta,bs_delta,0.029946765,0.866
bs_delta,bs_delta,0.029953042,0.8658
bs_delta,bs_delta,0.029961558,0.8656
bs_delta,bs_delta,0.029967424,0.8654
bs_delta,bs_delta,0.029972885,0.8652
bs_delta,bs_delta,0.029981298,0.865
bs_delta,bs_delta,0.029994445,0.8648
bs_delta,bs_delta,0.02999921,0.8646
bs_delta,bs_delta,0.030013511,0.8644
bs_delta,bs_delta,0.030027293,0.8642
bs_delta,bs_delta,0.030031752,0.864
bs_delta,bs_delta,0.030036757,0.8638
bs_delta,bs_delta,0.030045249,0.8636
bs_delta,bs_delta,0.030049438,0.8634
bs_delta,bs_delta,0.030057775,0.8632
bs_delta,bs_delta,0.030074066,0.863
bs_delta,bs_delta,0.030075727,0.8628
bs_delta,bs_delta,0.030091302,0.8626
bs_delta,bs_delta,0.03010092,0.8624
bs_delta,bs_delta,0.030104725,0.8622
bs_delta,bs_delta,0.030108182,0.862
bs_delta,bs_delta,0.030112162,0.8618
bs_delta,bs_delta,0.030115755,0.8616
bs_delta,bs_delta,0.030124826,0.8614
bs_delta,bs_delta,0.030136894,0.8612
bs_delta,bs_delta,0.030141365,0.861
bs_delta,bs_delta,0.030150844,0.8608
bs_delta,bs_delta,0.030160401,0.8606
bs_delta,bs_delta,0.030164838,0.8604
bs_delta,bs_delta,0.03016706,0.8602
bs_delta,bs_delta,0.030174624,0.86
bs_delta,bs_delta,0.030177481,0.8598
bs_delta,bs_delta,0.03018869,0.8596
bs_delta,bs_delta,0.030192016,0.8594
bs_delta,bs_delta,0.030199133,0.8592
bs_delta,bs_delta,0.030203823,0.859
bs_delta,bs_delta,0.030209329,0.8588
bs_delta,bs_delta,0.030215405,0.8586
bs_delta,bs_delta,0.030219708,0.8584
bs_delta,bs_delta,0.030227583,0.8582
bs_delta,bs_delta,0.03023345,0.858
bs_delta,bs_delta,0.030243574,0.8578
bs_delta,bs_delta,0.030250354,0.8576
bs_delta,bs_delta,0.030254202,0.8574
bs_delta,bs_delta,0.030258048,0.8572
bs_delta,bs_delta,0.030261539,0.857
bs_delta,bs_delta,0.030270966,0.8568
bs_delta,bs_delta,0.030276788,0.8566
bs_delta,bs_delta,0.030280394,0.8564
bs_delta,bs_delta,0.030287884,0.8562
bs_delta,bs_delta,0.030299863,0.856
bs_delta,bs_delta,0.030306546,0.8558
bs_delta,bs_delta,0.030312179,0.8556
bs_delta,bs_delta,0.030322045,0.8554
bs_delta,bs_delta,0.03032634,0.8552
bs_delta,bs_delta,0.030339545,0.855
bs_delta,bs_delta,0.03034281,0.8548
bs_delta,bs_delta,0.03034477,0.8546
bs_delta,bs_delta,0.030351238,0.8544
bs_delta,bs_delta,0.030358924,0.8542
bs_delta,bs_delta,0.030367542,0.854
bs_delta,bs_delta,0.030372899,0.8538
bs_delta,bs_delta,0.030380689,0.8536
bs_delta,bs_delta,0.030385356,0.8534
bs_delta,bs_delta,0.030390894,0.8532
bs_delta,bs_delta,0.030395865,0.853
bs_delta,bs_delta,0.030399209,0.8528
bs_delta,bs_delta,0.030403838,0.8526
bs_delta,bs_delta,0.030409062,0.8524
bs_delta,bs_delta,0.030417964,0.8522
bs_delta,bs_delta,0.030421013,0.852
bs_delta,bs_delta,0.030426137,0.8518
bs_delta,bs_delta,0.030438503,0.8516
bs_delta,bs_delta,0.030441592,0.8514
bs_delta,bs_delta,0.030448088,0.8512
bs_delta,bs_delta,0.030450447,0.851
bs_delta,bs_delta,0.030457892,0.8508
bs_delta,bs_delta,0.03047172,0.8506
bs_delta,bs_delta,0.030474743,0.8504
bs_delta,bs_delta,0.030477408,0.8502
bs_delta,bs_delta,0.030486595,0.85
bs_delta,bs_delta,0.030494668,0.8498
bs_delta,bs_delta,0.030510148,0.8496
bs_delta,bs_delta,0.03051645,0.8494
bs_delta,bs_delta,0.030523082,0.8492
bs_delta,bs_delta,0.030531889,0.849
bs_delta,bs_delta,0.030536156,0.8488
bs_delta,bs_delta,0.030538475,0.8486
bs_delta,bs_delta,0.030549087,0.8484
bs_delta,bs_delta,0.030554635,0.8482
bs_delta,bs_delta,0.030561773,0.848
bs_delta,bs_delta,0.030562924,0.8478
bs_delta,bs_delta,0.0305719,0.8476
bs_delta,bs_delta,0.030580543,0.8474
bs_delta,bs_delta,0.030591197,0.8472
bs_delta,bs_delta,0.03060036,0.847
bs_delta,bs_delta,0.030602604,0.8468
bs_delta,bs_delta,0.030609619,0.8466
bs_delta,bs_delta,0.030613694,0.8464
bs_delta,bs_delta,0.030618278,0.8462
bs_delta,bs_delta,0.03062397,0.846
bs_delta,bs_delta,0.030631851,0.8458
bs_delta,bs_delta,0.030642832,0.8456
bs_delta,bs_delta,0.030644823,0.8454
bs_delta,bs_delta,0.030647868,0.8452
bs_delta,bs_delta,0.030651102,0.845
bs_delta,bs_delta,0.03065262,0.8448
bs_delta,bs_delta,0.03066063,0.8446
bs_delta,bs_delta,0.0306673,0.8444
bs_delta,bs_delta,0.030672174,0.8442
bs_delta,bs_delta,0.030679403,0.844
bs_delta,bs_delta,0.030685835,0.8438
bs_delta,bs_delta,0.03069078,0.8436
bs_delta,bs_delta,0.030692142,0.8434
bs_delta,bs_delta,0.030695532,0.8432
bs_delta,bs_delta,0.030705338,0.843
bs_delta,bs_delta,0.030719802,0.8428
bs_delta,bs_delta,0.030730242,0.8426
bs_delta,bs_delta,0.030732773,0.8424
bs_delta,bs_delta,0.030740675,0.8422
bs_delta,bs_delta,0.030745352,0.842
bs_delta,bs_delta,0.030749328,0.8418
bs_delta,bs_delta,0.030751212,0.8416
bs_delta,bs_delta,0.030760778,0.8414
bs_delta,bs_delta,0.03076171,0.8412
bs_delta,bs_delta,0.030767327,0.841
bs_delta,bs_delta,0.03077872,0.8408
bs_delta,bs_delta,0.030785352,0.8406
bs_delta,bs_delta,0.030798119,0.8404
bs_delta,bs_delta,0.030802514,0.8402
bs_delta,bs_delta,0.030809687,0.84
bs_delta,bs_delta,0.030813899,0.8398
bs_delta,bs_delta,0.030814802,0.8396
bs_delta,bs_delta,0.03082023,0.8394
bs_delta,bs_delta,0.03083125,0.8392
bs_delta,bs_delta,0.030836862,0.839
bs_delta,bs_delta,0.030840192,0.8388
bs_delta,bs_delta,0.030843498,0.8386
bs_delta,bs_delta,0.030849077,0.8384
bs_delta,bs_delta,0.03085467,0.8382
bs_delta,bs_delta,0.03086398,0.838
bs_delta,bs_delta,0.030870171,0.8378
bs_delta,bs_delta,0.030873101,0.8376
bs_delta,bs_delta,0.030876927,0.8374
bs_delta,bs_delta,0.030880667,0.8372
bs_delta,bs_delta,0.030884678,0.837
bs_delta,bs_delta,0.030891636,0.8368
bs_delta,bs_delta,0.03089485,0.8366
bs_delta,bs_delta,0.030899022,0.8364
bs_delta,bs_delta,0.03090671,0.8362
bs_delta,bs_delta,0.030908858,0.836
bs_delta,bs_delta,0.030913567,0.8358
bs_delta,bs_delta,0.030917687,0.8356
bs_delta,bs_delta,0.030922908,0.8354
bs_delta,bs_delta,0.030929027,0.8352
bs_delta,bs_delta,0.030935427,0.835
bs_delta,bs_delta,0.03094263,0.8348
bs_delta,bs_delta,0.030947719,0.8346
bs_delta,bs_delta,0.03095398,0.8344
bs_delta,bs_delta,0.030958112,0.8342
bs_delta,bs_delta,0.030964697,0.834
bs_delta,bs_delta,0.03096739,0.8338
bs_delta,bs_delta,0.030971928,0.8336
bs_delta,bs_delta,0.030975455,0.8334
bs_delta,bs_delta,0.030982358,0.8332
bs_delta,bs_delta,0.030986702,0.833
bs_delta,bs_delta,0.03099438,0.8328
bs_delta,bs_delta,0.030995859,0.8326
bs_delta,bs_delta,0.031010086,0.8324
bs_delta,bs_delta,0.031014144,0.8322
bs_delta,bs_delta,0.031021643,0.832
bs_delta,bs_delta,0.031028083,0.8318
bs_delta,bs_delta,0.031037837,0.8316
bs_delta,bs_delta,0.031041378,0.8314
bs_delta,bs_delta,0.031042604,0.8312
bs_delta,bs_delta,0.031053828,0.831
bs_delta,bs_delta,0.031056313,0.8308
bs_delta,bs_delta,0.031062512,0.8306
bs_delta,bs_delta,0.03106639,0.8304
bs_delta,bs_delta,0.031073304,0.8302
bs_delta,bs_delta,0.031076346,0.83
bs_delta,bs_delta,0.031081451,0.8298
bs_delta,bs_delta,0.031085758,0.8296
bs_delta,bs_delta,0.031092929,0.8294
bs_delta,bs_delta,0.031101014,0.8292
bs_delta,bs_delta,0.031105638,0.829
bs_delta,bs_delta,0.03111012,0.8288
bs_delta,bs_delta,0.03111605,0.8286
bs_delta,bs_delta,0.031118639,0.8284
bs_delta,bs_delta,0.031124081,0.8282
bs_delta,bs_delta,0.031127665,0.828
bs_delta,bs_delta,0.03112877,0.8278
bs_delta,bs_delta,0.03113855,0.8276
bs_delta,bs_delta,0.03114201,0.8274
bs_delta,bs_delta,0.031148475,0.8272
bs_delta,bs_delta,0.031157551,0.827
bs_delta,bs_delta,0.031171847,0.8268
bs_delta,bs_delta,0.031180797,0.8266
bs_delta,bs_delta,0.031191837,0.8264
bs_delta,bs_delta,0.031202922,0.8262
bs_delta,bs_delta,0.031207008,0.826
bs_delta,bs_delta,0.031212738,0.8258
bs_delta,bs_delta,0.031216687,0.8256
bs_delta,bs_delta,0.031227503,0.8254
bs_delta,bs_delta,0.03123301,0.8252
bs_delta,bs_delta,0.031237712,0.825
bs_delta,bs_delta,0.031241367,0.8248
bs_delta,bs_delta,0.031245654,0.8246
bs_delta,bs_delta,0.031251635,0.8244
bs_delta,bs_delta,0.03125709,0.8242
bs_delta,bs_delta,0.03126295,0.824
bs_delta,bs_delta,0.03126547,0.8238
bs_delta,bs_delta,0.03126975,0.8236
bs_delta,bs_delta,0.031276055,0.8234
bs_delta,bs_delta,0.031280283,0.8232
bs_delta,bs_delta,0.031284124,0.823
bs_delta,bs_delta,0.031288285,0.8228
bs_delta,bs_delta,0.0312993,0.8226
bs_delta,bs_delta,0.031303238,0.8224
bs_delta,bs_delta,0.031313263,0.8222
bs_delta,bs_delta,0.031318337,0.822
bs_delta,bs_delta,0.03132508,0.8218
bs_delta,bs_delta,0.031334277,0.8216
bs_delta,bs_delta,0.031335562,0.8214
bs_delta,bs_delta,0.031338662,0.8212
bs_delta,bs_delta,0.03134606,0.821
bs_delta,bs_delta,0.03134847,0.8208
bs_delta,bs_delta,0.03135069,0.8206
bs_delta,bs_delta,0.031354226,0.8204
bs_delta,bs_delta,0.031358924,0.8202
bs_delta,bs_delta,0.031362586,0.82
bs_delta,bs_delta,0.03136682,0.8198
bs_delta,bs_delta,0.031374786,0.8196
bs_delta,bs_delta,0.03138181,0.8194
bs_delta,bs_delta,0.03139028,0.8192
bs_delta,bs_delta,0.0313975,0.819
bs_delta,bs_delta,0.031402133,0.8188
bs_delta,bs_delta,0.03140268,0.8186
bs_delta,bs_delta,0.031407833,0.8184
bs_delta,bs_delta,0.03141125,0.8182
bs_delta,bs_delta,0.031419758,0.818
bs_delta,bs_delta,0.03142887,0.8178
bs_delta,bs_delta,0.03143228,0.8176
bs_delta,bs_delta,0.031436775,0.8174
bs_delta,bs_delta,0.031440433,0.8172
bs_delta,bs_delta,0.031448115,0.817
bs_delta,bs_delta,0.031450436,0.8168
bs_delta,bs_delta,0.031452555,0.8166
bs_delta,bs_delta,0.031458642,0.8164
bs_delta,bs_delta,0.031467434,0.8162
bs_delta,bs_delta,0.031471867,0.816
bs_delta,bs_delta,0.031474996,0.8158
bs_delta,bs_delta,0.031479165,0.8156
bs_delta,bs_delta,0.0314833,0.8154
bs_delta,bs_delta,0.031492867,0.8152
bs_delta,bs_delta,0.03149722,0.815
bs_delta,bs_delta,0.03150327,0.8148
bs_delta,bs_delta,0.031507935,0.8146
bs_delta,bs_delta,0.031514592,0.8144
bs_delta,bs_delta,0.03152115,0.8142
bs_delta,bs_delta,0.03152363,0.814
bs_delta,bs_delta,0.031529315,0.8138
bs_delta,bs_delta,0.031533636,0.8136
bs_delta,bs_delta,0.031537194,0.8134
bs_delta,bs_delta,0.031539142,0.8132
bs_delta,bs_delta,0.031544704,0.813
bs_delta,bs_delta,0.031546764,0.8128
bs_delta,bs_delta,0.03155187,0.8126
bs_delta,bs_delta,0.03155753,0.8124
bs_delta,bs_delta,0.031563185,0.8122
bs_delta,bs_delta,0.031567488,0.812
bs_delta,bs_delta,0.031570498,0.8118
bs_delta,bs_delta,0.031575114,0.8116
bs_delta,bs_delta,0.031581003,0.8114
bs_delta,bs_delta,0.03158582,0.8112
bs_delta,bs_delta,0.031592466,0.811
bs_delta,bs_delta,0.031601015,0.8108
bs_delta,bs_delta,0.031606633,0.8106
bs_delta,bs_delta,0.03161024,0.8104
bs_delta,bs_delta,0.031612948,0.8102
bs_delta,bs_delta,0.031615037,0.81
bs_delta,bs_delta,0.031623323,0.8098
bs_delta,bs_delta,0.031631093,0.8096
bs_delta,bs_delta,0.031636488,0.8094
bs_delta,bs_delta,0.031642675,0.8092
bs_delta,bs_delta,0.031644657,0.809
bs_delta,bs_delta,0.03165418,0.8088
bs_delta,bs_delta,0.031657442,0.8086
bs_delta,bs_delta,0.03165882,0.8084
bs_delta,bs_delta,0.03166275,0.8082
bs_delta,bs_delta,0.031667992,0.808
bs_delta,bs_delta,0.031673573,0.8078
bs_delta,bs_delta,0.031677373,0.8076
bs_delta,bs_delta,0.031680133,0.8074
bs_delta,bs_delta,0.03168376,0.8072
bs_delta,bs_delta,0.03169147,0.807
bs_delta,bs_delta,0.031694494,0.8068
bs_delta,bs_delta,0.031702653,0.8066
bs_delta,bs_delta,0.031706296,0.8064
bs_delta,bs_delta,0.03171376,0.8062
bs_delta,bs_delta,0.03172411,0.806
bs_delta,bs_delta,0.031733375,0.8058
bs_delta,bs_delta,0.031736854,0.8056
bs_delta,bs_delta,0.03174012,0.8054
bs_delta,bs_delta,0.031744756,0.8052
bs_delta,bs_delta,0.03175217,0.805
bs_delta,bs_delta,0.03175541,0.8048
bs_delta,bs_delta,0.031759758,0.8046
bs_delta,bs_delta,0.03176597,0.8044
bs_delta,bs_delta,0.031768255,0.8042
bs_delta,bs_delta,0.031770863,0.804
bs_delta,bs_delta,0.031772908,0.8038
bs_delta,bs_delta,0.03177673,0.8036
bs_delta,bs_delta,0.03178036,0.8034
bs_delta,bs_delta,0.031793978,0.8032
bs_delta,bs_delta,0.031800754,0.803
bs_delta,bs_delta,0.03180558,0.8028
bs_delta,bs_delta,0.031807255,0.8026
bs_delta,bs_delta,0.031821888,0.8024
bs_delta,bs_delta,0.031827174,0.8022
bs_delta,bs_delta,0.031836286,0.802
bs_delta,bs_delta,0.03184394,0.8018
bs_delta,bs_delta,0.03184593,0.8016
bs_delta,bs_delta,0.03185656,0.8014
bs_delta,bs_delta,0.03186179,0.8012
bs_delta,bs_delta,0.031869512,0.801
bs_delta,bs_delta,0.03187445,0.8008
bs_delta,bs_delta,0.031876907,0.8006
bs_delta,bs_delta,0.031881265,0.8004
bs_delta,bs_delta,0.03188673,0.8002
bs_delta,bs_delta,0.031890206,0.8
bs_delta,bs_delta,0.031898804,0.7998
bs_delta,bs_delta,0.031900305,0.7996
bs_delta,bs_delta,0.031905983,0.7994
bs_delta,bs_delta,0.03191013,0.7992
bs_delta,bs_delta,0.031912345,0.799
bs_delta,bs_delta,0.031923324,0.7988
bs_delta,bs_delta,0.03193046,0.7986
bs_delta,bs_delta,0.03193564,0.7984
bs_delta,bs_delta,0.031939037,0.7982
bs_delta,bs_delta,0.03194285,0.798
bs_delta,bs_delta,0.031951092,0.7978
bs_delta,bs_delta,0.03195654,0.7976
bs_delta,bs_delta,0.031960387,0.7974
bs_delta,bs_delta,0.031961825,0.7972
bs_delta,bs_delta,0.031966113,0.797
bs_delta,bs_delta,0.03196907,0.7968
bs_delta,bs_delta,0.03197428,0.7966
bs_delta,bs_delta,0.031976588,0.7964
bs_delta,bs_delta,0.03198056,0.7962
bs_delta,bs_delta,0.031985663,0.796
bs_delta,bs_delta,0.03198696,0.7958
bs_delta,bs_delta,0.031989127,0.7956
bs_delta,bs_delta,0.03199679,0.7954
bs_delta,bs_delta,0.032007046,0.7952
bs_delta,bs_delta,0.032013837,0.795
bs_delta,bs_delta,0.03202278,0.7948
bs_delta,bs_delta,0.032026235,0.7946
bs_delta,bs_delta,0.03203458,0.7944
bs_delta,bs_delta,0.032037992,0.7942
bs_delta,bs_delta,0.03204214,0.794
bs_delta,bs_delta,0.032047696,0.7938
bs_delta,bs_delta,0.032052476,0.7936
bs_delta,bs_delta,0.032054175,0.7934
bs_delta,bs_delta,0.032057576,0.7932
bs_delta,bs_delta,0.03206392,0.793
bs_delta,bs_delta,0.03206974,0.7928
bs_delta,bs_delta,0.03208092,0.7926
bs_delta,bs_delta,0.03208344,0.7924
bs_delta,bs_delta,0.03209216,0.7922
bs_delta,bs_delta,0.03209691,0.792
bs_delta,bs_delta,0.032100823,0.7918
bs_delta,bs_delta,0.032104213,0.7916
bs_delta,bs_delta,0.032107946,0.7914
bs_delta,bs_delta,0.032111254,0.7912
bs_delta,bs_delta,0.032115452,0.791
bs_delta,bs_delta,0.032125764,0.7908
bs_delta,bs_delta,0.03213318,0.7906
bs_delta,bs_delta,0.032137644,0.7904
bs_delta,bs_delta,0.03214212,0.7902
bs_delta,bs_delta,0.0321459,0.79
bs_delta,bs_delta,0.032148495,0.7898
bs_delta,bs_delta,0.03215094,0.7896
bs_delta,bs_delta,0.03215592,0.7894
bs_delta,bs_delta,0.03216203,0.7892
bs_delta,bs_delta,0.032164916,0.789
bs_delta,bs_delta,0.032172464,0.7888
bs_delta,bs_delta,0.03217769,0.7886
bs_delta,bs_delta,0.032180164,0.7884
bs_delta,bs_delta,0.032185063,0.7882
bs_delta,bs_delta,0.03218917,0.788
bs_delta,bs_delta,0.032196395,0.7878
bs_delta,bs_delta,0.032199256,0.7876
bs_delta,bs_delta,0.03220442,0.7874
bs_delta,bs_delta,0.032208383,0.7872
bs_delta,bs_delta,0.032212574,0.787
bs_delta,bs_delta,0.0322144,0.7868
bs_delta,bs_delta,0.03222188,0.7866
bs_delta,bs_delta,0.032225214,0.7864
bs_delta,bs_delta,0.032228712,0.7862
bs_delta,bs_delta,0.032235045,0.786
bs_delta,bs_delta,0.03223767,0.7858
bs_delta,bs_delta,0.0322441,0.7856
bs_delta,bs_delta,0.032246698,0.7854
bs_delta,bs_delta,0.032251723,0.7852
bs_delta,bs_delta,0.032258146,0.785
bs_delta,bs_delta,0.032261763,0.7848
bs_delta,bs_delta,0.032268815,0.7846
bs_delta,bs_delta,0.03227682,0.7844
bs_delta,bs_delta,0.032279786,0.7842
bs_delta,bs_delta,0.03228227,0.784
bs_delta,bs_delta,0.032288235,0.7838
bs_delta,bs_delta,0.03229146,0.7836
bs_delta,bs_delta,0.032295782,0.7834
bs_delta,bs_delta,0.032303445,0.7832
bs_delta,bs_delta,0.03230464,0.783
bs_delta,bs_delta,0.032307625,0.7828
bs_delta,bs_delta,0.03231393,0.7826
bs_delta,bs_delta,0.032320958,0.7824
bs_delta,bs_delta,0.032326583,0.7822
bs_delta,bs_delta,0.03233633,0.782
bs_delta,bs_delta,0.032341395,0.7818
bs_delta,bs_delta,0.032346305,0.7816
bs_delta,bs_delta,0.032351967,0.7814
bs_delta,bs_delta,0.03235835,0.7812
bs_delta,bs_delta,0.03236312,0.781
bs_delta,bs_delta,0.03236722,0.7808
bs_delta,bs_delta,0.032370903,0.7806
bs_delta,bs_delta,0.032376613,0.7804
bs_delta,bs_delta,0.032379445,0.7802
bs_delta,bs_delta,0.032382663,0.78
bs_delta,bs_delta,0.032390084,0.7798
bs_delta,bs_delta,0.032392476,0.7796
bs_delta,bs_delta,0.032394346,0.7794
bs_delta,bs_delta,0.03240243,0.7792
bs_delta,bs_delta,0.03240549,0.779
bs_delta,bs_delta,0.032409888,0.7788
bs_delta,bs_delta,0.0324136,0.7786
bs_delta,bs_delta,0.032418735,0.7784
bs_delta,bs_delta,0.032421492,0.7782
bs_delta,bs_delta,0.03242661,0.778
bs_delta,bs_delta,0.032428756,0.7778
bs_delta,bs_delta,0.032431573,0.7776
bs_delta,bs_delta,0.032436974,0.7774
bs_delta,bs_delta,0.032441575,0.7772
bs_delta,bs_delta,0.03244433,0.777
bs_delta,bs_delta,0.03244823,0.7768
bs_delta,bs_delta,0.032452993,0.7766
bs_delta,bs_delta,0.032456003,0.7764
bs_delta,bs_delta,0.03246024,0.7762
bs_delta,bs_delta,0.032463912,0.776
bs_delta,bs_delta,0.032468818,0.7758
bs_delta,bs_delta,0.03247729,0.7756
bs_delta,bs_delta,0.032482967,0.7754
bs_delta,bs_delta,0.032485384,0.7752
bs_delta,bs_delta,0.032489493,0.775
bs_delta,bs_delta,0.032494504,0.7748
bs_delta,bs_delta,0.032499205,0.7746
bs_delta,bs_delta,0.032508235,0.7744
bs_delta,bs_delta,0.03251047,0.7742
bs_delta,bs_delta,0.03251385,0.774
bs_delta,bs_delta,0.032518122,0.7738
bs_delta,bs_delta,0.032523967,0.7736
bs_delta,bs_delta,0.032532807,0.7734
bs_delta,bs_delta,0.032535896,0.7732
bs_delta,bs_delta,0.032539185,0.773
bs_delta,bs_delta,0.032544635,0.7728
bs_delta,bs_delta,0.032550547,0.7726
bs_delta,bs_delta,0.0325538,0.7724
bs_delta,bs_delta,0.032557614,0.7722
bs_delta,bs_delta,0.032564536,0.772
bs_delta,bs_delta,0.032568708,0.7718
bs_delta,bs_delta,0.032571714,0.7716
bs_delta,bs_delta,0.032575823,0.7714
bs_delta,bs_delta,0.0325815,0.7712
bs_delta,bs_delta,0.032587934,0.771
bs_delta,bs_delta,0.03259043,0.7708
bs_delta,bs_delta,0.032598015,0.7706
bs_delta,bs_delta,0.032601945,0.7704
bs_delta,bs_delta,0.032603215,0.7702
bs_delta,bs_delta,0.03260714,0.77
bs_delta,bs_delta,0.03261163,0.7698
bs_delta,bs_delta,0.03262302,0.7696
bs_delta,bs_delta,0.032628242,0.7694
bs_delta,bs_delta,0.03263176,0.7692
bs_delta,bs_delta,0.032633916,0.769
bs_delta,bs_delta,0.032638427,0.7688
bs_delta,bs_delta,0.032643177,0.7686
bs_delta,bs_delta,0.032646257,0.7684
bs_delta,bs_delta,0.032648932,0.7682
bs_delta,bs_delta,0.032656517,0.768
bs_delta,bs_delta,0.032658793,0.7678
bs_delta,bs_delta,0.032661706,0.7676
bs_delta,bs_delta,0.032670144,0.7674
bs_delta,bs_delta,0.03267405,0.7672
bs_delta,bs_delta,0.032678913,0.767
bs_delta,bs_delta,0.032681376,0.7668
bs_delta,bs_delta,0.032682877,0.7666
bs_delta,bs_delta,0.032687515,0.7664
bs_delta,bs_delta,0.032691866,0.7662
bs_delta,bs_delta,0.032696564,0.766
bs_delta,bs_delta,0.032699857,0.7658
bs_delta,bs_delta,0.032701068,0.7656
bs_delta,bs_delta,0.032708623,0.7654
bs_delta,bs_delta,0.032712866,0.7652
bs_delta,bs_delta,0.032716714,0.765
bs_delta,bs_delta,0.03272122,0.7648
bs_delta,bs_delta,0.032726638,0.7646
bs_delta,bs_delta,0.03272864,0.7644
bs_delta,bs_delta,0.032734353,0.7642
bs_delta,bs_delta,0.032737598,0.764
bs_delta,bs_delta,0.032746423,0.7638
bs_delta,bs_delta,0.03275383,0.7636
bs_delta,bs_delta,0.032757256,0.7634
bs_delta,bs_delta,0.032758184,0.7632
bs_delta,bs_delta,0.032760162,0.763
bs_delta,bs_delta,0.032761745,0.7628
bs_delta,bs_delta,0.032766547,0.7626
bs_delta,bs_delta,0.032770738,0.7624
bs_delta,bs_delta,0.032776114,0.7622
bs_delta,bs_delta,0.03278085,0.762
bs_delta,bs_delta,0.03278378,0.7618
bs_delta,bs_delta,0.032787144,0.7616
bs_delta,bs_delta,0.032793302,0.7614
bs_delta,bs_delta,0.03279906,0.7612
bs_delta,bs_delta,0.032799557,0.761
bs_delta,bs_delta,0.032807995,0.7608
bs_delta,bs_delta,0.032810923,0.7606
bs_delta,bs_delta,0.032813575,0.7604
bs_delta,bs_delta,0.03281553,0.7602
bs_delta,bs_delta,0.0328171,0.76
bs_delta,bs_delta,0.03282058,0.7598
bs_delta,bs_delta,0.03282143,0.7596
bs_delta,bs_delta,0.032824583,0.7594
bs_delta,bs_delta,0.032831404,0.7592
bs_delta,bs_delta,0.032834224,0.759
bs_delta,bs_delta,0.032841887,0.7588
bs_delta,bs_delta,0.032843407,0.7586
bs_delta,bs_delta,0.03284652,0.7584
bs_delta,bs_delta,0.03285015,0.7582
bs_delta,bs_delta,0.03285828,0.758
bs_delta,bs_delta,0.032860648,0.7578
bs_delta,bs_delta,0.03286629,0.7576
bs_delta,bs_delta,0.032869402,0.7574
bs_delta,bs_delta,0.032872085,0.7572
bs_delta,bs_delta,0.03287712,0.757
bs_delta,bs_delta,0.032884896,0.7568
bs_delta,bs_delta,0.03288987,0.7566
bs_delta,bs_delta,0.03289425,0.7564
bs_delta,bs_delta,0.03289889,0.7562
bs_delta,bs_delta,0.032901287,0.756
bs_delta,bs_delta,0.03290431,0.7558
bs_delta,bs_delta,0.032906227,0.7556
bs_delta,bs_delta,0.0329078,0.7554
bs_delta,bs_delta,0.03291279,0.7552
bs_delta,bs_delta,0.03291869,0.755
bs_delta,bs_delta,0.032922816,0.7548
bs_delta,bs_delta,0.03292725,0.7546
bs_delta,bs_delta,0.03292965,0.7544
bs_delta,bs_delta,0.032936282,0.7542
bs_delta,bs_delta,0.032940622,0.754
bs_delta,bs_delta,0.03294324,0.7538
bs_delta,bs_delta,0.032945484,0.7536
bs_delta,bs_delta,0.032951448,0.7534
bs_delta,bs_delta,0.032956827,0.7532
bs_delta,bs_delta,0.03295938,0.753
bs_delta,bs_delta,0.032962296,0.7528
bs_delta,bs_delta,0.032971617,0.7526
bs_delta,bs_delta,0.032973513,0.7524
bs_delta,bs_delta,0.032975286,0.7522
bs_delta,bs_delta,0.032977916,0.752
bs_delta,bs_delta,0.0329834,0.7518
bs_delta,bs_delta,0.032985203,0.7516
bs_delta,bs_delta,0.03298843,0.7514
bs_delta,bs_delta,0.032997083,0.7512
bs_delta,bs_delta,0.032999367,0.751
bs_delta,bs_delta,0.033001304,0.7508
bs_delta,bs_delta,0.0330058,0.7506
bs_delta,bs_delta,0.033009395,0.7504
bs_delta,bs_delta,0.033012647,0.7502
bs_delta,bs_delta,0.033019077,0.75
bs_delta,bs_delta,0.033028916,0.7498
bs_delta,bs_delta,0.033036586,0.7496
bs_delta,bs_delta,0.033039056,0.7494
bs_delta,bs_delta,0.033045735,0.7492
bs_delta,bs_delta,0.033048928,0.749
bs_delta,bs_delta,0.033050586,0.7488
bs_delta,bs_delta,0.03305703,0.7486
bs_delta,bs_delta,0.03305863,0.7484
bs_delta,bs_delta,0.0330623,0.7482
bs_delta,bs_delta,0.03306513,0.748
bs_delta,bs_delta,0.033068027,0.7478
bs_delta,bs_delta,0.03307039,0.7476
bs_delta,bs_delta,0.033072308,0.7474
bs_delta,bs_delta,0.033074982,0.7472
bs_delta,bs_delta,0.03307769,0.747
bs_delta,bs_delta,0.033079475,0.7468
bs_delta,bs_delta,0.03308261,0.7466
bs_delta,bs_delta,0.033087086,0.7464
bs_delta,bs_delta,0.033093024,0.7462
bs_delta,bs_delta,0.033096064,0.746
bs_delta,bs_delta,0.033099078,0.7458
bs_delta,bs_delta,0.033102963,0.7456
bs_delta,bs_delta,0.033109944,0.7454
bs_delta,bs_delta,0.033112846,0.7452
bs_delta,bs_delta,0.033114858,0.745
bs_delta,bs_delta,0.033121344,0.7448
bs_delta,bs_delta,0.033123907,0.7446
bs_delta,bs_delta,0.033133212,0.7444
bs_delta,bs_delta,0.033137564,0.7442
bs_delta,bs_delta,0.03314192,0.744
bs_delta,bs_delta,0.03314736,0.7438
bs_delta,bs_delta,0.033151533,0.7436
bs_delta,bs_delta,0.033157226,0.7434
bs_delta,bs_delta,0.033158924,0.7432
bs_delta,bs_delta,0.033163648,0.743
bs_delta,bs_delta,0.033170853,0.7428
bs_delta,bs_delta,0.033172496,0.7426
bs_delta,bs_delta,0.033176098,0.7424
bs_delta,bs_delta,0.03317815,0.7422
bs_delta,bs_delta,0.03318327,0.742
bs_delta,bs_delta,0.033187404,0.7418
bs_delta,bs_delta,0.03318906,0.7416
bs_delta,bs_delta,0.033191536,0.7414
bs_delta,bs_delta,0.033196393,0.7412
bs_delta,bs_delta,0.033200376,0.741
bs_delta,bs_delta,0.033208657,0.7408
bs_delta,bs_delta,0.03321364,0.7406
bs_delta,bs_delta,0.03321861,0.7404
bs_delta,bs_delta,0.033222765,0.7402
bs_delta,bs_delta,0.03323159,0.74
bs_delta,bs_delta,0.0332336,0.7398
bs_delta,bs_delta,0.033235773,0.7396
bs_delta,bs_delta,0.03323828,0.7394
bs_delta,bs_delta,0.033241615,0.7392
bs_delta,bs_delta,0.03324525,0.739
bs_delta,bs_delta,0.033245545,0.7388
bs_delta,bs_delta,0.033257153,0.7386
bs_delta,bs_delta,0.033260945,0.7384
bs_delta,bs_delta,0.033266842,0.7382
bs_delta,bs_delta,0.033272516,0.738
bs_delta,bs_delta,0.03328034,0.7378
bs_delta,bs_delta,0.033284333,0.7376
bs_delta,bs_delta,0.03328844,0.7374
bs_delta,bs_delta,0.033295404,0.7372
bs_delta,bs_delta,0.03329956,0.737
bs_delta,bs_delta,0.033303365,0.7368
bs_delta,bs_delta,0.033308573,0.7366
bs_delta,bs_delta,0.033310685,0.7364
bs_delta,bs_delta,0.033315,0.7362
bs_delta,bs_delta,0.033318993,0.736
bs_delta,bs_delta,0.033322968,0.7358
bs_delta,bs_delta,0.03332602,0.7356
bs_delta,bs_delta,0.03332793,0.7354
bs_delta,bs_delta,0.033329874,0.7352
bs_delta,bs_delta,0.033331163,0.735
bs_delta,bs_delta,0.03333327,0.7348
bs_delta,bs_delta,0.033337165,0.7346
bs_delta,bs_delta,0.033338174,0.7344
bs_delta,bs_delta,0.03334088,0.7342
bs_delta,bs_delta,0.03334597,0.734
bs_delta,bs_delta,0.033351302,0.7338
bs_delta,bs_delta,0.033355407,0.7336
bs_delta,bs_delta,0.033359148,0.7334
bs_delta,bs_delta,0.033365887,0.7332
bs_delta,bs_delta,0.033368617,0.733
bs_delta,bs_delta,0.033370323,0.7328
bs_delta,bs_delta,0.033375368,0.7326
bs_delta,bs_delta,0.03337961,0.7324
bs_delta,bs_delta,0.03338236,0.7322
bs_delta,bs_delta,0.033391494,0.732
bs_delta,bs_delta,0.033398762,0.7318
bs_delta,bs_delta,0.033404272,0.7316
bs_delta,bs_delta,0.03340563,0.7314
bs_delta,bs_delta,0.03340868,0.7312
bs_delta,bs_delta,0.033411767,0.731
bs_delta,bs_delta,0.033417217,0.7308
bs_delta,bs_delta,0.033421595,0.7306
bs_delta,bs_delta,0.03342304,0.7304
bs_delta,bs_delta,0.033427503,0.7302
bs_delta,bs_delta,0.033435587,0.73
bs_delta,bs_delta,0.033437856,0.7298
bs_delta,bs_delta,0.033439614,0.7296
bs_delta,bs_delta,0.033446986,0.7294
bs_delta,bs_delta,0.03345435,0.7292
bs_delta,bs_delta,0.03345781,0.729
bs_delta,bs_delta,0.03346335,0.7288
bs_delta,bs_delta,0.03346519,0.7286
bs_delta,bs_delta,0.033471745,0.7284
bs_delta,bs_delta,0.0334782,0.7282
bs_delta,bs_delta,0.03348716,0.728
bs_delta,bs_delta,0.033493206,0.7278
bs_delta,bs_delta,0.033498354,0.7276
bs_delta,bs_delta,0.033501558,0.7274
bs_delta,bs_delta,0.033504203,0.7272
bs_delta,bs_delta,0.03350921,0.727
bs_delta,bs_delta,0.033513434,0.7268
bs_delta,bs_delta,0.033516835,0.7266
bs_delta,bs_delta,0.033522762,0.7264
bs_delta,bs_delta,0.033523966,0.7262
bs_delta,bs_delta,0.03352561,0.726
bs_delta,bs_delta,0.03352702,0.7258
bs_delta,bs_delta,0.033530217,0.7256
bs_delta,bs_delta,0.03353282,0.7254
bs_delta,bs_delta,0.033535533,0.7252
bs_delta,bs_delta,0.03354122,0.725
bs_delta,bs_delta,0.033550587,0.7248
bs_delta,bs_delta,0.033557627,0.7246
bs_delta,bs_delta,0.033563536,0.7244
bs_delta,bs_delta,0.033566304,0.7242
bs_delta,bs_delta,0.033569768,0.724
bs_delta,bs_delta,0.033571575,0.7238
bs_delta,bs_delta,0.033574294,0.7236
bs_delta,bs_delta,0.033576842,0.7234
bs_delta,bs_delta,0.033578124,0.7232
bs_delta,bs_delta,0.03358578,0.723
bs_delta,bs_delta,0.033590432,0.7228
bs_delta,bs_delta,0.033591125,0.7226
bs_delta,bs_delta,0.033595387,0.7224
bs_delta,bs_delta,0.033598475,0.7222
bs_delta,bs_delta,0.033602312,0.722
bs_delta,bs_delta,0.033603966,0.7218
bs_delta,bs_delta,0.033607613,0.7216
bs_delta,bs_delta,0.033610895,0.7214
bs_delta,bs_delta,0.03361538,0.7212
bs_delta,bs_delta,0.03361893,0.721
bs_delta,bs_delta,0.033620313,0.7208
bs_delta,bs_delta,0.033622097,0.7206
bs_delta,bs_delta,0.033624083,0.7204
bs_delta,bs_delta,0.033628657,0.7202
bs_delta,bs_delta,0.0336333,0.72
bs_delta,bs_delta,0.033638187,0.7198
bs_delta,bs_delta,0.033641774,0.7196
bs_delta,bs_delta,0.033647496,0.7194
bs_delta,bs_delta,0.033649318,0.7192
bs_delta,bs_delta,0.033657495,0.719
bs_delta,bs_delta,0.033660583,0.7188
bs_delta,bs_delta,0.033665095,0.7186
bs_delta,bs_delta,0.03366633,0.7184
bs_delta,bs_delta,0.033667166,0.7182
bs_delta,bs_delta,0.033670995,0.718
bs_delta,bs_delta,0.033678837,0.7178
bs_delta,bs_delta,0.033685315,0.7176
bs_delta,bs_delta,0.033690237,0.7174
bs_delta,bs_delta,0.03369233,0.7172
bs_delta,bs_delta,0.03369384,0.717
bs_delta,bs_delta,0.033702895,0.7168
bs_delta,bs_delta,0.03371066,0.7166
bs_delta,bs_delta,0.033713885,0.7164
bs_delta,bs_delta,0.033718918,0.7162
bs_delta,bs_delta,0.033720665,0.716
bs_delta,bs_delta,0.03372879,0.7158
bs_delta,bs_delta,0.033731192,0.7156
bs_delta,bs_delta,0.0337427,0.7154
bs_delta,bs_delta,0.033746727,0.7152
bs_delta,bs_delta,0.033749025,0.715
bs_delta,bs_delta,0.03375106,0.7148
bs_delta,bs_delta,0.033759166,0.7146
bs_delta,bs_delta,0.03376104,0.7144
bs_delta,bs_delta,0.03376313,0.7142
bs_delta,bs_delta,0.03377018,0.714
bs_delta,bs_delta,0.03377502,0.7138
bs_delta,bs_delta,0.033778258,0.7136
bs_delta,bs_delta,0.0337824,0.7134
bs_delta,bs_delta,0.033790484,0.7132
bs_delta,bs_delta,0.033793617,0.713
bs_delta,bs_delta,0.033796873,0.7128
bs_delta,bs_delta,0.03379994,0.7126
bs_delta,bs_delta,0.033801924,0.7124
bs_delta,bs_delta,0.03380806,0.7122
bs_delta,bs_delta,0.033810273,0.712
bs_delta,bs_delta,0.033813316,0.7118
bs_delta,bs_delta,0.033816632,0.7116
bs_delta,bs_delta,0.033819906,0.7114
bs_delta,bs_delta,0.03382421,0.7112
bs_delta,bs_delta,0.033828344,0.711
bs_delta,bs_delta,0.033831406,0.7108
bs_delta,bs_delta,0.033832695,0.7106
bs_delta,bs_delta,0.03383993,0.7104
bs_delta,bs_delta,0.033843983,0.7102
bs_delta,bs_delta,0.03384558,0.71
bs_delta,bs_delta,0.033848375,0.7098
bs_delta,bs_delta,0.033850625,0.7096
bs_delta,bs_delta,0.033852812,0.7094
bs_delta,bs_delta,0.03386054,0.7092
bs_delta,bs_delta,0.033865567,0.709
bs_delta,bs_delta,0.033870853,0.7088
bs_delta,bs_delta,0.03387292,0.7086
bs_delta,bs_delta,0.033875544,0.7084
bs_delta,bs_delta,0.033881176,0.7082
bs_delta,bs_delta,0.033886872,0.708
bs_delta,bs_delta,0.03388999,0.7078
bs_delta,bs_delta,0.033893235,0.7076
bs_delta,bs_delta,0.033897117,0.7074
bs_delta,bs_delta,0.03390262,0.7072
bs_delta,bs_delta,0.033907335,0.707
bs_delta,bs_delta,0.033911668,0.7068
bs_delta,bs_delta,0.033915825,0.7066
bs_delta,bs_delta,0.033923995,0.7064
bs_delta,bs_delta,0.033931416,0.7062
bs_delta,bs_delta,0.03393558,0.706
bs_delta,bs_delta,0.03393811,0.7058
bs_delta,bs_delta,0.033941377,0.7056
bs_delta,bs_delta,0.03394459,0.7054
bs_delta,bs_delta,0.033948172,0.7052
bs_delta,bs_delta,0.033950847,0.705
bs_delta,bs_delta,0.03395448,0.7048
bs_delta,bs_delta,0.033956423,0.7046
bs_delta,bs_delta,0.033957817,0.7044
bs_delta,bs_delta,0.03396407,0.7042
bs_delta,bs_delta,0.033968937,0.704
bs_delta,bs_delta,0.033972014,0.7038
bs_delta,bs_delta,0.033976592,0.7036
bs_delta,bs_delta,0.033981,0.7034
bs_delta,bs_delta,0.033986453,0.7032
bs_delta,bs_delta,0.03399058,0.703
bs_delta,bs_delta,0.033996597,0.7028
bs_delta,bs_delta,0.034010332,0.7026
bs_delta,bs_delta,0.03401265,0.7024
bs_delta,bs_delta,0.03401596,0.7022
bs_delta,bs_delta,0.03402027,0.702
bs_delta,bs_delta,0.03402389,0.7018
bs_delta,bs_delta,0.03402728,0.7016
bs_delta,bs_delta,0.034029257,0.7014
bs_delta,bs_delta,0.034033503,0.7012
bs_delta,bs_delta,0.03403547,0.701
bs_delta,bs_delta,0.034041237,0.7008
bs_delta,bs_delta,0.034044627,0.7006
bs_delta,bs_delta,0.034048624,0.7004
bs_delta,bs_delta,0.034050245,0.7002
bs_delta,bs_delta,0.034054045,0.7
bs_delta,bs_delta,0.034060962,0.6998
bs_delta,bs_delta,0.03406633,0.6996
bs_delta,bs_delta,0.034068663,0.6994
bs_delta,bs_delta,0.03407224,0.6992
bs_delta,bs_delta,0.03407363,0.699
bs_delta,bs_delta,0.034077495,0.6988
bs_delta,bs_delta,0.034080528,0.6986
bs_delta,bs_delta,0.034084383,0.6984
bs_delta,bs_delta,0.034087975,0.6982
bs_delta,bs_delta,0.03409101,0.698
bs_delta,bs_delta,0.034092378,0.6978
bs_delta,bs_delta,0.034095686,0.6976
bs_delta,bs_delta,0.03409667,0.6974
bs_delta,bs_delta,0.03410149,0.6972
bs_delta,bs_delta,0.03410456,0.697
bs_delta,bs_delta,0.034108195,0.6968
bs_delta,bs_delta,0.03411186,0.6966
bs_delta,bs_delta,0.034113675,0.6964
bs_delta,bs_delta,0.034117367,0.6962
bs_delta,bs_delta,0.034120586,0.696
bs_delta,bs_delta,0.03412361,0.6958
bs_delta,bs_delta,0.034130782,0.6956
bs_delta,bs_delta,0.034134425,0.6954
bs_delta,bs_delta,0.034136467,0.6952
bs_delta,bs_delta,0.034138866,0.695
bs_delta,bs_delta,0.03414302,0.6948
bs_delta,bs_delta,0.034145113,0.6946
bs_delta,bs_delta,0.034151174,0.6944
bs_delta,bs_delta,0.034152843,0.6942
bs_delta,bs_delta,0.0341567,0.694
bs_delta,bs_delta,0.03415846,0.6938
bs_delta,bs_delta,0.0341641,0.6936
bs_delta,bs_delta,0.034166887,0.6934
bs_delta,bs_delta,0.034170598,0.6932
bs_delta,bs_delta,0.03417335,0.693
bs_delta,bs_delta,0.03417647,0.6928
bs_delta,bs_delta,0.034183286,0.6926
bs_delta,bs_delta,0.034186028,0.6924
bs_delta,bs_delta,0.03418766,0.6922
bs_delta,bs_delta,0.03419182,0.692
bs_delta,bs_delta,0.03419767,0.6918
bs_delta,bs_delta,0.034202714,0.6916
bs_delta,bs_delta,0.034206636,0.6914
bs_delta,bs_delta,0.034212664,0.6912
bs_delta,bs_delta,0.034216322,0.691
bs_delta,bs_delta,0.034217577,0.6908
bs_delta,bs_delta,0.034221854,0.6906
bs_delta,bs_delta,0.034227863,0.6904
bs_delta,bs_delta,0.034231458,0.6902
bs_delta,bs_delta,0.034237377,0.69
bs_delta,bs_delta,0.034240365,0.6898
bs_delta,bs_delta,0.03424294,0.6896
bs_delta,bs_delta,0.034246884,0.6894
bs_delta,bs_delta,0.03424968,0.6892
bs_delta,bs_delta,0.03425197,0.689
bs_delta,bs_delta,0.03425595,0.6888
bs_delta,bs_delta,0.034257177,0.6886
bs_delta,bs_delta,0.034259856,0.6884
bs_delta,bs_delta,0.034261867,0.6882
bs_delta,bs_delta,0.03426819,0.688
bs_delta,bs_delta,0.03427158,0.6878
bs_delta,bs_delta,0.03427508,0.6876
bs_delta,bs_delta,0.034278017,0.6874
bs_delta,bs_delta,0.034283664,0.6872
bs_delta,bs_delta,0.034285784,0.687
bs_delta,bs_delta,0.034292027,0.6868
bs_delta,bs_delta,0.034294125,0.6866
bs_delta,bs_delta,0.03429767,0.6864
bs_delta,bs_delta,0.034299564,0.6862
bs_delta,bs_delta,0.034300637,0.686
bs_delta,bs_delta,0.034302186,0.6858
bs_delta,bs_delta,0.034303624,0.6856
bs_delta,bs_delta,0.034306746,0.6854
bs_delta,bs_delta,0.034308452,0.6852
bs_delta,bs_delta,0.034309927,0.685
bs_delta,bs_delta,0.03431744,0.6848
bs_delta,bs_delta,0.034319166,0.6846
bs_delta,bs_delta,0.034325343,0.6844
bs_delta,bs_delta,0.034327716,0.6842
bs_delta,bs_delta,0.034332138,0.684
bs_delta,bs_delta,0.034335226,0.6838
bs_delta,bs_delta,0.0343411,0.6836
bs_delta,bs_delta,0.034344867,0.6834
bs_delta,bs_delta,0.034345564,0.6832
bs_delta,bs_delta,0.034350548,0.683
bs_delta,bs_delta,0.034354147,0.6828
bs_delta,bs_delta,0.03435575,0.6826
bs_delta,bs_delta,0.03436038,0.6824
bs_delta,bs_delta,0.03436261,0.6822
bs_delta,bs_delta,0.034365688,0.682
bs_delta,bs_delta,0.03436875,0.6818
bs_delta,bs_delta,0.03437679,0.6816
bs_delta,bs_delta,0.03437749,0.6814
bs_delta,bs_delta,0.034381595,0.6812
bs_delta,bs_delta,0.034391414,0.681
bs_delta,bs_delta,0.034395684,0.6808
bs_delta,bs_delta,0.034396768,0.6806
bs_delta,bs_delta,0.034400765,0.6804
bs_delta,bs_delta,0.03440309,0.6802
bs_delta,bs_delta,0.034405038,0.68
bs_delta,bs_delta,0.034410816,0.6798
bs_delta,bs_delta,0.03441271,0.6796
bs_delta,bs_delta,0.034415644,0.6794
bs_delta,bs_delta,0.03441811,0.6792
bs_delta,bs_delta,0.034420345,0.679
bs_delta,bs_delta,0.034423083,0.6788
bs_delta,bs_delta,0.034427144,0.6786
bs_delta,bs_delta,0.034432672,0.6784
bs_delta,bs_delta,0.03443474,0.6782
bs_delta,bs_delta,0.03443925,0.678
bs_delta,bs_delta,0.03444168,0.6778
bs_delta,bs_delta,0.034445148,0.6776
bs_delta,bs_delta,0.03444704,0.6774
bs_delta,bs_delta,0.03444961,0.6772
bs_delta,bs_delta,0.034451097,0.677
bs_delta,bs_delta,0.034453545,0.6768
bs_delta,bs_delta,0.03445653,0.6766
bs_delta,bs_delta,0.03446011,0.6764
bs_delta,bs_delta,0.034463774,0.6762
bs_delta,bs_delta,0.034468826,0.676
bs_delta,bs_delta,0.03447011,0.6758
bs_delta,bs_delta,0.03447373,0.6756
bs_delta,bs_delta,0.034475476,0.6754
bs_delta,bs_delta,0.034477852,0.6752
bs_delta,bs_delta,0.03448016,0.675
bs_delta,bs_delta,0.034487356,0.6748
bs_delta,bs_delta,0.034489926,0.6746
bs_delta,bs_delta,0.03449525,0.6744
bs_delta,bs_delta,0.03449731,0.6742
bs_delta,bs_delta,0.034499567,0.674
bs_delta,bs_delta,0.034504797,0.6738
bs_delta,bs_delta,0.034511,0.6736
bs_delta,bs_delta,0.034517843,0.6734
bs_delta,bs_delta,0.034522675,0.6732
bs_delta,bs_delta,0.034524843,0.673
bs_delta,bs_delta,0.034529224,0.6728
bs_delta,bs_delta,0.03453168,0.6726
bs_delta,bs_delta,0.03453343,0.6724
bs_delta,bs_delta,0.03453677,0.6722
bs_delta,bs_delta,0.034538753,0.672
bs_delta,bs_delta,0.034545038,0.6718
bs_delta,bs_delta,0.034546826,0.6716
bs_delta,bs_delta,0.034551647,0.6714
bs_delta,bs_delta,0.034554724,0.6712
bs_delta,bs_delta,0.03455678,0.671
bs_delta,bs_delta,0.034560528,0.6708
bs_delta,bs_delta,0.03456461,0.6706
bs_delta,bs_delta,0.034573853,0.6704
bs_delta,bs_delta,0.034581177,0.6702
bs_delta,bs_delta,0.03458487,0.67
bs_delta,bs_delta,0.03458686,0.6698
bs_delta,bs_delta,0.0345902,0.6696
bs_delta,bs_delta,0.03459188,0.6694
bs_delta,bs_delta,0.034600485,0.6692
bs_delta,bs_delta,0.034603745,0.669
bs_delta,bs_delta,0.03460715,0.6688
bs_delta,bs_delta,0.03460856,0.6686
bs_delta,bs_delta,0.034613054,0.6684
bs_delta,bs_delta,0.034619786,0.6682
bs_delta,bs_delta,0.034623362,0.668
bs_delta,bs_delta,0.034629643,0.6678
bs_delta,bs_delta,0.034633927,0.6676
bs_delta,bs_delta,0.034640204,0.6674
bs_delta,bs_delta,0.034643307,0.6672
bs_delta,bs_delta,0.034647755,0.667
bs_delta,bs_delta,0.03465095,0.6668
bs_delta,bs_delta,0.03465546,0.6666
bs_delta,bs_delta,0.03465911,0.6664
bs_delta,bs_delta,0.034661178,0.6662
bs_delta,bs_delta,0.034663714,0.666
bs_delta,bs_delta,0.034669697,0.6658
bs_delta,bs_delta,0.03467194,0.6656
bs_delta,bs_delta,0.03467793,0.6654
bs_delta,bs_delta,0.03468086,0.6652
bs_delta,bs_delta,0.034682766,0.665
bs_delta,bs_delta,0.034684602,0.6648
bs_delta,bs_delta,0.034685943,0.6646
bs_delta,bs_delta,0.03468824,0.6644
bs_delta,bs_delta,0.0346904,0.6642
bs_delta,bs_delta,0.034692485,0.664
bs_delta,bs_delta,0.034696106,0.6638
bs_delta,bs_delta,0.034697883,0.6636
bs_delta,bs_delta,0.034700383,0.6634
bs_delta,bs_delta,0.03470505,0.6632
bs_delta,bs_delta,0.03470972,0.663
bs_delta,bs_delta,0.034711853,0.6628
bs_delta,bs_delta,0.03471756,0.6626
bs_delta,bs_delta,0.034720447,0.6624
bs_delta,bs_delta,0.03472433,0.6622
bs_delta,bs_delta,0.03472926,0.662
bs_delta,bs_delta,0.03473302,0.6618
bs_delta,bs_delta,0.034735546,0.6616
bs_delta,bs_delta,0.03474078,0.6614
bs_delta,bs_delta,0.034745153,0.6612
bs_delta,bs_delta,0.034752306,0.661
bs_delta,bs_delta,0.034755062,0.6608
bs_delta,bs_delta,0.03475806,0.6606
bs_delta,bs_delta,0.034763355,0.6604
bs_delta,bs_delta,0.03476786,0.6602
bs_delta,bs_delta,0.0347712,0.66
bs_delta,bs_delta,0.034773674,0.6598
bs_delta,bs_delta,0.034776848,0.6596
bs_delta,bs_delta,0.034778696,0.6594
bs_delta,bs_delta,0.03478187,0.6592
bs_delta,bs_delta,0.03478366,0.659
bs_delta,bs_delta,0.034786373,0.6588
bs_delta,bs_delta,0.034791816,0.6586
bs_delta,bs_delta,0.034794476,0.6584
bs_delta,bs_delta,0.034799278,0.6582
bs_delta,bs_delta,0.0348051,0.658
bs_delta,bs_delta,0.034808084,0.6578
bs_delta,bs_delta,0.03481036,0.6576
bs_delta,bs_delta,0.03481473,0.6574
bs_delta,bs_delta,0.034817215,0.6572
bs_delta,bs_delta,0.034820303,0.657
bs_delta,bs_delta,0.034821715,0.6568
bs_delta,bs_delta,0.03482821,0.6566
bs_delta,bs_delta,0.034830105,0.6564
bs_delta,bs_delta,0.03483296,0.6562
bs_delta,bs_delta,0.034833856,0.656
bs_delta,bs_delta,0.034835402,0.6558
bs_delta,bs_delta,0.03483888,0.6556
bs_delta,bs_delta,0.03484033,0.6554
bs_delta,bs_delta,0.03484664,0.6552
bs_delta,bs_delta,0.034849364,0.655
bs_delta,bs_delta,0.03485643,0.6548
bs_delta,bs_delta,0.034863826,0.6546
bs_delta,bs_delta,0.034867384,0.6544
bs_delta,bs_delta,0.034871552,0.6542
bs_delta,bs_delta,0.03487319,0.654
bs_delta,bs_delta,0.034875456,0.6538
bs_delta,bs_delta,0.03487648,0.6536
bs_delta,bs_delta,0.034879792,0.6534
bs_delta,bs_delta,0.034881204,0.6532
bs_delta,bs_delta,0.034885585,0.653
bs_delta,bs_delta,0.034887787,0.6528
bs_delta,bs_delta,0.034891024,0.6526
bs_delta,bs_delta,0.03489431,0.6524
bs_delta,bs_delta,0.03489719,0.6522
bs_delta,bs_delta,0.034900498,0.652
bs_delta,bs_delta,0.034901723,0.6518
bs_delta,bs_delta,0.03490596,0.6516
bs_delta,bs_delta,0.034909356,0.6514
bs_delta,bs_delta,0.034912582,0.6512
bs_delta,bs_delta,0.03491701,0.651
bs_delta,bs_delta,0.03491927,0.6508
bs_delta,bs_delta,0.03492194,0.6506
bs_delta,bs_delta,0.034927152,0.6504
bs_delta,bs_delta,0.034928545,0.6502
bs_delta,bs_delta,0.03493216,0.65
bs_delta,bs_delta,0.03493576,0.6498
bs_delta,bs_delta,0.03493856,0.6496
bs_delta,bs_delta,0.034940638,0.6494
bs_delta,bs_delta,0.03494318,0.6492
bs_delta,bs_delta,0.034945093,0.649
bs_delta,bs_delta,0.034950968,0.6488
bs_delta,bs_delta,0.03495697,0.6486
bs_delta,bs_delta,0.034958437,0.6484
bs_delta,bs_delta,0.034962818,0.6482
bs_delta,bs_delta,0.034964446,0.648
bs_delta,bs_delta,0.03496674,0.6478
bs_delta,bs_delta,0.034969665,0.6476
bs_delta,bs_delta,0.03497457,0.6474
bs_delta,bs_delta,0.03497796,0.6472
bs_delta,bs_delta,0.034979433,0.647
bs_delta,bs_delta,0.03498286,0.6468
bs_delta,bs_delta,0.03498909,0.6466
bs_delta,bs_delta,0.034991935,0.6464
bs_delta,bs_delta,0.034996573,0.6462
bs_delta,bs_delta,0.03499765,0.646
bs_delta,bs_delta,0.0349996,0.6458
bs_delta,bs_delta,0.035005458,0.6456
bs_delta,bs_delta,0.035009187,0.6454
bs_delta,bs_delta,0.0350121,0.6452
bs_delta,bs_delta,0.035013877,0.645
bs_delta,bs_delta,0.035018425,0.6448
bs_delta,bs_delta,0.035024323,0.6446
bs_delta,bs_delta,0.03502835,0.6444
bs_delta,bs_delta,0.03503201,0.6442
bs_delta,bs_delta,0.03503625,0.644
bs_delta,bs_delta,0.035040338,0.6438
bs_delta,bs_delta,0.035042714,0.6436
bs_delta,bs_delta,0.035046924,0.6434
bs_delta,bs_delta,0.0350511,0.6432
bs_delta,bs_delta,0.035056453,0.643
bs_delta,bs_delta,0.035061702,0.6428
bs_delta,bs_delta,0.03506313,0.6426
bs_delta,bs_delta,0.03507033,0.6424
bs_delta,bs_delta,0.03507623,0.6422
bs_delta,bs_delta,0.035080247,0.642
bs_delta,bs_delta,0.035083033,0.6418
bs_delta,bs_delta,0.035087388,0.6416
bs_delta,bs_delta,0.035088517,0.6414
bs_delta,bs_delta,0.03509404,0.6412
bs_delta,bs_delta,0.035095908,0.641
bs_delta,bs_delta,0.03509874,0.6408
bs_delta,bs_delta,0.035101347,0.6406
bs_delta,bs_delta,0.03510331,0.6404
bs_delta,bs_delta,0.035105553,0.6402
bs_delta,bs_delta,0.03510862,0.64
bs_delta,bs_delta,0.0351134,0.6398
bs_delta,bs_delta,0.035116684,0.6396
bs_delta,bs_delta,0.035121202,0.6394
bs_delta,bs_delta,0.03512418,0.6392
bs_delta,bs_delta,0.035127755,0.639
bs_delta,bs_delta,0.035129465,0.6388
bs_delta,bs_delta,0.035137046,0.6386
bs_delta,bs_delta,0.03513857,0.6384
bs_delta,bs_delta,0.03514389,0.6382
bs_delta,bs_delta,0.035145815,0.638
bs_delta,bs_delta,0.035147503,0.6378
bs_delta,bs_delta,0.035149857,0.6376
bs_delta,bs_delta,0.0351527,0.6374
bs_delta,bs_delta,0.035157535,0.6372
bs_delta,bs_delta,0.03516091,0.637
bs_delta,bs_delta,0.03516418,0.6368
bs_delta,bs_delta,0.03516509,0.6366
bs_delta,bs_delta,0.035169743,0.6364
bs_delta,bs_delta,0.035172988,0.6362
bs_delta,bs_delta,0.035177987,0.636
bs_delta,bs_delta,0.035180356,0.6358
bs_delta,bs_delta,0.03518456,0.6356
bs_delta,bs_delta,0.035187997,0.6354
bs_delta,bs_delta,0.035190545,0.6352
bs_delta,bs_delta,0.03519392,0.635
bs_delta,bs_delta,0.03519747,0.6348
bs_delta,bs_delta,0.03520054,0.6346
bs_delta,bs_delta,0.03520678,0.6344
bs_delta,bs_delta,0.035210926,0.6342
bs_delta,bs_delta,0.035214707,0.634
bs_delta,bs_delta,0.03521883,0.6338
bs_delta,bs_delta,0.035221796,0.6336
bs_delta,bs_delta,0.035223622,0.6334
bs_delta,bs_delta,0.03522496,0.6332
bs_delta,bs_delta,0.035229158,0.633
bs_delta,bs_delta,0.03523032,0.6328
bs_delta,bs_delta,0.03523665,0.6326
bs_delta,bs_delta,0.035241276,0.6324
bs_delta,bs_delta,0.035243608,0.6322
bs_delta,bs_delta,0.035246488,0.632
bs_delta,bs_delta,0.035248674,0.6318
bs_delta,bs_delta,0.035252873,0.6316
bs_delta,bs_delta,0.03525699,0.6314
bs_delta,bs_delta,0.03526021,0.6312
bs_delta,bs_delta,0.03526404,0.631
bs_delta,bs_delta,0.035267126,0.6308
bs_delta,bs_delta,0.035268784,0.6306
bs_delta,bs_delta,0.03527164,0.6304
bs_delta,bs_delta,0.035275105,0.6302
bs_delta,bs_delta,0.035276826,0.63
bs_delta,bs_delta,0.03528224,0.6298
bs_delta,bs_delta,0.035287175,0.6296
bs_delta,bs_delta,0.0352913,0.6294
bs_delta,bs_delta,0.035292257,0.6292
bs_delta,bs_delta,0.03529687,0.629
bs_delta,bs_delta,0.03529848,0.6288
bs_delta,bs_delta,0.03530073,0.6286
bs_delta,bs_delta,0.03530516,0.6284
bs_delta,bs_delta,0.03530829,0.6282
bs_delta,bs_delta,0.035312846,0.628
bs_delta,bs_delta,0.035315655,0.6278
bs_delta,bs_delta,0.035318207,0.6276
bs_delta,bs_delta,0.035322357,0.6274
bs_delta,bs_delta,0.03532352,0.6272
bs_delta,bs_delta,0.03532691,0.627
bs_delta,bs_delta,0.03533016,0.6268
bs_delta,bs_delta,0.03533195,0.6266
bs_delta,bs_delta,0.035334077,0.6264
bs_delta,bs_delta,0.035337448,0.6262
bs_delta,bs_delta,0.0353394,0.626
bs_delta,bs_delta,0.03534418,0.6258
bs_delta,bs_delta,0.035345886,0.6256
bs_delta,bs_delta,0.035350226,0.6254
bs_delta,bs_delta,0.03535495,0.6252
bs_delta,bs_delta,0.035359222,0.625
bs_delta,bs_delta,0.035360828,0.6248
bs_delta,bs_delta,0.035363346,0.6246
bs_delta,bs_delta,0.035368357,0.6244
bs_delta,bs_delta,0.03537135,0.6242
bs_delta,bs_delta,0.035372823,0.624
bs_delta,bs_delta,0.035374656,0.6238
bs_delta,bs_delta,0.035376154,0.6236
bs_delta,bs_delta,0.03538258,0.6234
bs_delta,bs_delta,0.035386086,0.6232
bs_delta,bs_delta,0.035389747,0.623
bs_delta,bs_delta,0.03539037,0.6228
bs_delta,bs_delta,0.035392802,0.6226
bs_delta,bs_delta,0.03539696,0.6224
bs_delta,bs_delta,0.035399035,0.6222
bs_delta,bs_delta,0.035401285,0.622
bs_delta,bs_delta,0.035406187,0.6218
bs_delta,bs_delta,0.035407346,0.6216
bs_delta,bs_delta,0.03540868,0.6214
bs_delta,bs_delta,0.035412233,0.6212
bs_delta,bs_delta,0.03541363,0.621
bs_delta,bs_delta,0.035418548,0.6208
bs_delta,bs_delta,0.03542218,0.6206
bs_delta,bs_delta,0.035428315,0.6204
bs_delta,bs_delta,0.035431147,0.6202
bs_delta,bs_delta,0.03543576,0.62
bs_delta,bs_delta,0.035436757,0.6198
bs_delta,bs_delta,0.035438024,0.6196
bs_delta,bs_delta,0.03544339,0.6194
bs_delta,bs_delta,0.035449874,0.6192
bs_delta,bs_delta,0.035453547,0.619
bs_delta,bs_delta,0.035460245,0.6188
bs_delta,bs_delta,0.035461187,0.6186
bs_delta,bs_delta,0.03546314,0.6184
bs_delta,bs_delta,0.035465058,0.6182
bs_delta,bs_delta,0.035467125,0.618
bs_delta,bs_delta,0.03546836,0.6178
bs_delta,bs_delta,0.03547062,0.6176
bs_delta,bs_delta,0.0354727,0.6174
bs_delta,bs_delta,0.03547397,0.6172
bs_delta,bs_delta,0.035478983,0.617
bs_delta,bs_delta,0.035480976,0.6168
bs_delta,bs_delta,0.035486337,0.6166
bs_delta,bs_delta,0.03549196,0.6164
bs_delta,bs_delta,0.03549525,0.6162
bs_delta,bs_delta,0.035500173,0.616
bs_delta,bs_delta,0.035501238,0.6158
bs_delta,bs_delta,0.03550818,0.6156
bs_delta,bs_delta,0.035516266,0.6154
bs_delta,bs_delta,0.03551887,0.6152
bs_delta,bs_delta,0.035519775,0.615
bs_delta,bs_delta,0.035524927,0.6148
bs_delta,bs_delta,0.03552689,0.6146
bs_delta,bs_delta,0.035533357,0.6144
bs_delta,bs_delta,0.035537824,0.6142
bs_delta,bs_delta,0.035540525,0.614
bs_delta,bs_delta,0.035545986,0.6138
bs_delta,bs_delta,0.035549078,0.6136
bs_delta,bs_delta,0.035553016,0.6134
bs_delta,bs_delta,0.035556834,0.6132
bs_delta,bs_delta,0.035558995,0.613
bs_delta,bs_delta,0.03556508,0.6128
bs_delta,bs_delta,0.03556884,0.6126
bs_delta,bs_delta,0.035575677,0.6124
bs_delta,bs_delta,0.035576593,0.6122
bs_delta,bs_delta,0.035579998,0.612
bs_delta,bs_delta,0.035583735,0.6118
bs_delta,bs_delta,0.035589438,0.6116
bs_delta,bs_delta,0.03559049,0.6114
bs_delta,bs_delta,0.035595078,0.6112
bs_delta,bs_delta,0.03560163,0.611
bs_delta,bs_delta,0.035604756,0.6108
bs_delta,bs_delta,0.03560822,0.6106
bs_delta,bs_delta,0.03561248,0.6104
bs_delta,bs_delta,0.035614397,0.6102
bs_delta,bs_delta,0.035616018,0.61
bs_delta,bs_delta,0.035618685,0.6098
bs_delta,bs_delta,0.03562176,0.6096
bs_delta,bs_delta,0.035625592,0.6094
bs_delta,bs_delta,0.0356296,0.6092
bs_delta,bs_delta,0.03563028,0.609
bs_delta,bs_delta,0.035631415,0.6088
bs_delta,bs_delta,0.035634816,0.6086
bs_delta,bs_delta,0.035639305,0.6084
bs_delta,bs_delta,0.035642266,0.6082
bs_delta,bs_delta,0.03564597,0.608
bs_delta,bs_delta,0.035648122,0.6078
bs_delta,bs_delta,0.0356522,0.6076
bs_delta,bs_delta,0.03565812,0.6074
bs_delta,bs_delta,0.035659898,0.6072
bs_delta,bs_delta,0.035664532,0.607
bs_delta,bs_delta,0.035673272,0.6068
bs_delta,bs_delta,0.035677783,0.6066
bs_delta,bs_delta,0.035679735,0.6064
bs_delta,bs_delta,0.035686858,0.6062
bs_delta,bs_delta,0.035688706,0.606
bs_delta,bs_delta,0.035691593,0.6058
bs_delta,bs_delta,0.03569527,0.6056
bs_delta,bs_delta,0.035697486,0.6054
bs_delta,bs_delta,0.035701483,0.6052
bs_delta,bs_delta,0.035705123,0.605
bs_delta,bs_delta,0.035708096,0.6048
bs_delta,bs_delta,0.03571012,0.6046
bs_delta,bs_delta,0.035713002,0.6044
bs_delta,bs_delta,0.035714015,0.6042
bs_delta,bs_delta,0.03571629,0.604
bs_delta,bs_delta,0.035718683,0.6038
bs_delta,bs_delta,0.03572094,0.6036
bs_delta,bs_delta,0.035727527,0.6034
bs_delta,bs_delta,0.03572912,0.6032
bs_delta,bs_delta,0.03573364,0.603
bs_delta,bs_delta,0.03573788,0.6028
bs_delta,bs_delta,0.035741977,0.6026
bs_delta,bs_delta,0.035749435,0.6024
bs_delta,bs_delta,0.03575451,0.6022
bs_delta,bs_delta,0.03575911,0.602
bs_delta,bs_delta,0.03576022,0.6018
bs_delta,bs_delta,0.035763286,0.6016
bs_delta,bs_delta,0.03576714,0.6014
bs_delta,bs_delta,0.035770644,0.6012
bs_delta,bs_delta,0.03577127,0.601
bs_delta,bs_delta,0.03577941,0.6008
bs_delta,bs_delta,0.035783805,0.6006
bs_delta,bs_delta,0.035790898,0.6004
bs_delta,bs_delta,0.035794165,0.6002
bs_delta,bs_delta,0.035801344,0.6
bs_delta,bs_delta,0.03580575,0.5998
bs_delta,bs_delta,0.03580684,0.5996
bs_delta,bs_delta,0.035808746,0.5994
bs_delta,bs_delta,0.03581045,0.5992
bs_delta,bs_delta,0.035812933,0.599
bs_delta,bs_delta,0.03581605,0.5988
bs_delta,bs_delta,0.035819944,0.5986
bs_delta,bs_delta,0.03582443,0.5984
bs_delta,bs_delta,0.035828955,0.5982
bs_delta,bs_delta,0.035831828,0.598
bs_delta,bs_delta,0.035834674,0.5978
bs_delta,bs_delta,0.03584051,0.5976
bs_delta,bs_delta,0.035844594,0.5974
bs_delta,bs_delta,0.035847083,0.5972
bs_delta,bs_delta,0.035849143,0.597
bs_delta,bs_delta,0.03585386,0.5968
bs_delta,bs_delta,0.03585604,0.5966
bs_delta,bs_delta,0.03585873,0.5964
bs_delta,bs_delta,0.035864167,0.5962
bs_delta,bs_delta,0.0358667,0.596
bs_delta,bs_delta,0.03586839,0.5958
bs_delta,bs_delta,0.03587243,0.5956
bs_delta,bs_delta,0.035877436,0.5954
bs_delta,bs_delta,0.0358827,0.5952
bs_delta,bs_delta,0.03588857,0.595
bs_delta,bs_delta,0.03589205,0.5948
bs_delta,bs_delta,0.035897426,0.5946
bs_delta,bs_delta,0.03590009,0.5944
bs_delta,bs_delta,0.035901736,0.5942
bs_delta,bs_delta,0.035905644,0.594
bs_delta,bs_delta,0.035906658,0.5938
bs_delta,bs_delta,0.03590936,0.5936
bs_delta,bs_delta,0.03591301,0.5934
bs_delta,bs_delta,0.035915125,0.5932
bs_delta,bs_delta,0.035919156,0.593
bs_delta,bs_delta,0.035921883,0.5928
bs_delta,bs_delta,0.03592613,0.5926
bs_delta,bs_delta,0.035929393,0.5924
bs_delta,bs_delta,0.03593069,0.5922
bs_delta,bs_delta,0.03593506,0.592
bs_delta,bs_delta,0.03594068,0.5918
bs_delta,bs_delta,0.035945725,0.5916
bs_delta,bs_delta,0.035949863,0.5914
bs_delta,bs_delta,0.0359507,0.5912
bs_delta,bs_delta,0.03595419,0.591
bs_delta,bs_delta,0.035957098,0.5908
bs_delta,bs_delta,0.035959862,0.5906
bs_delta,bs_delta,0.03596326,0.5904
bs_delta,bs_delta,0.035966236,0.5902
bs_delta,bs_delta,0.035969142,0.59
bs_delta,bs_delta,0.035972342,0.5898
bs_delta,bs_delta,0.03597509,0.5896
bs_delta,bs_delta,0.035980236,0.5894
bs_delta,bs_delta,0.035983305,0.5892
bs_delta,bs_delta,0.035986245,0.589
bs_delta,bs_delta,0.035989646,0.5888
bs_delta,bs_delta,0.03599347,0.5886
bs_delta,bs_delta,0.03599935,0.5884
bs_delta,bs_delta,0.03600125,0.5882
bs_delta,bs_delta,0.03600339,0.588
bs_delta,bs_delta,0.036006093,0.5878
bs_delta,bs_delta,0.036008056,0.5876
bs_delta,bs_delta,0.036013365,0.5874
bs_delta,bs_delta,0.03601729,0.5872
bs_delta,bs_delta,0.036021944,0.587
bs_delta,bs_delta,0.036025196,0.5868
bs_delta,bs_delta,0.03602809,0.5866
bs_delta,bs_delta,0.03603029,0.5864
bs_delta,bs_delta,0.036035646,0.5862
bs_delta,bs_delta,0.036039855,0.586
bs_delta,bs_delta,0.036044374,0.5858
bs_delta,bs_delta,0.036046512,0.5856
bs_delta,bs_delta,0.036049962,0.5854
bs_delta,bs_delta,0.03605204,0.5852
bs_delta,bs_delta,0.03605453,0.585
bs_delta,bs_delta,0.036057074,0.5848
bs_delta,bs_delta,0.03606026,0.5846
bs_delta,bs_delta,0.036066156,0.5844
bs_delta,bs_delta,0.036072485,0.5842
bs_delta,bs_delta,0.036076296,0.584
bs_delta,bs_delta,0.03607905,0.5838
bs_delta,bs_delta,0.03608231,0.5836
bs_delta,bs_delta,0.036084905,0.5834
bs_delta,bs_delta,0.036089122,0.5832
bs_delta,bs_delta,0.036093727,0.583
bs_delta,bs_delta,0.03609799,0.5828
bs_delta,bs_delta,0.036103237,0.5826
bs_delta,bs_delta,0.03610982,0.5824
bs_delta,bs_delta,0.03611345,0.5822
bs_delta,bs_delta,0.036115553,0.582
bs_delta,bs_delta,0.036118656,0.5818
bs_delta,bs_delta,0.036122896,0.5816
bs_delta,bs_delta,0.036124267,0.5814
bs_delta,bs_delta,0.036128905,0.5812
bs_delta,bs_delta,0.036130752,0.581
bs_delta,bs_delta,0.03613483,0.5808
bs_delta,bs_delta,0.036136378,0.5806
bs_delta,bs_delta,0.03614401,0.5804
bs_delta,bs_delta,0.03614993,0.5802
bs_delta,bs_delta,0.036153205,0.58
bs_delta,bs_delta,0.036155462,0.5798
bs_delta,bs_delta,0.03615827,0.5796
bs_delta,bs_delta,0.036163013,0.5794
bs_delta,bs_delta,0.036165807,0.5792
bs_delta,bs_delta,0.036170162,0.579
bs_delta,bs_delta,0.036172383,0.5788
bs_delta,bs_delta,0.036178164,0.5786
bs_delta,bs_delta,0.036180846,0.5784
bs_delta,bs_delta,0.036182486,0.5782
bs_delta,bs_delta,0.03618416,0.578
bs_delta,bs_delta,0.03618712,0.5778
bs_delta,bs_delta,0.03619197,0.5776
bs_delta,bs_delta,0.036198646,0.5774
bs_delta,bs_delta,0.036202807,0.5772
bs_delta,bs_delta,0.036204226,0.577
bs_delta,bs_delta,0.036205955,0.5768
bs_delta,bs_delta,0.036209755,0.5766
bs_delta,bs_delta,0.036214616,0.5764
bs_delta,bs_delta,0.036216352,0.5762
bs_delta,bs_delta,0.03622106,0.576
bs_delta,bs_delta,0.03622397,0.5758
bs_delta,bs_delta,0.03622758,0.5756
bs_delta,bs_delta,0.03623193,0.5754
bs_delta,bs_delta,0.03623279,0.5752
bs_delta,bs_delta,0.03623593,0.575
bs_delta,bs_delta,0.036239002,0.5748
bs_delta,bs_delta,0.03624672,0.5746
bs_delta,bs_delta,0.036248248,0.5744
bs_delta,bs_delta,0.036252145,0.5742
bs_delta,bs_delta,0.036253452,0.574
bs_delta,bs_delta,0.036257714,0.5738
bs_delta,bs_delta,0.03626452,0.5736
bs_delta,bs_delta,0.03626761,0.5734
bs_delta,bs_delta,0.03626935,0.5732
bs_delta,bs_delta,0.03627384,0.573
bs_delta,bs_delta,0.03627732,0.5728
bs_delta,bs_delta,0.0362814,0.5726
bs_delta,bs_delta,0.03628676,0.5724
bs_delta,bs_delta,0.03628913,0.5722
bs_delta,bs_delta,0.03629377,0.572
bs_delta,bs_delta,0.0362966,0.5718
bs_delta,bs_delta,0.036298435,0.5716
bs_delta,bs_delta,0.03630193,0.5714
bs_delta,bs_delta,0.03630254,0.5712
bs_delta,bs_delta,0.036304098,0.571
bs_delta,bs_delta,0.03630766,0.5708
bs_delta,bs_delta,0.036311522,0.5706
bs_delta,bs_delta,0.03631365,0.5704
bs_delta,bs_delta,0.036316052,0.5702
bs_delta,bs_delta,0.036316603,0.57
bs_delta,bs_delta,0.03631913,0.5698
bs_delta,bs_delta,0.0363217,0.5696
bs_delta,bs_delta,0.036323003,0.5694
bs_delta,bs_delta,0.036326513,0.5692
bs_delta,bs_delta,0.036330163,0.569
bs_delta,bs_delta,0.036333367,0.5688
bs_delta,bs_delta,0.036335453,0.5686
bs_delta,bs_delta,0.03634099,0.5684
bs_delta,bs_delta,0.036343217,0.5682
bs_delta,bs_delta,0.036347296,0.568
bs_delta,bs_delta,0.036348563,0.5678
bs_delta,bs_delta,0.036352523,0.5676
bs_delta,bs_delta,0.036355156,0.5674
bs_delta,bs_delta,0.036357228,0.5672
bs_delta,bs_delta,0.03635934,0.567
bs_delta,bs_delta,0.036360685,0.5668
bs_delta,bs_delta,0.03636583,0.5666
bs_delta,bs_delta,0.036369573,0.5664
bs_delta,bs_delta,0.036372207,0.5662
bs_delta,bs_delta,0.036374472,0.566
bs_delta,bs_delta,0.03638236,0.5658
bs_delta,bs_delta,0.036389157,0.5656
bs_delta,bs_delta,0.036391914,0.5654
bs_delta,bs_delta,0.036394693,0.5652
bs_delta,bs_delta,0.036395714,0.565
bs_delta,bs_delta,0.03640139,0.5648
bs_delta,bs_delta,0.03640321,0.5646
bs_delta,bs_delta,0.03640549,0.5644
bs_delta,bs_delta,0.0364085,0.5642
bs_delta,bs_delta,0.036411382,0.564
bs_delta,bs_delta,0.03641537,0.5638
bs_delta,bs_delta,0.036419157,0.5636
bs_delta,bs_delta,0.03642097,0.5634
bs_delta,bs_delta,0.036423456,0.5632
bs_delta,bs_delta,0.03642625,0.563
bs_delta,bs_delta,0.036429808,0.5628
bs_delta,bs_delta,0.03643173,0.5626
bs_delta,bs_delta,0.0364361,0.5624
bs_delta,bs_delta,0.036440898,0.5622
bs_delta,bs_delta,0.036445413,0.562
bs_delta,bs_delta,0.036452375,0.5618
bs_delta,bs_delta,0.03645488,0.5616
bs_delta,bs_delta,0.03645912,0.5614
bs_delta,bs_delta,0.03646573,0.5612
bs_delta,bs_delta,0.036470525,0.561
bs_delta,bs_delta,0.036475588,0.5608
bs_delta,bs_delta,0.036478538,0.5606
bs_delta,bs_delta,0.036480673,0.5604
bs_delta,bs_delta,0.03648207,0.5602
bs_delta,bs_delta,0.03648474,0.56
bs_delta,bs_delta,0.03648918,0.5598
bs_delta,bs_delta,0.036492433,0.5596
bs_delta,bs_delta,0.03649469,0.5594
bs_delta,bs_delta,0.036501087,0.5592
bs_delta,bs_delta,0.0365039,0.559
bs_delta,bs_delta,0.036505792,0.5588
bs_delta,bs_delta,0.036509775,0.5586
bs_delta,bs_delta,0.03651127,0.5584
bs_delta,bs_delta,0.036514677,0.5582
bs_delta,bs_delta,0.036522195,0.558
bs_delta,bs_delta,0.03652298,0.5578
bs_delta,bs_delta,0.036524985,0.5576
bs_delta,bs_delta,0.036526036,0.5574
bs_delta,bs_delta,0.036527693,0.5572
bs_delta,bs_delta,0.03653344,0.557
bs_delta,bs_delta,0.036537897,0.5568
bs_delta,bs_delta,0.036541265,0.5566
bs_delta,bs_delta,0.03654527,0.5564
bs_delta,bs_delta,0.036547016,0.5562
bs_delta,bs_delta,0.0365508,0.556
bs_delta,bs_delta,0.03655363,0.5558
bs_delta,bs_delta,0.036557153,0.5556
bs_delta,bs_delta,0.036560517,0.5554
bs_delta,bs_delta,0.036566272,0.5552
bs_delta,bs_delta,0.036567688,0.555
bs_delta,bs_delta,0.036571205,0.5548
bs_delta,bs_delta,0.036575127,0.5546
bs_delta,bs_delta,0.036579166,0.5544
bs_delta,bs_delta,0.036580957,0.5542
bs_delta,bs_delta,0.03658412,0.554
bs_delta,bs_delta,0.03658694,0.5538
bs_delta,bs_delta,0.036590274,0.5536
bs_delta,bs_delta,0.03659543,0.5534
bs_delta,bs_delta,0.03660077,0.5532
bs_delta,bs_delta,0.036606625,0.553
bs_delta,bs_delta,0.036610607,0.5528
bs_delta,bs_delta,0.03661586,0.5526
bs_delta,bs_delta,0.036618803,0.5524
bs_delta,bs_delta,0.036622975,0.5522
bs_delta,bs_delta,0.03662422,0.552
bs_delta,bs_delta,0.036626533,0.5518
bs_delta,bs_delta,0.036630344,0.5516
bs_delta,bs_delta,0.036631923,0.5514
bs_delta,bs_delta,0.036633678,0.5512
bs_delta,bs_delta,0.036640473,0.551
bs_delta,bs_delta,0.03664317,0.5508
bs_delta,bs_delta,0.0366465,0.5506
bs_delta,bs_delta,0.03664835,0.5504
bs_delta,bs_delta,0.0366524,0.5502
bs_delta,bs_delta,0.036653902,0.55
bs_delta,bs_delta,0.036656287,0.5498
bs_delta,bs_delta,0.036659054,0.5496
bs_delta,bs_delta,0.03666202,0.5494
bs_delta,bs_delta,0.03666391,0.5492
bs_delta,bs_delta,0.036666818,0.549
bs_delta,bs_delta,0.03666768,0.5488
bs_delta,bs_delta,0.036670428,0.5486
bs_delta,bs_delta,0.036677565,0.5484
bs_delta,bs_delta,0.036679868,0.5482
bs_delta,bs_delta,0.036683105,0.548
bs_delta,bs_delta,0.03668538,0.5478
bs_delta,bs_delta,0.036688842,0.5476
bs_delta,bs_delta,0.036692914,0.5474
bs_delta,bs_delta,0.03669536,0.5472
bs_delta,bs_delta,0.036698043,0.547
bs_delta,bs_delta,0.036702946,0.5468
bs_delta,bs_delta,0.036705628,0.5466
bs_delta,bs_delta,0.036708325,0.5464
bs_delta,bs_delta,0.036710817,0.5462
bs_delta,bs_delta,0.03671328,0.546
bs_delta,bs_delta,0.036714513,0.5458
bs_delta,bs_delta,0.036718365,0.5456
bs_delta,bs_delta,0.03671949,0.5454
bs_delta,bs_delta,0.036725752,0.5452
bs_delta,bs_delta,0.036727697,0.545
bs_delta,bs_delta,0.036730003,0.5448
bs_delta,bs_delta,0.03673842,0.5446
bs_delta,bs_delta,0.036739863,0.5444
bs_delta,bs_delta,0.03674365,0.5442
bs_delta,bs_delta,0.036745645,0.544
bs_delta,bs_delta,0.036750674,0.5438
bs_delta,bs_delta,0.036751952,0.5436
bs_delta,bs_delta,0.036755767,0.5434
bs_delta,bs_delta,0.03675683,0.5432
bs_delta,bs_delta,0.036762007,0.543
bs_delta,bs_delta,0.036766756,0.5428
bs_delta,bs_delta,0.036769036,0.5426
bs_delta,bs_delta,0.03677551,0.5424
bs_delta,bs_delta,0.036779486,0.5422
bs_delta,bs_delta,0.036782444,0.542
bs_delta,bs_delta,0.036784757,0.5418
bs_delta,bs_delta,0.036793467,0.5416
bs_delta,bs_delta,0.036799286,0.5414
bs_delta,bs_delta,0.036802866,0.5412
bs_delta,bs_delta,0.036805186,0.541
bs_delta,bs_delta,0.03680725,0.5408
bs_delta,bs_delta,0.036808293,0.5406
bs_delta,bs_delta,0.03681289,0.5404
bs_delta,bs_delta,0.03681622,0.5402
bs_delta,bs_delta,0.036820654,0.54
bs_delta,bs_delta,0.03682201,0.5398
bs_delta,bs_delta,0.03682409,0.5396
bs_delta,bs_delta,0.036827397,0.5394
bs_delta,bs_delta,0.03683464,0.5392
bs_delta,bs_delta,0.03683622,0.539
bs_delta,bs_delta,0.036840886,0.5388
bs_delta,bs_delta,0.036845498,0.5386
bs_delta,bs_delta,0.036848098,0.5384
bs_delta,bs_delta,0.036850467,0.5382
bs_delta,bs_delta,0.036851283,0.538
bs_delta,bs_delta,0.036856793,0.5378
bs_delta,bs_delta,0.036861483,0.5376
bs_delta,bs_delta,0.03686324,0.5374
bs_delta,bs_delta,0.036866188,0.5372
bs_delta,bs_delta,0.03686901,0.537
bs_delta,bs_delta,0.03687191,0.5368
bs_delta,bs_delta,0.036878508,0.5366
bs_delta,bs_delta,0.03688228,0.5364
bs_delta,bs_delta,0.036883675,0.5362
bs_delta,bs_delta,0.036891494,0.536
bs_delta,bs_delta,0.036895234,0.5358
bs_delta,bs_delta,0.036896706,0.5356
bs_delta,bs_delta,0.036899287,0.5354
bs_delta,bs_delta,0.036902905,0.5352
bs_delta,bs_delta,0.036904514,0.535
bs_delta,bs_delta,0.03690907,0.5348
bs_delta,bs_delta,0.036911473,0.5346
bs_delta,bs_delta,0.0369135,0.5344
bs_delta,bs_delta,0.036915056,0.5342
bs_delta,bs_delta,0.03691647,0.534
bs_delta,bs_delta,0.036919195,0.5338
bs_delta,bs_delta,0.03692112,0.5336
bs_delta,bs_delta,0.036925577,0.5334
bs_delta,bs_delta,0.036928765,0.5332
bs_delta,bs_delta,0.036930956,0.533
bs_delta,bs_delta,0.036933385,0.5328
bs_delta,bs_delta,0.03693492,0.5326
bs_delta,bs_delta,0.036939997,0.5324
bs_delta,bs_delta,0.03694647,0.5322
bs_delta,bs_delta,0.0369552,0.532
bs_delta,bs_delta,0.036957722,0.5318
bs_delta,bs_delta,0.036959358,0.5316
bs_delta,bs_delta,0.036962,0.5314
bs_delta,bs_delta,0.036964666,0.5312
bs_delta,bs_delta,0.036967363,0.531
bs_delta,bs_delta,0.036969963,0.5308
bs_delta,bs_delta,0.03697452,0.5306
bs_delta,bs_delta,0.036975775,0.5304
bs_delta,bs_delta,0.036978878,0.5302
bs_delta,bs_delta,0.03698032,0.53
bs_delta,bs_delta,0.036981806,0.5298
bs_delta,bs_delta,0.036987282,0.5296
bs_delta,bs_delta,0.03699043,0.5294
bs_delta,bs_delta,0.0369936,0.5292
bs_delta,bs_delta,0.036996014,0.529
bs_delta,bs_delta,0.037001714,0.5288
bs_delta,bs_delta,0.037004013,0.5286
bs_delta,bs_delta,0.037010968,0.5284
bs_delta,bs_delta,0.03701188,0.5282
bs_delta,bs_delta,0.03701654,0.528
bs_delta,bs_delta,0.03702037,0.5278
bs_delta,bs_delta,0.037021924,0.5276
bs_delta,bs_delta,0.03702414,0.5274
bs_delta,bs_delta,0.037026796,0.5272
bs_delta,bs_delta,0.037032172,0.527
bs_delta,bs_delta,0.037033044,0.5268
bs_delta,bs_delta,0.03703511,0.5266
bs_delta,bs_delta,0.03703933,0.5264
bs_delta,bs_delta,0.037042826,0.5262
bs_delta,bs_delta,0.03704746,0.526
bs_delta,bs_delta,0.037050344,0.5258
bs_delta,bs_delta,0.037053917,0.5256
bs_delta,bs_delta,0.037058122,0.5254
bs_delta,bs_delta,0.037060916,0.5252
bs_delta,bs_delta,0.037062652,0.525
bs_delta,bs_delta,0.037069146,0.5248
bs_delta,bs_delta,0.03707275,0.5246
bs_delta,bs_delta,0.037076406,0.5244
bs_delta,bs_delta,0.037078667,0.5242
bs_delta,bs_delta,0.037083272,0.524
bs_delta,bs_delta,0.03708846,0.5238
bs_delta,bs_delta,0.037095197,0.5236
bs_delta,bs_delta,0.037096903,0.5234
bs_delta,bs_delta,0.03710513,0.5232
bs_delta,bs_delta,0.037108164,0.523
bs_delta,bs_delta,0.037109874,0.5228
bs_delta,bs_delta,0.03711443,0.5226
bs_delta,bs_delta,0.03711867,0.5224
bs_delta,bs_delta,0.03712231,0.5222
bs_delta,bs_delta,0.037124578,0.522
bs_delta,bs_delta,0.037126105,0.5218
bs_delta,bs_delta,0.037132908,0.5216
bs_delta,bs_delta,0.037133764,0.5214
bs_delta,bs_delta,0.03713553,0.5212
bs_delta,bs_delta,0.037140887,0.521
bs_delta,bs_delta,0.037143975,0.5208
bs_delta,bs_delta,0.0371467,0.5206
bs_delta,bs_delta,0.037150178,0.5204
bs_delta,bs_delta,0.03715507,0.5202
bs_delta,bs_delta,0.03715762,0.52
bs_delta,bs_delta,0.0371609,0.5198
bs_delta,bs_delta,0.03716531,0.5196
bs_delta,bs_delta,0.03716855,0.5194
bs_delta,bs_delta,0.037171476,0.5192
bs_delta,bs_delta,0.03717516,0.519
bs_delta,bs_delta,0.03717759,0.5188
bs_delta,bs_delta,0.037180334,0.5186
bs_delta,bs_delta,0.037184954,0.5184
bs_delta,bs_delta,0.03718749,0.5182
bs_delta,bs_delta,0.037188873,0.518
bs_delta,bs_delta,0.03719132,0.5178
bs_delta,bs_delta,0.037193198,0.5176
bs_delta,bs_delta,0.03719552,0.5174
bs_delta,bs_delta,0.0371998,0.5172
bs_delta,bs_delta,0.037203543,0.517
bs_delta,bs_delta,0.037205707,0.5168
bs_delta,bs_delta,0.037207775,0.5166
bs_delta,bs_delta,0.037209976,0.5164
bs_delta,bs_delta,0.037213214,0.5162
bs_delta,bs_delta,0.03722025,0.516
bs_delta,bs_delta,0.03722181,0.5158
bs_delta,bs_delta,0.037226826,0.5156
bs_delta,bs_delta,0.037231088,0.5154
bs_delta,bs_delta,0.0372363,0.5152
bs_delta,bs_delta,0.037238497,0.515
bs_delta,bs_delta,0.037241638,0.5148
bs_delta,bs_delta,0.037246082,0.5146
bs_delta,bs_delta,0.037250414,0.5144
bs_delta,bs_delta,0.037255052,0.5142
bs_delta,bs_delta,0.03725687,0.514
bs_delta,bs_delta,0.03726072,0.5138
bs_delta,bs_delta,0.037263524,0.5136
bs_delta,bs_delta,0.037267026,0.5134
bs_delta,bs_delta,0.037268963,0.5132
bs_delta,bs_delta,0.037270214,0.513
bs_delta,bs_delta,0.03727272,0.5128
bs_delta,bs_delta,0.03727742,0.5126
bs_delta,bs_delta,0.03728088,0.5124
bs_delta,bs_delta,0.037282426,0.5122
bs_delta,bs_delta,0.03728431,0.512
bs_delta,bs_delta,0.03728609,0.5118
bs_delta,bs_delta,0.037290536,0.5116
bs_delta,bs_delta,0.03729306,0.5114
bs_delta,bs_delta,0.03729445,0.5112
bs_delta,bs_delta,0.03729625,0.511
bs_delta,bs_delta,0.037298962,0.5108
bs_delta,bs_delta,0.03730151,0.5106
bs_delta,bs_delta,0.03730425,0.5104
bs_delta,bs_delta,0.037307676,0.5102
bs_delta,bs_delta,0.037308283,0.51
bs_delta,bs_delta,0.03730951,0.5098
bs_delta,bs_delta,0.03731186,0.5096
bs_delta,bs_delta,0.037315156,0.5094
bs_delta,bs_delta,0.037318524,0.5092
bs_delta,bs_delta,0.037321802,0.509
bs_delta,bs_delta,0.037323378,0.5088
bs_delta,bs_delta,0.03732741,0.5086
bs_delta,bs_delta,0.037330855,0.5084
bs_delta,bs_delta,0.03733395,0.5082
bs_delta,bs_delta,0.03733867,0.508
bs_delta,bs_delta,0.03734129,0.5078
bs_delta,bs_delta,0.037343092,0.5076
bs_delta,bs_delta,0.037345402,0.5074
bs_delta,bs_delta,0.037349574,0.5072
bs_delta,bs_delta,0.0373541,0.507
bs_delta,bs_delta,0.037358303,0.5068
bs_delta,bs_delta,0.037363105,0.5066
bs_delta,bs_delta,0.03736578,0.5064
bs_delta,bs_delta,0.037368722,0.5062
bs_delta,bs_delta,0.037370283,0.506
bs_delta,bs_delta,0.037374895,0.5058
bs_delta,bs_delta,0.0373766,0.5056
bs_delta,bs_delta,0.037378952,0.5054
bs_delta,bs_delta,0.037380982,0.5052
bs_delta,bs_delta,0.037387665,0.505
bs_delta,bs_delta,0.037391946,0.5048
bs_delta,bs_delta,0.03739273,0.5046
bs_delta,bs_delta,0.037397765,0.5044
bs_delta,bs_delta,0.037404124,0.5042
bs_delta,bs_delta,0.037409723,0.504
bs_delta,bs_delta,0.037415594,0.5038
bs_delta,bs_delta,0.03742032,0.5036
bs_delta,bs_delta,0.037422433,0.5034
bs_delta,bs_delta,0.03742478,0.5032
bs_delta,bs_delta,0.03742767,0.503
bs_delta,bs_delta,0.03743365,0.5028
bs_delta,bs_delta,0.037437413,0.5026
bs_delta,bs_delta,0.037441213,0.5024
bs_delta,bs_delta,0.03744758,0.5022
bs_delta,bs_delta,0.037449628,0.502
bs_delta,bs_delta,0.037451416,0.5018
bs_delta,bs_delta,0.037454393,0.5016
bs_delta,bs_delta,0.037458517,0.5014
bs_delta,bs_delta,0.037463136,0.5012
bs_delta,bs_delta,0.03746622,0.501
bs_delta,bs_delta,0.037470013,0.5008
bs_delta,bs_delta,0.037473593,0.5006
bs_delta,bs_delta,0.03747641,0.5004
bs_delta,bs_delta,0.03748416,0.5002
bs_delta,bs_delta,0.03748998,0.5
bs_delta,bs_delta,0.037496462,0.4998
bs_delta,bs_delta,0.037498612,0.4996
bs_delta,bs_delta,0.03750073,0.4994
bs_delta,bs_delta,0.03750259,0.4992
bs_delta,bs_delta,0.03750466,0.499
bs_delta,bs_delta,0.037509028,0.4988
bs_delta,bs_delta,0.03751299,0.4986
bs_delta,bs_delta,0.037515435,0.4984
bs_delta,bs_delta,0.037518453,0.4982
bs_delta,bs_delta,0.03752112,0.498
bs_delta,bs_delta,0.03752391,0.4978
bs_delta,bs_delta,0.037529636,0.4976
bs_delta,bs_delta,0.03753052,0.4974
bs_delta,bs_delta,0.037532758,0.4972
bs_delta,bs_delta,0.037533812,0.497
bs_delta,bs_delta,0.03753554,0.4968
bs_delta,bs_delta,0.03754035,0.4966
bs_delta,bs_delta,0.037542786,0.4964
bs_delta,bs_delta,0.037543904,0.4962
bs_delta,bs_delta,0.037545606,0.496
bs_delta,bs_delta,0.037546452,0.4958
bs_delta,bs_delta,0.03754916,0.4956
bs_delta,bs_delta,0.037551727,0.4954
bs_delta,bs_delta,0.03755525,0.4952
bs_delta,bs_delta,0.037559148,0.495
bs_delta,bs_delta,0.037563544,0.4948
bs_delta,bs_delta,0.03756701,0.4946
bs_delta,bs_delta,0.03756739,0.4944
bs_delta,bs_delta,0.037569754,0.4942
bs_delta,bs_delta,0.037577268,0.494
bs_delta,bs_delta,0.037579704,0.4938
bs_delta,bs_delta,0.037582435,0.4936
bs_delta,bs_delta,0.037584398,0.4934
bs_delta,bs_delta,0.037588317,0.4932
bs_delta,bs_delta,0.03759166,0.493
bs_delta,bs_delta,0.037596572,0.4928
bs_delta,bs_delta,0.037600998,0.4926
bs_delta,bs_delta,0.037609283,0.4924
bs_delta,bs_delta,0.03761289,0.4922
bs_delta,bs_delta,0.037616722,0.492
bs_delta,bs_delta,0.03761924,0.4918
bs_delta,bs_delta,0.03762036,0.4916
bs_delta,bs_delta,0.037623204,0.4914
bs_delta,bs_delta,0.037625287,0.4912
bs_delta,bs_delta,0.037628517,0.491
bs_delta,bs_delta,0.037631806,0.4908
bs_delta,bs_delta,0.037634123,0.4906
bs_delta,bs_delta,0.037638675,0.4904
bs_delta,bs_delta,0.037644424,0.4902
bs_delta,bs_delta,0.037646335,0.49
bs_delta,bs_delta,0.037654817,0.4898
bs_delta,bs_delta,0.03765692,0.4896
bs_delta,bs_delta,0.03765856,0.4894
bs_delta,bs_delta,0.03766088,0.4892
bs_delta,bs_delta,0.037662245,0.489
bs_delta,bs_delta,0.037668366,0.4888
bs_delta,bs_delta,0.037671633,0.4886
bs_delta,bs_delta,0.03767326,0.4884
bs_delta,bs_delta,0.037678238,0.4882
bs_delta,bs_delta,0.03768546,0.488
bs_delta,bs_delta,0.03768817,0.4878
bs_delta,bs_delta,0.037693813,0.4876
bs_delta,bs_delta,0.037705906,0.4874
bs_delta,bs_delta,0.037710227,0.4872
bs_delta,bs_delta,0.037715293,0.487
bs_delta,bs_delta,0.037716266,0.4868
bs_delta,bs_delta,0.037722837,0.4866
bs_delta,bs_delta,0.037725624,0.4864
bs_delta,bs_delta,0.037728127,0.4862
bs_delta,bs_delta,0.03773111,0.486
bs_delta,bs_delta,0.037733916,0.4858
bs_delta,bs_delta,0.03773643,0.4856
bs_delta,bs_delta,0.037739143,0.4854
bs_delta,bs_delta,0.037739854,0.4852
bs_delta,bs_delta,0.037743922,0.485
bs_delta,bs_delta,0.037748896,0.4848
bs_delta,bs_delta,0.037750516,0.4846
bs_delta,bs_delta,0.03775765,0.4844
bs_delta,bs_delta,0.037759546,0.4842
bs_delta,bs_delta,0.037762247,0.484
bs_delta,bs_delta,0.03776464,0.4838
bs_delta,bs_delta,0.037767652,0.4836
bs_delta,bs_delta,0.037771538,0.4834
bs_delta,bs_delta,0.037775256,0.4832
bs_delta,bs_delta,0.03778006,0.483
bs_delta,bs_delta,0.037781958,0.4828
bs_delta,bs_delta,0.03778462,0.4826
bs_delta,bs_delta,0.03778734,0.4824
bs_delta,bs_delta,0.037793133,0.4822
bs_delta,bs_delta,0.03779598,0.482
bs_delta,bs_delta,0.037800796,0.4818
bs_delta,bs_delta,0.03780388,0.4816
bs_delta,bs_delta,0.037806537,0.4814
bs_delta,bs_delta,0.037808944,0.4812
bs_delta,bs_delta,0.037809942,0.481
bs_delta,bs_delta,0.0378138,0.4808
bs_delta,bs_delta,0.03781761,0.4806
bs_delta,bs_delta,0.03782211,0.4804
bs_delta,bs_delta,0.037826896,0.4802
bs_delta,bs_delta,0.037829436,0.48
bs_delta,bs_delta,0.037830822,0.4798
bs_delta,bs_delta,0.037832044,0.4796
bs_delta,bs_delta,0.037836537,0.4794
bs_delta,bs_delta,0.037838127,0.4792
bs_delta,bs_delta,0.03784807,0.479
bs_delta,bs_delta,0.037850298,0.4788
bs_delta,bs_delta,0.037857413,0.4786
bs_delta,bs_delta,0.037862238,0.4784
bs_delta,bs_delta,0.03786684,0.4782
bs_delta,bs_delta,0.037869334,0.478
bs_delta,bs_delta,0.037872992,0.4778
bs_delta,bs_delta,0.03787863,0.4776
bs_delta,bs_delta,0.037882052,0.4774
bs_delta,bs_delta,0.03788522,0.4772
bs_delta,bs_delta,0.03788771,0.477
bs_delta,bs_delta,0.037891157,0.4768
bs_delta,bs_delta,0.037893783,0.4766
bs_delta,bs_delta,0.037897754,0.4764
bs_delta,bs_delta,0.0379035,0.4762
bs_delta,bs_delta,0.03790591,0.476
bs_delta,bs_delta,0.037908748,0.4758
bs_delta,bs_delta,0.037911538,0.4756
bs_delta,bs_delta,0.03791425,0.4754
bs_delta,bs_delta,0.037917797,0.4752
bs_delta,bs_delta,0.03792318,0.475
bs_delta,bs_delta,0.03792633,0.4748
bs_delta,bs_delta,0.037929136,0.4746
bs_delta,bs_delta,0.03793272,0.4744
bs_delta,bs_delta,0.037937175,0.4742
bs_delta,bs_delta,0.03793826,0.474
bs_delta,bs_delta,0.037941698,0.4738
bs_delta,bs_delta,0.037947558,0.4736
bs_delta,bs_delta,0.037950173,0.4734
bs_delta,bs_delta,0.037953462,0.4732
bs_delta,bs_delta,0.03795464,0.473
bs_delta,bs_delta,0.03795976,0.4728
bs_delta,bs_delta,0.037963912,0.4726
bs_delta,bs_delta,0.037966013,0.4724
bs_delta,bs_delta,0.037969857,0.4722
bs_delta,bs_delta,0.03797369,0.472
bs_delta,bs_delta,0.0379768,0.4718
bs_delta,bs_delta,0.037980475,0.4716
bs_delta,bs_delta,0.03798284,0.4714
bs_delta,bs_delta,0.037985925,0.4712
bs_delta,bs_delta,0.03798796,0.471
bs_delta,bs_delta,0.037989855,0.4708
bs_delta,bs_delta,0.03799127,0.4706
bs_delta,bs_delta,0.037995562,0.4704
bs_delta,bs_delta,0.037999865,0.4702
bs_delta,bs_delta,0.038002685,0.47
bs_delta,bs_delta,0.038005497,0.4698
bs_delta,bs_delta,0.038008515,0.4696
bs_delta,bs_delta,0.038011186,0.4694
bs_delta,bs_delta,0.03801552,0.4692
bs_delta,bs_delta,0.038016677,0.469
bs_delta,bs_delta,0.038017865,0.4688
bs_delta,bs_delta,0.038019862,0.4686
bs_delta,bs_delta,0.038026515,0.4684
bs_delta,bs_delta,0.0380278,0.4682
bs_delta,bs_delta,0.03803397,0.468
bs_delta,bs_delta,0.03803875,0.4678
bs_delta,bs_delta,0.038042232,0.4676
bs_delta,bs_delta,0.038043752,0.4674
bs_delta,bs_delta,0.038050044,0.4672
bs_delta,bs_delta,0.03805384,0.467
bs_delta,bs_delta,0.038057964,0.4668
bs_delta,bs_delta,0.03806232,0.4666
bs_delta,bs_delta,0.038066383,0.4664
bs_delta,bs_delta,0.03806913,0.4662
bs_delta,bs_delta,0.038070597,0.466
bs_delta,bs_delta,0.03807621,0.4658
bs_delta,bs_delta,0.0380782,0.4656
bs_delta,bs_delta,0.038080294,0.4654
bs_delta,bs_delta,0.038087197,0.4652
bs_delta,bs_delta,0.03808996,0.465
bs_delta,bs_delta,0.038096562,0.4648
bs_delta,bs_delta,0.03809815,0.4646
bs_delta,bs_delta,0.038100217,0.4644
bs_delta,bs_delta,0.03810111,0.4642
bs_delta,bs_delta,0.038107324,0.464
bs_delta,bs_delta,0.03811655,0.4638
bs_delta,bs_delta,0.038122166,0.4636
bs_delta,bs_delta,0.038124375,0.4634
bs_delta,bs_delta,0.038127087,0.4632
bs_delta,bs_delta,0.03813198,0.463
bs_delta,bs_delta,0.038138617,0.4628
bs_delta,bs_delta,0.038143076,0.4626
bs_delta,bs_delta,0.038146563,0.4624
bs_delta,bs_delta,0.038148258,0.4622
bs_delta,bs_delta,0.038150266,0.462
bs_delta,bs_delta,0.03815421,0.4618
bs_delta,bs_delta,0.038157985,0.4616
bs_delta,bs_delta,0.038159892,0.4614
bs_delta,bs_delta,0.038161516,0.4612
bs_delta,bs_delta,0.03816349,0.461
bs_delta,bs_delta,0.03816745,0.4608
bs_delta,bs_delta,0.038169276,0.4606
bs_delta,bs_delta,0.03817314,0.4604
bs_delta,bs_delta,0.038177334,0.4602
bs_delta,bs_delta,0.03818202,0.46
bs_delta,bs_delta,0.03818486,0.4598
bs_delta,bs_delta,0.038186524,0.4596
bs_delta,bs_delta,0.03819112,0.4594
bs_delta,bs_delta,0.038193367,0.4592
bs_delta,bs_delta,0.038198452,0.459
bs_delta,bs_delta,0.03819986,0.4588
bs_delta,bs_delta,0.038201362,0.4586
bs_delta,bs_delta,0.03820663,0.4584
bs_delta,bs_delta,0.03820756,0.4582
bs_delta,bs_delta,0.038209867,0.458
bs_delta,bs_delta,0.038212057,0.4578
bs_delta,bs_delta,0.038218983,0.4576
bs_delta,bs_delta,0.038222026,0.4574
bs_delta,bs_delta,0.03822806,0.4572
bs_delta,bs_delta,0.03823708,0.457
bs_delta,bs_delta,0.03823911,0.4568
bs_delta,bs_delta,0.038243573,0.4566
bs_delta,bs_delta,0.03824667,0.4564
bs_delta,bs_delta,0.038250573,0.4562
bs_delta,bs_delta,0.038257003,0.456
bs_delta,bs_delta,0.03826184,0.4558
bs_delta,bs_delta,0.03826433,0.4556
bs_delta,bs_delta,0.03826883,0.4554
bs_delta,bs_delta,0.038270984,0.4552
bs_delta,bs_delta,0.0382719,0.455
bs_delta,bs_delta,0.038274072,0.4548
bs_delta,bs_delta,0.038276233,0.4546
bs_delta,bs_delta,0.03828104,0.4544
bs_delta,bs_delta,0.03828285,0.4542
bs_delta,bs_delta,0.03828456,0.454
bs_delta,bs_delta,0.03828832,0.4538
bs_delta,bs_delta,0.038289223,0.4536
bs_delta,bs_delta,0.038293485,0.4534
bs_delta,bs_delta,0.03830312,0.4532
bs_delta,bs_delta,0.038305376,0.453
bs_delta,bs_delta,0.038307816,0.4528
bs_delta,bs_delta,0.038309608,0.4526
bs_delta,bs_delta,0.038311172,0.4524
bs_delta,bs_delta,0.038314387,0.4522
bs_delta,bs_delta,0.038316675,0.452
bs_delta,bs_delta,0.038318556,0.4518
bs_delta,bs_delta,0.0383199,0.4516
bs_delta,bs_delta,0.038323503,0.4514
bs_delta,bs_delta,0.03832725,0.4512
bs_delta,bs_delta,0.038331073,0.451
bs_delta,bs_delta,0.038333345,0.4508
bs_delta,bs_delta,0.038334917,0.4506
bs_delta,bs_delta,0.038337205,0.4504
bs_delta,bs_delta,0.038340878,0.4502
bs_delta,bs_delta,0.03834345,0.45
bs_delta,bs_delta,0.038347527,0.4498
bs_delta,bs_delta,0.038350273,0.4496
bs_delta,bs_delta,0.038352665,0.4494
bs_delta,bs_delta,0.038357448,0.4492
bs_delta,bs_delta,0.03835885,0.449
bs_delta,bs_delta,0.03836204,0.4488
bs_delta,bs_delta,0.03836358,0.4486
bs_delta,bs_delta,0.038366336,0.4484
bs_delta,bs_delta,0.0383702,0.4482
bs_delta,bs_delta,0.038372267,0.448
bs_delta,bs_delta,0.038377006,0.4478
bs_delta,bs_delta,0.038378548,0.4476
bs_delta,bs_delta,0.038380798,0.4474
bs_delta,bs_delta,0.038383033,0.4472
bs_delta,bs_delta,0.038387902,0.447
bs_delta,bs_delta,0.03839195,0.4468
bs_delta,bs_delta,0.038394026,0.4466
bs_delta,bs_delta,0.038399447,0.4464
bs_delta,bs_delta,0.038405556,0.4462
bs_delta,bs_delta,0.038407736,0.446
bs_delta,bs_delta,0.038413204,0.4458
bs_delta,bs_delta,0.03841572,0.4456
bs_delta,bs_delta,0.03841886,0.4454
bs_delta,bs_delta,0.03842176,0.4452
bs_delta,bs_delta,0.038423516,0.445
bs_delta,bs_delta,0.03842464,0.4448
bs_delta,bs_delta,0.03842652,0.4446
bs_delta,bs_delta,0.03843053,0.4444
bs_delta,bs_delta,0.038433727,0.4442
bs_delta,bs_delta,0.038435668,0.444
bs_delta,bs_delta,0.038439076,0.4438
bs_delta,bs_delta,0.03844024,0.4436
bs_delta,bs_delta,0.038446642,0.4434
bs_delta,bs_delta,0.03845034,0.4432
bs_delta,bs_delta,0.038451046,0.443
bs_delta,bs_delta,0.03845549,0.4428
bs_delta,bs_delta,0.03846205,0.4426
bs_delta,bs_delta,0.038467128,0.4424
bs_delta,bs_delta,0.03847134,0.4422
bs_delta,bs_delta,0.038472444,0.442
bs_delta,bs_delta,0.03847788,0.4418
bs_delta,bs_delta,0.03848073,0.4416
bs_delta,bs_delta,0.03848176,0.4414
bs_delta,bs_delta,0.03848371,0.4412
bs_delta,bs_delta,0.038486138,0.441
bs_delta,bs_delta,0.0384923,0.4408
bs_delta,bs_delta,0.03849552,0.4406
bs_delta,bs_delta,0.038497373,0.4404
bs_delta,bs_delta,0.03850162,0.4402
bs_delta,bs_delta,0.03850579,0.44
bs_delta,bs_delta,0.038507957,0.4398
bs_delta,bs_delta,0.03851371,0.4396
bs_delta,bs_delta,0.03851691,0.4394
bs_delta,bs_delta,0.038521957,0.4392
bs_delta,bs_delta,0.038526732,0.439
bs_delta,bs_delta,0.038530346,0.4388
bs_delta,bs_delta,0.038531642,0.4386
bs_delta,bs_delta,0.03853493,0.4384
bs_delta,bs_delta,0.038538173,0.4382
bs_delta,bs_delta,0.03853951,0.438
bs_delta,bs_delta,0.038542707,0.4378
bs_delta,bs_delta,0.038545884,0.4376
bs_delta,bs_delta,0.03854867,0.4374
bs_delta,bs_delta,0.038549636,0.4372
bs_delta,bs_delta,0.038553476,0.437
bs_delta,bs_delta,0.038555052,0.4368
bs_delta,bs_delta,0.03855687,0.4366
bs_delta,bs_delta,0.03855764,0.4364
bs_delta,bs_delta,0.038560446,0.4362
bs_delta,bs_delta,0.038564976,0.436
bs_delta,bs_delta,0.038566854,0.4358
bs_delta,bs_delta,0.03856978,0.4356
bs_delta,bs_delta,0.03857194,0.4354
bs_delta,bs_delta,0.038574617,0.4352
bs_delta,bs_delta,0.03857936,0.435
bs_delta,bs_delta,0.03858106,0.4348
bs_delta,bs_delta,0.038585633,0.4346
bs_delta,bs_delta,0.038587827,0.4344
bs_delta,bs_delta,0.038593646,0.4342
bs_delta,bs_delta,0.038597267,0.434
bs_delta,bs_delta,0.038603134,0.4338
bs_delta,bs_delta,0.038608823,0.4336
bs_delta,bs_delta,0.038611975,0.4334
bs_delta,bs_delta,0.03861873,0.4332
bs_delta,bs_delta,0.03862311,0.433
bs_delta,bs_delta,0.038624525,0.4328
bs_delta,bs_delta,0.038629435,0.4326
bs_delta,bs_delta,0.03863085,0.4324
bs_delta,bs_delta,0.03863793,0.4322
bs_delta,bs_delta,0.038643073,0.432
bs_delta,bs_delta,0.038644753,0.4318
bs_delta,bs_delta,0.038649224,0.4316
bs_delta,bs_delta,0.038657896,0.4314
bs_delta,bs_delta,0.038661096,0.4312
bs_delta,bs_delta,0.038662992,0.431
bs_delta,bs_delta,0.03866685,0.4308
bs_delta,bs_delta,0.038669676,0.4306
bs_delta,bs_delta,0.038674347,0.4304
bs_delta,bs_delta,0.038676236,0.4302
bs_delta,bs_delta,0.038682714,0.43
bs_delta,bs_delta,0.038686804,0.4298
bs_delta,bs_delta,0.038692188,0.4296
bs_delta,bs_delta,0.038695045,0.4294
bs_delta,bs_delta,0.038699236,0.4292
bs_delta,bs_delta,0.03870113,0.429
bs_delta,bs_delta,0.038703825,0.4288
bs_delta,bs_delta,0.038706414,0.4286
bs_delta,bs_delta,0.038710997,0.4284
bs_delta,bs_delta,0.038713086,0.4282
bs_delta,bs_delta,0.03871336,0.428
bs_delta,bs_delta,0.038717818,0.4278
bs_delta,bs_delta,0.038718734,0.4276
bs_delta,bs_delta,0.03872019,0.4274
bs_delta,bs_delta,0.038721353,0.4272
bs_delta,bs_delta,0.038724143,0.427
bs_delta,bs_delta,0.038732108,0.4268
bs_delta,bs_delta,0.038737882,0.4266
bs_delta,bs_delta,0.03874063,0.4264
bs_delta,bs_delta,0.03874648,0.4262
bs_delta,bs_delta,0.03874881,0.426
bs_delta,bs_delta,0.03875514,0.4258
bs_delta,bs_delta,0.038756736,0.4256
bs_delta,bs_delta,0.038762387,0.4254
bs_delta,bs_delta,0.038771473,0.4252
bs_delta,bs_delta,0.038776238,0.425
bs_delta,bs_delta,0.038781166,0.4248
bs_delta,bs_delta,0.038785536,0.4246
bs_delta,bs_delta,0.038788144,0.4244
bs_delta,bs_delta,0.03879164,0.4242
bs_delta,bs_delta,0.038793348,0.424
bs_delta,bs_delta,0.038798478,0.4238
bs_delta,bs_delta,0.038801726,0.4236
bs_delta,bs_delta,0.03880622,0.4234
bs_delta,bs_delta,0.03880811,0.4232
bs_delta,bs_delta,0.03881277,0.423
bs_delta,bs_delta,0.038819507,0.4228
bs_delta,bs_delta,0.03882404,0.4226
bs_delta,bs_delta,0.038827464,0.4224
bs_delta,bs_delta,0.03882992,0.4222
bs_delta,bs_delta,0.03883711,0.422
bs_delta,bs_delta,0.038841855,0.4218
bs_delta,bs_delta,0.038844332,0.4216
bs_delta,bs_delta,0.0388457,0.4214
bs_delta,bs_delta,0.03884873,0.4212
bs_delta,bs_delta,0.038851164,0.421
bs_delta,bs_delta,0.03885495,0.4208
bs_delta,bs_delta,0.03885788,0.4206
bs_delta,bs_delta,0.038862992,0.4204
bs_delta,bs_delta,0.038864717,0.4202
bs_delta,bs_delta,0.038870696,0.42
bs_delta,bs_delta,0.038877152,0.4198
bs_delta,bs_delta,0.03888301,0.4196
bs_delta,bs_delta,0.038885612,0.4194
bs_delta,bs_delta,0.03889148,0.4192
bs_delta,bs_delta,0.03889769,0.419
bs_delta,bs_delta,0.038900793,0.4188
bs_delta,bs_delta,0.038902517,0.4186
bs_delta,bs_delta,0.038905468,0.4184
bs_delta,bs_delta,0.03891031,0.4182
bs_delta,bs_delta,0.038913276,0.418
bs_delta,bs_delta,0.03891808,0.4178
bs_delta,bs_delta,0.03892248,0.4176
bs_delta,bs_delta,0.038927916,0.4174
bs_delta,bs_delta,0.038930926,0.4172
bs_delta,bs_delta,0.03893259,0.417
bs_delta,bs_delta,0.038935665,0.4168
bs_delta,bs_delta,0.038940325,0.4166
bs_delta,bs_delta,0.038944796,0.4164
bs_delta,bs_delta,0.038947877,0.4162
bs_delta,bs_delta,0.038961273,0.416
bs_delta,bs_delta,0.03896805,0.4158
bs_delta,bs_delta,0.038969006,0.4156
bs_delta,bs_delta,0.038973186,0.4154
bs_delta,bs_delta,0.03897693,0.4152
bs_delta,bs_delta,0.03897954,0.415
bs_delta,bs_delta,0.038980458,0.4148
bs_delta,bs_delta,0.038986586,0.4146
bs_delta,bs_delta,0.03898896,0.4144
bs_delta,bs_delta,0.038995072,0.4142
bs_delta,bs_delta,0.03900153,0.414
bs_delta,bs_delta,0.03900386,0.4138
bs_delta,bs_delta,0.039006226,0.4136
bs_delta,bs_delta,0.039008416,0.4134
bs_delta,bs_delta,0.03901042,0.4132
bs_delta,bs_delta,0.03901217,0.413
bs_delta,bs_delta,0.039014407,0.4128
bs_delta,bs_delta,0.03901664,0.4126
bs_delta,bs_delta,0.0390196,0.4124
bs_delta,bs_delta,0.039021704,0.4122
bs_delta,bs_delta,0.039023194,0.412
bs_delta,bs_delta,0.03902918,0.4118
bs_delta,bs_delta,0.039035775,0.4116
bs_delta,bs_delta,0.03904056,0.4114
bs_delta,bs_delta,0.03904637,0.4112
bs_delta,bs_delta,0.03904912,0.411
bs_delta,bs_delta,0.039051045,0.4108
bs_delta,bs_delta,0.039056167,0.4106
bs_delta,bs_delta,0.039057523,0.4104
bs_delta,bs_delta,0.039058838,0.4102
bs_delta,bs_delta,0.039061684,0.41
bs_delta,bs_delta,0.03906566,0.4098
bs_delta,bs_delta,0.039070662,0.4096
bs_delta,bs_delta,0.039073713,0.4094
bs_delta,bs_delta,0.039075468,0.4092
bs_delta,bs_delta,0.039079,0.409
bs_delta,bs_delta,0.039082166,0.4088
bs_delta,bs_delta,0.03908456,0.4086
bs_delta,bs_delta,0.039090298,0.4084
bs_delta,bs_delta,0.0390941,0.4082
bs_delta,bs_delta,0.03910137,0.408
bs_delta,bs_delta,0.03910731,0.4078
bs_delta,bs_delta,0.039108377,0.4076
bs_delta,bs_delta,0.039111577,0.4074
bs_delta,bs_delta,0.03911395,0.4072
bs_delta,bs_delta,0.039119206,0.407
bs_delta,bs_delta,0.039125267,0.4068
bs_delta,bs_delta,0.039130755,0.4066
bs_delta,bs_delta,0.03913641,0.4064
bs_delta,bs_delta,0.03914047,0.4062
bs_delta,bs_delta,0.039144285,0.406
bs_delta,bs_delta,0.039147172,0.4058
bs_delta,bs_delta,0.03915345,0.4056
bs_delta,bs_delta,0.03915744,0.4054
bs_delta,bs_delta,0.039162826,0.4052
bs_delta,bs_delta,0.039164152,0.405
bs_delta,bs_delta,0.03916916,0.4048
bs_delta,bs_delta,0.039173335,0.4046
bs_delta,bs_delta,0.039175157,0.4044
bs_delta,bs_delta,0.03917844,0.4042
bs_delta,bs_delta,0.039180946,0.404
bs_delta,bs_delta,0.03918282,0.4038
bs_delta,bs_delta,0.03918732,0.4036
bs_delta,bs_delta,0.03918953,0.4034
bs_delta,bs_delta,0.039192624,0.4032
bs_delta,bs_delta,0.03919432,0.403
bs_delta,bs_delta,0.03919714,0.4028
bs_delta,bs_delta,0.03919939,0.4026
bs_delta,bs_delta,0.0392022,0.4024
bs_delta,bs_delta,0.039207164,0.4022
bs_delta,bs_delta,0.03920875,0.402
bs_delta,bs_delta,0.039211947,0.4018
bs_delta,bs_delta,0.039215736,0.4016
bs_delta,bs_delta,0.039221715,0.4014
bs_delta,bs_delta,0.039224595,0.4012
bs_delta,bs_delta,0.039227724,0.401
bs_delta,bs_delta,0.039232474,0.4008
bs_delta,bs_delta,0.039235268,0.4006
bs_delta,bs_delta,0.03923982,0.4004
bs_delta,bs_delta,0.03924622,0.4002
bs_delta,bs_delta,0.039248135,0.4
bs_delta,bs_delta,0.039250705,0.3998
bs_delta,bs_delta,0.039251905,0.3996
bs_delta,bs_delta,0.03925409,0.3994
bs_delta,bs_delta,0.039256163,0.3992
bs_delta,bs_delta,0.039257344,0.399
bs_delta,bs_delta,0.03926121,0.3988
bs_delta,bs_delta,0.039267212,0.3986
bs_delta,bs_delta,0.03927407,0.3984
bs_delta,bs_delta,0.039279573,0.3982
bs_delta,bs_delta,0.039284114,0.398
bs_delta,bs_delta,0.039287012,0.3978
bs_delta,bs_delta,0.039289653,0.3976
bs_delta,bs_delta,0.039295897,0.3974
bs_delta,bs_delta,0.03929836,0.3972
bs_delta,bs_delta,0.03930097,0.397
bs_delta,bs_delta,0.0393067,0.3968
bs_delta,bs_delta,0.03930858,0.3966
bs_delta,bs_delta,0.039312005,0.3964
bs_delta,bs_delta,0.03931333,0.3962
bs_delta,bs_delta,0.039318375,0.396
bs_delta,bs_delta,0.03932339,0.3958
bs_delta,bs_delta,0.03932754,0.3956
bs_delta,bs_delta,0.039329924,0.3954
bs_delta,bs_delta,0.039334964,0.3952
bs_delta,bs_delta,0.039337322,0.395
bs_delta,bs_delta,0.039342098,0.3948
bs_delta,bs_delta,0.03934758,0.3946
bs_delta,bs_delta,0.039350122,0.3944
bs_delta,bs_delta,0.03935569,0.3942
bs_delta,bs_delta,0.03936044,0.394
bs_delta,bs_delta,0.03936225,0.3938
bs_delta,bs_delta,0.03936764,0.3936
bs_delta,bs_delta,0.03937099,0.3934
bs_delta,bs_delta,0.039373502,0.3932
bs_delta,bs_delta,0.03937645,0.393
bs_delta,bs_delta,0.03938517,0.3928
bs_delta,bs_delta,0.03939023,0.3926
bs_delta,bs_delta,0.039393846,0.3924
bs_delta,bs_delta,0.039397396,0.3922
bs_delta,bs_delta,0.03939969,0.392
bs_delta,bs_delta,0.039403588,0.3918
bs_delta,bs_delta,0.039407317,0.3916
bs_delta,bs_delta,0.039409433,0.3914
bs_delta,bs_delta,0.039414946,0.3912
bs_delta,bs_delta,0.039417617,0.391
bs_delta,bs_delta,0.039422024,0.3908
bs_delta,bs_delta,0.039423976,0.3906
bs_delta,bs_delta,0.039428033,0.3904
bs_delta,bs_delta,0.039434135,0.3902
bs_delta,bs_delta,0.03943547,0.39
bs_delta,bs_delta,0.03943664,0.3898
bs_delta,bs_delta,0.039443746,0.3896
bs_delta,bs_delta,0.0394484,0.3894
bs_delta,bs_delta,0.039453298,0.3892
bs_delta,bs_delta,0.039457884,0.389
bs_delta,bs_delta,0.03946071,0.3888
bs_delta,bs_delta,0.03946629,0.3886
bs_delta,bs_delta,0.039471745,0.3884
bs_delta,bs_delta,0.039476838,0.3882
bs_delta,bs_delta,0.03948164,0.388
bs_delta,bs_delta,0.039483383,0.3878
bs_delta,bs_delta,0.039487015,0.3876
bs_delta,bs_delta,0.039488744,0.3874
bs_delta,bs_delta,0.0394943,0.3872
bs_delta,bs_delta,0.039497968,0.387
bs_delta,bs_delta,0.039504733,0.3868
bs_delta,bs_delta,0.03950634,0.3866
bs_delta,bs_delta,0.039510217,0.3864
bs_delta,bs_delta,0.03951331,0.3862
bs_delta,bs_delta,0.0395175,0.386
bs_delta,bs_delta,0.039520394,0.3858
bs_delta,bs_delta,0.03952233,0.3856
bs_delta,bs_delta,0.039532527,0.3854
bs_delta,bs_delta,0.039538097,0.3852
bs_delta,bs_delta,0.039542913,0.385
bs_delta,bs_delta,0.039545693,0.3848
bs_delta,bs_delta,0.039547805,0.3846
bs_delta,bs_delta,0.039549597,0.3844
bs_delta,bs_delta,0.039561205,0.3842
bs_delta,bs_delta,0.03956933,0.384
bs_delta,bs_delta,0.03957244,0.3838
bs_delta,bs_delta,0.03957441,0.3836
bs_delta,bs_delta,0.039579846,0.3834
bs_delta,bs_delta,0.039581005,0.3832
bs_delta,bs_delta,0.039585922,0.383
bs_delta,bs_delta,0.039588798,0.3828
bs_delta,bs_delta,0.039591596,0.3826
bs_delta,bs_delta,0.039596606,0.3824
bs_delta,bs_delta,0.039601147,0.3822
bs_delta,bs_delta,0.03960391,0.382
bs_delta,bs_delta,0.03960837,0.3818
bs_delta,bs_delta,0.039612968,0.3816
bs_delta,bs_delta,0.03961575,0.3814
bs_delta,bs_delta,0.03962133,0.3812
bs_delta,bs_delta,0.039625887,0.381
bs_delta,bs_delta,0.039628565,0.3808
bs_delta,bs_delta,0.03963093,0.3806
bs_delta,bs_delta,0.03963754,0.3804
bs_delta,bs_delta,0.039641697,0.3802
bs_delta,bs_delta,0.03964466,0.38
bs_delta,bs_delta,0.03964838,0.3798
bs_delta,bs_delta,0.03965193,0.3796
bs_delta,bs_delta,0.039657388,0.3794
bs_delta,bs_delta,0.039663777,0.3792
bs_delta,bs_delta,0.039668027,0.379
bs_delta,bs_delta,0.03967431,0.3788
bs_delta,bs_delta,0.039675567,0.3786
bs_delta,bs_delta,0.039679654,0.3784
bs_delta,bs_delta,0.03968206,0.3782
bs_delta,bs_delta,0.039683174,0.378
bs_delta,bs_delta,0.039686177,0.3778
bs_delta,bs_delta,0.03969511,0.3776
bs_delta,bs_delta,0.03969664,0.3774
bs_delta,bs_delta,0.039701387,0.3772
bs_delta,bs_delta,0.039703455,0.377
bs_delta,bs_delta,0.039709084,0.3768
bs_delta,bs_delta,0.039712477,0.3766
bs_delta,bs_delta,0.039717585,0.3764
bs_delta,bs_delta,0.039721586,0.3762
bs_delta,bs_delta,0.039725684,0.376
bs_delta,bs_delta,0.039732043,0.3758
bs_delta,bs_delta,0.039735578,0.3756
bs_delta,bs_delta,0.039736595,0.3754
bs_delta,bs_delta,0.039739713,0.3752
bs_delta,bs_delta,0.03974297,0.375
bs_delta,bs_delta,0.03974767,0.3748
bs_delta,bs_delta,0.039750885,0.3746
bs_delta,bs_delta,0.039754722,0.3744
bs_delta,bs_delta,0.039757267,0.3742
bs_delta,bs_delta,0.039762523,0.374
bs_delta,bs_delta,0.039767396,0.3738
bs_delta,bs_delta,0.03977273,0.3736
bs_delta,bs_delta,0.039777093,0.3734
bs_delta,bs_delta,0.039779987,0.3732
bs_delta,bs_delta,0.039784018,0.373
bs_delta,bs_delta,0.03978707,0.3728
bs_delta,bs_delta,0.039794836,0.3726
bs_delta,bs_delta,0.039798576,0.3724
bs_delta,bs_delta,0.039802577,0.3722
bs_delta,bs_delta,0.039805416,0.372
bs_delta,bs_delta,0.03980793,0.3718
bs_delta,bs_delta,0.03981867,0.3716
bs_delta,bs_delta,0.03982084,0.3714
bs_delta,bs_delta,0.03982397,0.3712
bs_delta,bs_delta,0.039828397,0.371
bs_delta,bs_delta,0.039832257,0.3708
bs_delta,bs_delta,0.03983812,0.3706
bs_delta,bs_delta,0.03984267,0.3704
bs_delta,bs_delta,0.039845448,0.3702
bs_delta,bs_delta,0.039848883,0.37
bs_delta,bs_delta,0.039854366,0.3698
bs_delta,bs_delta,0.039857708,0.3696
bs_delta,bs_delta,0.039859075,0.3694
bs_delta,bs_delta,0.039861627,0.3692
bs_delta,bs_delta,0.03986559,0.369
bs_delta,bs_delta,0.03986798,0.3688
bs_delta,bs_delta,0.039873295,0.3686
bs_delta,bs_delta,0.039875124,0.3684
bs_delta,bs_delta,0.039878372,0.3682
bs_delta,bs_delta,0.039882317,0.368
bs_delta,bs_delta,0.039886266,0.3678
bs_delta,bs_delta,0.039890394,0.3676
bs_delta,bs_delta,0.03989303,0.3674
bs_delta,bs_delta,0.03989462,0.3672
bs_delta,bs_delta,0.039898306,0.367
bs_delta,bs_delta,0.039902028,0.3668
bs_delta,bs_delta,0.03990403,0.3666
bs_delta,bs_delta,0.03990677,0.3664
bs_delta,bs_delta,0.039914884,0.3662
bs_delta,bs_delta,0.03991754,0.366
bs_delta,bs_delta,0.0399246,0.3658
bs_delta,bs_delta,0.03992668,0.3656
bs_delta,bs_delta,0.03993132,0.3654
bs_delta,bs_delta,0.03993499,0.3652
bs_delta,bs_delta,0.039939757,0.365
bs_delta,bs_delta,0.039944213,0.3648
bs_delta,bs_delta,0.03994568,0.3646
bs_delta,bs_delta,0.039948706,0.3644
bs_delta,bs_delta,0.039955594,0.3642
bs_delta,bs_delta,0.039956994,0.364
bs_delta,bs_delta,0.039963298,0.3638
bs_delta,bs_delta,0.03996447,0.3636
bs_delta,bs_delta,0.03996623,0.3634
bs_delta,bs_delta,0.039969247,0.3632
bs_delta,bs_delta,0.039970614,0.363
bs_delta,bs_delta,0.039974544,0.3628
bs_delta,bs_delta,0.0399763,0.3626
bs_delta,bs_delta,0.039978262,0.3624
bs_delta,bs_delta,0.039982643,0.3622
bs_delta,bs_delta,0.03999112,0.362
bs_delta,bs_delta,0.039997194,0.3618
bs_delta,bs_delta,0.03999921,0.3616
bs_delta,bs_delta,0.040002987,0.3614
bs_delta,bs_delta,0.040006094,0.3612
bs_delta,bs_delta,0.040008627,0.361
bs_delta,bs_delta,0.04002038,0.3608
bs_delta,bs_delta,0.040025428,0.3606
bs_delta,bs_delta,0.04002833,0.3604
bs_delta,bs_delta,0.04003494,0.3602
bs_delta,bs_delta,0.040038794,0.36
bs_delta,bs_delta,0.040040772,0.3598
bs_delta,bs_delta,0.04004525,0.3596
bs_delta,bs_delta,0.040049016,0.3594
bs_delta,bs_delta,0.04005249,0.3592
bs_delta,bs_delta,0.040060643,0.359
bs_delta,bs_delta,0.040061437,0.3588
bs_delta,bs_delta,0.040067673,0.3586
bs_delta,bs_delta,0.040070504,0.3584
bs_delta,bs_delta,0.040073752,0.3582
bs_delta,bs_delta,0.04007569,0.358
bs_delta,bs_delta,0.040084902,0.3578
bs_delta,bs_delta,0.04008955,0.3576
bs_delta,bs_delta,0.0400926,0.3574
bs_delta,bs_delta,0.040094733,0.3572
bs_delta,bs_delta,0.040096607,0.357
bs_delta,bs_delta,0.04010094,0.3568
bs_delta,bs_delta,0.040103644,0.3566
bs_delta,bs_delta,0.040105835,0.3564
bs_delta,bs_delta,0.040109877,0.3562
bs_delta,bs_delta,0.040115584,0.356
bs_delta,bs_delta,0.040118717,0.3558
bs_delta,bs_delta,0.040120896,0.3556
bs_delta,bs_delta,0.040124048,0.3554
bs_delta,bs_delta,0.04012695,0.3552
bs_delta,bs_delta,0.040130217,0.355
bs_delta,bs_delta,0.04013386,0.3548
bs_delta,bs_delta,0.04013964,0.3546
bs_delta,bs_delta,0.04014523,0.3544
bs_delta,bs_delta,0.04014735,0.3542
bs_delta,bs_delta,0.04015249,0.354
bs_delta,bs_delta,0.040156465,0.3538
bs_delta,bs_delta,0.040160578,0.3536
bs_delta,bs_delta,0.040166732,0.3534
bs_delta,bs_delta,0.040170312,0.3532
bs_delta,bs_delta,0.040172573,0.353
bs_delta,bs_delta,0.040179994,0.3528
bs_delta,bs_delta,0.04018413,0.3526
bs_delta,bs_delta,0.04018699,0.3524
bs_delta,bs_delta,0.040190384,0.3522
bs_delta,bs_delta,0.04019155,0.352
bs_delta,bs_delta,0.040195927,0.3518
bs_delta,bs_delta,0.04020108,0.3516
bs_delta,bs_delta,0.040204998,0.3514
bs_delta,bs_delta,0.040209502,0.3512
bs_delta,bs_delta,0.04021304,0.351
bs_delta,bs_delta,0.040218893,0.3508
bs_delta,bs_delta,0.040221263,0.3506
bs_delta,bs_delta,0.040224273,0.3504
bs_delta,bs_delta,0.04022991,0.3502
bs_delta,bs_delta,0.040233582,0.35
bs_delta,bs_delta,0.040238366,0.3498
bs_delta,bs_delta,0.040241446,0.3496
bs_delta,bs_delta,0.040245347,0.3494
bs_delta,bs_delta,0.040248983,0.3492
bs_delta,bs_delta,0.040251628,0.349
bs_delta,bs_delta,0.040257256,0.3488
bs_delta,bs_delta,0.040259443,0.3486
bs_delta,bs_delta,0.040264193,0.3484
bs_delta,bs_delta,0.04026726,0.3482
bs_delta,bs_delta,0.04027116,0.348
bs_delta,bs_delta,0.04027432,0.3478
bs_delta,bs_delta,0.04027744,0.3476
bs_delta,bs_delta,0.040281188,0.3474
bs_delta,bs_delta,0.040284816,0.3472
bs_delta,bs_delta,0.040288664,0.347
bs_delta,bs_delta,0.04029104,0.3468
bs_delta,bs_delta,0.0402955,0.3466
bs_delta,bs_delta,0.040300287,0.3464
bs_delta,bs_delta,0.040304326,0.3462
bs_delta,bs_delta,0.0403059,0.346
bs_delta,bs_delta,0.040308498,0.3458
bs_delta,bs_delta,0.040319562,0.3456
bs_delta,bs_delta,0.040321283,0.3454
bs_delta,bs_delta,0.04032922,0.3452
bs_delta,bs_delta,0.04033178,0.345
bs_delta,bs_delta,0.040335685,0.3448
bs_delta,bs_delta,0.04033846,0.3446
bs_delta,bs_delta,0.040340632,0.3444
bs_delta,bs_delta,0.04034192,0.3442
bs_delta,bs_delta,0.04034461,0.344
bs_delta,bs_delta,0.040348653,0.3438
bs_delta,bs_delta,0.04035106,0.3436
bs_delta,bs_delta,0.040353443,0.3434
bs_delta,bs_delta,0.040359247,0.3432
bs_delta,bs_delta,0.04036132,0.343
bs_delta,bs_delta,0.040369634,0.3428
bs_delta,bs_delta,0.040375415,0.3426
bs_delta,bs_delta,0.04037913,0.3424
bs_delta,bs_delta,0.04038267,0.3422
bs_delta,bs_delta,0.040392075,0.342
bs_delta,bs_delta,0.040394798,0.3418
bs_delta,bs_delta,0.040405195,0.3416
bs_delta,bs_delta,0.040411755,0.3414
bs_delta,bs_delta,0.040417004,0.3412
bs_delta,bs_delta,0.04041804,0.341
bs_delta,bs_delta,0.0404266,0.3408
bs_delta,bs_delta,0.04042785,0.3406
bs_delta,bs_delta,0.040432353,0.3404
bs_delta,bs_delta,0.04043429,0.3402
bs_delta,bs_delta,0.040445648,0.34
bs_delta,bs_delta,0.040446542,0.3398
bs_delta,bs_delta,0.040450007,0.3396
bs_delta,bs_delta,0.040453866,0.3394
bs_delta,bs_delta,0.040458057,0.3392
bs_delta,bs_delta,0.04046373,0.339
bs_delta,bs_delta,0.040465627,0.3388
bs_delta,bs_delta,0.040469088,0.3386
bs_delta,bs_delta,0.040471427,0.3384
bs_delta,bs_delta,0.04047339,0.3382
bs_delta,bs_delta,0.040479265,0.338
bs_delta,bs_delta,0.040483594,0.3378
bs_delta,bs_delta,0.04048817,0.3376
bs_delta,bs_delta,0.040493194,0.3374
bs_delta,bs_delta,0.040497657,0.3372
bs_delta,bs_delta,0.04049845,0.337
bs_delta,bs_delta,0.040503412,0.3368
bs_delta,bs_delta,0.0405094,0.3366
bs_delta,bs_delta,0.040510926,0.3364
bs_delta,bs_delta,0.040516853,0.3362
bs_delta,bs_delta,0.040522035,0.336
bs_delta,bs_delta,0.04052787,0.3358
bs_delta,bs_delta,0.040531658,0.3356
bs_delta,bs_delta,0.040540095,0.3354
bs_delta,bs_delta,0.04054344,0.3352
bs_delta,bs_delta,0.040546022,0.335
bs_delta,bs_delta,0.040552214,0.3348
bs_delta,bs_delta,0.040559363,0.3346
bs_delta,bs_delta,0.04056446,0.3344
bs_delta,bs_delta,0.040567968,0.3342
bs_delta,bs_delta,0.040571112,0.334
bs_delta,bs_delta,0.040573917,0.3338
bs_delta,bs_delta,0.04057672,0.3336
bs_delta,bs_delta,0.040581487,0.3334
bs_delta,bs_delta,0.040584154,0.3332
bs_delta,bs_delta,0.040590525,0.333
bs_delta,bs_delta,0.040593468,0.3328
bs_delta,bs_delta,0.040598538,0.3326
bs_delta,bs_delta,0.04060264,0.3324
bs_delta,bs_delta,0.04060704,0.3322
bs_delta,bs_delta,0.040608764,0.332
bs_delta,bs_delta,0.04061247,0.3318
bs_delta,bs_delta,0.040615574,0.3316
bs_delta,bs_delta,0.04061799,0.3314
bs_delta,bs_delta,0.04062535,0.3312
bs_delta,bs_delta,0.04062986,0.331
bs_delta,bs_delta,0.040633358,0.3308
bs_delta,bs_delta,0.040637545,0.3306
bs_delta,bs_delta,0.040642165,0.3304
bs_delta,bs_delta,0.040644955,0.3302
bs_delta,bs_delta,0.04064729,0.33
bs_delta,bs_delta,0.040648323,0.3298
bs_delta,bs_delta,0.040650424,0.3296
bs_delta,bs_delta,0.040654313,0.3294
bs_delta,bs_delta,0.040661637,0.3292
bs_delta,bs_delta,0.040666595,0.329
bs_delta,bs_delta,0.04066847,0.3288
bs_delta,bs_delta,0.040671032,0.3286
bs_delta,bs_delta,0.040680323,0.3284
bs_delta,bs_delta,0.04068473,0.3282
bs_delta,bs_delta,0.04069008,0.328
bs_delta,bs_delta,0.0406929,0.3278
bs_delta,bs_delta,0.04069906,0.3276
bs_delta,bs_delta,0.040702205,0.3274
bs_delta,bs_delta,0.04070425,0.3272
bs_delta,bs_delta,0.040706463,0.327
bs_delta,bs_delta,0.040709108,0.3268
bs_delta,bs_delta,0.040711634,0.3266
bs_delta,bs_delta,0.04071219,0.3264
bs_delta,bs_delta,0.04071877,0.3262
bs_delta,bs_delta,0.040722527,0.326
bs_delta,bs_delta,0.040728662,0.3258
bs_delta,bs_delta,0.040734515,0.3256
bs_delta,bs_delta,0.040735714,0.3254
bs_delta,bs_delta,0.04073742,0.3252
bs_delta,bs_delta,0.04073981,0.325
bs_delta,bs_delta,0.04074213,0.3248
bs_delta,bs_delta,0.04074358,0.3246
bs_delta,bs_delta,0.040745508,0.3244
bs_delta,bs_delta,0.04075272,0.3242
bs_delta,bs_delta,0.040756077,0.324
bs_delta,bs_delta,0.0407628,0.3238
bs_delta,bs_delta,0.04076638,0.3236
bs_delta,bs_delta,0.04076998,0.3234
bs_delta,bs_delta,0.040772866,0.3232
bs_delta,bs_delta,0.04077726,0.323
bs_delta,bs_delta,0.04078093,0.3228
bs_delta,bs_delta,0.040785547,0.3226
bs_delta,bs_delta,0.04078967,0.3224
bs_delta,bs_delta,0.0407939,0.3222
bs_delta,bs_delta,0.040800992,0.322
bs_delta,bs_delta,0.040803302,0.3218
bs_delta,bs_delta,0.040806692,0.3216
bs_delta,bs_delta,0.04081237,0.3214
bs_delta,bs_delta,0.040815305,0.3212
bs_delta,bs_delta,0.040816955,0.321
bs_delta,bs_delta,0.040824194,0.3208
bs_delta,bs_delta,0.040827185,0.3206
bs_delta,bs_delta,0.040827587,0.3204
bs_delta,bs_delta,0.040831544,0.3202
bs_delta,bs_delta,0.040838834,0.32
bs_delta,bs_delta,0.04084147,0.3198
bs_delta,bs_delta,0.040847883,0.3196
bs_delta,bs_delta,0.04085039,0.3194
bs_delta,bs_delta,0.04085531,0.3192
bs_delta,bs_delta,0.04085823,0.319
bs_delta,bs_delta,0.040860105,0.3188
bs_delta,bs_delta,0.040865865,0.3186
bs_delta,bs_delta,0.04087059,0.3184
bs_delta,bs_delta,0.040874388,0.3182
bs_delta,bs_delta,0.040880643,0.318
bs_delta,bs_delta,0.040886372,0.3178
bs_delta,bs_delta,0.040889323,0.3176
bs_delta,bs_delta,0.040897273,0.3174
bs_delta,bs_delta,0.040899888,0.3172
bs_delta,bs_delta,0.040905584,0.317
bs_delta,bs_delta,0.04090849,0.3168
bs_delta,bs_delta,0.040910274,0.3166
bs_delta,bs_delta,0.040912535,0.3164
bs_delta,bs_delta,0.04092102,0.3162
bs_delta,bs_delta,0.040925484,0.316
bs_delta,bs_delta,0.040926583,0.3158
bs_delta,bs_delta,0.040928923,0.3156
bs_delta,bs_delta,0.040930487,0.3154
bs_delta,bs_delta,0.040933922,0.3152
bs_delta,bs_delta,0.040936757,0.315
bs_delta,bs_delta,0.040943988,0.3148
bs_delta,bs_delta,0.04094573,0.3146
bs_delta,bs_delta,0.040949777,0.3144
bs_delta,bs_delta,0.04095173,0.3142
bs_delta,bs_delta,0.040952995,0.314
bs_delta,bs_delta,0.040960915,0.3138
bs_delta,bs_delta,0.04096518,0.3136
bs_delta,bs_delta,0.040967558,0.3134
bs_delta,bs_delta,0.040972687,0.3132
bs_delta,bs_delta,0.04097916,0.313
bs_delta,bs_delta,0.040982917,0.3128
bs_delta,bs_delta,0.040987123,0.3126
bs_delta,bs_delta,0.04099091,0.3124
bs_delta,bs_delta,0.040993977,0.3122
bs_delta,bs_delta,0.04099582,0.312
bs_delta,bs_delta,0.040998474,0.3118
bs_delta,bs_delta,0.04100217,0.3116
bs_delta,bs_delta,0.041005842,0.3114
bs_delta,bs_delta,0.04100884,0.3112
bs_delta,bs_delta,0.041014437,0.311
bs_delta,bs_delta,0.041017074,0.3108
bs_delta,bs_delta,0.0410263,0.3106
bs_delta,bs_delta,0.04103216,0.3104
bs_delta,bs_delta,0.04103744,0.3102
bs_delta,bs_delta,0.04104402,0.31
bs_delta,bs_delta,0.041052066,0.3098
bs_delta,bs_delta,0.041056253,0.3096
bs_delta,bs_delta,0.041058276,0.3094
bs_delta,bs_delta,0.041059546,0.3092
bs_delta,bs_delta,0.041066065,0.309
bs_delta,bs_delta,0.04106864,0.3088
bs_delta,bs_delta,0.041073266,0.3086
bs_delta,bs_delta,0.04107815,0.3084
bs_delta,bs_delta,0.041080583,0.3082
bs_delta,bs_delta,0.041083146,0.308
bs_delta,bs_delta,0.04108954,0.3078
bs_delta,bs_delta,0.04109145,0.3076
bs_delta,bs_delta,0.04109712,0.3074
bs_delta,bs_delta,0.041100256,0.3072
bs_delta,bs_delta,0.041105077,0.307
bs_delta,bs_delta,0.041112117,0.3068
bs_delta,bs_delta,0.04111801,0.3066
bs_delta,bs_delta,0.04112173,0.3064
bs_delta,bs_delta,0.04112721,0.3062
bs_delta,bs_delta,0.04113232,0.306
bs_delta,bs_delta,0.041139685,0.3058
bs_delta,bs_delta,0.04114475,0.3056
bs_delta,bs_delta,0.041147515,0.3054
bs_delta,bs_delta,0.041150194,0.3052
bs_delta,bs_delta,0.041151974,0.305
bs_delta,bs_delta,0.04116007,0.3048
bs_delta,bs_delta,0.041163925,0.3046
bs_delta,bs_delta,0.041166417,0.3044
bs_delta,bs_delta,0.04117256,0.3042
bs_delta,bs_delta,0.041178044,0.304
bs_delta,bs_delta,0.041187417,0.3038
bs_delta,bs_delta,0.041190498,0.3036
bs_delta,bs_delta,0.04119279,0.3034
bs_delta,bs_delta,0.041198816,0.3032
bs_delta,bs_delta,0.04120487,0.303
bs_delta,bs_delta,0.041208792,0.3028
bs_delta,bs_delta,0.041212708,0.3026
bs_delta,bs_delta,0.041214652,0.3024
bs_delta,bs_delta,0.04122292,0.3022
bs_delta,bs_delta,0.04123153,0.302
bs_delta,bs_delta,0.041237526,0.3018
bs_delta,bs_delta,0.041243777,0.3016
bs_delta,bs_delta,0.041247714,0.3014
bs_delta,bs_delta,0.041251764,0.3012
bs_delta,bs_delta,0.04125605,0.301
bs_delta,bs_delta,0.041262127,0.3008
bs_delta,bs_delta,0.041268017,0.3006
bs_delta,bs_delta,0.041272294,0.3004
bs_delta,bs_delta,0.041277118,0.3002
bs_delta,bs_delta,0.041280247,0.3
bs_delta,bs_delta,0.041282095,0.2998
bs_delta,bs_delta,0.041286424,0.2996
bs_delta,bs_delta,0.041288722,0.2994
bs_delta,bs_delta,0.041294105,0.2992
bs_delta,bs_delta,0.041299075,0.299
bs_delta,bs_delta,0.041301206,0.2988
bs_delta,bs_delta,0.041307524,0.2986
bs_delta,bs_delta,0.041311167,0.2984
bs_delta,bs_delta,0.041316535,0.2982
bs_delta,bs_delta,0.04131975,0.298
bs_delta,bs_delta,0.04132326,0.2978
bs_delta,bs_delta,0.041332357,0.2976
bs_delta,bs_delta,0.04134133,0.2974
bs_delta,bs_delta,0.0413433,0.2972
bs_delta,bs_delta,0.041346196,0.297
bs_delta,bs_delta,0.041347522,0.2968
bs_delta,bs_delta,0.041350864,0.2966
bs_delta,bs_delta,0.041358102,0.2964
bs_delta,bs_delta,0.04136173,0.2962
bs_delta,bs_delta,0.041363973,0.296
bs_delta,bs_delta,0.04137075,0.2958
bs_delta,bs_delta,0.041373402,0.2956
bs_delta,bs_delta,0.041378517,0.2954
bs_delta,bs_delta,0.04138837,0.2952
bs_delta,bs_delta,0.041391455,0.295
bs_delta,bs_delta,0.041396763,0.2948
bs_delta,bs_delta,0.041401863,0.2946
bs_delta,bs_delta,0.041404217,0.2944
bs_delta,bs_delta,0.041408468,0.2942
bs_delta,bs_delta,0.041413385,0.294
bs_delta,bs_delta,0.04141656,0.2938
bs_delta,bs_delta,0.0414201,0.2936
bs_delta,bs_delta,0.041422,0.2934
bs_delta,bs_delta,0.041427054,0.2932
bs_delta,bs_delta,0.041432757,0.293
bs_delta,bs_delta,0.041436907,0.2928
bs_delta,bs_delta,0.041439876,0.2926
bs_delta,bs_delta,0.04144293,0.2924
bs_delta,bs_delta,0.04144487,0.2922
bs_delta,bs_delta,0.04145114,0.292
bs_delta,bs_delta,0.041454896,0.2918
bs_delta,bs_delta,0.04145769,0.2916
bs_delta,bs_delta,0.041461524,0.2914
bs_delta,bs_delta,0.041466303,0.2912
bs_delta,bs_delta,0.041469775,0.291
bs_delta,bs_delta,0.04147578,0.2908
bs_delta,bs_delta,0.041479755,0.2906
bs_delta,bs_delta,0.041482486,0.2904
bs_delta,bs_delta,0.04148639,0.2902
bs_delta,bs_delta,0.04149112,0.29
bs_delta,bs_delta,0.041494947,0.2898
bs_delta,bs_delta,0.04150228,0.2896
bs_delta,bs_delta,0.041507512,0.2894
bs_delta,bs_delta,0.041508988,0.2892
bs_delta,bs_delta,0.04151339,0.289
bs_delta,bs_delta,0.04151569,0.2888
bs_delta,bs_delta,0.041521873,0.2886
bs_delta,bs_delta,0.04152542,0.2884
bs_delta,bs_delta,0.04153012,0.2882
bs_delta,bs_delta,0.04153754,0.288
bs_delta,bs_delta,0.04154131,0.2878
bs_delta,bs_delta,0.041552182,0.2876
bs_delta,bs_delta,0.041556496,0.2874
bs_delta,bs_delta,0.041562054,0.2872
bs_delta,bs_delta,0.041571792,0.287
bs_delta,bs_delta,0.04157448,0.2868
bs_delta,bs_delta,0.041580763,0.2866
bs_delta,bs_delta,0.041586064,0.2864
bs_delta,bs_delta,0.041589994,0.2862
bs_delta,bs_delta,0.041591845,0.286
bs_delta,bs_delta,0.041594606,0.2858
bs_delta,bs_delta,0.041598484,0.2856
bs_delta,bs_delta,0.041603237,0.2854
bs_delta,bs_delta,0.04160465,0.2852
bs_delta,bs_delta,0.041613076,0.285
bs_delta,bs_delta,0.04161912,0.2848
bs_delta,bs_delta,0.041627247,0.2846
bs_delta,bs_delta,0.04163245,0.2844
bs_delta,bs_delta,0.041636713,0.2842
bs_delta,bs_delta,0.04164499,0.284
bs_delta,bs_delta,0.041649777,0.2838
bs_delta,bs_delta,0.04165186,0.2836
bs_delta,bs_delta,0.041656803,0.2834
bs_delta,bs_delta,0.04166158,0.2832
bs_delta,bs_delta,0.04166843,0.283
bs_delta,bs_delta,0.041671433,0.2828
bs_delta,bs_delta,0.041677862,0.2826
bs_delta,bs_delta,0.04168252,0.2824
bs_delta,bs_delta,0.04168693,0.2822
bs_delta,bs_delta,0.04169463,0.282
bs_delta,bs_delta,0.041699614,0.2818
bs_delta,bs_delta,0.041704793,0.2816
bs_delta,bs_delta,0.041710835,0.2814
bs_delta,bs_delta,0.041716643,0.2812
bs_delta,bs_delta,0.041720416,0.281
bs_delta,bs_delta,0.041722767,0.2808
bs_delta,bs_delta,0.041725837,0.2806
bs_delta,bs_delta,0.04172779,0.2804
bs_delta,bs_delta,0.041730337,0.2802
bs_delta,bs_delta,0.041731406,0.28
bs_delta,bs_delta,0.04173655,0.2798
bs_delta,bs_delta,0.041739702,0.2796
bs_delta,bs_delta,0.04174616,0.2794
bs_delta,bs_delta,0.04175742,0.2792
bs_delta,bs_delta,0.041762985,0.279
bs_delta,bs_delta,0.041764602,0.2788
bs_delta,bs_delta,0.041771542,0.2786
bs_delta,bs_delta,0.04177797,0.2784
bs_delta,bs_delta,0.04178621,0.2782
bs_delta,bs_delta,0.04178959,0.278
bs_delta,bs_delta,0.041794315,0.2778
bs_delta,bs_delta,0.041798513,0.2776
bs_delta,bs_delta,0.041803423,0.2774
bs_delta,bs_delta,0.041807983,0.2772
bs_delta,bs_delta,0.041812867,0.277
bs_delta,bs_delta,0.041823212,0.2768
bs_delta,bs_delta,0.041828346,0.2766
bs_delta,bs_delta,0.041837938,0.2764
bs_delta,bs_delta,0.04184155,0.2762
bs_delta,bs_delta,0.041847862,0.276
bs_delta,bs_delta,0.041852415,0.2758
bs_delta,bs_delta,0.041855693,0.2756
bs_delta,bs_delta,0.041866712,0.2754
bs_delta,bs_delta,0.041869827,0.2752
bs_delta,bs_delta,0.041875817,0.275
bs_delta,bs_delta,0.0418817,0.2748
bs_delta,bs_delta,0.04188519,0.2746
bs_delta,bs_delta,0.041891232,0.2744
bs_delta,bs_delta,0.04189942,0.2742
bs_delta,bs_delta,0.041903928,0.274
bs_delta,bs_delta,0.041910972,0.2738
bs_delta,bs_delta,0.041918702,0.2736
bs_delta,bs_delta,0.041920885,0.2734
bs_delta,bs_delta,0.041925658,0.2732
bs_delta,bs_delta,0.041934423,0.273
bs_delta,bs_delta,0.041939966,0.2728
bs_delta,bs_delta,0.041948978,0.2726
bs_delta,bs_delta,0.041952208,0.2724
bs_delta,bs_delta,0.04196287,0.2722
bs_delta,bs_delta,0.041968,0.272
bs_delta,bs_delta,0.04197155,0.2718
bs_delta,bs_delta,0.041977536,0.2716
bs_delta,bs_delta,0.041980408,0.2714
bs_delta,bs_delta,0.041983947,0.2712
bs_delta,bs_delta,0.04198969,0.271
bs_delta,bs_delta,0.04199482,0.2708
bs_delta,bs_delta,0.042005554,0.2706
bs_delta,bs_delta,0.042012684,0.2704
bs_delta,bs_delta,0.042016927,0.2702
bs_delta,bs_delta,0.042019054,0.27
bs_delta,bs_delta,0.042023946,0.2698
bs_delta,bs_delta,0.042026427,0.2696
bs_delta,bs_delta,0.042029385,0.2694
bs_delta,bs_delta,0.04203289,0.2692
bs_delta,bs_delta,0.042043667,0.269
bs_delta,bs_delta,0.04204745,0.2688
bs_delta,bs_delta,0.04205338,0.2686
bs_delta,bs_delta,0.04205663,0.2684
bs_delta,bs_delta,0.04206126,0.2682
bs_delta,bs_delta,0.04207367,0.268
bs_delta,bs_delta,0.04207778,0.2678
bs_delta,bs_delta,0.04208323,0.2676
bs_delta,bs_delta,0.04208779,0.2674
bs_delta,bs_delta,0.04209166,0.2672
bs_delta,bs_delta,0.04209823,0.267
bs_delta,bs_delta,0.042101964,0.2668
bs_delta,bs_delta,0.042103987,0.2666
bs_delta,bs_delta,0.04211018,0.2664
bs_delta,bs_delta,0.042115517,0.2662
bs_delta,bs_delta,0.0421188,0.266
bs_delta,bs_delta,0.04212419,0.2658
bs_delta,bs_delta,0.042132825,0.2656
bs_delta,bs_delta,0.04213767,0.2654
bs_delta,bs_delta,0.042142395,0.2652
bs_delta,bs_delta,0.042146463,0.265
bs_delta,bs_delta,0.042153332,0.2648
bs_delta,bs_delta,0.042163175,0.2646
bs_delta,bs_delta,0.042177815,0.2644
bs_delta,bs_delta,0.042183615,0.2642
bs_delta,bs_delta,0.04218583,0.264
bs_delta,bs_delta,0.042193614,0.2638
bs_delta,bs_delta,0.042198747,0.2636
bs_delta,bs_delta,0.042208884,0.2634
bs_delta,bs_delta,0.042216994,0.2632
bs_delta,bs_delta,0.042220682,0.263
bs_delta,bs_delta,0.042223424,0.2628
bs_delta,bs_delta,0.04222649,0.2626
bs_delta,bs_delta,0.042230073,0.2624
bs_delta,bs_delta,0.04223488,0.2622
bs_delta,bs_delta,0.042237647,0.262
bs_delta,bs_delta,0.042241298,0.2618
bs_delta,bs_delta,0.04224595,0.2616
bs_delta,bs_delta,0.042248566,0.2614
bs_delta,bs_delta,0.042251296,0.2612
bs_delta,bs_delta,0.04225598,0.261
bs_delta,bs_delta,0.04226259,0.2608
bs_delta,bs_delta,0.04226638,0.2606
bs_delta,bs_delta,0.0422692,0.2604
bs_delta,bs_delta,0.042271584,0.2602
bs_delta,bs_delta,0.04227898,0.26
bs_delta,bs_delta,0.042282533,0.2598
bs_delta,bs_delta,0.042290878,0.2596
bs_delta,bs_delta,0.042295918,0.2594
bs_delta,bs_delta,0.042297993,0.2592
bs_delta,bs_delta,0.04230052,0.259
bs_delta,bs_delta,0.042304233,0.2588
bs_delta,bs_delta,0.042307425,0.2586
bs_delta,bs_delta,0.042314775,0.2584
bs_delta,bs_delta,0.042318836,0.2582
bs_delta,bs_delta,0.042321417,0.258
bs_delta,bs_delta,0.042328436,0.2578
bs_delta,bs_delta,0.042333234,0.2576
bs_delta,bs_delta,0.04233806,0.2574
bs_delta,bs_delta,0.042343393,0.2572
bs_delta,bs_delta,0.0423489,0.257
bs_delta,bs_delta,0.042354733,0.2568
bs_delta,bs_delta,0.04236483,0.2566
bs_delta,bs_delta,0.042370114,0.2564
bs_delta,bs_delta,0.042374387,0.2562
bs_delta,bs_delta,0.0423796,0.256
bs_delta,bs_delta,0.042383786,0.2558
bs_delta,bs_delta,0.042387083,0.2556
bs_delta,bs_delta,0.042389676,0.2554
bs_delta,bs_delta,0.042395018,0.2552
bs_delta,bs_delta,0.04239768,0.255
bs_delta,bs_delta,0.04240084,0.2548
bs_delta,bs_delta,0.04240353,0.2546
bs_delta,bs_delta,0.042406123,0.2544
bs_delta,bs_delta,0.042406797,0.2542
bs_delta,bs_delta,0.04240849,0.254
bs_delta,bs_delta,0.0424119,0.2538
bs_delta,bs_delta,0.04241897,0.2536
bs_delta,bs_delta,0.04242275,0.2534
bs_delta,bs_delta,0.042429082,0.2532
bs_delta,bs_delta,0.04243782,0.253
bs_delta,bs_delta,0.04244407,0.2528
bs_delta,bs_delta,0.042446356,0.2526
bs_delta,bs_delta,0.042452168,0.2524
bs_delta,bs_delta,0.042456202,0.2522
bs_delta,bs_delta,0.04246024,0.252
bs_delta,bs_delta,0.0424669,0.2518
bs_delta,bs_delta,0.04247297,0.2516
bs_delta,bs_delta,0.042477574,0.2514
bs_delta,bs_delta,0.042482313,0.2512
bs_delta,bs_delta,0.042483404,0.251
bs_delta,bs_delta,0.04248638,0.2508
bs_delta,bs_delta,0.04249007,0.2506
bs_delta,bs_delta,0.042492233,0.2504
bs_delta,bs_delta,0.042499427,0.2502
bs_delta,bs_delta,0.042501565,0.25
bs_delta,bs_delta,0.0425052,0.2498
bs_delta,bs_delta,0.042506617,0.2496
bs_delta,bs_delta,0.042509805,0.2494
bs_delta,bs_delta,0.04251412,0.2492
bs_delta,bs_delta,0.042519413,0.249
bs_delta,bs_delta,0.042527944,0.2488
bs_delta,bs_delta,0.04253161,0.2486
bs_delta,bs_delta,0.042537414,0.2484
bs_delta,bs_delta,0.042548712,0.2482
bs_delta,bs_delta,0.042555533,0.248
bs_delta,bs_delta,0.042562377,0.2478
bs_delta,bs_delta,0.042565376,0.2476
bs_delta,bs_delta,0.042567883,0.2474
bs_delta,bs_delta,0.042569634,0.2472
bs_delta,bs_delta,0.042582802,0.247
bs_delta,bs_delta,0.04258572,0.2468
bs_delta,bs_delta,0.042594276,0.2466
bs_delta,bs_delta,0.042598076,0.2464
bs_delta,bs_delta,0.042603157,0.2462
bs_delta,bs_delta,0.042608496,0.246
bs_delta,bs_delta,0.042619478,0.2458
bs_delta,bs_delta,0.04262283,0.2456
bs_delta,bs_delta,0.04262592,0.2454
bs_delta,bs_delta,0.04262798,0.2452
bs_delta,bs_delta,0.04263415,0.245
bs_delta,bs_delta,0.042638168,0.2448
bs_delta,bs_delta,0.042646687,0.2446
bs_delta,bs_delta,0.042652797,0.2444
bs_delta,bs_delta,0.04266105,0.2442
bs_delta,bs_delta,0.042667534,0.244
bs_delta,bs_delta,0.042675145,0.2438
bs_delta,bs_delta,0.042682827,0.2436
bs_delta,bs_delta,0.0426886,0.2434
bs_delta,bs_delta,0.04269186,0.2432
bs_delta,bs_delta,0.042699262,0.243
bs_delta,bs_delta,0.042708006,0.2428
bs_delta,bs_delta,0.04271214,0.2426
bs_delta,bs_delta,0.04272011,0.2424
bs_delta,bs_delta,0.042723835,0.2422
bs_delta,bs_delta,0.04272944,0.242
bs_delta,bs_delta,0.042733103,0.2418
bs_delta,bs_delta,0.04273649,0.2416
bs_delta,bs_delta,0.042739853,0.2414
bs_delta,bs_delta,0.042744752,0.2412
bs_delta,bs_delta,0.04275072,0.241
bs_delta,bs_delta,0.04275436,0.2408
bs_delta,bs_delta,0.042760227,0.2406
bs_delta,bs_delta,0.04276484,0.2404
bs_delta,bs_delta,0.042770755,0.2402
bs_delta,bs_delta,0.042777393,0.24
bs_delta,bs_delta,0.042782735,0.2398
bs_delta,bs_delta,0.04278722,0.2396
bs_delta,bs_delta,0.0427908,0.2394
bs_delta,bs_delta,0.042794522,0.2392
bs_delta,bs_delta,0.04280423,0.239
bs_delta,bs_delta,0.042812243,0.2388
bs_delta,bs_delta,0.04281352,0.2386
bs_delta,bs_delta,0.04282314,0.2384
bs_delta,bs_delta,0.042826697,0.2382
bs_delta,bs_delta,0.042829778,0.238
bs_delta,bs_delta,0.04283571,0.2378
bs_delta,bs_delta,0.042840485,0.2376
bs_delta,bs_delta,0.04285106,0.2374
bs_delta,bs_delta,0.042855788,0.2372
bs_delta,bs_delta,0.04286225,0.237
bs_delta,bs_delta,0.04286625,0.2368
bs_delta,bs_delta,0.042873677,0.2366
bs_delta,bs_delta,0.04287995,0.2364
bs_delta,bs_delta,0.042881653,0.2362
bs_delta,bs_delta,0.04289397,0.236
bs_delta,bs_delta,0.04289688,0.2358
bs_delta,bs_delta,0.04290213,0.2356
bs_delta,bs_delta,0.042908628,0.2354
bs_delta,bs_delta,0.042915158,0.2352
bs_delta,bs_delta,0.0429248,0.235
bs_delta,bs_delta,0.04292927,0.2348
bs_delta,bs_delta,0.042931553,0.2346
bs_delta,bs_delta,0.04294791,0.2344
bs_delta,bs_delta,0.042954102,0.2342
bs_delta,bs_delta,0.042957287,0.234
bs_delta,bs_delta,0.042959493,0.2338
bs_delta,bs_delta,0.04296392,0.2336
bs_delta,bs_delta,0.042970143,0.2334
bs_delta,bs_delta,0.042971987,0.2332
bs_delta,bs_delta,0.042982206,0.233
bs_delta,bs_delta,0.04299808,0.2328
bs_delta,bs_delta,0.04300262,0.2326
bs_delta,bs_delta,0.04300487,0.2324
bs_delta,bs_delta,0.04300849,0.2322
bs_delta,bs_delta,0.04301127,0.232
bs_delta,bs_delta,0.043013472,0.2318
bs_delta,bs_delta,0.04302021,0.2316
bs_delta,bs_delta,0.043023318,0.2314
bs_delta,bs_delta,0.04302639,0.2312
bs_delta,bs_delta,0.043032307,0.231
bs_delta,bs_delta,0.043036334,0.2308
bs_delta,bs_delta,0.043043982,0.2306
bs_delta,bs_delta,0.043051485,0.2304
bs_delta,bs_delta,0.04305596,0.2302
bs_delta,bs_delta,0.04306114,0.23
bs_delta,bs_delta,0.04306803,0.2298
bs_delta,bs_delta,0.043071304,0.2296
bs_delta,bs_delta,0.043077204,0.2294
bs_delta,bs_delta,0.04308171,0.2292
bs_delta,bs_delta,0.043087643,0.229
bs_delta,bs_delta,0.043091565,0.2288
bs_delta,bs_delta,0.04310008,0.2286
bs_delta,bs_delta,0.04310155,0.2284
bs_delta,bs_delta,0.04310418,0.2282
bs_delta,bs_delta,0.04311078,0.228
bs_delta,bs_delta,0.043124676,0.2278
bs_delta,bs_delta,0.04313009,0.2276
bs_delta,bs_delta,0.043133814,0.2274
bs_delta,bs_delta,0.04313804,0.2272
bs_delta,bs_delta,0.043143127,0.227
bs_delta,bs_delta,0.043149266,0.2268
bs_delta,bs_delta,0.04315233,0.2266
bs_delta,bs_delta,0.043154527,0.2264
bs_delta,bs_delta,0.04316269,0.2262
bs_delta,bs_delta,0.043167293,0.226
bs_delta,bs_delta,0.043173473,0.2258
bs_delta,bs_delta,0.043181445,0.2256
bs_delta,bs_delta,0.043187063,0.2254
bs_delta,bs_delta,0.04319847,0.2252
bs_delta,bs_delta,0.04320265,0.225
bs_delta,bs_delta,0.043204956,0.2248
bs_delta,bs_delta,0.04322802,0.2246
bs_delta,bs_delta,0.043240942,0.2244
bs_delta,bs_delta,0.043247987,0.2242
bs_delta,bs_delta,0.043250192,0.224
bs_delta,bs_delta,0.043254122,0.2238
bs_delta,bs_delta,0.04326143,0.2236
bs_delta,bs_delta,0.0432636,0.2234
bs_delta,bs_delta,0.043269493,0.2232
bs_delta,bs_delta,0.043277398,0.223
bs_delta,bs_delta,0.04328738,0.2228
bs_delta,bs_delta,0.043291908,0.2226
bs_delta,bs_delta,0.04329663,0.2224
bs_delta,bs_delta,0.04330123,0.2222
bs_delta,bs_delta,0.043306895,0.222
bs_delta,bs_delta,0.04330966,0.2218
bs_delta,bs_delta,0.043314245,0.2216
bs_delta,bs_delta,0.04332168,0.2214
bs_delta,bs_delta,0.0433277,0.2212
bs_delta,bs_delta,0.04333607,0.221
bs_delta,bs_delta,0.04334163,0.2208
bs_delta,bs_delta,0.043344587,0.2206
bs_delta,bs_delta,0.043352913,0.2204
bs_delta,bs_delta,0.043355573,0.2202
bs_delta,bs_delta,0.04336483,0.22
bs_delta,bs_delta,0.04336841,0.2198
bs_delta,bs_delta,0.04337445,0.2196
bs_delta,bs_delta,0.0433781,0.2194
bs_delta,bs_delta,0.043385424,0.2192
bs_delta,bs_delta,0.043397073,0.219
bs_delta,bs_delta,0.04340692,0.2188
bs_delta,bs_delta,0.043408036,0.2186
bs_delta,bs_delta,0.043410767,0.2184
bs_delta,bs_delta,0.043415718,0.2182
bs_delta,bs_delta,0.043417607,0.218
bs_delta,bs_delta,0.043427203,0.2178
bs_delta,bs_delta,0.043434598,0.2176
bs_delta,bs_delta,0.043439288,0.2174
bs_delta,bs_delta,0.043445878,0.2172
bs_delta,bs_delta,0.043455113,0.217
bs_delta,bs_delta,0.043460958,0.2168
bs_delta,bs_delta,0.04347045,0.2166
bs_delta,bs_delta,0.04347385,0.2164
bs_delta,bs_delta,0.04347691,0.2162
bs_delta,bs_delta,0.04348144,0.216
bs_delta,bs_delta,0.043490574,0.2158
bs_delta,bs_delta,0.043506354,0.2156
bs_delta,bs_delta,0.043513793,0.2154
bs_delta,bs_delta,0.043520007,0.2152
bs_delta,bs_delta,0.043525215,0.215
bs_delta,bs_delta,0.043534126,0.2148
bs_delta,bs_delta,0.04353654,0.2146
bs_delta,bs_delta,0.04354621,0.2144
bs_delta,bs_delta,0.043549214,0.2142
bs_delta,bs_delta,0.043556765,0.214
bs_delta,bs_delta,0.043569136,0.2138
bs_delta,bs_delta,0.04357827,0.2136
bs_delta,bs_delta,0.043581605,0.2134
bs_delta,bs_delta,0.04358563,0.2132
bs_delta,bs_delta,0.043595664,0.213
bs_delta,bs_delta,0.0435978,0.2128
bs_delta,bs_delta,0.043606646,0.2126
bs_delta,bs_delta,0.043615263,0.2124
bs_delta,bs_delta,0.04362104,0.2122
bs_delta,bs_delta,0.043628626,0.212
bs_delta,bs_delta,0.043631982,0.2118
bs_delta,bs_delta,0.0436379,0.2116
bs_delta,bs_delta,0.043644488,0.2114
bs_delta,bs_delta,0.043652218,0.2112
bs_delta,bs_delta,0.04366013,0.211
bs_delta,bs_delta,0.043662384,0.2108
bs_delta,bs_delta,0.043670494,0.2106
bs_delta,bs_delta,0.043678056,0.2104
bs_delta,bs_delta,0.043681007,0.2102
bs_delta,bs_delta,0.043687392,0.21
bs_delta,bs_delta,0.043691427,0.2098
bs_delta,bs_delta,0.04370216,0.2096
bs_delta,bs_delta,0.043704413,0.2094
bs_delta,bs_delta,0.043708056,0.2092
bs_delta,bs_delta,0.043713633,0.209
bs_delta,bs_delta,0.04372363,0.2088
bs_delta,bs_delta,0.043727506,0.2086
bs_delta,bs_delta,0.04373167,0.2084
bs_delta,bs_delta,0.043740924,0.2082
bs_delta,bs_delta,0.043746892,0.208
bs_delta,bs_delta,0.04375795,0.2078
bs_delta,bs_delta,0.04376645,0.2076
bs_delta,bs_delta,0.043770317,0.2074
bs_delta,bs_delta,0.04377608,0.2072
bs_delta,bs_delta,0.043779608,0.207
bs_delta,bs_delta,0.043785043,0.2068
bs_delta,bs_delta,0.04379693,0.2066
bs_delta,bs_delta,0.043802038,0.2064
bs_delta,bs_delta,0.04380354,0.2062
bs_delta,bs_delta,0.043809716,0.206
bs_delta,bs_delta,0.043821834,0.2058
bs_delta,bs_delta,0.043826286,0.2056
bs_delta,bs_delta,0.043840278,0.2054
bs_delta,bs_delta,0.043848827,0.2052
bs_delta,bs_delta,0.043854084,0.205
bs_delta,bs_delta,0.043859985,0.2048
bs_delta,bs_delta,0.04386462,0.2046
bs_delta,bs_delta,0.043875646,0.2044
bs_delta,bs_delta,0.043877184,0.2042
bs_delta,bs_delta,0.043879468,0.204
bs_delta,bs_delta,0.04388435,0.2038
bs_delta,bs_delta,0.043889094,0.2036
bs_delta,bs_delta,0.043891244,0.2034
bs_delta,bs_delta,0.04390053,0.2032
bs_delta,bs_delta,0.043911647,0.203
bs_delta,bs_delta,0.043923058,0.2028
bs_delta,bs_delta,0.04392632,0.2026
bs_delta,bs_delta,0.043934215,0.2024
bs_delta,bs_delta,0.043942608,0.2022
bs_delta,bs_delta,0.04394974,0.202
bs_delta,bs_delta,0.043953333,0.2018
bs_delta,bs_delta,0.043962955,0.2016
bs_delta,bs_delta,0.043967582,0.2014
bs_delta,bs_delta,0.043973844,0.2012
bs_delta,bs_delta,0.043986306,0.201
bs_delta,bs_delta,0.04398923,0.2008
bs_delta,bs_delta,0.04399659,0.2006
bs_delta,bs_delta,0.043999266,0.2004
bs_delta,bs_delta,0.04401215,0.2002
bs_delta,bs_delta,0.04401413,0.2
bs_delta,bs_delta,0.044017386,0.1998
bs_delta,bs_delta,0.044020627,0.1996
bs_delta,bs_delta,0.044024017,0.1994
bs_delta,bs_delta,0.044031717,0.1992
bs_delta,bs_delta,0.04404107,0.199
bs_delta,bs_delta,0.04404358,0.1988
bs_delta,bs_delta,0.044052247,0.1986
bs_delta,bs_delta,0.044057284,0.1984
bs_delta,bs_delta,0.044063065,0.1982
bs_delta,bs_delta,0.04406409,0.198
bs_delta,bs_delta,0.04407489,0.1978
bs_delta,bs_delta,0.04408208,0.1976
bs_delta,bs_delta,0.044089135,0.1974
bs_delta,bs_delta,0.044093013,0.1972
bs_delta,bs_delta,0.04409953,0.197
bs_delta,bs_delta,0.044104204,0.1968
bs_delta,bs_delta,0.044112507,0.1966
bs_delta,bs_delta,0.044116125,0.1964
bs_delta,bs_delta,0.044121325,0.1962
bs_delta,bs_delta,0.044130877,0.196
bs_delta,bs_delta,0.044134773,0.1958
bs_delta,bs_delta,0.044143043,0.1956
bs_delta,bs_delta,0.044149615,0.1954
bs_delta,bs_delta,0.044153012,0.1952
bs_delta,bs_delta,0.044161003,0.195
bs_delta,bs_delta,0.044167597,0.1948
bs_delta,bs_delta,0.044171866,0.1946
bs_delta,bs_delta,0.044179667,0.1944
bs_delta,bs_delta,0.04418621,0.1942
bs_delta,bs_delta,0.044191614,0.194
bs_delta,bs_delta,0.044199456,0.1938
bs_delta,bs_delta,0.044205435,0.1936
bs_delta,bs_delta,0.044209875,0.1934
bs_delta,bs_delta,0.044214256,0.1932
bs_delta,bs_delta,0.044223674,0.193
bs_delta,bs_delta,0.0442312,0.1928
bs_delta,bs_delta,0.044237822,0.1926
bs_delta,bs_delta,0.044248234,0.1924
bs_delta,bs_delta,0.044258133,0.1922
bs_delta,bs_delta,0.04426352,0.192
bs_delta,bs_delta,0.044273883,0.1918
bs_delta,bs_delta,0.044284835,0.1916
bs_delta,bs_delta,0.044288933,0.1914
bs_delta,bs_delta,0.044294868,0.1912
bs_delta,bs_delta,0.044299204,0.191
bs_delta,bs_delta,0.04430483,0.1908
bs_delta,bs_delta,0.044309765,0.1906
bs_delta,bs_delta,0.044328887,0.1904
bs_delta,bs_delta,0.04433593,0.1902
bs_delta,bs_delta,0.044339094,0.19
bs_delta,bs_delta,0.04434244,0.1898
bs_delta,bs_delta,0.04434998,0.1896
bs_delta,bs_delta,0.044360332,0.1894
bs_delta,bs_delta,0.04436569,0.1892
bs_delta,bs_delta,0.04437891,0.189
bs_delta,bs_delta,0.04438534,0.1888
bs_delta,bs_delta,0.04439494,0.1886
bs_delta,bs_delta,0.044396453,0.1884
bs_delta,bs_delta,0.044405516,0.1882
bs_delta,bs_delta,0.04441313,0.188
bs_delta,bs_delta,0.044420544,0.1878
bs_delta,bs_delta,0.044426695,0.1876
bs_delta,bs_delta,0.044432785,0.1874
bs_delta,bs_delta,0.044437908,0.1872
bs_delta,bs_delta,0.044442013,0.187
bs_delta,bs_delta,0.044445105,0.1868
bs_delta,bs_delta,0.044459008,0.1866
bs_delta,bs_delta,0.044463813,0.1864
bs_delta,bs_delta,0.04447187,0.1862
bs_delta,bs_delta,0.04447684,0.186
bs_delta,bs_delta,0.044484574,0.1858
bs_delta,bs_delta,0.044487745,0.1856
bs_delta,bs_delta,0.044490602,0.1854
bs_delta,bs_delta,0.044497106,0.1852
bs_delta,bs_delta,0.044501223,0.185
bs_delta,bs_delta,0.044508617,0.1848
bs_delta,bs_delta,0.044518042,0.1846
bs_delta,bs_delta,0.04452297,0.1844
bs_delta,bs_delta,0.044530325,0.1842
bs_delta,bs_delta,0.044533968,0.184
bs_delta,bs_delta,0.04454563,0.1838
bs_delta,bs_delta,0.044555556,0.1836
bs_delta,bs_delta,0.044559423,0.1834
bs_delta,bs_delta,0.044567473,0.1832
bs_delta,bs_delta,0.044579748,0.183
bs_delta,bs_delta,0.044585366,0.1828
bs_delta,bs_delta,0.04459144,0.1826
bs_delta,bs_delta,0.044596948,0.1824
bs_delta,bs_delta,0.044602025,0.1822
bs_delta,bs_delta,0.044610262,0.182
bs_delta,bs_delta,0.04461607,0.1818
bs_delta,bs_delta,0.044626337,0.1816
bs_delta,bs_delta,0.04463778,0.1814
bs_delta,bs_delta,0.044643,0.1812
bs_delta,bs_delta,0.044651765,0.181
bs_delta,bs_delta,0.04465442,0.1808
bs_delta,bs_delta,0.044662178,0.1806
bs_delta,bs_delta,0.044667616,0.1804
bs_delta,bs_delta,0.044679157,0.1802
bs_delta,bs_delta,0.04468634,0.18
bs_delta,bs_delta,0.044695064,0.1798
bs_delta,bs_delta,0.044702105,0.1796
bs_delta,bs_delta,0.04470712,0.1794
bs_delta,bs_delta,0.04471344,0.1792
bs_delta,bs_delta,0.044718117,0.179
bs_delta,bs_delta,0.044724718,0.1788
bs_delta,bs_delta,0.04472594,0.1786
bs_delta,bs_delta,0.0447398,0.1784
bs_delta,bs_delta,0.044744264,0.1782
bs_delta,bs_delta,0.044752125,0.178
bs_delta,bs_delta,0.04475736,0.1778
bs_delta,bs_delta,0.044758946,0.1776
bs_delta,bs_delta,0.044766877,0.1774
bs_delta,bs_delta,0.044773474,0.1772
bs_delta,bs_delta,0.044780776,0.177
bs_delta,bs_delta,0.04479302,0.1768
bs_delta,bs_delta,0.044797875,0.1766
bs_delta,bs_delta,0.044810392,0.1764
bs_delta,bs_delta,0.04481363,0.1762
bs_delta,bs_delta,0.04481926,0.176
bs_delta,bs_delta,0.044833522,0.1758
bs_delta,bs_delta,0.044837866,0.1756
bs_delta,bs_delta,0.044839125,0.1754
bs_delta,bs_delta,0.044845443,0.1752
bs_delta,bs_delta,0.044848572,0.175
bs_delta,bs_delta,0.044854395,0.1748
bs_delta,bs_delta,0.044864345,0.1746
bs_delta,bs_delta,0.044873904,0.1744
bs_delta,bs_delta,0.044884603,0.1742
bs_delta,bs_delta,0.044892255,0.174
bs_delta,bs_delta,0.044897962,0.1738
bs_delta,bs_delta,0.04490373,0.1736
bs_delta,bs_delta,0.044912055,0.1734
bs_delta,bs_delta,0.044914637,0.1732
bs_delta,bs_delta,0.04492182,0.173
bs_delta,bs_delta,0.044932112,0.1728
bs_delta,bs_delta,0.04494328,0.1726
bs_delta,bs_delta,0.044946853,0.1724
bs_delta,bs_delta,0.044955187,0.1722
bs_delta,bs_delta,0.044961527,0.172
bs_delta,bs_delta,0.044972606,0.1718
bs_delta,bs_delta,0.044978358,0.1716
bs_delta,bs_delta,0.04499343,0.1714
bs_delta,bs_delta,0.044998508,0.1712
bs_delta,bs_delta,0.045001287,0.171
bs_delta,bs_delta,0.045016196,0.1708
bs_delta,bs_delta,0.045023076,0.1706
bs_delta,bs_delta,0.04503366,0.1704
bs_delta,bs_delta,0.045039855,0.1702
bs_delta,bs_delta,0.0450568,0.17
bs_delta,bs_delta,0.045063496,0.1698
bs_delta,bs_delta,0.045067474,0.1696
bs_delta,bs_delta,0.045079395,0.1694
bs_delta,bs_delta,0.045083858,0.1692
bs_delta,bs_delta,0.04509146,0.169
bs_delta,bs_delta,0.045102574,0.1688
bs_delta,bs_delta,0.045113336,0.1686
bs_delta,bs_delta,0.04512463,0.1684
bs_delta,bs_delta,0.04513474,0.1682
bs_delta,bs_delta,0.04515013,0.168
bs_delta,bs_delta,0.0451579,0.1678
bs_delta,bs_delta,0.045162458,0.1676
bs_delta,bs_delta,0.045171533,0.1674
bs_delta,bs_delta,0.045175068,0.1672
bs_delta,bs_delta,0.04518524,0.167
bs_delta,bs_delta,0.045194943,0.1668
bs_delta,bs_delta,0.045219958,0.1666
bs_delta,bs_delta,0.045224637,0.1664
bs_delta,bs_delta,0.045237336,0.1662
bs_delta,bs_delta,0.045246985,0.166
bs_delta,bs_delta,0.045254074,0.1658
bs_delta,bs_delta,0.04527,0.1656
bs_delta,bs_delta,0.04528669,0.1654
bs_delta,bs_delta,0.04529223,0.1652
bs_delta,bs_delta,0.04529855,0.165
bs_delta,bs_delta,0.045312293,0.1648
bs_delta,bs_delta,0.04531402,0.1646
bs_delta,bs_delta,0.045317158,0.1644
bs_delta,bs_delta,0.04532754,0.1642
bs_delta,bs_delta,0.04533795,0.164
bs_delta,bs_delta,0.045352224,0.1638
bs_delta,bs_delta,0.045358732,0.1636
bs_delta,bs_delta,0.045367576,0.1634
bs_delta,bs_delta,0.04538447,0.1632
bs_delta,bs_delta,0.045393944,0.163
bs_delta,bs_delta,0.045410413,0.1628
bs_delta,bs_delta,0.045413762,0.1626
bs_delta,bs_delta,0.045419723,0.1624
bs_delta,bs_delta,0.045444787,0.1622
bs_delta,bs_delta,0.04545194,0.162
bs_delta,bs_delta,0.04546146,0.1618
bs_delta,bs_delta,0.045478646,0.1616
bs_delta,bs_delta,0.04548285,0.1614
bs_delta,bs_delta,0.045489706,0.1612
bs_delta,bs_delta,0.045494262,0.161
bs_delta,bs_delta,0.045502264,0.1608
bs_delta,bs_delta,0.045507547,0.1606
bs_delta,bs_delta,0.045524284,0.1604
bs_delta,bs_delta,0.045534626,0.1602
bs_delta,bs_delta,0.0455447,0.16
bs_delta,bs_delta,0.04555511,0.1598
bs_delta,bs_delta,0.045561258,0.1596
bs_delta,bs_delta,0.045569163,0.1594
bs_delta,bs_delta,0.045584958,0.1592
bs_delta,bs_delta,0.045594413,0.159
bs_delta,bs_delta,0.045604564,0.1588
bs_delta,bs_delta,0.045610603,0.1586
bs_delta,bs_delta,0.0456152,0.1584
bs_delta,bs_delta,0.04562207,0.1582
bs_delta,bs_delta,0.04562919,0.158
bs_delta,bs_delta,0.04563497,0.1578
bs_delta,bs_delta,0.04563969,0.1576
bs_delta,bs_delta,0.045646336,0.1574
bs_delta,bs_delta,0.045651723,0.1572
bs_delta,bs_delta,0.045661848,0.157
bs_delta,bs_delta,0.045667127,0.1568
bs_delta,bs_delta,0.045669727,0.1566
bs_delta,bs_delta,0.045679968,0.1564
bs_delta,bs_delta,0.045689754,0.1562
bs_delta,bs_delta,0.045700368,0.156
bs_delta,bs_delta,0.04571343,0.1558
bs_delta,bs_delta,0.045719747,0.1556
bs_delta,bs_delta,0.045726474,0.1554
bs_delta,bs_delta,0.04573152,0.1552
bs_delta,bs_delta,0.045742556,0.155
bs_delta,bs_delta,0.045754682,0.1548
bs_delta,bs_delta,0.04576488,0.1546
bs_delta,bs_delta,0.045769263,0.1544
bs_delta,bs_delta,0.045775436,0.1542
bs_delta,bs_delta,0.04579018,0.154
bs_delta,bs_delta,0.04579433,0.1538
bs_delta,bs_delta,0.045796968,0.1536
bs_delta,bs_delta,0.045805126,0.1534
bs_delta,bs_delta,0.04581878,0.1532
bs_delta,bs_delta,0.045825403,0.153
bs_delta,bs_delta,0.04582825,0.1528
bs_delta,bs_delta,0.045833714,0.1526
bs_delta,bs_delta,0.045846578,0.1524
bs_delta,bs_delta,0.045855004,0.1522
bs_delta,bs_delta,0.045858122,0.152
bs_delta,bs_delta,0.04587699,0.1518
bs_delta,bs_delta,0.045897916,0.1516
bs_delta,bs_delta,0.045906592,0.1514
bs_delta,bs_delta,0.0459147,0.1512
bs_delta,bs_delta,0.045926638,0.151
bs_delta,bs_delta,0.04593289,0.1508
bs_delta,bs_delta,0.04594304,0.1506
bs_delta,bs_delta,0.045951154,0.1504
bs_delta,bs_delta,0.045963235,0.1502
bs_delta,bs_delta,0.045978762,0.15
bs_delta,bs_delta,0.045996808,0.1498
bs_delta,bs_delta,0.046005104,0.1496
bs_delta,bs_delta,0.046010677,0.1494
bs_delta,bs_delta,0.0460209,0.1492
bs_delta,bs_delta,0.04602516,0.149
bs_delta,bs_delta,0.046033207,0.1488
bs_delta,bs_delta,0.046043176,0.1486
bs_delta,bs_delta,0.046057742,0.1484
bs_delta,bs_delta,0.04607001,0.1482
bs_delta,bs_delta,0.04608542,0.148
bs_delta,bs_delta,0.046092752,0.1478
bs_delta,bs_delta,0.046099685,0.1476
bs_delta,bs_delta,0.04611345,0.1474
bs_delta,bs_delta,0.046118263,0.1472
bs_delta,bs_delta,0.04612757,0.147
bs_delta,bs_delta,0.04613567,0.1468
bs_delta,bs_delta,0.046144545,0.1466
bs_delta,bs_delta,0.046159517,0.1464
bs_delta,bs_delta,0.04616677,0.1462
bs_delta,bs_delta,0.04617588,0.146
bs_delta,bs_delta,0.046180088,0.1458
bs_delta,bs_delta,0.04618206,0.1456
bs_delta,bs_delta,0.046194244,0.1454
bs_delta,bs_delta,0.04620128,0.1452
bs_delta,bs_delta,0.04621309,0.145
bs_delta,bs_delta,0.046228237,0.1448
bs_delta,bs_delta,0.046238903,0.1446
bs_delta,bs_delta,0.046242177,0.1444
bs_delta,bs_delta,0.046250455,0.1442
bs_delta,bs_delta,0.046256114,0.144
bs_delta,bs_delta,0.04626636,0.1438
bs_delta,bs_delta,0.04626868,0.1436
bs_delta,bs_delta,0.046274275,0.1434
bs_delta,bs_delta,0.046286944,0.1432
bs_delta,bs_delta,0.04629389,0.143
bs_delta,bs_delta,0.046298485,0.1428
bs_delta,bs_delta,0.046301488,0.1426
bs_delta,bs_delta,0.04631231,0.1424
bs_delta,bs_delta,0.046317004,0.1422
bs_delta,bs_delta,0.04632345,0.142
bs_delta,bs_delta,0.046326417,0.1418
bs_delta,bs_delta,0.04634375,0.1416
bs_delta,bs_delta,0.0463695,0.1414
bs_delta,bs_delta,0.04637616,0.1412
bs_delta,bs_delta,0.0463835,0.141
bs_delta,bs_delta,0.04639025,0.1408
bs_delta,bs_delta,0.046409886,0.1406
bs_delta,bs_delta,0.046416905,0.1404
bs_delta,bs_delta,0.046424273,0.1402
bs_delta,bs_delta,0.046430636,0.14
bs_delta,bs_delta,0.04644187,0.1398
bs_delta,bs_delta,0.046447437,0.1396
bs_delta,bs_delta,0.04646068,0.1394
bs_delta,bs_delta,0.046472725,0.1392
bs_delta,bs_delta,0.046481337,0.139
bs_delta,bs_delta,0.046490245,0.1388
bs_delta,bs_delta,0.046501324,0.1386
bs_delta,bs_delta,0.046508245,0.1384
bs_delta,bs_delta,0.046510775,0.1382
bs_delta,bs_delta,0.046523698,0.138
bs_delta,bs_delta,0.04654364,0.1378
bs_delta,bs_delta,0.04654754,0.1376
bs_delta,bs_delta,0.04655797,0.1374
bs_delta,bs_delta,0.04656143,0.1372
bs_delta,bs_delta,0.04657032,0.137
bs_delta,bs_delta,0.04657828,0.1368
bs_delta,bs_delta,0.046583664,0.1366
bs_delta,bs_delta,0.046594527,0.1364
bs_delta,bs_delta,0.04660042,0.1362
bs_delta,bs_delta,0.04660356,0.136
bs_delta,bs_delta,0.04662015,0.1358
bs_delta,bs_delta,0.04663476,0.1356
bs_delta,bs_delta,0.046641905,0.1354
bs_delta,bs_delta,0.046647623,0.1352
bs_delta,bs_delta,0.046653796,0.135
bs_delta,bs_delta,0.046658993,0.1348
bs_delta,bs_delta,0.046664417,0.1346
bs_delta,bs_delta,0.046670947,0.1344
bs_delta,bs_delta,0.04667951,0.1342
bs_delta,bs_delta,0.046689965,0.134
bs_delta,bs_delta,0.046701886,0.1338
bs_delta,bs_delta,0.04670887,0.1336
bs_delta,bs_delta,0.046720203,0.1334
bs_delta,bs_delta,0.04672534,0.1332
bs_delta,bs_delta,0.046734706,0.133
bs_delta,bs_delta,0.046741977,0.1328
bs_delta,bs_delta,0.046749234,0.1326
bs_delta,bs_delta,0.046766654,0.1324
bs_delta,bs_delta,0.046779625,0.1322
bs_delta,bs_delta,0.04678451,0.132
bs_delta,bs_delta,0.046789583,0.1318
bs_delta,bs_delta,0.04679728,0.1316
bs_delta,bs_delta,0.046805732,0.1314
bs_delta,bs_delta,0.04681408,0.1312
bs_delta,bs_delta,0.046819158,0.131
bs_delta,bs_delta,0.04682996,0.1308
bs_delta,bs_delta,0.046841763,0.1306
bs_delta,bs_delta,0.046848066,0.1304
bs_delta,bs_delta,0.046857227,0.1302
bs_delta,bs_delta,0.046872355,0.13
bs_delta,bs_delta,0.04688124,0.1298
bs_delta,bs_delta,0.046893544,0.1296
bs_delta,bs_delta,0.04690323,0.1294
bs_delta,bs_delta,0.046915784,0.1292
bs_delta,bs_delta,0.046916965,0.129
bs_delta,bs_delta,0.04692296,0.1288
bs_delta,bs_delta,0.046938885,0.1286
bs_delta,bs_delta,0.046953704,0.1284
bs_delta,bs_delta,0.046968427,0.1282
bs_delta,bs_delta,0.046974923,0.128
bs_delta,bs_delta,0.046982296,0.1278
bs_delta,bs_delta,0.04699136,0.1276
bs_delta,bs_delta,0.04699627,0.1274
bs_delta,bs_delta,0.0470053,0.1272
bs_delta,bs_delta,0.047016706,0.127
bs_delta,bs_delta,0.04702443,0.1268
bs_delta,bs_delta,0.047035147,0.1266
bs_delta,bs_delta,0.047049608,0.1264
bs_delta,bs_delta,0.047060255,0.1262
bs_delta,bs_delta,0.04707507,0.126
bs_delta,bs_delta,0.047084454,0.1258
bs_delta,bs_delta,0.0471037,0.1256
bs_delta,bs_delta,0.047115855,0.1254
bs_delta,bs_delta,0.047122154,0.1252
bs_delta,bs_delta,0.047131985,0.125
bs_delta,bs_delta,0.047137238,0.1248
bs_delta,bs_delta,0.04714674,0.1246
bs_delta,bs_delta,0.047157455,0.1244
bs_delta,bs_delta,0.04716478,0.1242
bs_delta,bs_delta,0.0471693,0.124
bs_delta,bs_delta,0.047182944,0.1238
bs_delta,bs_delta,0.047193334,0.1236
bs_delta,bs_delta,0.04720145,0.1234
bs_delta,bs_delta,0.047214977,0.1232
bs_delta,bs_delta,0.04722768,0.123
bs_delta,bs_delta,0.047231693,0.1228
bs_delta,bs_delta,0.047241636,0.1226
bs_delta,bs_delta,0.04725176,0.1224
bs_delta,bs_delta,0.047269076,0.1222
bs_delta,bs_delta,0.047277506,0.122
bs_delta,bs_delta,0.047289755,0.1218
bs_delta,bs_delta,0.04730988,0.1216
bs_delta,bs_delta,0.04731796,0.1214
bs_delta,bs_delta,0.04732516,0.1212
bs_delta,bs_delta,0.047332466,0.121
bs_delta,bs_delta,0.047347493,0.1208
bs_delta,bs_delta,0.04735823,0.1206
bs_delta,bs_delta,0.047374398,0.1204
bs_delta,bs_delta,0.04738178,0.1202
bs_delta,bs_delta,0.047392275,0.12
bs_delta,bs_delta,0.04740593,0.1198
bs_delta,bs_delta,0.04741273,0.1196
bs_delta,bs_delta,0.04741881,0.1194
bs_delta,bs_delta,0.04744287,0.1192
bs_delta,bs_delta,0.04744487,0.119
bs_delta,bs_delta,0.047463518,0.1188
bs_delta,bs_delta,0.047476564,0.1186
bs_delta,bs_delta,0.0474872,0.1184
bs_delta,bs_delta,0.047501408,0.1182
bs_delta,bs_delta,0.04751426,0.118
bs_delta,bs_delta,0.047522947,0.1178
bs_delta,bs_delta,0.04753325,0.1176
bs_delta,bs_delta,0.047552004,0.1174
bs_delta,bs_delta,0.047556784,0.1172
bs_delta,bs_delta,0.04757142,0.117
bs_delta,bs_delta,0.047591154,0.1168
bs_delta,bs_delta,0.047612667,0.1166
bs_delta,bs_delta,0.04761784,0.1164
bs_delta,bs_delta,0.047622133,0.1162
bs_delta,bs_delta,0.047629334,0.116
bs_delta,bs_delta,0.04763721,0.1158
bs_delta,bs_delta,0.047650795,0.1156
bs_delta,bs_delta,0.047673695,0.1154
bs_delta,bs_delta,0.047681402,0.1152
bs_delta,bs_delta,0.04769692,0.115
bs_delta,bs_delta,0.047710896,0.1148
bs_delta,bs_delta,0.047723327,0.1146
bs_delta,bs_delta,0.04773557,0.1144
bs_delta,bs_delta,0.04775807,0.1142
bs_delta,bs_delta,0.047765344,0.114
bs_delta,bs_delta,0.04779314,0.1138
bs_delta,bs_delta,0.047803756,0.1136
bs_delta,bs_delta,0.04780857,0.1134
bs_delta,bs_delta,0.04783829,0.1132
bs_delta,bs_delta,0.04784682,0.113
bs_delta,bs_delta,0.04785617,0.1128
bs_delta,bs_delta,0.04785792,0.1126
bs_delta,bs_delta,0.047864337,0.1124
bs_delta,bs_delta,0.04787751,0.1122
bs_delta,bs_delta,0.04788465,0.112
bs_delta,bs_delta,0.04789155,0.1118
bs_delta,bs_delta,0.047895268,0.1116
bs_delta,bs_delta,0.047906827,0.1114
bs_delta,bs_delta,0.047926463,0.1112
bs_delta,bs_delta,0.047936164,0.111
bs_delta,bs_delta,0.047968056,0.1108
bs_delta,bs_delta,0.047983047,0.1106
bs_delta,bs_delta,0.047987398,0.1104
bs_delta,bs_delta,0.047996823,0.1102
bs_delta,bs_delta,0.048008695,0.11
bs_delta,bs_delta,0.048021983,0.1098
bs_delta,bs_delta,0.048040185,0.1096
bs_delta,bs_delta,0.04805036,0.1094
bs_delta,bs_delta,0.048055287,0.1092
bs_delta,bs_delta,0.04807977,0.109
bs_delta,bs_delta,0.04808417,0.1088
bs_delta,bs_delta,0.04810963,0.1086
bs_delta,bs_delta,0.04813555,0.1084
bs_delta,bs_delta,0.04813795,0.1082
bs_delta,bs_delta,0.04815005,0.108
bs_delta,bs_delta,0.048158616,0.1078
bs_delta,bs_delta,0.048172012,0.1076
bs_delta,bs_delta,0.048186835,0.1074
bs_delta,bs_delta,0.048206866,0.1072
bs_delta,bs_delta,0.048217688,0.107
bs_delta,bs_delta,0.048236154,0.1068
bs_delta,bs_delta,0.048248306,0.1066
bs_delta,bs_delta,0.048272856,0.1064
bs_delta,bs_delta,0.048283532,0.1062
bs_delta,bs_delta,0.04830138,0.106
bs_delta,bs_delta,0.048307884,0.1058
bs_delta,bs_delta,0.048316304,0.1056
bs_delta,bs_delta,0.04832767,0.1054
bs_delta,bs_delta,0.04833433,0.1052
bs_delta,bs_delta,0.048344668,0.105
bs_delta,bs_delta,0.048347972,0.1048
bs_delta,bs_delta,0.048368692,0.1046
bs_delta,bs_delta,0.04839741,0.1044
bs_delta,bs_delta,0.048412584,0.1042
bs_delta,bs_delta,0.048423823,0.104
bs_delta,bs_delta,0.048430856,0.1038
bs_delta,bs_delta,0.04844344,0.1036
bs_delta,bs_delta,0.048457198,0.1034
bs_delta,bs_delta,0.04847135,0.1032
bs_delta,bs_delta,0.0484763,0.103
bs_delta,bs_delta,0.048483167,0.1028
bs_delta,bs_delta,0.048501674,0.1026
bs_delta,bs_delta,0.048507486,0.1024
bs_delta,bs_delta,0.04851198,0.1022
bs_delta,bs_delta,0.048552092,0.102
bs_delta,bs_delta,0.048554838,0.1018
bs_delta,bs_delta,0.048560854,0.1016
bs_delta,bs_delta,0.048583366,0.1014
bs_delta,bs_delta,0.048596077,0.1012
bs_delta,bs_delta,0.048603263,0.101
bs_delta,bs_delta,0.048616476,0.1008
bs_delta,bs_delta,0.048623648,0.1006
bs_delta,bs_delta,0.048645828,0.1004
bs_delta,bs_delta,0.048653763,0.1002
bs_delta,bs_delta,0.048683807,0.1
bs_delta,bs_delta,0.048695948,0.0998
bs_delta,bs_delta,0.04871083,0.0996
bs_delta,bs_delta,0.04872995,0.0994
bs_delta,bs_delta,0.048743665,0.0992
bs_delta,bs_delta,0.048758857,0.099
bs_delta,bs_delta,0.0487868,0.0988
bs_delta,bs_delta,0.04880393,0.0986
bs_delta,bs_delta,0.048840474,0.0984
bs_delta,bs_delta,0.048869763,0.0982
bs_delta,bs_delta,0.048873022,0.098
bs_delta,bs_delta,0.04888648,0.0978
bs_delta,bs_delta,0.048896264,0.0976
bs_delta,bs_delta,0.048901733,0.0974
bs_delta,bs_delta,0.048923586,0.0972
bs_delta,bs_delta,0.048940588,0.097
bs_delta,bs_delta,0.048959166,0.0968
bs_delta,bs_delta,0.048966967,0.0966
bs_delta,bs_delta,0.048976112,0.0964
bs_delta,bs_delta,0.048989147,0.0962
bs_delta,bs_delta,0.04899475,0.096
bs_delta,bs_delta,0.04900699,0.0958
bs_delta,bs_delta,0.049013335,0.0956
bs_delta,bs_delta,0.049033724,0.0954
bs_delta,bs_delta,0.04904376,0.0952
bs_delta,bs_delta,0.049059905,0.095
bs_delta,bs_delta,0.04907764,0.0948
bs_delta,bs_delta,0.049091373,0.0946
bs_delta,bs_delta,0.049115546,0.0944
bs_delta,bs_delta,0.04913116,0.0942
bs_delta,bs_delta,0.049136613,0.094
bs_delta,bs_delta,0.04914517,0.0938
bs_delta,bs_delta,0.049155913,0.0936
bs_delta,bs_delta,0.049164545,0.0934
bs_delta,bs_delta,0.049178906,0.0932
bs_delta,bs_delta,0.049194206,0.093
bs_delta,bs_delta,0.049209833,0.0928
bs_delta,bs_delta,0.0492215,0.0926
bs_delta,bs_delta,0.049235135,0.0924
bs_delta,bs_delta,0.049242996,0.0922
bs_delta,bs_delta,0.04926429,0.092
bs_delta,bs_delta,0.049283557,0.0918
bs_delta,bs_delta,0.04929585,0.0916
bs_delta,bs_delta,0.049316067,0.0914
bs_delta,bs_delta,0.049329367,0.0912
bs_delta,bs_delta,0.049347106,0.091
bs_delta,bs_delta,0.049368672,0.0908
bs_delta,bs_delta,0.04939339,0.0906
bs_delta,bs_delta,0.049403485,0.0904
bs_delta,bs_delta,0.04942007,0.0902
bs_delta,bs_delta,0.04943513,0.09
bs_delta,bs_delta,0.04947407,0.0898
bs_delta,bs_delta,0.049497176,0.0896
bs_delta,bs_delta,0.04950774,0.0894
bs_delta,bs_delta,0.04953384,0.0892
bs_delta,bs_delta,0.049546544,0.089
bs_delta,bs_delta,0.04957443,0.0888
bs_delta,bs_delta,0.049584746,0.0886
bs_delta,bs_delta,0.04960967,0.0884
bs_delta,bs_delta,0.049625892,0.0882
bs_delta,bs_delta,0.049653895,0.088
bs_delta,bs_delta,0.04966367,0.0878
bs_delta,bs_delta,0.04968126,0.0876
bs_delta,bs_delta,0.04969926,0.0874
bs_delta,bs_delta,0.049710352,0.0872
bs_delta,bs_delta,0.049737602,0.087
bs_delta,bs_delta,0.049763624,0.0868
bs_delta,bs_delta,0.049785454,0.0866
bs_delta,bs_delta,0.049795303,0.0864
bs_delta,bs_delta,0.049809426,0.0862
bs_delta,bs_delta,0.049824864,0.086
bs_delta,bs_delta,0.049840257,0.0858
bs_delta,bs_delta,0.0498825,0.0856
bs_delta,bs_delta,0.049901687,0.0854
bs_delta,bs_delta,0.049919017,0.0852
bs_delta,bs_delta,0.04993026,0.085
bs_delta,bs_delta,0.049937576,0.0848
bs_delta,bs_delta,0.049952492,0.0846
bs_delta,bs_delta,0.04996806,0.0844
bs_delta,bs_delta,0.049976952,0.0842
bs_delta,bs_delta,0.04998319,0.084
bs_delta,bs_delta,0.049996123,0.0838
bs_delta,bs_delta,0.050003357,0.0836
bs_delta,bs_delta,0.05001541,0.0834
bs_delta,bs_delta,0.05003214,0.0832
bs_delta,bs_delta,0.050065096,0.083
bs_delta,bs_delta,0.050082225,0.0828
bs_delta,bs_delta,0.05011688,0.0826
bs_delta,bs_delta,0.05012779,0.0824
bs_delta,bs_delta,0.050148774,0.0822
bs_delta,bs_delta,0.050186723,0.082
bs_delta,bs_delta,0.050195917,0.0818
bs_delta,bs_delta,0.050211053,0.0816
bs_delta,bs_delta,0.050228372,0.0814
bs_delta,bs_delta,0.05023789,0.0812
bs_delta,bs_delta,0.050252564,0.081
bs_delta,bs_delta,0.05027983,0.0808
bs_delta,bs_delta,0.05028593,0.0806
bs_delta,bs_delta,0.05030143,0.0804
bs_delta,bs_delta,0.05031042,0.0802
bs_delta,bs_delta,0.050332658,0.08
bs_delta,bs_delta,0.050344642,0.0798
bs_delta,bs_delta,0.05036096,0.0796
bs_delta,bs_delta,0.05040737,0.0794
bs_delta,bs_delta,0.050447594,0.0792
bs_delta,bs_delta,0.050454177,0.079
bs_delta,bs_delta,0.050484627,0.0788
bs_delta,bs_delta,0.05049309,0.0786
bs_delta,bs_delta,0.05051826,0.0784
bs_delta,bs_delta,0.050536763,0.0782
bs_delta,bs_delta,0.050554458,0.078
bs_delta,bs_delta,0.050583903,0.0778
bs_delta,bs_delta,0.050604064,0.0776
bs_delta,bs_delta,0.05064392,0.0774
bs_delta,bs_delta,0.050660267,0.0772
bs_delta,bs_delta,0.05067485,0.077
bs_delta,bs_delta,0.050695088,0.0768
bs_delta,bs_delta,0.050726,0.0766
bs_delta,bs_delta,0.050743435,0.0764
bs_delta,bs_delta,0.050771333,0.0762
bs_delta,bs_delta,0.05079105,0.076
bs_delta,bs_delta,0.050820306,0.0758
bs_delta,bs_delta,0.0508331,0.0756
bs_delta,bs_delta,0.050839096,0.0754
bs_delta,bs_delta,0.05084503,0.0752
bs_delta,bs_delta,0.050872978,0.075
bs_delta,bs_delta,0.050900497,0.0748
bs_delta,bs_delta,0.05092707,0.0746
bs_delta,bs_delta,0.05094323,0.0744
bs_delta,bs_delta,0.050956137,0.0742
bs_delta,bs_delta,0.050981157,0.074
bs_delta,bs_delta,0.05099715,0.0738
bs_delta,bs_delta,0.05101362,0.0736
bs_delta,bs_delta,0.051045164,0.0734
bs_delta,bs_delta,0.051055867,0.0732
bs_delta,bs_delta,0.051084,0.073
bs_delta,bs_delta,0.051106524,0.0728
bs_delta,bs_delta,0.05112057,0.0726
bs_delta,bs_delta,0.051134184,0.0724
bs_delta,bs_delta,0.051151015,0.0722
bs_delta,bs_delta,0.0511571,0.072
bs_delta,bs_delta,0.051170845,0.0718
bs_delta,bs_delta,0.05118573,0.0716
bs_delta,bs_delta,0.051204268,0.0714
bs_delta,bs_delta,0.051222663,0.0712
bs_delta,bs_delta,0.051255558,0.071
bs_delta,bs_delta,0.051269956,0.0708
bs_delta,bs_delta,0.051290415,0.0706
bs_delta,bs_delta,0.051313743,0.0704
bs_delta,bs_delta,0.0513576,0.0702
bs_delta,bs_delta,0.051359043,0.07
bs_delta,bs_delta,0.05137409,0.0698
bs_delta,bs_delta,0.051383547,0.0696
bs_delta,bs_delta,0.051398177,0.0694
bs_delta,bs_delta,0.0514082,0.0692
bs_delta,bs_delta,0.051425025,0.069
bs_delta,bs_delta,0.051432576,0.0688
bs_delta,bs_delta,0.051452093,0.0686
bs_delta,bs_delta,0.05146806,0.0684
bs_delta,bs_delta,0.051499326,0.0682
bs_delta,bs_delta,0.051533494,0.068
bs_delta,bs_delta,0.051556107,0.0678
bs_delta,bs_delta,0.051573347,0.0676
bs_delta,bs_delta,0.05158486,0.0674
bs_delta,bs_delta,0.05159876,0.0672
bs_delta,bs_delta,0.05161919,0.067
bs_delta,bs_delta,0.051633194,0.0668
bs_delta,bs_delta,0.05165449,0.0666
bs_delta,bs_delta,0.051710002,0.0664
bs_delta,bs_delta,0.05173169,0.0662
bs_delta,bs_delta,0.051743295,0.066
bs_delta,bs_delta,0.05175671,0.0658
bs_delta,bs_delta,0.051780816,0.0656
bs_delta,bs_delta,0.05180218,0.0654
bs_delta,bs_delta,0.051846176,0.0652
bs_delta,bs_delta,0.05186748,0.065
bs_delta,bs_delta,0.0519039,0.0648
bs_delta,bs_delta,0.05192371,0.0646
bs_delta,bs_delta,0.051959362,0.0644
bs_delta,bs_delta,0.0519853,0.0642
bs_delta,bs_delta,0.05200061,0.064
bs_delta,bs_delta,0.052023783,0.0638
bs_delta,bs_delta,0.052040532,0.0636
bs_delta,bs_delta,0.05206924,0.0634
bs_delta,bs_delta,0.052103188,0.0632
bs_delta,bs_delta,0.052128147,0.063
bs_delta,bs_delta,0.052157827,0.0628
bs_delta,bs_delta,0.052170735,0.0626
bs_delta,bs_delta,0.052185107,0.0624
bs_delta,bs_delta,0.052218534,0.0622
bs_delta,bs_delta,0.052240394,0.062
bs_delta,bs_delta,0.052262384,0.0618
bs_delta,bs_delta,0.052281853,0.0616
bs_delta,bs_delta,0.05229899,0.0614
bs_delta,bs_delta,0.052319437,0.0612
bs_delta,bs_delta,0.052336544,0.061
bs_delta,bs_delta,0.052360196,0.0608
bs_delta,bs_delta,0.052390862,0.0606
bs_delta,bs_delta,0.052408073,0.0604
bs_delta,bs_delta,0.052423906,0.0602
bs_delta,bs_delta,0.05243761,0.06
bs_delta,bs_delta,0.05244925,0.0598
bs_delta,bs_delta,0.052479323,0.0596
bs_delta,bs_delta,0.05249953,0.0594
bs_delta,bs_delta,0.052557155,0.0592
bs_delta,bs_delta,0.052579094,0.059
bs_delta,bs_delta,0.05259739,0.0588
bs_delta,bs_delta,0.052626986,0.0586
bs_delta,bs_delta,0.05264639,0.0584
bs_delta,bs_delta,0.05266068,0.0582
bs_delta,bs_delta,0.0526737,0.058
bs_delta,bs_delta,0.052707553,0.0578
bs_delta,bs_delta,0.052765623,0.0576
bs_delta,bs_delta,0.05278283,0.0574
bs_delta,bs_delta,0.05281665,0.0572
bs_delta,bs_delta,0.052843966,0.057
bs_delta,bs_delta,0.052882984,0.0568
bs_delta,bs_delta,0.05292798,0.0566
bs_delta,bs_delta,0.052945323,0.0564
bs_delta,bs_delta,0.052979603,0.0562
bs_delta,bs_delta,0.053003825,0.056
bs_delta,bs_delta,0.053038057,0.0558
bs_delta,bs_delta,0.05305467,0.0556
bs_delta,bs_delta,0.053080235,0.0554
bs_delta,bs_delta,0.053103726,0.0552
bs_delta,bs_delta,0.05314102,0.055
bs_delta,bs_delta,0.05316179,0.0548
bs_delta,bs_delta,0.053225778,0.0546
bs_delta,bs_delta,0.053245123,0.0544
bs_delta,bs_delta,0.053282358,0.0542
bs_delta,bs_delta,0.053326804,0.054
bs_delta,bs_delta,0.053358924,0.0538
bs_delta,bs_delta,0.05338873,0.0536
bs_delta,bs_delta,0.053398322,0.0534
bs_delta,bs_delta,0.053451877,0.0532
bs_delta,bs_delta,0.053470604,0.053
bs_delta,bs_delta,0.053486537,0.0528
bs_delta,bs_delta,0.053521495,0.0526
bs_delta,bs_delta,0.053555433,0.0524
bs_delta,bs_delta,0.053581104,0.0522
bs_delta,bs_delta,0.05361592,0.052
bs_delta,bs_delta,0.05363857,0.0518
bs_delta,bs_delta,0.053657304,0.0516
bs_delta,bs_delta,0.053680494,0.0514
bs_delta,bs_delta,0.053708542,0.0512
bs_delta,bs_delta,0.053728424,0.051
bs_delta,bs_delta,0.05374276,0.0508
bs_delta,bs_delta,0.053775087,0.0506
bs_delta,bs_delta,0.05382471,0.0504
bs_delta,bs_delta,0.053838473,0.0502
bs_delta,bs_delta,0.053888552,0.05
bs_delta,bs_delta,0.053900857,0.0498
bs_delta,bs_delta,0.053931363,0.0496
bs_delta,bs_delta,0.053965908,0.0494
bs_delta,bs_delta,0.053973995,0.0492
bs_delta,bs_delta,0.05399237,0.049
bs_delta,bs_delta,0.05402577,0.0488
bs_delta,bs_delta,0.05409462,0.0486
bs_delta,bs_delta,0.054120336,0.0484
bs_delta,bs_delta,0.05414936,0.0482
bs_delta,bs_delta,0.054250054,0.048
bs_delta,bs_delta,0.054285433,0.0478
bs_delta,bs_delta,0.054324225,0.0476
bs_delta,bs_delta,0.054348186,0.0474
bs_delta,bs_delta,0.054375198,0.0472
bs_delta,bs_delta,0.0543924,0.047
bs_delta,bs_delta,0.05442543,0.0468
bs_delta,bs_delta,0.05444937,0.0466
bs_delta,bs_delta,0.054478798,0.0464
bs_delta,bs_delta,0.054533754,0.0462
bs_delta,bs_delta,0.05458143,0.046
bs_delta,bs_delta,0.05460257,0.0458
bs_delta,bs_delta,0.054626428,0.0456
bs_delta,bs_delta,0.054677628,0.0454
bs_delta,bs_delta,0.054725114,0.0452
bs_delta,bs_delta,0.054755177,0.045
bs_delta,bs_delta,0.054777753,0.0448
bs_delta,bs_delta,0.054821063,0.0446
bs_delta,bs_delta,0.054871272,0.0444
bs_delta,bs_delta,0.054901313,0.0442
bs_delta,bs_delta,0.054926824,0.044
bs_delta,bs_delta,0.054945473,0.0438
bs_delta,bs_delta,0.05496532,0.0436
bs_delta,bs_delta,0.055015545,0.0434
bs_delta,bs_delta,0.05505628,0.0432
bs_delta,bs_delta,0.055096146,0.043
bs_delta,bs_delta,0.055120222,0.0428
bs_delta,bs_delta,0.0551524,0.0426
bs_delta,bs_delta,0.055177465,0.0424
bs_delta,bs_delta,0.055209685,0.0422
bs_delta,bs_delta,0.055249777,0.042
bs_delta,bs_delta,0.055290252,0.0418
bs_delta,bs_delta,0.055322576,0.0416
bs_delta,bs_delta,0.055369932,0.0414
bs_delta,bs_delta,0.055409584,0.0412
bs_delta,bs_delta,0.05547551,0.041
bs_delta,bs_delta,0.055502933,0.0408
bs_delta,bs_delta,0.055532847,0.0406
bs_delta,bs_delta,0.055573914,0.0404
bs_delta,bs_delta,0.055625763,0.0402
bs_delta,bs_delta,0.055642262,0.04
bs_delta,bs_delta,0.055669617,0.0398
bs_delta,bs_delta,0.055701084,0.0396
bs_delta,bs_delta,0.05575503,0.0394
bs_delta,bs_delta,0.055823244,0.0392
bs_delta,bs_delta,0.055851057,0.039
bs_delta,bs_delta,0.055862278,0.0388
bs_delta,bs_delta,0.055887762,0.0386
bs_delta,bs_delta,0.055925757,0.0384
bs_delta,bs_delta,0.05594882,0.0382
bs_delta,bs_delta,0.055956114,0.038
bs_delta,bs_delta,0.055974316,0.0378
bs_delta,bs_delta,0.05598933,0.0376
bs_delta,bs_delta,0.056017555,0.0374
bs_delta,bs_delta,0.05606311,0.0372
bs_delta,bs_delta,0.05611646,0.037
bs_delta,bs_delta,0.056173638,0.0368
bs_delta,bs_delta,0.056178175,0.0366
bs_delta,bs_delta,0.056192074,0.0364
bs_delta,bs_delta,0.056214094,0.0362
bs_delta,bs_delta,0.056262974,0.036
bs_delta,bs_delta,0.056315433,0.0358
bs_delta,bs_delta,0.056396365,0.0356
bs_delta,bs_delta,0.056445144,0.0354
bs_delta,bs_delta,0.056488253,0.0352
bs_delta,bs_delta,0.056533374,0.035
bs_delta,bs_delta,0.05655655,0.0348
bs_delta,bs_delta,0.056583595,0.0346
bs_delta,bs_delta,0.056649275,0.0344
bs_delta,bs_delta,0.056711927,0.0342
bs_delta,bs_delta,0.0567567,0.034
bs_delta,bs_delta,0.056784462,0.0338
bs_delta,bs_delta,0.05682959,0.0336
bs_delta,bs_delta,0.056859586,0.0334
bs_delta,bs_delta,0.05692325,0.0332
bs_delta,bs_delta,0.05695521,0.033
bs_delta,bs_delta,0.056994975,0.0328
bs_delta,bs_delta,0.05704645,0.0326
bs_delta,bs_delta,0.057058867,0.0324
bs_delta,bs_delta,0.057077806,0.0322
bs_delta,bs_delta,0.05713097,0.032
bs_delta,bs_delta,0.057152774,0.0318
bs_delta,bs_delta,0.057221487,0.0316
bs_delta,bs_delta,0.05727693,0.0314
bs_delta,bs_delta,0.057351295,0.0312
bs_delta,bs_delta,0.057370715,0.031
bs_delta,bs_delta,0.05743311,0.0308
bs_delta,bs_delta,0.057526134,0.0306
bs_delta,bs_delta,0.05757719,0.0304
bs_delta,bs_delta,0.057644926,0.0302
bs_delta,bs_delta,0.05766809,0.03
bs_delta,bs_delta,0.057711154,0.0298
bs_delta,bs_delta,0.057735626,0.0296
bs_delta,bs_delta,0.057811137,0.0294
bs_delta,bs_delta,0.057858042,0.0292
bs_delta,bs_delta,0.057940803,0.029
bs_delta,bs_delta,0.05798564,0.0288
bs_delta,bs_delta,0.058059495,0.0286
bs_delta,bs_delta,0.05811879,0.0284
bs_delta,bs_delta,0.058141768,0.0282
bs_delta,bs_delta,0.05823101,0.028
bs_delta,bs_delta,0.058287602,0.0278
bs_delta,bs_delta,0.058332715,0.0276
bs_delta,bs_delta,0.058423266,0.0274
bs_delta,bs_delta,0.05848624,0.0272
bs_delta,bs_delta,0.058548003,0.027
bs_delta,bs_delta,0.058590606,0.0268
bs_delta,bs_delta,0.058605157,0.0266
bs_delta,bs_delta,0.05862752,0.0264
bs_delta,bs_delta,0.058696643,0.0262
bs_delta,bs_delta,0.058755044,0.026
bs_delta,bs_delta,0.058858678,0.0258
bs_delta,bs_delta,0.058909107,0.0256
bs_delta,bs_delta,0.058935557,0.0254
bs_delta,bs_delta,0.058966614,0.0252
bs_delta,bs_delta,0.0590156,0.025
bs_delta,bs_delta,0.059129708,0.0248
bs_delta,bs_delta,0.05923887,0.0246
bs_delta,bs_delta,0.059303053,0.0244
bs_delta,bs_delta,0.059353046,0.0242
bs_delta,bs_delta,0.059443235,0.024
bs_delta,bs_delta,0.05949521,0.0238
bs_delta,bs_delta,0.059523355,0.0236
bs_delta,bs_delta,0.059551295,0.0234
bs_delta,bs_delta,0.059597548,0.0232
bs_delta,bs_delta,0.05964785,0.023
bs_delta,bs_delta,0.059690353,0.0228
bs_delta,bs_delta,0.059756104,0.0226
bs_delta,bs_delta,0.05983453,0.0224
bs_delta,bs_delta,0.059887443,0.0222
bs_delta,bs_delta,0.059992094,0.022
bs_delta,bs_delta,0.060014505,0.0218
bs_delta,bs_delta,0.060091827,0.0216
bs_delta,bs_delta,0.060332242,0.0214
bs_delta,bs_delta,0.060379375,0.0212
bs_delta,bs_delta,0.060477562,0.021
bs_delta,bs_delta,0.06051304,0.0208
bs_delta,bs_delta,0.06058482,0.0206
bs_delta,bs_delta,0.060635384,0.0204
bs_delta,bs_delta,0.060738493,0.0202
bs_delta,bs_delta,0.060795777,0.02
bs_delta,bs_delta,0.06096225,0.0198
bs_delta,bs_delta,0.06106332,0.0196
bs_delta,bs_delta,0.061100468,0.0194
bs_delta,bs_delta,0.06125783,0.0192
bs_delta,bs_delta,0.061381258,0.019
bs_delta,bs_delta,0.061474923,0.0188
bs_delta,bs_delta,0.061515033,0.0186
bs_delta,bs_delta,0.06155993,0.0184
bs_delta,bs_delta,0.061720464,0.0182
bs_delta,bs_delta,0.061842255,0.018
bs_delta,bs_delta,0.06194492,0.0178
bs_delta,bs_delta,0.06201198,0.0176
bs_delta,bs_delta,0.062085956,0.0174
bs_delta,bs_delta,0.06214644,0.0172
bs_delta,bs_delta,0.062205497,0.017
bs_delta,bs_delta,0.062313933,0.0168
bs_delta,bs_delta,0.06235457,0.0166
bs_delta,bs_delta,0.06238541,0.0164
bs_delta,bs_delta,0.06241116,0.0162
bs_delta,bs_delta,0.06246657,0.016
bs_delta,bs_delta,0.06252836,0.0158
bs_delta,bs_delta,0.06278234,0.0156
bs_delta,bs_delta,0.06295999,0.0154
bs_delta,bs_delta,0.06303558,0.0152
bs_delta,bs_delta,0.063124344,0.015
bs_delta,bs_delta,0.06322278,0.0148
bs_delta,bs_delta,0.06325417,0.0146
bs_delta,bs_delta,0.06329397,0.0144
bs_delta,bs_delta,0.06338693,0.0142
bs_delta,bs_delta,0.063578226,0.014
bs_delta,bs_delta,0.06376131,0.0138
bs_delta,bs_delta,0.06391622,0.0136
bs_delta,bs_delta,0.0640542,0.0134
bs_delta,bs_delta,0.06415477,0.0132
bs_delta,bs_delta,0.06425297,0.013
bs_delta,bs_delta,0.0644051,0.0128
bs_delta,bs_delta,0.06465705,0.0126
bs_delta,bs_delta,0.06485484,0.0124
bs_delta,bs_delta,0.0649115,0.0122
bs_delta,bs_delta,0.06495532,0.012
bs_delta,bs_delta,0.06504507,0.0118
bs_delta,bs_delta,0.065322936,0.0116
bs_delta,bs_delta,0.06563308,0.0114
bs_delta,bs_delta,0.06578275,0.0112
bs_delta,bs_delta,0.06591223,0.011
bs_delta,bs_delta,0.06601529,0.0108
bs_delta,bs_delta,0.06616464,0.0106
bs_delta,bs_delta,0.06625847,0.0104
bs_delta,bs_delta,0.06645507,0.0102
bs_delta,bs_delta,0.06658265,0.01
bs_delta,bs_delta,0.066711724,0.0098
bs_delta,bs_delta,0.066879,0.0096
bs_delta,bs_delta,0.06709661,0.0094
bs_delta,bs_delta,0.06732339,0.0092
bs_delta,bs_delta,0.06748237,0.009
bs_delta,bs_delta,0.06770442,0.0088
bs_delta,bs_delta,0.067820944,0.0086
bs_delta,bs_delta,0.068078235,0.0084
bs_delta,bs_delta,0.06835298,0.0082
bs_delta,bs_delta,0.068456985,0.008
bs_delta,bs_delta,0.06865862,0.0078
bs_delta,bs_delta,0.06878683,0.0076
bs_delta,bs_delta,0.06903917,0.0074
bs_delta,bs_delta,0.06911022,0.0072
bs_delta,bs_delta,0.069451086,0.007
bs_delta,bs_delta,0.06966252,0.0068
bs_delta,bs_delta,0.0697439,0.0066
bs_delta,bs_delta,0.07006958,0.0064
bs_delta,bs_delta,0.070345104,0.0062
bs_delta,bs_delta,0.070671044,0.006
bs_delta,bs_delta,0.07098476,0.0058
bs_delta,bs_delta,0.07138684,0.0056
bs_delta,bs_delta,0.07171526,0.0054
bs_delta,bs_delta,0.07210348,0.0052
bs_delta,bs_delta,0.07251062,0.005
bs_delta,bs_delta,0.07303755,0.0048
bs_delta,bs_delta,0.07406745,0.0046
bs_delta,bs_delta,0.0742932,0.0044
bs_delta,bs_delta,0.074802145,0.0042
bs_delta,bs_delta,0.075388834,0.004
bs_delta,bs_delta,0.075672776,0.0038
bs_delta,bs_delta,0.076562725,0.0036
bs_delta,bs_delta,0.0767874,0.0034
bs_delta,bs_delta,0.07720056,0.0032
bs_delta,bs_delta,0.077749744,0.003
bs_delta,bs_delta,0.078778215,0.0028
bs_delta,bs_delta,0.07945265,0.0026
bs_delta,bs_delta,0.08073247,0.0024
bs_delta,bs_delta,0.08086923,0.0022
bs_delta,bs_delta,0.081670836,0.002
bs_delta,bs_delta,0.08241085,0.0018
bs_delta,bs_delta,0.08301357,0.0016
bs_delta,bs_delta,0.08334315,0.0014
bs_delta,bs_delta,0.08574679,0.0012
bs_delta,bs_delta,0.08702575,0.001
bs_delta,bs_delta,0.08929612,0.0008
bs_delta,bs_delta,0.09540709,0.0006
bs_delta,bs_delta,0.10140763,0.0004
bs_delta,bs_delta,0.115849204,0.0002
leland,leland,0.010558123,1.0
leland,leland,0.012957695,0.9998
leland,leland,0.013603654,0.9996
leland,leland,0.014016085,0.9994
leland,leland,0.014748135,0.9992
leland,leland,0.015004399,0.999
leland,leland,0.015535529,0.9988
leland,leland,0.0157719,0.9986
leland,leland,0.015955346,0.9984
leland,leland,0.01610987,0.9982
leland,leland,0.016383141,0.998
leland,leland,0.016718099,0.9978
leland,leland,0.017021725,0.9976
leland,leland,0.0172753,0.9974
leland,leland,0.017529601,0.9972
leland,leland,0.017654365,0.997
leland,leland,0.017862946,0.9968
leland,leland,0.017921759,0.9966
leland,leland,0.018081361,0.9964
leland,leland,0.018102506,0.9962
leland,leland,0.018209178,0.996
leland,leland,0.018308638,0.9958
leland,leland,0.018398635,0.9956
leland,leland,0.018485604,0.9954
leland,leland,0.018565582,0.9952
leland,leland,0.018618459,0.995
leland,leland,0.018748876,0.9948
leland,leland,0.018825965,0.9946
leland,leland,0.018929565,0.9944
leland,leland,0.019018149,0.9942
leland,leland,0.019056533,0.994
leland,leland,0.019203093,0.9938
leland,leland,0.019303437,0.9936
leland,leland,0.019337239,0.9934
leland,leland,0.019405229,0.9932
leland,leland,0.019531652,0.993
leland,leland,0.01962146,0.9928
leland,leland,0.019681294,0.9926
leland,leland,0.019806638,0.9924
leland,leland,0.019868573,0.9922
leland,leland,0.019937005,0.992
leland,leland,0.019974133,0.9918
leland,leland,0.020062856,0.9916
leland,leland,0.020103637,0.9914
leland,leland,0.020182278,0.9912
leland,leland,0.020224165,0.991
leland,leland,0.020279584,0.9908
leland,leland,0.020328462,0.9906
leland,leland,0.020427262,0.9904
leland,leland,0.020447314,0.9902
leland,leland,0.020501027,0.99
leland,leland,0.02053156,0.9898
leland,leland,0.020584669,0.9896
leland,leland,0.020601222,0.9894
leland,leland,0.020643419,0.9892
leland,leland,0.020667208,0.989
leland,leland,0.020704022,0.9888
leland,leland,0.020739004,0.9886
leland,leland,0.020809578,0.9884
leland,leland,0.020868838,0.9882
leland,leland,0.020892411,0.988
leland,leland,0.020940065,0.9878
leland,leland,0.02099409,0.9876
leland,leland,0.021019513,0.9874
leland,leland,0.021049112,0.9872
leland,leland,0.021064166,0.987
leland,leland,0.021110892,0.9868
leland,leland,0.021161769,0.9866
leland,leland,0.021256415,0.9864
leland,leland,0.021341022,0.9862
leland,leland,0.02142428,0.986
leland,leland,0.021445125,0.9858
leland,leland,0.021530276,0.9856
leland,leland,0.021565942,0.9854
leland,leland,0.021602195,0.9852
leland,leland,0.021618037,0.985
leland,leland,0.021672169,0.9848
leland,leland,0.021712253,0.9846
leland,leland,0.021743294,0.9844
leland,leland,0.021779645,0.9842
leland,leland,0.021836217,0.984
leland,leland,0.021868493,0.9838
leland,leland,0.02188623,0.9836
leland,leland,0.02191875,0.9834
leland,leland,0.021937735,0.9832
leland,leland,0.021991184,0.983
leland,leland,0.022047197,0.9828
leland,leland,0.022089448,0.9826
leland,leland,0.022131225,0.9824
leland,leland,0.022143994,0.9822
leland,leland,0.022170266,0.982
leland,leland,0.022206672,0.9818
leland,leland,0.02221771,0.9816
leland,leland,0.022266898,0.9814
leland,leland,0.022295447,0.9812
leland,leland,0.022304289,0.981
leland,leland,0.022367679,0.9808
leland,leland,0.022375636,0.9806
leland,leland,0.022394395,0.9804
leland,leland,0.022429464,0.9802
leland,leland,0.022450253,0.98
leland,leland,0.022460174,0.9798
leland,leland,0.022493059,0.9796
leland,leland,0.022507407,0.9794
leland,leland,0.022550428,0.9792
leland,leland,0.022575047,0.979
leland,leland,0.022625523,0.9788
leland,leland,0.02264711,0.9786
leland,leland,0.022671062,0.9784
leland,leland,0.022690408,0.9782
leland,leland,0.022702249,0.978
leland,leland,0.022720326,0.9778
leland,leland,0.022735583,0.9776
leland,leland,0.022767691,0.9774
leland,leland,0.02280586,0.9772
leland,leland,0.022855852,0.977
leland,leland,0.022886444,0.9768
leland,leland,0.022932174,0.9766
leland,leland,0.022964917,0.9764
leland,leland,0.022968508,0.9762
leland,leland,0.02301225,0.976
leland,leland,0.023025947,0.9758
leland,leland,0.023056932,0.9756
leland,leland,0.023072978,0.9754
leland,leland,0.023089152,0.9752
leland,leland,0.023105564,0.975
leland,leland,0.023120526,0.9748
leland,leland,0.023168368,0.9746
leland,leland,0.02319601,0.9744
leland,leland,0.023227822,0.9742
leland,leland,0.023266513,0.974
leland,leland,0.023306461,0.9738
leland,leland,0.023315487,0.9736
leland,leland,0.023352062,0.9734
leland,leland,0.023362976,0.9732
leland,leland,0.023368854,0.973
leland,leland,0.023384755,0.9728
leland,leland,0.023413718,0.9726
leland,leland,0.023430986,0.9724
leland,leland,0.02347023,0.9722
leland,leland,0.023499176,0.972
leland,leland,0.023511395,0.9718
leland,leland,0.023549195,0.9716
leland,leland,0.023578698,0.9714
leland,leland,0.02359511,0.9712
leland,leland,0.02362835,0.971
leland,leland,0.023647394,0.9708
leland,leland,0.023682296,0.9706
leland,leland,0.023697255,0.9704
leland,leland,0.023714306,0.9702
leland,leland,0.023737688,0.97
leland,leland,0.023769185,0.9698
leland,leland,0.02378463,0.9696
leland,leland,0.023794979,0.9694
leland,leland,0.023829488,0.9692
leland,leland,0.023854805,0.969
leland,leland,0.023871366,0.9688
leland,leland,0.023884611,0.9686
leland,leland,0.023901304,0.9684
leland,leland,0.023911675,0.9682
leland,leland,0.023925759,0.968
leland,leland,0.023940498,0.9678
leland,leland,0.023988744,0.9676
leland,leland,0.024016049,0.9674
leland,leland,0.024046358,0.9672
leland,leland,0.024058795,0.967
leland,leland,0.024100019,0.9668
leland,leland,0.024119062,0.9666
leland,leland,0.024144635,0.9664
leland,leland,0.024162844,0.9662
leland,leland,0.024195192,0.966
leland,leland,0.024214095,0.9658
leland,leland,0.024231873,0.9656
leland,leland,0.02424934,0.9654
leland,leland,0.024270175,0.9652
leland,leland,0.024290657,0.965
leland,leland,0.024296565,0.9648
leland,leland,0.02431849,0.9646
leland,leland,0.024326788,0.9644
leland,leland,0.024341669,0.9642
leland,leland,0.024360642,0.964
leland,leland,0.024376703,0.9638
leland,leland,0.02439453,0.9636
leland,leland,0.024424452,0.9634
leland,leland,0.024448076,0.9632
leland,leland,0.024471164,0.963
leland,leland,0.024491286,0.9628
leland,leland,0.024496913,0.9626
leland,leland,0.024514068,0.9624
leland,leland,0.024547324,0.9622
leland,leland,0.024592383,0.962
leland,leland,0.024620214,0.9618
leland,leland,0.02464025,0.9616
leland,leland,0.024646517,0.9614
leland,leland,0.0246629,0.9612
leland,leland,0.024671316,0.961
leland,leland,0.024679864,0.9608
leland,leland,0.0246979,0.9606
leland,leland,0.0247218,0.9604
leland,leland,0.02474123,0.9602
leland,leland,0.024759954,0.96
leland,leland,0.024793508,0.9598
leland,leland,0.024812793,0.9596
leland,leland,0.024814362,0.9594
leland,leland,0.024846561,0.9592
leland,leland,0.0248615,0.959
leland,leland,0.024871767,0.9588
leland,leland,0.024887672,0.9586
leland,leland,0.024918802,0.9584
leland,leland,0.024929501,0.9582
leland,leland,0.024940396,0.958
leland,leland,0.02494852,0.9578
leland,leland,0.024968179,0.9576
leland,leland,0.025001517,0.9574
leland,leland,0.025018524,0.9572
leland,leland,0.025025494,0.957
leland,leland,0.025035625,0.9568
leland,leland,0.02507234,0.9566
leland,leland,0.02508348,0.9564
leland,leland,0.02509785,0.9562
leland,leland,0.02512756,0.956
leland,leland,0.025140796,0.9558
leland,leland,0.025147622,0.9556
leland,leland,0.025175594,0.9554
leland,leland,0.02518528,0.9552
leland,leland,0.025204629,0.955
leland,leland,0.025221406,0.9548
leland,leland,0.02523586,0.9546
leland,leland,0.025248012,0.9544
leland,leland,0.025269993,0.9542
leland,leland,0.025282525,0.954
leland,leland,0.025298655,0.9538
leland,leland,0.02530959,0.9536
leland,leland,0.025320642,0.9534
leland,leland,0.02534336,0.9532
leland,leland,0.025353905,0.953
leland,leland,0.025358967,0.9528
leland,leland,0.025368491,0.9526
leland,leland,0.02538117,0.9524
leland,leland,0.025391098,0.9522
leland,leland,0.02543557,0.952
leland,leland,0.025444193,0.9518
leland,leland,0.025469132,0.9516
leland,leland,0.02547809,0.9514
leland,leland,0.02548915,0.9512
leland,leland,0.025506478,0.951
leland,leland,0.025535762,0.9508
leland,leland,0.02556355,0.9506
leland,leland,0.02558816,0.9504
leland,leland,0.02559424,0.9502
leland,leland,0.025605323,0.95
leland,leland,0.025613822,0.9498
leland,leland,0.025635568,0.9496
leland,leland,0.025661897,0.9494
leland,leland,0.02567661,0.9492
leland,leland,0.025696458,0.949
leland,leland,0.02572981,0.9488
leland,leland,0.025740596,0.9486
leland,leland,0.025769798,0.9484
leland,leland,0.025790261,0.9482
leland,leland,0.025801744,0.948
leland,leland,0.025812928,0.9478
leland,leland,0.025828429,0.9476
leland,leland,0.025858872,0.9474
leland,leland,0.02586937,0.9472
leland,leland,0.025875783,0.947
leland,leland,0.025885643,0.9468
leland,leland,0.025897505,0.9466
leland,leland,0.025912933,0.9464
leland,leland,0.025930863,0.9462
leland,leland,0.025943484,0.946
leland,leland,0.02594584,0.9458
leland,leland,0.025958043,0.9456
leland,leland,0.025974879,0.9454
leland,leland,0.025985729,0.9452
leland,leland,0.025994938,0.945
leland,leland,0.02602065,0.9448
leland,leland,0.026033217,0.9446
leland,leland,0.026041983,0.9444
leland,leland,0.026065702,0.9442
leland,leland,0.02607737,0.944
leland,leland,0.026091248,0.9438
leland,leland,0.026105836,0.9436
leland,leland,0.026112903,0.9434
leland,leland,0.02613727,0.9432
leland,leland,0.026148457,0.943
leland,leland,0.02615167,0.9428
leland,leland,0.026165662,0.9426
leland,leland,0.026182082,0.9424
leland,leland,0.026228163,0.9422
leland,leland,0.02623335,0.942
leland,leland,0.026254058,0.9418
leland,leland,0.026282076,0.9416
leland,leland,0.026296794,0.9414
leland,leland,0.026301289,0.9412
leland,leland,0.026315775,0.941
leland,leland,0.026332073,0.9408
leland,leland,0.02635184,0.9406
leland,leland,0.026360499,0.9404
leland,leland,0.026368843,0.9402
leland,leland,0.02638512,0.94
leland,leland,0.02639884,0.9398
leland,leland,0.026403634,0.9396
leland,leland,0.026411533,0.9394
leland,leland,0.026427539,0.9392
leland,leland,0.026443379,0.939
leland,leland,0.026454156,0.9388
leland,leland,0.026461976,0.9386
leland,leland,0.0264729,0.9384
leland,leland,0.026485134,0.9382
leland,leland,0.026504802,0.938
leland,leland,0.026524631,0.9378
leland,leland,0.02654359,0.9376
leland,leland,0.02656133,0.9374
leland,leland,0.026567576,0.9372
leland,leland,0.02657412,0.937
leland,leland,0.026595145,0.9368
leland,leland,0.026606446,0.9366
leland,leland,0.026620327,0.9364
leland,leland,0.02663146,0.9362
leland,leland,0.0266368,0.936
leland,leland,0.026649753,0.9358
leland,leland,0.026661033,0.9356
leland,leland,0.026666693,0.9354
leland,leland,0.02667058,0.9352
leland,leland,0.02667247,0.935
leland,leland,0.026677016,0.9348
leland,leland,0.026689261,0.9346
leland,leland,0.026694104,0.9344
leland,leland,0.026708718,0.9342
leland,leland,0.02671615,0.934
leland,leland,0.026723387,0.9338
leland,leland,0.026733717,0.9336
leland,leland,0.026766786,0.9334
leland,leland,0.026775705,0.9332
leland,leland,0.026795195,0.933
leland,leland,0.026803866,0.9328
leland,leland,0.026822906,0.9326
leland,leland,0.02683565,0.9324
leland,leland,0.026847655,0.9322
leland,leland,0.0268609,0.932
leland,leland,0.026873702,0.9318
leland,leland,0.026884407,0.9316
leland,leland,0.02689331,0.9314
leland,leland,0.026904527,0.9312
leland,leland,0.026908047,0.931
leland,leland,0.02691233,0.9308
leland,leland,0.02692839,0.9306
leland,leland,0.026936311,0.9304
leland,leland,0.026941506,0.9302
leland,leland,0.026948785,0.93
leland,leland,0.026970778,0.9298
leland,leland,0.026977131,0.9296
leland,leland,0.026986439,0.9294
leland,leland,0.026992116,0.9292
leland,leland,0.027004737,0.929
leland,leland,0.027012428,0.9288
leland,leland,0.027027616,0.9286
leland,leland,0.027040493,0.9284
leland,leland,0.02704924,0.9282
leland,leland,0.027056947,0.928
leland,leland,0.027063206,0.9278
leland,leland,0.02707276,0.9276
leland,leland,0.027082453,0.9274
leland,leland,0.027088542,0.9272
leland,leland,0.02709213,0.927
leland,leland,0.027099518,0.9268
leland,leland,0.027111152,0.9266
leland,leland,0.027122343,0.9264
leland,leland,0.027123472,0.9262
leland,leland,0.02713733,0.926
leland,leland,0.027144803,0.9258
leland,leland,0.027150271,0.9256
leland,leland,0.027160982,0.9254
leland,leland,0.027171992,0.9252
leland,leland,0.027180603,0.925
leland,leland,0.027193354,0.9248
leland,leland,0.02720207,0.9246
leland,leland,0.027209518,0.9244
leland,leland,0.027218174,0.9242
leland,leland,0.027223298,0.924
leland,leland,0.027235955,0.9238
leland,leland,0.02724138,0.9236
leland,leland,0.027247807,0.9234
leland,leland,0.027258994,0.9232
leland,leland,0.02726808,0.923
leland,leland,0.027287249,0.9228
leland,leland,0.027296606,0.9226
leland,leland,0.027308766,0.9224
leland,leland,0.027316513,0.9222
leland,leland,0.027328968,0.922
leland,leland,0.027336735,0.9218
leland,leland,0.027354168,0.9216
leland,leland,0.027367849,0.9214
leland,leland,0.027374912,0.9212
leland,leland,0.027391167,0.921
leland,leland,0.027396139,0.9208
leland,leland,0.027401539,0.9206
leland,leland,0.027414255,0.9204
leland,leland,0.02742423,0.9202
leland,leland,0.027426789,0.92
leland,leland,0.027441634,0.9198
leland,leland,0.027452504,0.9196
leland,leland,0.0274646,0.9194
leland,leland,0.027471833,0.9192
leland,leland,0.027484851,0.919
leland,leland,0.027499242,0.9188
leland,leland,0.027509226,0.9186
leland,leland,0.027540535,0.9184
leland,leland,0.02755097,0.9182
leland,leland,0.027558032,0.918
leland,leland,0.027573384,0.9178
leland,leland,0.027583148,0.9176
leland,leland,0.027588379,0.9174
leland,leland,0.027617397,0.9172
leland,leland,0.027625447,0.917
leland,leland,0.027634442,0.9168
leland,leland,0.027652148,0.9166
leland,leland,0.027660826,0.9164
leland,leland,0.027668752,0.9162
leland,leland,0.02767938,0.916
leland,leland,0.02769404,0.9158
leland,leland,0.02770451,0.9156
leland,leland,0.027711691,0.9154
leland,leland,0.02772607,0.9152
leland,leland,0.027747469,0.915
leland,leland,0.027769582,0.9148
leland,leland,0.027774254,0.9146
leland,leland,0.027776467,0.9144
leland,leland,0.027790427,0.9142
leland,leland,0.027793756,0.914
leland,leland,0.027804008,0.9138
leland,leland,0.027818568,0.9136
leland,leland,0.027824577,0.9134
leland,leland,0.027837312,0.9132
leland,leland,0.027846567,0.913
leland,leland,0.027850991,0.9128
leland,leland,0.027876813,0.9126
leland,leland,0.02789126,0.9124
leland,leland,0.027899114,0.9122
leland,leland,0.02790492,0.912
leland,leland,0.027911354,0.9118
leland,leland,0.027918411,0.9116
leland,leland,0.027923873,0.9114
leland,leland,0.027932579,0.9112
leland,leland,0.027947038,0.911
leland,leland,0.027953353,0.9108
leland,leland,0.027960623,0.9106
leland,leland,0.027975325,0.9104
leland,leland,0.02797888,0.9102
leland,leland,0.027981844,0.91
leland,leland,0.027985925,0.9098
leland,leland,0.0279906,0.9096
leland,leland,0.02800103,0.9094
leland,leland,0.028011715,0.9092
leland,leland,0.028022194,0.909
leland,leland,0.02803257,0.9088
leland,leland,0.028037846,0.9086
leland,leland,0.028056994,0.9084
leland,leland,0.028068304,0.9082
leland,leland,0.028076967,0.908
leland,leland,0.028091304,0.9078
leland,leland,0.028099883,0.9076
leland,leland,0.028116107,0.9074
leland,leland,0.02812216,0.9072
leland,leland,0.028142367,0.907
leland,leland,0.028154783,0.9068
leland,leland,0.028167415,0.9066
leland,leland,0.028174035,0.9064
leland,leland,0.028185537,0.9062
leland,leland,0.028193947,0.906
leland,leland,0.028201392,0.9058
leland,leland,0.028202849,0.9056
leland,leland,0.028206801,0.9054
leland,leland,0.028217165,0.9052
leland,leland,0.02822623,0.905
leland,leland,0.028232144,0.9048
leland,leland,0.028237382,0.9046
leland,leland,0.028247856,0.9044
leland,leland,0.028266525,0.9042
leland,leland,0.028277062,0.904
leland,leland,0.028285438,0.9038
leland,leland,0.028288463,0.9036
leland,leland,0.028290914,0.9034
leland,leland,0.028297683,0.9032
leland,leland,0.028311497,0.903
leland,leland,0.028317586,0.9028
leland,leland,0.02833003,0.9026
leland,leland,0.0283352,0.9024
leland,leland,0.028342146,0.9022
leland,leland,0.028355367,0.902
leland,leland,0.028359264,0.9018
leland,leland,0.028365128,0.9016
leland,leland,0.028381435,0.9014
leland,leland,0.02838677,0.9012
leland,leland,0.028393596,0.901
leland,leland,0.028399333,0.9008
leland,leland,0.02840804,0.9006
leland,leland,0.028418947,0.9004
leland,leland,0.028423985,0.9002
leland,leland,0.028432555,0.9
leland,leland,0.028445076,0.8998
leland,leland,0.02845156,0.8996
leland,leland,0.028458584,0.8994
leland,leland,0.028466817,0.8992
leland,leland,0.028476374,0.899
leland,leland,0.028483259,0.8988
leland,leland,0.028488366,0.8986
leland,leland,0.028494423,0.8984
leland,leland,0.028504327,0.8982
leland,leland,0.028510507,0.898
leland,leland,0.028517863,0.8978
leland,leland,0.02852934,0.8976
leland,leland,0.028549172,0.8974
leland,leland,0.028559607,0.8972
leland,leland,0.028575644,0.897
leland,leland,0.02857814,0.8968
leland,leland,0.028581163,0.8966
leland,leland,0.028595394,0.8964
leland,leland,0.028603608,0.8962
leland,leland,0.028605364,0.896
leland,leland,0.028609788,0.8958
leland,leland,0.028616216,0.8956
leland,leland,0.028624868,0.8954
leland,leland,0.028636191,0.8952
leland,leland,0.028641628,0.895
leland,leland,0.02864672,0.8948
leland,leland,0.028659046,0.8946
leland,leland,0.028668437,0.8944
leland,leland,0.02867823,0.8942
leland,leland,0.028684748,0.894
leland,leland,0.028690418,0.8938
leland,leland,0.028695557,0.8936
leland,leland,0.028703464,0.8934
leland,leland,0.028709741,0.8932
leland,leland,0.028720107,0.893
leland,leland,0.028725006,0.8928
leland,leland,0.028735902,0.8926
leland,leland,0.02873988,0.8924
leland,leland,0.02874566,0.8922
leland,leland,0.028754791,0.892
leland,leland,0.02876268,0.8918
leland,leland,0.028781155,0.8916
leland,leland,0.028790861,0.8914
leland,leland,0.028795583,0.8912
leland,leland,0.028799433,0.891
leland,leland,0.0288144,0.8908
leland,leland,0.028826427,0.8906
leland,leland,0.028831286,0.8904
leland,leland,0.028832983,0.8902
leland,leland,0.028838845,0.89
leland,leland,0.028845446,0.8898
leland,leland,0.02885,0.8896
leland,leland,0.02886452,0.8894
leland,leland,0.028875846,0.8892
leland,leland,0.028883735,0.889
leland,leland,0.028894162,0.8888
leland,leland,0.028895868,0.8886
leland,leland,0.028911062,0.8884
leland,leland,0.028917307,0.8882
leland,leland,0.028924422,0.888
leland,leland,0.028931834,0.8878
leland,leland,0.02893928,0.8876
leland,leland,0.028954238,0.8874
leland,leland,0.028959997,0.8872
leland,leland,0.028970547,0.887
leland,leland,0.028976498,0.8868
leland,leland,0.028987199,0.8866
leland,leland,0.0289923,0.8864
leland,leland,0.02899496,0.8862
leland,leland,0.029005535,0.886
leland,leland,0.02901319,0.8858
leland,leland,0.029022073,0.8856
leland,leland,0.02902761,0.8854
leland,leland,0.029029902,0.8852
leland,leland,0.029048534,0.885
leland,leland,0.029052714,0.8848
leland,leland,0.029055914,0.8846
leland,leland,0.029068347,0.8844
leland,leland,0.029079696,0.8842
leland,leland,0.029085211,0.884
leland,leland,0.029108029,0.8838
leland,leland,0.029118516,0.8836
leland,leland,0.029127555,0.8834
leland,leland,0.029132675,0.8832
leland,leland,0.02914532,0.883
leland,leland,0.029150058,0.8828
leland,leland,0.029163815,0.8826
leland,leland,0.02916915,0.8824
leland,leland,0.029187221,0.8822
leland,leland,0.029188272,0.882
leland,leland,0.029193372,0.8818
leland,leland,0.029203253,0.8816
leland,leland,0.02921559,0.8814
leland,leland,0.029222,0.8812
leland,leland,0.029227886,0.881
leland,leland,0.029236883,0.8808
leland,leland,0.029244948,0.8806
leland,leland,0.029251495,0.8804
leland,leland,0.029259479,0.8802
leland,leland,0.029270023,0.88
leland,leland,0.02928124,0.8798
leland,leland,0.029284822,0.8796
leland,leland,0.029289696,0.8794
leland,leland,0.029296711,0.8792
leland,leland,0.029303169,0.879
leland,leland,0.029315826,0.8788
leland,leland,0.02933222,0.8786
leland,leland,0.02933895,0.8784
leland,leland,0.029349977,0.8782
leland,leland,0.029354274,0.878
leland,leland,0.029371621,0.8778
leland,leland,0.02937816,0.8776
leland,leland,0.029382223,0.8774
leland,leland,0.02938595,0.8772
leland,leland,0.029389821,0.877
leland,leland,0.029393679,0.8768
leland,leland,0.02939789,0.8766
leland,leland,0.029408522,0.8764
leland,leland,0.029416375,0.8762
leland,leland,0.029423026,0.876
leland,leland,0.029433154,0.8758
leland,leland,0.029439129,0.8756
leland,leland,0.02944525,0.8754
leland,leland,0.02945073,0.8752
leland,leland,0.0294632,0.875
leland,leland,0.029470889,0.8748
leland,leland,0.029476047,0.8746
leland,leland,0.029484136,0.8744
leland,leland,0.029498337,0.8742
leland,leland,0.029509554,0.874
leland,leland,0.02952594,0.8738
leland,leland,0.029531406,0.8736
leland,leland,0.029543318,0.8734
leland,leland,0.029548729,0.8732
leland,leland,0.029552234,0.873
leland,leland,0.02955927,0.8728
leland,leland,0.029563533,0.8726
leland,leland,0.029571783,0.8724
leland,leland,0.029579392,0.8722
leland,leland,0.02959182,0.872
leland,leland,0.029602384,0.8718
leland,leland,0.029606527,0.8716
leland,leland,0.029610602,0.8714
leland,leland,0.02962204,0.8712
leland,leland,0.029627182,0.871
leland,leland,0.029633723,0.8708
leland,leland,0.029642355,0.8706
leland,leland,0.029647514,0.8704
leland,leland,0.029652739,0.8702
leland,leland,0.02966577,0.87
leland,leland,0.029668946,0.8698
leland,leland,0.029670116,0.8696
leland,leland,0.02967357,0.8694
leland,leland,0.029679146,0.8692
leland,leland,0.029683787,0.869
leland,leland,0.029694607,0.8688
leland,leland,0.029697318,0.8686
leland,leland,0.02970342,0.8684
leland,leland,0.029712724,0.8682
leland,leland,0.02972711,0.868
leland,leland,0.029731903,0.8678
leland,leland,0.029741675,0.8676
leland,leland,0.029755108,0.8674
leland,leland,0.029760987,0.8672
leland,leland,0.029765565,0.867
leland,leland,0.029772999,0.8668
leland,leland,0.029787807,0.8666
leland,leland,0.02979433,0.8664
leland,leland,0.02980306,0.8662
leland,leland,0.029807076,0.866
leland,leland,0.02981137,0.8658
leland,leland,0.029818697,0.8656
leland,leland,0.029831586,0.8654
leland,leland,0.029842084,0.8652
leland,leland,0.029854728,0.865
leland,leland,0.029863264,0.8648
leland,leland,0.029869705,0.8646
leland,leland,0.029877273,0.8644
leland,leland,0.029879479,0.8642
leland,leland,0.029883515,0.864
leland,leland,0.029887749,0.8638
leland,leland,0.029890513,0.8636
leland,leland,0.029895434,0.8634
leland,leland,0.029906517,0.8632
leland,leland,0.029909903,0.863
leland,leland,0.029915579,0.8628
leland,leland,0.0299228,0.8626
leland,leland,0.029928008,0.8624
leland,leland,0.029938692,0.8622
leland,leland,0.029943913,0.862
leland,leland,0.02995101,0.8618
leland,leland,0.029960603,0.8616
leland,leland,0.029967511,0.8614
leland,leland,0.029982267,0.8612
leland,leland,0.029990349,0.861
leland,leland,0.029994072,0.8608
leland,leland,0.0300015,0.8606
leland,leland,0.030012317,0.8604
leland,leland,0.030016398,0.8602
leland,leland,0.030018572,0.86
leland,leland,0.030020267,0.8598
leland,leland,0.03002823,0.8596
leland,leland,0.030031528,0.8594
leland,leland,0.030043826,0.8592
leland,leland,0.030052375,0.859
leland,leland,0.030055499,0.8588
leland,leland,0.030063553,0.8586
leland,leland,0.030065475,0.8584
leland,leland,0.03007309,0.8582
leland,leland,0.030079434,0.858
leland,leland,0.03008114,0.8578
leland,leland,0.030092683,0.8576
leland,leland,0.03010353,0.8574
leland,leland,0.030112943,0.8572
leland,leland,0.030119855,0.857
leland,leland,0.030125784,0.8568
leland,leland,0.03012763,0.8566
leland,leland,0.03013903,0.8564
leland,leland,0.03014492,0.8562
leland,leland,0.030150816,0.856
leland,leland,0.030155264,0.8558
leland,leland,0.030163735,0.8556
leland,leland,0.03016801,0.8554
leland,leland,0.030178642,0.8552
leland,leland,0.030186366,0.855
leland,leland,0.030190432,0.8548
leland,leland,0.030198222,0.8546
leland,leland,0.030207483,0.8544
leland,leland,0.03021254,0.8542
leland,leland,0.030216794,0.854
leland,leland,0.030224646,0.8538
leland,leland,0.030229244,0.8536
leland,leland,0.030237637,0.8534
leland,leland,0.030243602,0.8532
leland,leland,0.03024501,0.853
leland,leland,0.030251056,0.8528
leland,leland,0.030256562,0.8526
leland,leland,0.030261204,0.8524
leland,leland,0.030269446,0.8522
leland,leland,0.030279687,0.852
leland,leland,0.030286154,0.8518
leland,leland,0.030294586,0.8516
leland,leland,0.03030222,0.8514
leland,leland,0.03030744,0.8512
leland,leland,0.03031394,0.851
leland,leland,0.03032357,0.8508
leland,leland,0.030335985,0.8506
leland,leland,0.030343426,0.8504
leland,leland,0.030352164,0.8502
leland,leland,0.030358609,0.85
leland,leland,0.030367222,0.8498
leland,leland,0.030372415,0.8496
leland,leland,0.030378927,0.8494
leland,leland,0.030381288,0.8492
leland,leland,0.030389134,0.849
leland,leland,0.03039183,0.8488
leland,leland,0.030400619,0.8486
leland,leland,0.030402362,0.8484
leland,leland,0.030413616,0.8482
leland,leland,0.030418815,0.848
leland,leland,0.030423826,0.8478
leland,leland,0.030426743,0.8476
leland,leland,0.030436413,0.8474
leland,leland,0.030443748,0.8472
leland,leland,0.03045004,0.847
leland,leland,0.030460404,0.8468
leland,leland,0.030463917,0.8466
leland,leland,0.03047888,0.8464
leland,leland,0.030482046,0.8462
leland,leland,0.030484628,0.846
leland,leland,0.030489702,0.8458
leland,leland,0.030492965,0.8456
leland,leland,0.030503057,0.8454
leland,leland,0.030508973,0.8452
leland,leland,0.030512271,0.845
leland,leland,0.030517673,0.8448
leland,leland,0.030523859,0.8446
leland,leland,0.030527413,0.8444
leland,leland,0.030534387,0.8442
leland,leland,0.03055216,0.844
leland,leland,0.030560747,0.8438
leland,leland,0.030568331,0.8436
leland,leland,0.03056943,0.8434
leland,leland,0.030591806,0.8432
leland,leland,0.030596264,0.843
leland,leland,0.030603651,0.8428
leland,leland,0.03060606,0.8426
leland,leland,0.030611305,0.8424
leland,leland,0.030615918,0.8422
leland,leland,0.030618098,0.842
leland,leland,0.030624378,0.8418
leland,leland,0.030628135,0.8416
leland,leland,0.030632189,0.8414
leland,leland,0.030638125,0.8412
leland,leland,0.030648096,0.841
leland,leland,0.030656772,0.8408
leland,leland,0.03066149,0.8406
leland,leland,0.030669086,0.8404
leland,leland,0.03067246,0.8402
leland,leland,0.030683473,0.84
leland,leland,0.030689375,0.8398
leland,leland,0.030694745,0.8396
leland,leland,0.030696865,0.8394
leland,leland,0.03069952,0.8392
leland,leland,0.03070227,0.839
leland,leland,0.030707559,0.8388
leland,leland,0.030714415,0.8386
leland,leland,0.030716356,0.8384
leland,leland,0.030731859,0.8382
leland,leland,0.030741258,0.838
leland,leland,0.03075552,0.8378
leland,leland,0.030758107,0.8376
leland,leland,0.030759087,0.8374
leland,leland,0.030762177,0.8372
leland,leland,0.030766338,0.837
leland,leland,0.030771218,0.8368
leland,leland,0.0307832,0.8366
leland,leland,0.030787928,0.8364
leland,leland,0.030797353,0.8362
leland,leland,0.03080427,0.836
leland,leland,0.03080864,0.8358
leland,leland,0.03081183,0.8356
leland,leland,0.030813333,0.8354
leland,leland,0.030827811,0.8352
leland,leland,0.030831186,0.835
leland,leland,0.030836122,0.8348
leland,leland,0.030837983,0.8346
leland,leland,0.030843748,0.8344
leland,leland,0.030849228,0.8342
leland,leland,0.030861478,0.834
leland,leland,0.030868093,0.8338
leland,leland,0.030872947,0.8336
leland,leland,0.030880027,0.8334
leland,leland,0.030884825,0.8332
leland,leland,0.030887445,0.833
leland,leland,0.030894076,0.8328
leland,leland,0.030902531,0.8326
leland,leland,0.030911662,0.8324
leland,leland,0.030918662,0.8322
leland,leland,0.03092729,0.832
leland,leland,0.030933982,0.8318
leland,leland,0.030943438,0.8316
leland,leland,0.030953348,0.8314
leland,leland,0.030954972,0.8312
leland,leland,0.030958673,0.831
leland,leland,0.030965652,0.8308
leland,leland,0.030976286,0.8306
leland,leland,0.030979987,0.8304
leland,leland,0.03098624,0.8302
leland,leland,0.030993035,0.83
leland,leland,0.030994749,0.8298
leland,leland,0.031002602,0.8296
leland,leland,0.03100895,0.8294
leland,leland,0.031014979,0.8292
leland,leland,0.031020835,0.829
leland,leland,0.031033969,0.8288
leland,leland,0.031038512,0.8286
leland,leland,0.031044293,0.8284
leland,leland,0.031047856,0.8282
leland,leland,0.031056605,0.828
leland,leland,0.03106449,0.8278
leland,leland,0.031067833,0.8276
leland,leland,0.031076092,0.8274
leland,leland,0.03108127,0.8272
leland,leland,0.031090243,0.827
leland,leland,0.031093175,0.8268
leland,leland,0.031099502,0.8266
leland,leland,0.031102763,0.8264
leland,leland,0.031110076,0.8262
leland,leland,0.03111323,0.826
leland,leland,0.031119633,0.8258
leland,leland,0.031125495,0.8256
leland,leland,0.031130813,0.8254
leland,leland,0.03113681,0.8252
leland,leland,0.031145707,0.825
leland,leland,0.031150851,0.8248
leland,leland,0.031155271,0.8246
leland,leland,0.03116009,0.8244
leland,leland,0.031168012,0.8242
leland,leland,0.031173794,0.824
leland,leland,0.0311786,0.8238
leland,leland,0.031184653,0.8236
leland,leland,0.03119204,0.8234
leland,leland,0.031195564,0.8232
leland,leland,0.031200057,0.823
leland,leland,0.031205453,0.8228
leland,leland,0.031208,0.8226
leland,leland,0.031214634,0.8224
leland,leland,0.031224065,0.8222
leland,leland,0.031229693,0.822
leland,leland,0.031235872,0.8218
leland,leland,0.031242054,0.8216
leland,leland,0.031248271,0.8214
leland,leland,0.03125051,0.8212
leland,leland,0.031256363,0.821
leland,leland,0.031266578,0.8208
leland,leland,0.031282138,0.8206
leland,leland,0.031284176,0.8204
leland,leland,0.031291105,0.8202
leland,leland,0.031300563,0.82
leland,leland,0.03130365,0.8198
leland,leland,0.03130681,0.8196
leland,leland,0.031309888,0.8194
leland,leland,0.031315923,0.8192
leland,leland,0.031320497,0.819
leland,leland,0.031326406,0.8188
leland,leland,0.031331763,0.8186
leland,leland,0.031339217,0.8184
leland,leland,0.031342007,0.8182
leland,leland,0.031345073,0.818
leland,leland,0.03134649,0.8178
leland,leland,0.031353775,0.8176
leland,leland,0.03136076,0.8174
leland,leland,0.0313621,0.8172
leland,leland,0.031366467,0.817
leland,leland,0.03137074,0.8168
leland,leland,0.031375557,0.8166
leland,leland,0.031380046,0.8164
leland,leland,0.031385098,0.8162
leland,leland,0.031389166,0.816
leland,leland,0.0313945,0.8158
leland,leland,0.03140184,0.8156
leland,leland,0.031405803,0.8154
leland,leland,0.031412292,0.8152
leland,leland,0.031413846,0.815
leland,leland,0.03141844,0.8148
leland,leland,0.03142765,0.8146
leland,leland,0.031435452,0.8144
leland,leland,0.031436644,0.8142
leland,leland,0.0314419,0.814
leland,leland,0.031447724,0.8138
leland,leland,0.0314511,0.8136
leland,leland,0.031458396,0.8134
leland,leland,0.0314666,0.8132
leland,leland,0.0314697,0.813
leland,leland,0.03147392,0.8128
leland,leland,0.03147701,0.8126
leland,leland,0.031486306,0.8124
leland,leland,0.03149738,0.8122
leland,leland,0.031499576,0.812
leland,leland,0.031500462,0.8118
leland,leland,0.03150299,0.8116
leland,leland,0.03150565,0.8114
leland,leland,0.03150808,0.8112
leland,leland,0.031512,0.811
leland,leland,0.031515524,0.8108
leland,leland,0.03152021,0.8106
leland,leland,0.031527214,0.8104
leland,leland,0.031537652,0.8102
leland,leland,0.031543836,0.81
leland,leland,0.03155333,0.8098
leland,leland,0.031556685,0.8096
leland,leland,0.031558778,0.8094
leland,leland,0.03156154,0.8092
leland,leland,0.031567186,0.809
leland,leland,0.031570807,0.8088
leland,leland,0.031575356,0.8086
leland,leland,0.031589873,0.8084
leland,leland,0.031595394,0.8082
leland,leland,0.031600658,0.808
leland,leland,0.031605538,0.8078
leland,leland,0.03160849,0.8076
leland,leland,0.03161742,0.8074
leland,leland,0.031624936,0.8072
leland,leland,0.031628814,0.807
leland,leland,0.031633742,0.8068
leland,leland,0.031638194,0.8066
leland,leland,0.031650364,0.8064
leland,leland,0.031653963,0.8062
leland,leland,0.031658188,0.806
leland,leland,0.031665303,0.8058
leland,leland,0.03166978,0.8056
leland,leland,0.031674404,0.8054
leland,leland,0.031679135,0.8052
leland,leland,0.031687442,0.805
leland,leland,0.03169626,0.8048
leland,leland,0.031700738,0.8046
leland,leland,0.031704817,0.8044
leland,leland,0.031709556,0.8042
leland,leland,0.031713467,0.804
leland,leland,0.031724546,0.8038
leland,leland,0.031729702,0.8036
leland,leland,0.031733435,0.8034
leland,leland,0.031740498,0.8032
leland,leland,0.031749967,0.803
leland,leland,0.031755287,0.8028
leland,leland,0.031764947,0.8026
leland,leland,0.031769417,0.8024
leland,leland,0.031778917,0.8022
leland,leland,0.031782508,0.802
leland,leland,0.031785235,0.8018
leland,leland,0.031793088,0.8016
leland,leland,0.031797525,0.8014
leland,leland,0.031799145,0.8012
leland,leland,0.031803083,0.801
leland,leland,0.031810783,0.8008
leland,leland,0.03181723,0.8006
leland,leland,0.0318231,0.8004
leland,leland,0.031827126,0.8002
leland,leland,0.031832792,0.8
leland,leland,0.031839844,0.7998
leland,leland,0.03184261,0.7996
leland,leland,0.03184581,0.7994
leland,leland,0.0318492,0.7992
leland,leland,0.03185464,0.799
leland,leland,0.031857472,0.7988
leland,leland,0.03186207,0.7986
leland,leland,0.031864308,0.7984
leland,leland,0.031870123,0.7982
leland,leland,0.03187677,0.798
leland,leland,0.03188481,0.7978
leland,leland,0.03189147,0.7976
leland,leland,0.031897325,0.7974
leland,leland,0.031904068,0.7972
leland,leland,0.031906024,0.797
leland,leland,0.03191526,0.7968
leland,leland,0.031920966,0.7966
leland,leland,0.031930726,0.7964
leland,leland,0.031935815,0.7962
leland,leland,0.031948462,0.796
leland,leland,0.031949986,0.7958
leland,leland,0.031957015,0.7956
leland,leland,0.03196719,0.7954
leland,leland,0.031975444,0.7952
leland,leland,0.031988744,0.795
leland,leland,0.031994313,0.7948
leland,leland,0.03199618,0.7946
leland,leland,0.032001115,0.7944
leland,leland,0.032006245,0.7942
leland,leland,0.03200948,0.794
leland,leland,0.032013744,0.7938
leland,leland,0.0320166,0.7936
leland,leland,0.032022446,0.7934
leland,leland,0.03203061,0.7932
leland,leland,0.032036234,0.793
leland,leland,0.032040257,0.7928
leland,leland,0.032042935,0.7926
leland,leland,0.032049444,0.7924
leland,leland,0.032063194,0.7922
leland,leland,0.032066014,0.792
leland,leland,0.032069873,0.7918
leland,leland,0.032073103,0.7916
leland,leland,0.032081533,0.7914
leland,leland,0.03208798,0.7912
leland,leland,0.03208874,0.791
leland,leland,0.032091822,0.7908
leland,leland,0.03209411,0.7906
leland,leland,0.032097556,0.7904
leland,leland,0.032101467,0.7902
leland,leland,0.03210447,0.79
leland,leland,0.032109793,0.7898
leland,leland,0.032113206,0.7896
leland,leland,0.03211784,0.7894
leland,leland,0.032120965,0.7892
leland,leland,0.03212525,0.789
leland,leland,0.032129727,0.7888
leland,leland,0.032135364,0.7886
leland,leland,0.03213834,0.7884
leland,leland,0.03214177,0.7882
leland,leland,0.03214516,0.788
leland,leland,0.032152075,0.7878
leland,leland,0.032155745,0.7876
leland,leland,0.032159835,0.7874
leland,leland,0.03216313,0.7872
leland,leland,0.032173235,0.787
leland,leland,0.032176666,0.7868
leland,leland,0.032183826,0.7866
leland,leland,0.03218654,0.7864
leland,leland,0.032190856,0.7862
leland,leland,0.032193683,0.786
leland,leland,0.03220293,0.7858
leland,leland,0.03220352,0.7856
leland,leland,0.032210268,0.7854
leland,leland,0.032212,0.7852
leland,leland,0.032215625,0.785
leland,leland,0.03222139,0.7848
leland,leland,0.032223348,0.7846
leland,leland,0.032227,0.7844
leland,leland,0.032231107,0.7842
leland,leland,0.03223366,0.784
leland,leland,0.032237288,0.7838
leland,leland,0.03224416,0.7836
leland,leland,0.032248218,0.7834
leland,leland,0.032255396,0.7832
leland,leland,0.032263696,0.783
leland,leland,0.032270856,0.7828
leland,leland,0.032275084,0.7826
leland,leland,0.032281697,0.7824
leland,leland,0.032285117,0.7822
leland,leland,0.03229154,0.782
leland,leland,0.03229359,0.7818
leland,leland,0.032294124,0.7816
leland,leland,0.03229616,0.7814
leland,leland,0.03230117,0.7812
leland,leland,0.032306433,0.781
leland,leland,0.032310408,0.7808
leland,leland,0.03231542,0.7806
leland,leland,0.032318972,0.7804
leland,leland,0.03232355,0.7802
leland,leland,0.03232441,0.78
leland,leland,0.032328684,0.7798
leland,leland,0.032332845,0.7796
leland,leland,0.032336183,0.7794
leland,leland,0.03234287,0.7792
leland,leland,0.03234891,0.779
leland,leland,0.032352127,0.7788
leland,leland,0.03235705,0.7786
leland,leland,0.032368004,0.7784
leland,leland,0.032373365,0.7782
leland,leland,0.03237665,0.778
leland,leland,0.03238168,0.7778
leland,leland,0.032396644,0.7776
leland,leland,0.032401823,0.7774
leland,leland,0.03240607,0.7772
leland,leland,0.03240767,0.777
leland,leland,0.03241081,0.7768
leland,leland,0.03241345,0.7766
leland,leland,0.03241817,0.7764
leland,leland,0.032419443,0.7762
leland,leland,0.03242384,0.776
leland,leland,0.032427065,0.7758
leland,leland,0.03243161,0.7756
leland,leland,0.032440025,0.7754
leland,leland,0.032446466,0.7752
leland,leland,0.03245,0.775
leland,leland,0.03245127,0.7748
leland,leland,0.03245351,0.7746
leland,leland,0.032457966,0.7744
leland,leland,0.032465566,0.7742
leland,leland,0.032471534,0.774
leland,leland,0.032475885,0.7738
leland,leland,0.032479078,0.7736
leland,leland,0.032483306,0.7734
leland,leland,0.032489143,0.7732
leland,leland,0.032498293,0.773
leland,leland,0.03250053,0.7728
leland,leland,0.03250426,0.7726
leland,leland,0.03250847,0.7724
leland,leland,0.032509476,0.7722
leland,leland,0.032519452,0.772
leland,leland,0.032520056,0.7718
leland,leland,0.032523897,0.7716
leland,leland,0.03252697,0.7714
leland,leland,0.0325322,0.7712
leland,leland,0.03253341,0.771
leland,leland,0.032535944,0.7708
leland,leland,0.03254439,0.7706
leland,leland,0.03254774,0.7704
leland,leland,0.032549288,0.7702
leland,leland,0.03256141,0.77
leland,leland,0.032562863,0.7698
leland,leland,0.032565657,0.7696
leland,leland,0.032568324,0.7694
leland,leland,0.03257673,0.7692
leland,leland,0.032579064,0.769
leland,leland,0.03258406,0.7688
leland,leland,0.032585353,0.7686
leland,leland,0.03258841,0.7684
leland,leland,0.03259198,0.7682
leland,leland,0.032597024,0.768
leland,leland,0.03260198,0.7678
leland,leland,0.032606866,0.7676
leland,leland,0.032613672,0.7674
leland,leland,0.03261556,0.7672
leland,leland,0.03261942,0.767
leland,leland,0.032622088,0.7668
leland,leland,0.032630943,0.7666
leland,leland,0.032635007,0.7664
leland,leland,0.032638762,0.7662
leland,leland,0.032640275,0.766
leland,leland,0.03264519,0.7658
leland,leland,0.03265536,0.7656
leland,leland,0.032660138,0.7654
leland,leland,0.032672763,0.7652
leland,leland,0.03268228,0.765
leland,leland,0.032683425,0.7648
leland,leland,0.032685872,0.7646
leland,leland,0.03269131,0.7644
leland,leland,0.03269774,0.7642
leland,leland,0.032698262,0.764
leland,leland,0.032701556,0.7638
leland,leland,0.03271241,0.7636
leland,leland,0.032714874,0.7634
leland,leland,0.032716483,0.7632
leland,leland,0.03272118,0.763
leland,leland,0.032725338,0.7628
leland,leland,0.03272728,0.7626
leland,leland,0.032729942,0.7624
leland,leland,0.03273441,0.7622
leland,leland,0.032743,0.762
leland,leland,0.032745518,0.7618
leland,leland,0.03275367,0.7616
leland,leland,0.032758407,0.7614
leland,leland,0.032763205,0.7612
leland,leland,0.032764275,0.761
leland,leland,0.03276871,0.7608
leland,leland,0.03277482,0.7606
leland,leland,0.032778803,0.7604
leland,leland,0.032783587,0.7602
leland,leland,0.032789197,0.76
leland,leland,0.03279061,0.7598
leland,leland,0.032795317,0.7596
leland,leland,0.032796606,0.7594
leland,leland,0.032799937,0.7592
leland,leland,0.032802753,0.759
leland,leland,0.03280995,0.7588
leland,leland,0.03281447,0.7586
leland,leland,0.03281691,0.7584
leland,leland,0.032819536,0.7582
leland,leland,0.032826465,0.758
leland,leland,0.032831755,0.7578
leland,leland,0.032835897,0.7576
leland,leland,0.032840133,0.7574
leland,leland,0.032847207,0.7572
leland,leland,0.032849982,0.757
leland,leland,0.03285264,0.7568
leland,leland,0.032861274,0.7566
leland,leland,0.032867275,0.7564
leland,leland,0.032872364,0.7562
leland,leland,0.03287549,0.756
leland,leland,0.032880772,0.7558
leland,leland,0.03288432,0.7556
leland,leland,0.032891214,0.7554
leland,leland,0.03289322,0.7552
leland,leland,0.03289613,0.755
leland,leland,0.03289961,0.7548
leland,leland,0.032902535,0.7546
leland,leland,0.032910466,0.7544
leland,leland,0.032912374,0.7542
leland,leland,0.032917213,0.754
leland,leland,0.03291947,0.7538
leland,leland,0.032925513,0.7536
leland,leland,0.032926857,0.7534
leland,leland,0.03293537,0.7532
leland,leland,0.032938138,0.753
leland,leland,0.03294464,0.7528
leland,leland,0.03294706,0.7526
leland,leland,0.03295512,0.7524
leland,leland,0.032959405,0.7522
leland,leland,0.03296097,0.752
leland,leland,0.032964353,0.7518
leland,leland,0.032966055,0.7516
leland,leland,0.032969967,0.7514
leland,leland,0.032981467,0.7512
leland,leland,0.03298236,0.751
leland,leland,0.032988094,0.7508
leland,leland,0.0329928,0.7506
leland,leland,0.032997075,0.7504
leland,leland,0.033005353,0.7502
leland,leland,0.03300819,0.75
leland,leland,0.033013448,0.7498
leland,leland,0.033017658,0.7496
leland,leland,0.033021636,0.7494
leland,leland,0.033030886,0.7492
leland,leland,0.03303514,0.749
leland,leland,0.0330412,0.7488
leland,leland,0.033043344,0.7486
leland,leland,0.033047106,0.7484
leland,leland,0.033048786,0.7482
leland,leland,0.033051684,0.748
leland,leland,0.033058237,0.7478
leland,leland,0.03306436,0.7476
leland,leland,0.033069078,0.7474
leland,leland,0.033071343,0.7472
leland,leland,0.033072244,0.747
leland,leland,0.033073395,0.7468
leland,leland,0.033077393,0.7466
leland,leland,0.03308288,0.7464
leland,leland,0.03308757,0.7462
leland,leland,0.033092916,0.746
leland,leland,0.03309516,0.7458
leland,leland,0.03310113,0.7456
leland,leland,0.03310625,0.7454
leland,leland,0.03310956,0.7452
leland,leland,0.03311304,0.745
leland,leland,0.033114422,0.7448
leland,leland,0.03311719,0.7446
leland,leland,0.033120524,0.7444
leland,leland,0.033125434,0.7442
leland,leland,0.03312894,0.744
leland,leland,0.03313084,0.7438
leland,leland,0.033135638,0.7436
leland,leland,0.033139024,0.7434
leland,leland,0.033141483,0.7432
leland,leland,0.03314646,0.743
leland,leland,0.03315363,0.7428
leland,leland,0.033156935,0.7426
leland,leland,0.03316571,0.7424
leland,leland,0.033171717,0.7422
leland,leland,0.033174813,0.742
leland,leland,0.033176698,0.7418
leland,leland,0.033180192,0.7416
leland,leland,0.033185802,0.7414
leland,leland,0.033188496,0.7412
leland,leland,0.033193704,0.741
leland,leland,0.033201035,0.7408
leland,leland,0.03320306,0.7406
leland,leland,0.033205777,0.7404
leland,leland,0.03321204,0.7402
leland,leland,0.033215273,0.74
leland,leland,0.033221576,0.7398
leland,leland,0.03322259,0.7396
leland,leland,0.03322627,0.7394
leland,leland,0.033232097,0.7392
leland,leland,0.03323461,0.739
leland,leland,0.033240557,0.7388
leland,leland,0.033246167,0.7386
leland,leland,0.033249144,0.7384
leland,leland,0.03325412,0.7382
leland,leland,0.03326113,0.738
leland,leland,0.033266123,0.7378
leland,leland,0.033267833,0.7376
leland,leland,0.033270422,0.7374
leland,leland,0.03327522,0.7372
leland,leland,0.033281118,0.737
leland,leland,0.033283837,0.7368
leland,leland,0.03328799,0.7366
leland,leland,0.033292003,0.7364
leland,leland,0.033298653,0.7362
leland,leland,0.033301696,0.736
leland,leland,0.033304214,0.7358
leland,leland,0.03330827,0.7356
leland,leland,0.033312727,0.7354
leland,leland,0.033316422,0.7352
leland,leland,0.033320166,0.735
leland,leland,0.03332704,0.7348
leland,leland,0.03332844,0.7346
leland,leland,0.033333752,0.7344
leland,leland,0.033337,0.7342
leland,leland,0.033338863,0.734
leland,leland,0.03334077,0.7338
leland,leland,0.033342503,0.7336
leland,leland,0.03334777,0.7334
leland,leland,0.03335519,0.7332
leland,leland,0.033363555,0.733
leland,leland,0.03336901,0.7328
leland,leland,0.033372078,0.7326
leland,leland,0.033377223,0.7324
leland,leland,0.033378545,0.7322
leland,leland,0.03338134,0.732
leland,leland,0.033388663,0.7318
leland,leland,0.033389628,0.7316
leland,leland,0.033399124,0.7314
leland,leland,0.033402815,0.7312
leland,leland,0.03340781,0.731
leland,leland,0.033413913,0.7308
leland,leland,0.033418946,0.7306
leland,leland,0.033423707,0.7304
leland,leland,0.03342677,0.7302
leland,leland,0.03343305,0.73
leland,leland,0.03344233,0.7298
leland,leland,0.033446956,0.7296
leland,leland,0.033451978,0.7294
leland,leland,0.033455275,0.7292
leland,leland,0.033457663,0.729
leland,leland,0.033463776,0.7288
leland,leland,0.03346988,0.7286
leland,leland,0.03347386,0.7284
leland,leland,0.03347821,0.7282
leland,leland,0.0334801,0.728
leland,leland,0.033483174,0.7278
leland,leland,0.03348573,0.7276
leland,leland,0.03349087,0.7274
leland,leland,0.033495896,0.7272
leland,leland,0.033500697,0.727
leland,leland,0.033505566,0.7268
leland,leland,0.03351163,0.7266
leland,leland,0.03351671,0.7264
leland,leland,0.033521257,0.7262
leland,leland,0.03352301,0.726
leland,leland,0.033526,0.7258
leland,leland,0.033529192,0.7256
leland,leland,0.033532996,0.7254
leland,leland,0.033537876,0.7252
leland,leland,0.033544533,0.725
leland,leland,0.033553295,0.7248
leland,leland,0.03355839,0.7246
leland,leland,0.033559214,0.7244
leland,leland,0.033562925,0.7242
leland,leland,0.033565957,0.724
leland,leland,0.033567876,0.7238
leland,leland,0.03357082,0.7236
leland,leland,0.033576727,0.7234
leland,leland,0.033582408,0.7232
leland,leland,0.033585876,0.723
leland,leland,0.033589404,0.7228
leland,leland,0.03359134,0.7226
leland,leland,0.03359326,0.7224
leland,leland,0.033595648,0.7222
leland,leland,0.033597395,0.722
leland,leland,0.033602413,0.7218
leland,leland,0.033607464,0.7216
leland,leland,0.033608753,0.7214
leland,leland,0.033614665,0.7212
leland,leland,0.03361962,0.721
leland,leland,0.03362599,0.7208
leland,leland,0.03362912,0.7206
leland,leland,0.03363178,0.7204
leland,leland,0.03363518,0.7202
leland,leland,0.033640623,0.72
leland,leland,0.03364681,0.7198
leland,leland,0.0336486,0.7196
leland,leland,0.033652306,0.7194
leland,leland,0.033658087,0.7192
leland,leland,0.033661325,0.719
leland,leland,0.03366947,0.7188
leland,leland,0.03367591,0.7186
leland,leland,0.033680305,0.7184
leland,leland,0.03368346,0.7182
leland,leland,0.03368684,0.718
leland,leland,0.03369153,0.7178
leland,leland,0.033693522,0.7176
leland,leland,0.03369794,0.7174
leland,leland,0.03370104,0.7172
leland,leland,0.033709668,0.717
leland,leland,0.03371413,0.7168
leland,leland,0.03371671,0.7166
leland,leland,0.033723816,0.7164
leland,leland,0.033730503,0.7162
leland,leland,0.033734437,0.716
leland,leland,0.03374039,0.7158
leland,leland,0.03374353,0.7156
leland,leland,0.03374969,0.7154
leland,leland,0.03375215,0.7152
leland,leland,0.03375447,0.715
leland,leland,0.033754975,0.7148
leland,leland,0.03375731,0.7146
leland,leland,0.03376063,0.7144
leland,leland,0.033763703,0.7142
leland,leland,0.033766896,0.714
leland,leland,0.033768978,0.7138
leland,leland,0.033773918,0.7136
leland,leland,0.033777237,0.7134
leland,leland,0.03378099,0.7132
leland,leland,0.03378437,0.713
leland,leland,0.033789273,0.7128
leland,leland,0.03379512,0.7126
leland,leland,0.033797372,0.7124
leland,leland,0.033801947,0.7122
leland,leland,0.03380461,0.712
leland,leland,0.03380987,0.7118
leland,leland,0.033813786,0.7116
leland,leland,0.033818226,0.7114
leland,leland,0.0338222,0.7112
leland,leland,0.03382529,0.711
leland,leland,0.033830363,0.7108
leland,leland,0.0338329,0.7106
leland,leland,0.033834714,0.7104
leland,leland,0.033837512,0.7102
leland,leland,0.033842266,0.71
leland,leland,0.033845305,0.7098
leland,leland,0.03384874,0.7096
leland,leland,0.033851843,0.7094
leland,leland,0.033852775,0.7092
leland,leland,0.03385581,0.709
leland,leland,0.03386267,0.7088
leland,leland,0.033866145,0.7086
leland,leland,0.03387124,0.7084
leland,leland,0.033876304,0.7082
leland,leland,0.03388285,0.708
leland,leland,0.03388681,0.7078
leland,leland,0.033888258,0.7076
leland,leland,0.033894703,0.7074
leland,leland,0.033902984,0.7072
leland,leland,0.033906378,0.707
leland,leland,0.03391091,0.7068
leland,leland,0.033914775,0.7066
leland,leland,0.033917885,0.7064
leland,leland,0.033921592,0.7062
leland,leland,0.033932213,0.706
leland,leland,0.033935018,0.7058
leland,leland,0.033939924,0.7056
leland,leland,0.0339424,0.7054
leland,leland,0.033947293,0.7052
leland,leland,0.033949133,0.705
leland,leland,0.033952527,0.7048
leland,leland,0.033961635,0.7046
leland,leland,0.033965617,0.7044
leland,leland,0.033969663,0.7042
leland,leland,0.033975173,0.704
leland,leland,0.03397878,0.7038
leland,leland,0.033983734,0.7036
leland,leland,0.03398524,0.7034
leland,leland,0.03398872,0.7032
leland,leland,0.033991963,0.703
leland,leland,0.033993896,0.7028
leland,leland,0.03399761,0.7026
leland,leland,0.034007102,0.7024
leland,leland,0.03401916,0.7022
leland,leland,0.034026027,0.702
leland,leland,0.03403318,0.7018
leland,leland,0.034037944,0.7016
leland,leland,0.034040984,0.7014
leland,leland,0.03404279,0.7012
leland,leland,0.034045152,0.701
leland,leland,0.03404737,0.7008
leland,leland,0.03405425,0.7006
leland,leland,0.034057118,0.7004
leland,leland,0.034060396,0.7002
leland,leland,0.03406772,0.7
leland,leland,0.03406983,0.6998
leland,leland,0.03407095,0.6996
leland,leland,0.034074724,0.6994
leland,leland,0.03407939,0.6992
leland,leland,0.03408573,0.699
leland,leland,0.03409136,0.6988
leland,leland,0.03409323,0.6986
leland,leland,0.03410387,0.6984
leland,leland,0.034111053,0.6982
leland,leland,0.03411791,0.698
leland,leland,0.03412216,0.6978
leland,leland,0.03412331,0.6976
leland,leland,0.034125242,0.6974
leland,leland,0.034127027,0.6972
leland,leland,0.034129295,0.697
leland,leland,0.034131028,0.6968
leland,leland,0.034134243,0.6966
leland,leland,0.034142327,0.6964
leland,leland,0.034146115,0.6962
leland,leland,0.034149796,0.696
leland,leland,0.03415158,0.6958
leland,leland,0.034153987,0.6956
leland,leland,0.03415613,0.6954
leland,leland,0.034159537,0.6952
leland,leland,0.03416195,0.695
leland,leland,0.034164306,0.6948
leland,leland,0.034168307,0.6946
leland,leland,0.034175493,0.6944
leland,leland,0.034180265,0.6942
leland,leland,0.034182902,0.694
leland,leland,0.034188453,0.6938
leland,leland,0.0341915,0.6936
leland,leland,0.034192733,0.6934
leland,leland,0.03419521,0.6932
leland,leland,0.03419794,0.693
leland,leland,0.034208547,0.6928
leland,leland,0.034212008,0.6926
leland,leland,0.03421516,0.6924
leland,leland,0.03422145,0.6922
leland,leland,0.034227863,0.692
leland,leland,0.034233376,0.6918
leland,leland,0.034234706,0.6916
leland,leland,0.03424314,0.6914
leland,leland,0.034246992,0.6912
leland,leland,0.034251675,0.691
leland,leland,0.034258407,0.6908
leland,leland,0.03426144,0.6906
leland,leland,0.034263026,0.6904
leland,leland,0.034268722,0.6902
leland,leland,0.034274884,0.69
leland,leland,0.034279656,0.6898
leland,leland,0.034283243,0.6896
leland,leland,0.034286547,0.6894
leland,leland,0.034292094,0.6892
leland,leland,0.03429416,0.689
leland,leland,0.034297477,0.6888
leland,leland,0.034300458,0.6886
leland,leland,0.034302823,0.6884
leland,leland,0.034306567,0.6882
leland,leland,0.034310747,0.688
leland,leland,0.034315646,0.6878
leland,leland,0.03432108,0.6876
leland,leland,0.034323834,0.6874
leland,leland,0.034328796,0.6872
leland,leland,0.034332633,0.687
leland,leland,0.034336884,0.6868
leland,leland,0.03433911,0.6866
leland,leland,0.034347948,0.6864
leland,leland,0.034348935,0.6862
leland,leland,0.034353502,0.686
leland,leland,0.03435935,0.6858
leland,leland,0.034364697,0.6856
leland,leland,0.034369625,0.6854
leland,leland,0.034371473,0.6852
leland,leland,0.034373164,0.685
leland,leland,0.03437698,0.6848
leland,leland,0.034378756,0.6846
leland,leland,0.03438619,0.6844
leland,leland,0.03439468,0.6842
leland,leland,0.034400098,0.684
leland,leland,0.034402058,0.6838
leland,leland,0.034405608,0.6836
leland,leland,0.03440833,0.6834
leland,leland,0.034411084,0.6832
leland,leland,0.034416012,0.683
leland,leland,0.034419946,0.6828
leland,leland,0.034424268,0.6826
leland,leland,0.03442955,0.6824
leland,leland,0.03443434,0.6822
leland,leland,0.034438074,0.682
leland,leland,0.0344427,0.6818
leland,leland,0.03444458,0.6816
leland,leland,0.034448065,0.6814
leland,leland,0.034450244,0.6812
leland,leland,0.03445691,0.681
leland,leland,0.03445852,0.6808
leland,leland,0.034460306,0.6806
leland,leland,0.034462318,0.6804
leland,leland,0.034463048,0.6802
leland,leland,0.03446675,0.68
leland,leland,0.0344683,0.6798
leland,leland,0.0344724,0.6796
leland,leland,0.034475423,0.6794
leland,leland,0.034478754,0.6792
leland,leland,0.034486093,0.679
leland,leland,0.03449269,0.6788
leland,leland,0.03449517,0.6786
leland,leland,0.03450003,0.6784
leland,leland,0.034505393,0.6782
leland,leland,0.034509018,0.678
leland,leland,0.034512665,0.6778
leland,leland,0.03451451,0.6776
leland,leland,0.0345201,0.6774
leland,leland,0.034522403,0.6772
leland,leland,0.034527685,0.677
leland,leland,0.034529198,0.6768
leland,leland,0.03453359,0.6766
leland,leland,0.034537442,0.6764
leland,leland,0.03454366,0.6762
leland,leland,0.03454717,0.676
leland,leland,0.034549512,0.6758
leland,leland,0.03455242,0.6756
leland,leland,0.034553982,0.6754
leland,leland,0.034560133,0.6752
leland,leland,0.034562804,0.675
leland,leland,0.034567393,0.6748
leland,leland,0.034569085,0.6746
leland,leland,0.034570828,0.6744
leland,leland,0.03457296,0.6742
leland,leland,0.034575198,0.674
leland,leland,0.034579135,0.6738
leland,leland,0.0345822,0.6736
leland,leland,0.034583822,0.6734
leland,leland,0.0345849,0.6732
leland,leland,0.034589007,0.673
leland,leland,0.03459246,0.6728
leland,leland,0.034596168,0.6726
leland,leland,0.034599897,0.6724
leland,leland,0.034605145,0.6722
leland,leland,0.03460958,0.672
leland,leland,0.034614235,0.6718
leland,leland,0.03461767,0.6716
leland,leland,0.03461958,0.6714
leland,leland,0.03462389,0.6712
leland,leland,0.034626585,0.671
leland,leland,0.034630485,0.6708
leland,leland,0.034636203,0.6706
leland,leland,0.034642138,0.6704
leland,leland,0.03464554,0.6702
leland,leland,0.034647867,0.67
leland,leland,0.034649834,0.6698
leland,leland,0.034653068,0.6696
leland,leland,0.034654316,0.6694
leland,leland,0.034657978,0.6692
leland,leland,0.034660038,0.669
leland,leland,0.034662973,0.6688
leland,leland,0.034664314,0.6686
leland,leland,0.03466835,0.6684
leland,leland,0.03467153,0.6682
leland,leland,0.03467381,0.668
leland,leland,0.034677137,0.6678
leland,leland,0.03467986,0.6676
leland,leland,0.034685876,0.6674
leland,leland,0.03469078,0.6672
leland,leland,0.03469353,0.667
leland,leland,0.034695055,0.6668
leland,leland,0.034698583,0.6666
leland,leland,0.034704074,0.6664
leland,leland,0.034706973,0.6662
leland,leland,0.034711022,0.666
leland,leland,0.034715787,0.6658
leland,leland,0.034719396,0.6656
leland,leland,0.03472311,0.6654
leland,leland,0.034727905,0.6652
leland,leland,0.034729727,0.665
leland,leland,0.034732822,0.6648
leland,leland,0.034735925,0.6646
leland,leland,0.034739792,0.6644
leland,leland,0.034742117,0.6642
leland,leland,0.03474493,0.664
leland,leland,0.03474639,0.6638
leland,leland,0.034748506,0.6636
leland,leland,0.034750782,0.6634
leland,leland,0.034754843,0.6632
leland,leland,0.034756463,0.663
leland,leland,0.034758236,0.6628
leland,leland,0.034761403,0.6626
leland,leland,0.0347641,0.6624
leland,leland,0.034765583,0.6622
leland,leland,0.03476856,0.662
leland,leland,0.034774154,0.6618
leland,leland,0.034775753,0.6616
leland,leland,0.034781806,0.6614
leland,leland,0.034785368,0.6612
leland,leland,0.034788825,0.661
leland,leland,0.0347948,0.6608
leland,leland,0.034799192,0.6606
leland,leland,0.03480417,0.6604
leland,leland,0.034810137,0.6602
leland,leland,0.0348115,0.66
leland,leland,0.034816958,0.6598
leland,leland,0.03482075,0.6596
leland,leland,0.034826286,0.6594
leland,leland,0.03483261,0.6592
leland,leland,0.034839448,0.659
leland,leland,0.03484099,0.6588
leland,leland,0.03484561,0.6586
leland,leland,0.034849554,0.6584
leland,leland,0.034851838,0.6582
leland,leland,0.034854315,0.658
leland,leland,0.03485681,0.6578
leland,leland,0.03485989,0.6576
leland,leland,0.03486238,0.6574
leland,leland,0.034865968,0.6572
leland,leland,0.034868516,0.657
leland,leland,0.034870055,0.6568
leland,leland,0.034873247,0.6566
leland,leland,0.034877326,0.6564
leland,leland,0.034882095,0.6562
leland,leland,0.03488429,0.656
leland,leland,0.03488926,0.6558
leland,leland,0.034896456,0.6556
leland,leland,0.03490073,0.6554
leland,leland,0.03490733,0.6552
leland,leland,0.034907732,0.655
leland,leland,0.034912422,0.6548
leland,leland,0.034918156,0.6546
leland,leland,0.034920804,0.6544
leland,leland,0.03492416,0.6542
leland,leland,0.03492955,0.654
leland,leland,0.0349315,0.6538
leland,leland,0.03493296,0.6536
leland,leland,0.034937885,0.6534
leland,leland,0.034941707,0.6532
leland,leland,0.03494461,0.653
leland,leland,0.034946777,0.6528
leland,leland,0.034949522,0.6526
leland,leland,0.03495334,0.6524
leland,leland,0.034955643,0.6522
leland,leland,0.034956723,0.652
leland,leland,0.034960117,0.6518
leland,leland,0.034963276,0.6516
leland,leland,0.034965497,0.6514
leland,leland,0.03497014,0.6512
leland,leland,0.034974035,0.651
leland,leland,0.03497538,0.6508
leland,leland,0.03498057,0.6506
leland,leland,0.034983873,0.6504
leland,leland,0.034988422,0.6502
leland,leland,0.034994297,0.65
leland,leland,0.034998443,0.6498
leland,leland,0.035002306,0.6496
leland,leland,0.035004444,0.6494
leland,leland,0.035006385,0.6492
leland,leland,0.035007495,0.649
leland,leland,0.03501068,0.6488
leland,leland,0.035012025,0.6486
leland,leland,0.035015445,0.6484
leland,leland,0.03501717,0.6482
leland,leland,0.035022464,0.648
leland,leland,0.035027664,0.6478
leland,leland,0.035030697,0.6476
leland,leland,0.035034437,0.6474
leland,leland,0.035039324,0.6472
leland,leland,0.035044592,0.647
leland,leland,0.035047147,0.6468
leland,leland,0.035050638,0.6466
leland,leland,0.035053454,0.6464
leland,leland,0.035061862,0.6462
leland,leland,0.03506895,0.646
leland,leland,0.035074033,0.6458
leland,leland,0.035075627,0.6456
leland,leland,0.035078052,0.6454
leland,leland,0.035081834,0.6452
leland,leland,0.03508291,0.645
leland,leland,0.03508425,0.6448
leland,leland,0.035087198,0.6446
leland,leland,0.035089254,0.6444
leland,leland,0.03509118,0.6442
leland,leland,0.03509453,0.644
leland,leland,0.035097547,0.6438
leland,leland,0.03509914,0.6436
leland,leland,0.035102956,0.6434
leland,leland,0.035107136,0.6432
leland,leland,0.03510921,0.643
leland,leland,0.03511303,0.6428
leland,leland,0.0351192,0.6426
leland,leland,0.035120808,0.6424
leland,leland,0.03512315,0.6422
leland,leland,0.035129096,0.642
leland,leland,0.035132725,0.6418
leland,leland,0.035134252,0.6416
leland,leland,0.035135336,0.6414
leland,leland,0.035138723,0.6412
leland,leland,0.035139393,0.641
leland,leland,0.03514432,0.6408
leland,leland,0.035148162,0.6406
leland,leland,0.035162088,0.6404
leland,leland,0.035165135,0.6402
leland,leland,0.035171337,0.64
leland,leland,0.03517726,0.6398
leland,leland,0.035181455,0.6396
leland,leland,0.03518395,0.6394
leland,leland,0.035185214,0.6392
leland,leland,0.035189264,0.639
leland,leland,0.035191655,0.6388
leland,leland,0.035194464,0.6386
leland,leland,0.035197373,0.6384
leland,leland,0.03520587,0.6382
leland,leland,0.03520705,0.638
leland,leland,0.035209768,0.6378
leland,leland,0.03521138,0.6376
leland,leland,0.03521517,0.6374
leland,leland,0.035221603,0.6372
leland,leland,0.03522753,0.637
leland,leland,0.035231534,0.6368
leland,leland,0.035233825,0.6366
leland,leland,0.035236917,0.6364
leland,leland,0.03524079,0.6362
leland,leland,0.035245888,0.636
leland,leland,0.035249304,0.6358
leland,leland,0.035252396,0.6356
leland,leland,0.035255007,0.6354
leland,leland,0.03525614,0.6352
leland,leland,0.03525722,0.635
leland,leland,0.035260707,0.6348
leland,leland,0.035263702,0.6346
leland,leland,0.035270512,0.6344
leland,leland,0.035273664,0.6342
leland,leland,0.03527576,0.634
leland,leland,0.035278715,0.6338
leland,leland,0.035280198,0.6336
leland,leland,0.035284594,0.6334
leland,leland,0.035287596,0.6332
leland,leland,0.035289735,0.633
leland,leland,0.035295818,0.6328
leland,leland,0.035299897,0.6326
leland,leland,0.03530586,0.6324
leland,leland,0.0353101,0.6322
leland,leland,0.035313033,0.632
leland,leland,0.035316605,0.6318
leland,leland,0.03531868,0.6316
leland,leland,0.03532139,0.6314
leland,leland,0.035323597,0.6312
leland,leland,0.035329964,0.631
leland,leland,0.035336334,0.6308
leland,leland,0.03533938,0.6306
leland,leland,0.035343338,0.6304
leland,leland,0.035349797,0.6302
leland,leland,0.035353724,0.63
leland,leland,0.03535618,0.6298
leland,leland,0.035358697,0.6296
leland,leland,0.03536183,0.6294
leland,leland,0.0353639,0.6292
leland,leland,0.035368636,0.629
leland,leland,0.03537027,0.6288
leland,leland,0.03537178,0.6286
leland,leland,0.035375908,0.6284
leland,leland,0.03537967,0.6282
leland,leland,0.035381846,0.628
leland,leland,0.03538561,0.6278
leland,leland,0.035388373,0.6276
leland,leland,0.035390157,0.6274
leland,leland,0.035391804,0.6272
leland,leland,0.035393827,0.627
leland,leland,0.03540225,0.6268
leland,leland,0.035407525,0.6266
leland,leland,0.035411123,0.6264
leland,leland,0.03541358,0.6262
leland,leland,0.035415262,0.626
leland,leland,0.035418216,0.6258
leland,leland,0.035421167,0.6256
leland,leland,0.03542865,0.6254
leland,leland,0.035432052,0.6252
leland,leland,0.035437133,0.625
leland,leland,0.03543947,0.6248
leland,leland,0.03544162,0.6246
leland,leland,0.035445675,0.6244
leland,leland,0.035446916,0.6242
leland,leland,0.03545005,0.624
leland,leland,0.03545179,0.6238
leland,leland,0.035454813,0.6236
leland,leland,0.035457958,0.6234
leland,leland,0.035459593,0.6232
leland,leland,0.035461683,0.623
leland,leland,0.035469253,0.6228
leland,leland,0.035472713,0.6226
leland,leland,0.035476435,0.6224
leland,leland,0.03547919,0.6222
leland,leland,0.03548007,0.622
leland,leland,0.035485134,0.6218
leland,leland,0.035486758,0.6216
leland,leland,0.035492457,0.6214
leland,leland,0.035495784,0.6212
leland,leland,0.035501964,0.621
leland,leland,0.035505198,0.6208
leland,leland,0.03550646,0.6206
leland,leland,0.035509374,0.6204
leland,leland,0.03551041,0.6202
leland,leland,0.035516053,0.62
leland,leland,0.035517618,0.6198
leland,leland,0.03552064,0.6196
leland,leland,0.035523534,0.6194
leland,leland,0.035525568,0.6192
leland,leland,0.035527952,0.619
leland,leland,0.03553055,0.6188
leland,leland,0.03553379,0.6186
leland,leland,0.03553534,0.6184
leland,leland,0.035538442,0.6182
leland,leland,0.03554485,0.618
leland,leland,0.035545662,0.6178
leland,leland,0.035550557,0.6176
leland,leland,0.035554256,0.6174
leland,leland,0.03555825,0.6172
leland,leland,0.0355655,0.617
leland,leland,0.035570238,0.6168
leland,leland,0.035571508,0.6166
leland,leland,0.03557685,0.6164
leland,leland,0.035583265,0.6162
leland,leland,0.035587285,0.616
leland,leland,0.035592627,0.6158
leland,leland,0.035594195,0.6156
leland,leland,0.03559579,0.6154
leland,leland,0.035600405,0.6152
leland,leland,0.03560288,0.615
leland,leland,0.035607122,0.6148
leland,leland,0.035611294,0.6146
leland,leland,0.035613462,0.6144
leland,leland,0.03561456,0.6142
leland,leland,0.035616323,0.614
leland,leland,0.035618126,0.6138
leland,leland,0.035622977,0.6136
leland,leland,0.035628304,0.6134
leland,leland,0.035638116,0.6132
leland,leland,0.035642557,0.613
leland,leland,0.035647932,0.6128
leland,leland,0.035650402,0.6126
leland,leland,0.035651624,0.6124
leland,leland,0.035654277,0.6122
leland,leland,0.035655405,0.612
leland,leland,0.035661507,0.6118
leland,leland,0.035666604,0.6116
leland,leland,0.03567211,0.6114
leland,leland,0.035674583,0.6112
leland,leland,0.035678186,0.611
leland,leland,0.035680924,0.6108
leland,leland,0.035682376,0.6106
leland,leland,0.035686426,0.6104
leland,leland,0.03569382,0.6102
leland,leland,0.035700973,0.61
leland,leland,0.035703056,0.6098
leland,leland,0.03570477,0.6096
leland,leland,0.035707828,0.6094
leland,leland,0.03571053,0.6092
leland,leland,0.03571185,0.609
leland,leland,0.035715193,0.6088
leland,leland,0.035724644,0.6086
leland,leland,0.035727806,0.6084
leland,leland,0.03573034,0.6082
leland,leland,0.03573398,0.608
leland,leland,0.03574092,0.6078
leland,leland,0.035744317,0.6076
leland,leland,0.035746787,0.6074
leland,leland,0.03575065,0.6072
leland,leland,0.0357525,0.607
leland,leland,0.035757005,0.6068
leland,leland,0.03575807,0.6066
leland,leland,0.035759684,0.6064
leland,leland,0.035761245,0.6062
leland,leland,0.035766963,0.606
leland,leland,0.03577012,0.6058
leland,leland,0.03577773,0.6056
leland,leland,0.035783783,0.6054
leland,leland,0.03578665,0.6052
leland,leland,0.035793547,0.605
leland,leland,0.0357989,0.6048
leland,leland,0.03580374,0.6046
leland,leland,0.03580597,0.6044
leland,leland,0.03580945,0.6042
leland,leland,0.035812147,0.604
leland,leland,0.035814963,0.6038
leland,leland,0.03581705,0.6036
leland,leland,0.035819307,0.6034
leland,leland,0.03582154,0.6032
leland,leland,0.035824176,0.603
leland,leland,0.0358281,0.6028
leland,leland,0.035829775,0.6026
leland,leland,0.035831608,0.6024
leland,leland,0.03583596,0.6022
leland,leland,0.03583825,0.602
leland,leland,0.03584154,0.6018
leland,leland,0.03584496,0.6016
leland,leland,0.035847813,0.6014
leland,leland,0.035854492,0.6012
leland,leland,0.03585671,0.601
leland,leland,0.035861596,0.6008
leland,leland,0.03586443,0.6006
leland,leland,0.035867866,0.6004
leland,leland,0.035869725,0.6002
leland,leland,0.03587319,0.6
leland,leland,0.035875864,0.5998
leland,leland,0.03587913,0.5996
leland,leland,0.035881598,0.5994
leland,leland,0.035884447,0.5992
leland,leland,0.035888087,0.599
leland,leland,0.035888873,0.5988
leland,leland,0.03589503,0.5986
leland,leland,0.03589636,0.5984
leland,leland,0.035902504,0.5982
leland,leland,0.035904266,0.598
leland,leland,0.03590734,0.5978
leland,leland,0.035913285,0.5976
leland,leland,0.03591742,0.5974
leland,leland,0.03592086,0.5972
leland,leland,0.03592451,0.597
leland,leland,0.035925835,0.5968
leland,leland,0.03592848,0.5966
leland,leland,0.035932936,0.5964
leland,leland,0.035939556,0.5962
leland,leland,0.035944257,0.596
leland,leland,0.035948563,0.5958
leland,leland,0.035953566,0.5956
leland,leland,0.035957403,0.5954
leland,leland,0.035959393,0.5952
leland,leland,0.035963953,0.595
leland,leland,0.035969228,0.5948
leland,leland,0.0359704,0.5946
leland,leland,0.035975255,0.5944
leland,leland,0.035979282,0.5942
leland,leland,0.035983857,0.594
leland,leland,0.035987534,0.5938
leland,leland,0.03598942,0.5936
leland,leland,0.035993654,0.5934
leland,leland,0.035995193,0.5932
leland,leland,0.036001876,0.593
leland,leland,0.03600373,0.5928
leland,leland,0.036007818,0.5926
leland,leland,0.03600897,0.5924
leland,leland,0.036010828,0.5922
leland,leland,0.036012813,0.592
leland,leland,0.036016457,0.5918
leland,leland,0.036018394,0.5916
leland,leland,0.03602329,0.5914
leland,leland,0.0360255,0.5912
leland,leland,0.03602921,0.591
leland,leland,0.036034256,0.5908
leland,leland,0.036035705,0.5906
leland,leland,0.036041208,0.5904
leland,leland,0.03604732,0.5902
leland,leland,0.036052007,0.59
leland,leland,0.036053456,0.5898
leland,leland,0.03605728,0.5896
leland,leland,0.03606565,0.5894
leland,leland,0.036067884,0.5892
leland,leland,0.03607365,0.589
leland,leland,0.036076166,0.5888
leland,leland,0.036080368,0.5886
leland,leland,0.03608258,0.5884
leland,leland,0.036087565,0.5882
leland,leland,0.036092285,0.588
leland,leland,0.036100067,0.5878
leland,leland,0.036102045,0.5876
leland,leland,0.036105283,0.5874
leland,leland,0.036109876,0.5872
leland,leland,0.036111623,0.587
leland,leland,0.03612465,0.5868
leland,leland,0.036128018,0.5866
leland,leland,0.03613314,0.5864
leland,leland,0.036137052,0.5862
leland,leland,0.036142394,0.586
leland,leland,0.036145996,0.5858
leland,leland,0.03614714,0.5856
leland,leland,0.036149442,0.5854
leland,leland,0.036153115,0.5852
leland,leland,0.03615729,0.585
leland,leland,0.036160324,0.5848
leland,leland,0.036163397,0.5846
leland,leland,0.036168437,0.5844
leland,leland,0.036169957,0.5842
leland,leland,0.036174454,0.584
leland,leland,0.0361771,0.5838
leland,leland,0.036179565,0.5836
leland,leland,0.036182363,0.5834
leland,leland,0.03618387,0.5832
leland,leland,0.036190934,0.583
leland,leland,0.036193054,0.5828
leland,leland,0.036195654,0.5826
leland,leland,0.036196932,0.5824
leland,leland,0.036199305,0.5822
leland,leland,0.03620387,0.582
leland,leland,0.03620513,0.5818
leland,leland,0.03620759,0.5816
leland,leland,0.036211893,0.5814
leland,leland,0.03621598,0.5812
leland,leland,0.03621962,0.581
leland,leland,0.03622287,0.5808
leland,leland,0.03622491,0.5806
leland,leland,0.036227066,0.5804
leland,leland,0.036230147,0.5802
leland,leland,0.036235172,0.58
leland,leland,0.036240947,0.5798
leland,leland,0.036241826,0.5796
leland,leland,0.036244676,0.5794
leland,leland,0.03624652,0.5792
leland,leland,0.036249414,0.579
leland,leland,0.036253635,0.5788
leland,leland,0.03625691,0.5786
leland,leland,0.036260836,0.5784
leland,leland,0.036267146,0.5782
leland,leland,0.03627258,0.578
leland,leland,0.03627597,0.5778
leland,leland,0.036281012,0.5776
leland,leland,0.036283948,0.5774
leland,leland,0.036287006,0.5772
leland,leland,0.036291316,0.577
leland,leland,0.03629606,0.5768
leland,leland,0.036298998,0.5766
leland,leland,0.03630157,0.5764
leland,leland,0.036303993,0.5762
leland,leland,0.036310956,0.576
leland,leland,0.036314618,0.5758
leland,leland,0.036320277,0.5756
leland,leland,0.03632322,0.5754
leland,leland,0.036329336,0.5752
leland,leland,0.036330737,0.575
leland,leland,0.036333434,0.5748
leland,leland,0.03633755,0.5746
leland,leland,0.036339857,0.5744
leland,leland,0.036342297,0.5742
leland,leland,0.036343917,0.574
leland,leland,0.036347102,0.5738
leland,leland,0.036351018,0.5736
leland,leland,0.0363528,0.5734
leland,leland,0.03635466,0.5732
leland,leland,0.036359668,0.573
leland,leland,0.03636233,0.5728
leland,leland,0.036364052,0.5726
leland,leland,0.036367845,0.5724
leland,leland,0.03637129,0.5722
leland,leland,0.036374725,0.572
leland,leland,0.03637756,0.5718
leland,leland,0.036381457,0.5716
leland,leland,0.03638726,0.5714
leland,leland,0.03639006,0.5712
leland,leland,0.036392108,0.571
leland,leland,0.03639586,0.5708
leland,leland,0.036401656,0.5706
leland,leland,0.03640353,0.5704
leland,leland,0.036405187,0.5702
leland,leland,0.036411047,0.57
leland,leland,0.036413897,0.5698
leland,leland,0.036415067,0.5696
leland,leland,0.036418833,0.5694
leland,leland,0.036423396,0.5692
leland,leland,0.036427196,0.569
leland,leland,0.036432214,0.5688
leland,leland,0.036441393,0.5686
leland,leland,0.03644822,0.5684
leland,leland,0.036450602,0.5682
leland,leland,0.03645402,0.568
leland,leland,0.036457445,0.5678
leland,leland,0.036458828,0.5676
leland,leland,0.036465164,0.5674
leland,leland,0.036469024,0.5672
leland,leland,0.036472127,0.567
leland,leland,0.036476582,0.5668
leland,leland,0.03647974,0.5666
leland,leland,0.03648162,0.5664
leland,leland,0.03648399,0.5662
leland,leland,0.036485624,0.566
leland,leland,0.03648901,0.5658
leland,leland,0.036495,0.5656
leland,leland,0.03649711,0.5654
leland,leland,0.036498584,0.5652
leland,leland,0.036502406,0.565
leland,leland,0.03650389,0.5648
leland,leland,0.036505908,0.5646
leland,leland,0.036507912,0.5644
leland,leland,0.03651235,0.5642
leland,leland,0.036515694,0.564
leland,leland,0.036518,0.5638
leland,leland,0.03652082,0.5636
leland,leland,0.03652653,0.5634
leland,leland,0.036530565,0.5632
leland,leland,0.036532376,0.563
leland,leland,0.036535952,0.5628
leland,leland,0.03653703,0.5626
leland,leland,0.03653945,0.5624
leland,leland,0.036541328,0.5622
leland,leland,0.03654586,0.562
leland,leland,0.036548056,0.5618
leland,leland,0.0365502,0.5616
leland,leland,0.036556818,0.5614
leland,leland,0.03656112,0.5612
leland,leland,0.03656449,0.561
leland,leland,0.03656577,0.5608
leland,leland,0.036571097,0.5606
leland,leland,0.0365741,0.5604
leland,leland,0.036577567,0.5602
leland,leland,0.03658216,0.56
leland,leland,0.036587015,0.5598
leland,leland,0.036588807,0.5596
leland,leland,0.03659214,0.5594
leland,leland,0.03659473,0.5592
leland,leland,0.036598217,0.559
leland,leland,0.03660111,0.5588
leland,leland,0.03660832,0.5586
leland,leland,0.036611833,0.5584
leland,leland,0.036617536,0.5582
leland,leland,0.036622714,0.558
leland,leland,0.03662565,0.5578
leland,leland,0.036628686,0.5576
leland,leland,0.036631335,0.5574
leland,leland,0.036634035,0.5572
leland,leland,0.036636785,0.557
leland,leland,0.036639694,0.5568
leland,leland,0.036644403,0.5566
leland,leland,0.036647044,0.5564
leland,leland,0.03665159,0.5562
leland,leland,0.036657214,0.556
leland,leland,0.03665825,0.5558
leland,leland,0.036661472,0.5556
leland,leland,0.036662847,0.5554
leland,leland,0.036666684,0.5552
leland,leland,0.036673885,0.555
leland,leland,0.036675513,0.5548
leland,leland,0.03668358,0.5546
leland,leland,0.03669056,0.5544
leland,leland,0.036693815,0.5542
leland,leland,0.036698014,0.554
leland,leland,0.036702547,0.5538
leland,leland,0.036704056,0.5536
leland,leland,0.03670523,0.5534
leland,leland,0.036708042,0.5532
leland,leland,0.036710948,0.553
leland,leland,0.036715526,0.5528
leland,leland,0.036718063,0.5526
leland,leland,0.036719497,0.5524
leland,leland,0.036725998,0.5522
leland,leland,0.03672964,0.552
leland,leland,0.036734466,0.5518
leland,leland,0.036740314,0.5516
leland,leland,0.036744718,0.5514
leland,leland,0.036750115,0.5512
leland,leland,0.03675788,0.551
leland,leland,0.03676212,0.5508
leland,leland,0.036764473,0.5506
leland,leland,0.03676905,0.5504
leland,leland,0.036771614,0.5502
leland,leland,0.03677365,0.55
leland,leland,0.036778186,0.5498
leland,leland,0.036782008,0.5496
leland,leland,0.036785185,0.5494
leland,leland,0.03678729,0.5492
leland,leland,0.03679033,0.549
leland,leland,0.036792036,0.5488
leland,leland,0.036799744,0.5486
leland,leland,0.036803763,0.5484
leland,leland,0.036807355,0.5482
leland,leland,0.036811553,0.548
leland,leland,0.036816582,0.5478
leland,leland,0.036820956,0.5476
leland,leland,0.036825445,0.5474
leland,leland,0.03683046,0.5472
leland,leland,0.036833983,0.547
leland,leland,0.03683682,0.5468
leland,leland,0.03683837,0.5466
leland,leland,0.036842532,0.5464
leland,leland,0.03684438,0.5462
leland,leland,0.03685136,0.546
leland,leland,0.03685491,0.5458
leland,leland,0.036857806,0.5456
leland,leland,0.036862,0.5454
leland,leland,0.036865175,0.5452
leland,leland,0.03686904,0.545
leland,leland,0.036871556,0.5448
leland,leland,0.036875132,0.5446
leland,leland,0.036881544,0.5444
leland,leland,0.036885973,0.5442
leland,leland,0.03688774,0.544
leland,leland,0.036891367,0.5438
leland,leland,0.03689353,0.5436
leland,leland,0.036895186,0.5434
leland,leland,0.036899637,0.5432
leland,leland,0.03690326,0.543
leland,leland,0.03690791,0.5428
leland,leland,0.036912296,0.5426
leland,leland,0.036912773,0.5424
leland,leland,0.036916878,0.5422
leland,leland,0.036918253,0.542
leland,leland,0.036920913,0.5418
leland,leland,0.036926627,0.5416
leland,leland,0.03693297,0.5414
leland,leland,0.036937065,0.5412
leland,leland,0.036939654,0.541
leland,leland,0.036943194,0.5408
leland,leland,0.03694524,0.5406
leland,leland,0.036949795,0.5404
leland,leland,0.036952194,0.5402
leland,leland,0.036956962,0.54
leland,leland,0.036962282,0.5398
leland,leland,0.036965806,0.5396
leland,leland,0.036967304,0.5394
leland,leland,0.036971252,0.5392
leland,leland,0.036975496,0.539
leland,leland,0.03697804,0.5388
leland,leland,0.036981247,0.5386
leland,leland,0.036984965,0.5384
leland,leland,0.03698671,0.5382
leland,leland,0.036988772,0.538
leland,leland,0.036990922,0.5378
leland,leland,0.03699431,0.5376
leland,leland,0.03699807,0.5374
leland,leland,0.03700313,0.5372
leland,leland,0.037007723,0.537
leland,leland,0.037010822,0.5368
leland,leland,0.03701239,0.5366
leland,leland,0.037018582,0.5364
leland,leland,0.03702044,0.5362
leland,leland,0.037021823,0.536
leland,leland,0.037024066,0.5358
leland,leland,0.037027776,0.5356
leland,leland,0.037029378,0.5354
leland,leland,0.037033897,0.5352
leland,leland,0.037035897,0.535
leland,leland,0.03703864,0.5348
leland,leland,0.037042424,0.5346
leland,leland,0.037045415,0.5344
leland,leland,0.03705101,0.5342
leland,leland,0.03705274,0.534
leland,leland,0.0370544,0.5338
leland,leland,0.037060894,0.5336
leland,leland,0.03706248,0.5334
leland,leland,0.037065662,0.5332
leland,leland,0.037068218,0.533
leland,leland,0.03707385,0.5328
leland,leland,0.037079383,0.5326
leland,leland,0.037087843,0.5324
leland,leland,0.03709036,0.5322
leland,leland,0.037092246,0.532
leland,leland,0.03709302,0.5318
leland,leland,0.037096817,0.5316
leland,leland,0.037100382,0.5314
leland,leland,0.03710367,0.5312
leland,leland,0.037107382,0.531
leland,leland,0.037109584,0.5308
leland,leland,0.037113924,0.5306
leland,leland,0.03711834,0.5304
leland,leland,0.037120525,0.5302
leland,leland,0.037122026,0.53
leland,leland,0.03712478,0.5298
leland,leland,0.03712859,0.5296
leland,leland,0.0371322,0.5294
leland,leland,0.037135005,0.5292
leland,leland,0.0371402,0.529
leland,leland,0.037146684,0.5288
leland,leland,0.037149776,0.5286
leland,leland,0.03715516,0.5284
leland,leland,0.037159972,0.5282
leland,leland,0.037167102,0.528
leland,leland,0.037172787,0.5278
leland,leland,0.037174497,0.5276
leland,leland,0.037180517,0.5274
leland,leland,0.037183087,0.5272
leland,leland,0.037188336,0.527
leland,leland,0.037189145,0.5268
leland,leland,0.037192266,0.5266
leland,leland,0.03719854,0.5264
leland,leland,0.037200127,0.5262
leland,leland,0.03720256,0.526
leland,leland,0.037203368,0.5258
leland,leland,0.03720792,0.5256
leland,leland,0.03720972,0.5254
leland,leland,0.037213318,0.5252
leland,leland,0.03721468,0.525
leland,leland,0.037218805,0.5248
leland,leland,0.037226804,0.5246
leland,leland,0.037229616,0.5244
leland,leland,0.037231144,0.5242
leland,leland,0.037234467,0.524
leland,leland,0.037236206,0.5238
leland,leland,0.037238188,0.5236
leland,leland,0.03724152,0.5234
leland,leland,0.037244312,0.5232
leland,leland,0.037247907,0.523
leland,leland,0.037252955,0.5228
leland,leland,0.03725388,0.5226
leland,leland,0.037255667,0.5224
leland,leland,0.037259433,0.5222
leland,leland,0.037261035,0.522
leland,leland,0.037263654,0.5218
leland,leland,0.03726975,0.5216
leland,leland,0.037273005,0.5214
leland,leland,0.037274964,0.5212
leland,leland,0.03727949,0.521
leland,leland,0.037284642,0.5208
leland,leland,0.037288405,0.5206
leland,leland,0.03729173,0.5204
leland,leland,0.0372958,0.5202
leland,leland,0.037296537,0.52
leland,leland,0.03730018,0.5198
leland,leland,0.03730178,0.5196
leland,leland,0.03730813,0.5194
leland,leland,0.037312094,0.5192
leland,leland,0.037312817,0.519
leland,leland,0.03731575,0.5188
leland,leland,0.037317026,0.5186
leland,leland,0.03732121,0.5184
leland,leland,0.03732353,0.5182
leland,leland,0.037326172,0.518
leland,leland,0.03732931,0.5178
leland,leland,0.03733015,0.5176
leland,leland,0.03733309,0.5174
leland,leland,0.037334025,0.5172
leland,leland,0.03733998,0.517
leland,leland,0.03734356,0.5168
leland,leland,0.03734692,0.5166
leland,leland,0.03735202,0.5164
leland,leland,0.037353642,0.5162
leland,leland,0.037354376,0.516
leland,leland,0.03735785,0.5158
leland,leland,0.037362214,0.5156
leland,leland,0.03736342,0.5154
leland,leland,0.037365414,0.5152
leland,leland,0.037366856,0.515
leland,leland,0.037370287,0.5148
leland,leland,0.037375584,0.5146
leland,leland,0.03737665,0.5144
leland,leland,0.037379164,0.5142
leland,leland,0.037384458,0.514
leland,leland,0.037388187,0.5138
leland,leland,0.03739063,0.5136
leland,leland,0.0373937,0.5134
leland,leland,0.037394613,0.5132
leland,leland,0.037398536,0.513
leland,leland,0.037403196,0.5128
leland,leland,0.03741061,0.5126
leland,leland,0.037411626,0.5124
leland,leland,0.037416965,0.5122
leland,leland,0.037422262,0.512
leland,leland,0.03742671,0.5118
leland,leland,0.03742933,0.5116
leland,leland,0.03743093,0.5114
leland,leland,0.037437264,0.5112
leland,leland,0.037439052,0.511
leland,leland,0.037440144,0.5108
leland,leland,0.037441757,0.5106
leland,leland,0.03744365,0.5104
leland,leland,0.03744573,0.5102
leland,leland,0.03744834,0.51
leland,leland,0.03745202,0.5098
leland,leland,0.037454456,0.5096
leland,leland,0.0374584,0.5094
leland,leland,0.037460916,0.5092
leland,leland,0.037463307,0.509
leland,leland,0.037466485,0.5088
leland,leland,0.037468385,0.5086
leland,leland,0.037473325,0.5084
leland,leland,0.03747965,0.5082
leland,leland,0.037482284,0.508
leland,leland,0.03748479,0.5078
leland,leland,0.037486944,0.5076
leland,leland,0.037489656,0.5074
leland,leland,0.03749458,0.5072
leland,leland,0.037497364,0.507
leland,leland,0.037502732,0.5068
leland,leland,0.037505746,0.5066
leland,leland,0.037507527,0.5064
leland,leland,0.03751125,0.5062
leland,leland,0.037513953,0.506
leland,leland,0.037517633,0.5058
leland,leland,0.037521098,0.5056
leland,leland,0.03752222,0.5054
leland,leland,0.037523065,0.5052
leland,leland,0.03752928,0.505
leland,leland,0.037533462,0.5048
leland,leland,0.03753426,0.5046
leland,leland,0.03753665,0.5044
leland,leland,0.03753893,0.5042
leland,leland,0.037543483,0.504
leland,leland,0.03754417,0.5038
leland,leland,0.037545603,0.5036
leland,leland,0.037548855,0.5034
leland,leland,0.037551094,0.5032
leland,leland,0.037552312,0.503
leland,leland,0.03755765,0.5028
leland,leland,0.037561968,0.5026
leland,leland,0.037563466,0.5024
leland,leland,0.037567824,0.5022
leland,leland,0.037568368,0.502
leland,leland,0.03757123,0.5018
leland,leland,0.03757327,0.5016
leland,leland,0.037579443,0.5014
leland,leland,0.03758028,0.5012
leland,leland,0.037585534,0.501
leland,leland,0.037588462,0.5008
leland,leland,0.03759146,0.5006
leland,leland,0.03759686,0.5004
leland,leland,0.03760172,0.5002
leland,leland,0.037604474,0.5
leland,leland,0.037608493,0.4998
leland,leland,0.03761248,0.4996
leland,leland,0.03761429,0.4994
leland,leland,0.037616875,0.4992
leland,leland,0.03762091,0.499
leland,leland,0.03762425,0.4988
leland,leland,0.037629426,0.4986
leland,leland,0.03763188,0.4984
leland,leland,0.03763634,0.4982
leland,leland,0.03764048,0.498
leland,leland,0.03764533,0.4978
leland,leland,0.037647787,0.4976
leland,leland,0.03765071,0.4974
leland,leland,0.037653394,0.4972
leland,leland,0.0376553,0.497
leland,leland,0.037658554,0.4968
leland,leland,0.03766233,0.4966
leland,leland,0.03766589,0.4964
leland,leland,0.037669934,0.4962
leland,leland,0.037672147,0.496
leland,leland,0.037677083,0.4958
leland,leland,0.03768036,0.4956
leland,leland,0.03768559,0.4954
leland,leland,0.037688415,0.4952
leland,leland,0.037695225,0.495
leland,leland,0.037700146,0.4948
leland,leland,0.037705354,0.4946
leland,leland,0.037706073,0.4944
leland,leland,0.037708852,0.4942
leland,leland,0.03771251,0.494
leland,leland,0.03771493,0.4938
leland,leland,0.037717536,0.4936
leland,leland,0.037721787,0.4934
leland,leland,0.037725884,0.4932
leland,leland,0.03772872,0.493
leland,leland,0.037731662,0.4928
leland,leland,0.037733812,0.4926
leland,leland,0.037738755,0.4924
leland,leland,0.03774201,0.4922
leland,leland,0.037745226,0.492
leland,leland,0.03774983,0.4918
leland,leland,0.03775633,0.4916
leland,leland,0.037759207,0.4914
leland,leland,0.037763253,0.4912
leland,leland,0.037764262,0.491
leland,leland,0.037766863,0.4908
leland,leland,0.03776813,0.4906
leland,leland,0.03777109,0.4904
leland,leland,0.03777578,0.4902
leland,leland,0.037777398,0.49
leland,leland,0.03777993,0.4898
leland,leland,0.037783477,0.4896
leland,leland,0.03778526,0.4894
leland,leland,0.037786983,0.4892
leland,leland,0.037788372,0.489
leland,leland,0.03779225,0.4888
leland,leland,0.03779372,0.4886
leland,leland,0.037796557,0.4884
leland,leland,0.037799828,0.4882
leland,leland,0.037801947,0.488
leland,leland,0.037804108,0.4878
leland,leland,0.037806865,0.4876
leland,leland,0.0378086,0.4874
leland,leland,0.037810244,0.4872
leland,leland,0.03781359,0.487
leland,leland,0.03781783,0.4868
leland,leland,0.03782286,0.4866
leland,leland,0.037825886,0.4864
leland,leland,0.037830036,0.4862
leland,leland,0.03783198,0.486
leland,leland,0.037844114,0.4858
leland,leland,0.03784833,0.4856
leland,leland,0.0378497,0.4854
leland,leland,0.037850995,0.4852
leland,leland,0.037854146,0.485
leland,leland,0.037856165,0.4848
leland,leland,0.03786297,0.4846
leland,leland,0.03786495,0.4844
leland,leland,0.037869785,0.4842
leland,leland,0.037872568,0.484
leland,leland,0.037878502,0.4838
leland,leland,0.03787975,0.4836
leland,leland,0.037881617,0.4834
leland,leland,0.037882995,0.4832
leland,leland,0.037887942,0.483
leland,leland,0.037891287,0.4828
leland,leland,0.037893217,0.4826
leland,leland,0.03789798,0.4824
leland,leland,0.037901476,0.4822
leland,leland,0.037905123,0.482
leland,leland,0.03790955,0.4818
leland,leland,0.03791279,0.4816
leland,leland,0.03792019,0.4814
leland,leland,0.037925374,0.4812
leland,leland,0.037927117,0.481
leland,leland,0.03793216,0.4808
leland,leland,0.03793708,0.4806
leland,leland,0.037944715,0.4804
leland,leland,0.037948757,0.4802
leland,leland,0.03795383,0.48
leland,leland,0.037956774,0.4798
leland,leland,0.037960865,0.4796
leland,leland,0.03797172,0.4794
leland,leland,0.03797372,0.4792
leland,leland,0.03797486,0.479
leland,leland,0.03797882,0.4788
leland,leland,0.037984867,0.4786
leland,leland,0.037992243,0.4784
leland,leland,0.03799379,0.4782
leland,leland,0.038000308,0.478
leland,leland,0.038001355,0.4778
leland,leland,0.038003303,0.4776
leland,leland,0.0380069,0.4774
leland,leland,0.038009297,0.4772
leland,leland,0.038011424,0.477
leland,leland,0.038014416,0.4768
leland,leland,0.038016416,0.4766
leland,leland,0.038020868,0.4764
leland,leland,0.038027294,0.4762
leland,leland,0.038030248,0.476
leland,leland,0.03803566,0.4758
leland,leland,0.038037665,0.4756
leland,leland,0.038042,0.4754
leland,leland,0.03804348,0.4752
leland,leland,0.038045153,0.475
leland,leland,0.038046494,0.4748
leland,leland,0.03804945,0.4746
leland,leland,0.038050838,0.4744
leland,leland,0.03805561,0.4742
leland,leland,0.038058322,0.474
leland,leland,0.038064644,0.4738
leland,leland,0.038065832,0.4736
leland,leland,0.038071718,0.4734
leland,leland,0.038074292,0.4732
leland,leland,0.03807711,0.473
leland,leland,0.0380858,0.4728
leland,leland,0.038087904,0.4726
leland,leland,0.038090203,0.4724
leland,leland,0.038092967,0.4722
leland,leland,0.038095474,0.472
leland,leland,0.038096663,0.4718
leland,leland,0.038100727,0.4716
leland,leland,0.03810471,0.4714
leland,leland,0.038107924,0.4712
leland,leland,0.038110577,0.471
leland,leland,0.03811271,0.4708
leland,leland,0.038117185,0.4706
leland,leland,0.038123194,0.4704
leland,leland,0.038128104,0.4702
leland,leland,0.03813105,0.47
leland,leland,0.038133428,0.4698
leland,leland,0.038135774,0.4696
leland,leland,0.038140018,0.4694
leland,leland,0.038142037,0.4692
leland,leland,0.038144577,0.469
leland,leland,0.038147114,0.4688
leland,leland,0.038150415,0.4686
leland,leland,0.03815649,0.4684
leland,leland,0.0381585,0.4682
leland,leland,0.038160685,0.468
leland,leland,0.03816609,0.4678
leland,leland,0.038168073,0.4676
leland,leland,0.038170062,0.4674
leland,leland,0.038175825,0.4672
leland,leland,0.038177416,0.467
leland,leland,0.03818254,0.4668
leland,leland,0.03818694,0.4666
leland,leland,0.038190287,0.4664
leland,leland,0.03819835,0.4662
leland,leland,0.03819973,0.466
leland,leland,0.03820375,0.4658
leland,leland,0.038206473,0.4656
leland,leland,0.038208343,0.4654
leland,leland,0.038215138,0.4652
leland,leland,0.038217116,0.465
leland,leland,0.03821884,0.4648
leland,leland,0.038222197,0.4646
leland,leland,0.038225807,0.4644
leland,leland,0.03822909,0.4642
leland,leland,0.0382326,0.464
leland,leland,0.038236313,0.4638
leland,leland,0.03824028,0.4636
leland,leland,0.038241398,0.4634
leland,leland,0.03824728,0.4632
leland,leland,0.038249902,0.463
leland,leland,0.038251672,0.4628
leland,leland,0.03825553,0.4626
leland,leland,0.03826293,0.4624
leland,leland,0.038265847,0.4622
leland,leland,0.038268853,0.462
leland,leland,0.03827063,0.4618
leland,leland,0.038271952,0.4616
leland,leland,0.03827637,0.4614
leland,leland,0.038280763,0.4612
leland,leland,0.03828602,0.461
leland,leland,0.038290028,0.4608
leland,leland,0.03829531,0.4606
leland,leland,0.03829776,0.4604
leland,leland,0.038301118,0.4602
leland,leland,0.038303465,0.46
leland,leland,0.038309887,0.4598
leland,leland,0.038313605,0.4596
leland,leland,0.038315814,0.4594
leland,leland,0.038319573,0.4592
leland,leland,0.038325105,0.459
leland,leland,0.038331315,0.4588
leland,leland,0.03833334,0.4586
leland,leland,0.03833733,0.4584
leland,leland,0.038339533,0.4582
leland,leland,0.038343016,0.458
leland,leland,0.038344722,0.4578
leland,leland,0.038347334,0.4576
leland,leland,0.038354326,0.4574
leland,leland,0.038356904,0.4572
leland,leland,0.038360287,0.457
leland,leland,0.038364124,0.4568
leland,leland,0.03836606,0.4566
leland,leland,0.038370878,0.4564
leland,leland,0.038374495,0.4562
leland,leland,0.038377266,0.456
leland,leland,0.03838232,0.4558
leland,leland,0.03838657,0.4556
leland,leland,0.03839108,0.4554
leland,leland,0.038395,0.4552
leland,leland,0.03840056,0.455
leland,leland,0.038401965,0.4548
leland,leland,0.038405202,0.4546
leland,leland,0.038406793,0.4544
leland,leland,0.038408812,0.4542
leland,leland,0.03841726,0.454
leland,leland,0.038420144,0.4538
leland,leland,0.03842889,0.4536
leland,leland,0.038433086,0.4534
leland,leland,0.038438607,0.4532
leland,leland,0.038441334,0.453
leland,leland,0.03844392,0.4528
leland,leland,0.038447022,0.4526
leland,leland,0.038451955,0.4524
leland,leland,0.038454976,0.4522
leland,leland,0.03845629,0.452
leland,leland,0.038462233,0.4518
leland,leland,0.038465545,0.4516
leland,leland,0.038470678,0.4514
leland,leland,0.038472626,0.4512
leland,leland,0.038474858,0.451
leland,leland,0.038478196,0.4508
leland,leland,0.038480017,0.4506
leland,leland,0.0384824,0.4504
leland,leland,0.03848462,0.4502
leland,leland,0.038486417,0.45
leland,leland,0.038488865,0.4498
leland,leland,0.03849244,0.4496
leland,leland,0.03849387,0.4494
leland,leland,0.038494833,0.4492
leland,leland,0.038498312,0.449
leland,leland,0.038500324,0.4488
leland,leland,0.038505107,0.4486
leland,leland,0.038508154,0.4484
leland,leland,0.03851609,0.4482
leland,leland,0.038522225,0.448
leland,leland,0.038523264,0.4478
leland,leland,0.03852531,0.4476
leland,leland,0.038531315,0.4474
leland,leland,0.038536306,0.4472
leland,leland,0.03854059,0.447
leland,leland,0.038545866,0.4468
leland,leland,0.03855295,0.4466
leland,leland,0.038556933,0.4464
leland,leland,0.038559545,0.4462
leland,leland,0.0385621,0.446
leland,leland,0.0385657,0.4458
leland,leland,0.038571727,0.4456
leland,leland,0.03857615,0.4454
leland,leland,0.038577892,0.4452
leland,leland,0.038581852,0.445
leland,leland,0.038587272,0.4448
leland,leland,0.038589794,0.4446
leland,leland,0.03859158,0.4444
leland,leland,0.038593844,0.4442
leland,leland,0.038597636,0.444
leland,leland,0.038599804,0.4438
leland,leland,0.03860152,0.4436
leland,leland,0.038604245,0.4434
leland,leland,0.038607378,0.4432
leland,leland,0.0386119,0.443
leland,leland,0.038614858,0.4428
leland,leland,0.03861722,0.4426
leland,leland,0.0386205,0.4424
leland,leland,0.038623538,0.4422
leland,leland,0.038628817,0.442
leland,leland,0.038630776,0.4418
leland,leland,0.038633082,0.4416
leland,leland,0.038634323,0.4414
leland,leland,0.038637184,0.4412
leland,leland,0.038640384,0.441
leland,leland,0.03864275,0.4408
leland,leland,0.038645923,0.4406
leland,leland,0.038648963,0.4404
leland,leland,0.03865357,0.4402
leland,leland,0.03865848,0.44
leland,leland,0.0386614,0.4398
leland,leland,0.038664564,0.4396
leland,leland,0.03866966,0.4394
leland,leland,0.038675305,0.4392
leland,leland,0.03868087,0.439
leland,leland,0.03868234,0.4388
leland,leland,0.03868729,0.4386
leland,leland,0.038689636,0.4384
leland,leland,0.03869235,0.4382
leland,leland,0.038695183,0.438
leland,leland,0.038697902,0.4378
leland,leland,0.038700543,0.4376
leland,leland,0.038701795,0.4374
leland,leland,0.038705923,0.4372
leland,leland,0.038707256,0.437
leland,leland,0.038710617,0.4368
leland,leland,0.03871325,0.4366
leland,leland,0.03872052,0.4364
leland,leland,0.038724944,0.4362
leland,leland,0.03872677,0.436
leland,leland,0.038729984,0.4358
leland,leland,0.03873332,0.4356
leland,leland,0.038739778,0.4354
leland,leland,0.038741305,0.4352
leland,leland,0.038744833,0.435
leland,leland,0.03874823,0.4348
leland,leland,0.038752075,0.4346
leland,leland,0.038754895,0.4344
leland,leland,0.038757827,0.4342
leland,leland,0.038760938,0.434
leland,leland,0.038763896,0.4338
leland,leland,0.038766585,0.4336
leland,leland,0.038769014,0.4334
leland,leland,0.038769513,0.4332
leland,leland,0.038772933,0.433
leland,leland,0.038774207,0.4328
leland,leland,0.038776442,0.4326
leland,leland,0.038777463,0.4324
leland,leland,0.038779534,0.4322
leland,leland,0.03878873,0.432
leland,leland,0.038792517,0.4318
leland,leland,0.038794637,0.4316
leland,leland,0.038796723,0.4314
leland,leland,0.038799856,0.4312
leland,leland,0.038803395,0.431
leland,leland,0.038807906,0.4308
leland,leland,0.038809568,0.4306
leland,leland,0.03881151,0.4304
leland,leland,0.038816005,0.4302
leland,leland,0.038818147,0.43
leland,leland,0.038822085,0.4298
leland,leland,0.038824964,0.4296
leland,leland,0.03882613,0.4294
leland,leland,0.038830325,0.4292
leland,leland,0.038832754,0.429
leland,leland,0.038835462,0.4288
leland,leland,0.038836703,0.4286
leland,leland,0.038838197,0.4284
leland,leland,0.038839992,0.4282
leland,leland,0.038841598,0.428
leland,leland,0.03884724,0.4278
leland,leland,0.03885024,0.4276
leland,leland,0.038855422,0.4274
leland,leland,0.03885835,0.4272
leland,leland,0.038863022,0.427
leland,leland,0.038864337,0.4268
leland,leland,0.03886779,0.4266
leland,leland,0.038872402,0.4264
leland,leland,0.03887637,0.4262
leland,leland,0.03887998,0.426
leland,leland,0.03888698,0.4258
leland,leland,0.038891356,0.4256
leland,leland,0.03889272,0.4254
leland,leland,0.03889968,0.4252
leland,leland,0.03890196,0.425
leland,leland,0.03890662,0.4248
leland,leland,0.03890998,0.4246
leland,leland,0.038912024,0.4244
leland,leland,0.03891442,0.4242
leland,leland,0.038920056,0.424
leland,leland,0.038923237,0.4238
leland,leland,0.03892694,0.4236
leland,leland,0.038929168,0.4234
leland,leland,0.038933806,0.4232
leland,leland,0.038937364,0.423
leland,leland,0.03893995,0.4228
leland,leland,0.038946215,0.4226
leland,leland,0.038950104,0.4224
leland,leland,0.03895205,0.4222
leland,leland,0.038955778,0.422
leland,leland,0.038958948,0.4218
leland,leland,0.038962312,0.4216
leland,leland,0.0389672,0.4214
leland,leland,0.038971577,0.4212
leland,leland,0.038974717,0.421
leland,leland,0.038978126,0.4208
leland,leland,0.03898156,0.4206
leland,leland,0.038984515,0.4204
leland,leland,0.03898697,0.4202
leland,leland,0.038992804,0.42
leland,leland,0.03899423,0.4198
leland,leland,0.038997475,0.4196
leland,leland,0.039000757,0.4194
leland,leland,0.039002817,0.4192
leland,leland,0.039007336,0.419
leland,leland,0.039011724,0.4188
leland,leland,0.039020736,0.4186
leland,leland,0.039023407,0.4184
leland,leland,0.03902625,0.4182
leland,leland,0.03902967,0.418
leland,leland,0.03903382,0.4178
leland,leland,0.03903691,0.4176
leland,leland,0.03903946,0.4174
leland,leland,0.039043,0.4172
leland,leland,0.039045263,0.417
leland,leland,0.03904855,0.4168
leland,leland,0.03905325,0.4166
leland,leland,0.03905509,0.4164
leland,leland,0.039062113,0.4162
leland,leland,0.03906657,0.416
leland,leland,0.039072298,0.4158
leland,leland,0.0390756,0.4156
leland,leland,0.039081864,0.4154
leland,leland,0.0390842,0.4152
leland,leland,0.0390874,0.415
leland,leland,0.039092507,0.4148
leland,leland,0.03909521,0.4146
leland,leland,0.039098196,0.4144
leland,leland,0.039102793,0.4142
leland,leland,0.039106153,0.414
leland,leland,0.039111186,0.4138
leland,leland,0.039114207,0.4136
leland,leland,0.03912014,0.4134
leland,leland,0.039126188,0.4132
leland,leland,0.03912887,0.413
leland,leland,0.039131492,0.4128
leland,leland,0.039135173,0.4126
leland,leland,0.039138444,0.4124
leland,leland,0.039141115,0.4122
leland,leland,0.039148256,0.412
leland,leland,0.039154056,0.4118
leland,leland,0.03915748,0.4116
leland,leland,0.039161924,0.4114
leland,leland,0.039164055,0.4112
leland,leland,0.0391652,0.411
leland,leland,0.039167628,0.4108
leland,leland,0.039178517,0.4106
leland,leland,0.039180238,0.4104
leland,leland,0.039181914,0.4102
leland,leland,0.039188858,0.41
leland,leland,0.039192896,0.4098
leland,leland,0.03919873,0.4096
leland,leland,0.039200753,0.4094
leland,leland,0.039204102,0.4092
leland,leland,0.039207134,0.409
leland,leland,0.03921086,0.4088
leland,leland,0.039215315,0.4086
leland,leland,0.03921923,0.4084
leland,leland,0.03922598,0.4082
leland,leland,0.03923229,0.408
leland,leland,0.039235137,0.4078
leland,leland,0.039239086,0.4076
leland,leland,0.03924289,0.4074
leland,leland,0.039248582,0.4072
leland,leland,0.039250784,0.407
leland,leland,0.039253443,0.4068
leland,leland,0.039260477,0.4066
leland,leland,0.03926421,0.4064
leland,leland,0.039267734,0.4062
leland,leland,0.03927101,0.406
leland,leland,0.039275963,0.4058
leland,leland,0.0392846,0.4056
leland,leland,0.0392893,0.4054
leland,leland,0.039295226,0.4052
leland,leland,0.039296653,0.405
leland,leland,0.039298106,0.4048
leland,leland,0.039301973,0.4046
leland,leland,0.03930474,0.4044
leland,leland,0.039311837,0.4042
leland,leland,0.039315492,0.404
leland,leland,0.039320964,0.4038
leland,leland,0.0393232,0.4036
leland,leland,0.039327826,0.4034
leland,leland,0.039328493,0.4032
leland,leland,0.03933139,0.403
leland,leland,0.03933592,0.4028
leland,leland,0.039337326,0.4026
leland,leland,0.039339103,0.4024
leland,leland,0.039342936,0.4022
leland,leland,0.039345913,0.402
leland,leland,0.039351415,0.4018
leland,leland,0.039354447,0.4016
leland,leland,0.039361734,0.4014
leland,leland,0.039365668,0.4012
leland,leland,0.039373364,0.401
leland,leland,0.039375417,0.4008
leland,leland,0.039378244,0.4006
leland,leland,0.039381884,0.4004
leland,leland,0.039387904,0.4002
leland,leland,0.039392665,0.4
leland,leland,0.039396282,0.3998
leland,leland,0.03939884,0.3996
leland,leland,0.039405227,0.3994
leland,leland,0.039409,0.3992
leland,leland,0.03941191,0.399
leland,leland,0.03941556,0.3988
leland,leland,0.03941661,0.3986
leland,leland,0.039420363,0.3984
leland,leland,0.03942185,0.3982
leland,leland,0.039427284,0.398
leland,leland,0.039430153,0.3978
leland,leland,0.039434206,0.3976
leland,leland,0.03943811,0.3974
leland,leland,0.039440885,0.3972
leland,leland,0.039442535,0.397
leland,leland,0.039449822,0.3968
leland,leland,0.03945767,0.3966
leland,leland,0.039465692,0.3964
leland,leland,0.039468233,0.3962
leland,leland,0.039473213,0.396
leland,leland,0.039474737,0.3958
leland,leland,0.03948033,0.3956
leland,leland,0.039482143,0.3954
leland,leland,0.03948395,0.3952
leland,leland,0.039486147,0.395
leland,leland,0.039493315,0.3948
leland,leland,0.03949499,0.3946
leland,leland,0.039499756,0.3944
leland,leland,0.039501812,0.3942
leland,leland,0.03950569,0.394
leland,leland,0.03951183,0.3938
leland,leland,0.03951533,0.3936
leland,leland,0.039518807,0.3934
leland,leland,0.03952211,0.3932
leland,leland,0.03952922,0.393
leland,leland,0.03953239,0.3928
leland,leland,0.039535556,0.3926
leland,leland,0.039539587,0.3924
leland,leland,0.03954146,0.3922
leland,leland,0.039544478,0.392
leland,leland,0.039554086,0.3918
leland,leland,0.039556894,0.3916
leland,leland,0.039561104,0.3914
leland,leland,0.039566305,0.3912
leland,leland,0.039571017,0.391
leland,leland,0.039572533,0.3908
leland,leland,0.039575983,0.3906
leland,leland,0.03958069,0.3904
leland,leland,0.039584905,0.3902
leland,leland,0.039587963,0.39
leland,leland,0.039593585,0.3898
leland,leland,0.03959583,0.3896
leland,leland,0.039597485,0.3894
leland,leland,0.03960267,0.3892
leland,leland,0.03960407,0.389
leland,leland,0.039607752,0.3888
leland,leland,0.03961015,0.3886
leland,leland,0.039617088,0.3884
leland,leland,0.039621633,0.3882
leland,leland,0.03962904,0.388
leland,leland,0.039632887,0.3878
leland,leland,0.03963601,0.3876
leland,leland,0.03964272,0.3874
leland,leland,0.03964592,0.3872
leland,leland,0.03965048,0.387
leland,leland,0.039655477,0.3868
leland,leland,0.039665733,0.3866
leland,leland,0.03966886,0.3864
leland,leland,0.039673362,0.3862
leland,leland,0.039675437,0.386
leland,leland,0.03967825,0.3858
leland,leland,0.039681967,0.3856
leland,leland,0.03968892,0.3854
leland,leland,0.039690636,0.3852
leland,leland,0.03969137,0.385
leland,leland,0.039694127,0.3848
leland,leland,0.039695647,0.3846
leland,leland,0.039698817,0.3844
leland,leland,0.03970662,0.3842
leland,leland,0.039708164,0.384
leland,leland,0.039712496,0.3838
leland,leland,0.03972203,0.3836
leland,leland,0.039725702,0.3834
leland,leland,0.039732397,0.3832
leland,leland,0.03973354,0.383
leland,leland,0.03973489,0.3828
leland,leland,0.03974008,0.3826
leland,leland,0.039744038,0.3824
leland,leland,0.03975047,0.3822
leland,leland,0.039754316,0.382
leland,leland,0.039760116,0.3818
leland,leland,0.03976592,0.3816
leland,leland,0.039770838,0.3814
leland,leland,0.039774682,0.3812
leland,leland,0.039778925,0.381
leland,leland,0.03978571,0.3808
leland,leland,0.039789602,0.3806
leland,leland,0.039792333,0.3804
leland,leland,0.03979912,0.3802
leland,leland,0.039802294,0.38
leland,leland,0.03980643,0.3798
leland,leland,0.03980939,0.3796
leland,leland,0.03981066,0.3794
leland,leland,0.0398137,0.3792
leland,leland,0.03981527,0.379
leland,leland,0.039819658,0.3788
leland,leland,0.039821748,0.3786
leland,leland,0.039825734,0.3784
leland,leland,0.039833162,0.3782
leland,leland,0.039838593,0.378
leland,leland,0.039841264,0.3778
leland,leland,0.039843068,0.3776
leland,leland,0.03984789,0.3774
leland,leland,0.039856825,0.3772
leland,leland,0.0398607,0.377
leland,leland,0.039863504,0.3768
leland,leland,0.039867625,0.3766
leland,leland,0.039871924,0.3764
leland,leland,0.03987463,0.3762
leland,leland,0.03987708,0.376
leland,leland,0.03987959,0.3758
leland,leland,0.0398878,0.3756
leland,leland,0.039890606,0.3754
leland,leland,0.03989199,0.3752
leland,leland,0.039894145,0.375
leland,leland,0.03989713,0.3748
leland,leland,0.039900687,0.3746
leland,leland,0.039906006,0.3744
leland,leland,0.039909195,0.3742
leland,leland,0.039912328,0.374
leland,leland,0.039913937,0.3738
leland,leland,0.03991874,0.3736
leland,leland,0.0399237,0.3734
leland,leland,0.03992694,0.3732
leland,leland,0.039931107,0.373
leland,leland,0.039936922,0.3728
leland,leland,0.039942753,0.3726
leland,leland,0.03994482,0.3724
leland,leland,0.039949585,0.3722
leland,leland,0.03995354,0.372
leland,leland,0.0399587,0.3718
leland,leland,0.03996185,0.3716
leland,leland,0.039968476,0.3714
leland,leland,0.03997438,0.3712
leland,leland,0.0399767,0.371
leland,leland,0.03998199,0.3708
leland,leland,0.039984558,0.3706
leland,leland,0.03998853,0.3704
leland,leland,0.039989337,0.3702
leland,leland,0.0399911,0.37
leland,leland,0.039995063,0.3698
leland,leland,0.039999224,0.3696
leland,leland,0.04000094,0.3694
leland,leland,0.040004063,0.3692
leland,leland,0.04001245,0.369
leland,leland,0.04001368,0.3688
leland,leland,0.04001708,0.3686
leland,leland,0.040019292,0.3684
leland,leland,0.040022198,0.3682
leland,leland,0.040025428,0.368
leland,leland,0.040028814,0.3678
leland,leland,0.040032245,0.3676
leland,leland,0.040036634,0.3674
leland,leland,0.040039536,0.3672
leland,leland,0.0400415,0.367
leland,leland,0.040044084,0.3668
leland,leland,0.040050842,0.3666
leland,leland,0.040053938,0.3664
leland,leland,0.04006049,0.3662
leland,leland,0.040062487,0.366
leland,leland,0.040066935,0.3658
leland,leland,0.040069558,0.3656
leland,leland,0.040074285,0.3654
leland,leland,0.040077917,0.3652
leland,leland,0.040083393,0.365
leland,leland,0.040085897,0.3648
leland,leland,0.04009347,0.3646
leland,leland,0.04009884,0.3644
leland,leland,0.040101126,0.3642
leland,leland,0.040103506,0.364
leland,leland,0.04010717,0.3638
leland,leland,0.04011018,0.3636
leland,leland,0.04012152,0.3634
leland,leland,0.04012744,0.3632
leland,leland,0.040136877,0.363
leland,leland,0.040138744,0.3628
leland,leland,0.040141586,0.3626
leland,leland,0.040144634,0.3624
leland,leland,0.040147077,0.3622
leland,leland,0.04015022,0.362
leland,leland,0.04015565,0.3618
leland,leland,0.040163755,0.3616
leland,leland,0.040166654,0.3614
leland,leland,0.04016985,0.3612
leland,leland,0.040173355,0.361
leland,leland,0.04017619,0.3608
leland,leland,0.04018019,0.3606
leland,leland,0.04018514,0.3604
leland,leland,0.04019247,0.3602
leland,leland,0.040194854,0.36
leland,leland,0.040200382,0.3598
leland,leland,0.040204488,0.3596
leland,leland,0.04020908,0.3594
leland,leland,0.040214647,0.3592
leland,leland,0.040216483,0.359
leland,leland,0.040217347,0.3588
leland,leland,0.040219285,0.3586
leland,leland,0.040229667,0.3584
leland,leland,0.04023401,0.3582
leland,leland,0.040235277,0.358
leland,leland,0.04024234,0.3578
leland,leland,0.040246274,0.3576
leland,leland,0.04024845,0.3574
leland,leland,0.04025055,0.3572
leland,leland,0.040252876,0.357
leland,leland,0.040257372,0.3568
leland,leland,0.040260695,0.3566
leland,leland,0.04026489,0.3564
leland,leland,0.040267225,0.3562
leland,leland,0.040274974,0.356
leland,leland,0.040279742,0.3558
leland,leland,0.040282946,0.3556
leland,leland,0.040293764,0.3554
leland,leland,0.0403005,0.3552
leland,leland,0.040302757,0.355
leland,leland,0.04030943,0.3548
leland,leland,0.04031728,0.3546
leland,leland,0.04032027,0.3544
leland,leland,0.040322,0.3542
leland,leland,0.040328637,0.354
leland,leland,0.04033186,0.3538
leland,leland,0.04033481,0.3536
leland,leland,0.04033698,0.3534
leland,leland,0.0403401,0.3532
leland,leland,0.0403418,0.353
leland,leland,0.040344253,0.3528
leland,leland,0.04034639,0.3526
leland,leland,0.040351693,0.3524
leland,leland,0.040354047,0.3522
leland,leland,0.040356882,0.352
leland,leland,0.040358517,0.3518
leland,leland,0.04036023,0.3516
leland,leland,0.040365987,0.3514
leland,leland,0.04037028,0.3512
leland,leland,0.040372394,0.351
leland,leland,0.04037308,0.3508
leland,leland,0.04037767,0.3506
leland,leland,0.04038202,0.3504
leland,leland,0.040388837,0.3502
leland,leland,0.040394723,0.35
leland,leland,0.040395543,0.3498
leland,leland,0.040400364,0.3496
leland,leland,0.04040488,0.3494
leland,leland,0.040407952,0.3492
leland,leland,0.04040915,0.349
leland,leland,0.04041057,0.3488
leland,leland,0.04041336,0.3486
leland,leland,0.040415153,0.3484
leland,leland,0.04042409,0.3482
leland,leland,0.040426273,0.348
leland,leland,0.040432513,0.3478
leland,leland,0.04043557,0.3476
leland,leland,0.040440768,0.3474
leland,leland,0.04044471,0.3472
leland,leland,0.040446684,0.347
leland,leland,0.040449027,0.3468
leland,leland,0.040453095,0.3466
leland,leland,0.040457193,0.3464
leland,leland,0.040458985,0.3462
leland,leland,0.040464334,0.346
leland,leland,0.040469944,0.3458
leland,leland,0.040473662,0.3456
leland,leland,0.040477183,0.3454
leland,leland,0.040479366,0.3452
leland,leland,0.040480684,0.345
leland,leland,0.040484417,0.3448
leland,leland,0.040488314,0.3446
leland,leland,0.040492795,0.3444
leland,leland,0.040495593,0.3442
leland,leland,0.04050002,0.344
leland,leland,0.040504232,0.3438
leland,leland,0.040508334,0.3436
leland,leland,0.040511157,0.3434
leland,leland,0.040513836,0.3432
leland,leland,0.040521234,0.343
leland,leland,0.04052758,0.3428
leland,leland,0.0405321,0.3426
leland,leland,0.04053495,0.3424
leland,leland,0.04054267,0.3422
leland,leland,0.040547837,0.342
leland,leland,0.04055331,0.3418
leland,leland,0.040556464,0.3416
leland,leland,0.04056259,0.3414
leland,leland,0.040563866,0.3412
leland,leland,0.040568978,0.341
leland,leland,0.040571637,0.3408
leland,leland,0.040574327,0.3406
leland,leland,0.04057616,0.3404
leland,leland,0.040580023,0.3402
leland,leland,0.040584285,0.34
leland,leland,0.040588286,0.3398
leland,leland,0.040591393,0.3396
leland,leland,0.040595736,0.3394
leland,leland,0.040602457,0.3392
leland,leland,0.0406064,0.339
leland,leland,0.04060877,0.3388
leland,leland,0.04061305,0.3386
leland,leland,0.040617276,0.3384
leland,leland,0.040619608,0.3382
leland,leland,0.04062237,0.338
leland,leland,0.040629517,0.3378
leland,leland,0.04063361,0.3376
leland,leland,0.040636033,0.3374
leland,leland,0.040642004,0.3372
leland,leland,0.040645603,0.337
leland,leland,0.040651508,0.3368
leland,leland,0.040652625,0.3366
leland,leland,0.040657505,0.3364
leland,leland,0.040661596,0.3362
leland,leland,0.040663403,0.336
leland,leland,0.04067134,0.3358
leland,leland,0.04067402,0.3356
leland,leland,0.040675644,0.3354
leland,leland,0.04067843,0.3352
leland,leland,0.04068336,0.335
leland,leland,0.040685087,0.3348
leland,leland,0.0406918,0.3346
leland,leland,0.040694356,0.3344
leland,leland,0.040697563,0.3342
leland,leland,0.040701207,0.334
leland,leland,0.040705506,0.3338
leland,leland,0.040708534,0.3336
leland,leland,0.04071352,0.3334
leland,leland,0.040715307,0.3332
leland,leland,0.040716264,0.333
leland,leland,0.040720187,0.3328
leland,leland,0.04072338,0.3326
leland,leland,0.04072407,0.3324
leland,leland,0.040728707,0.3322
leland,leland,0.040731087,0.332
leland,leland,0.04073388,0.3318
leland,leland,0.040739857,0.3316
leland,leland,0.040742725,0.3314
leland,leland,0.040745154,0.3312
leland,leland,0.040748347,0.331
leland,leland,0.04075084,0.3308
leland,leland,0.040756762,0.3306
leland,leland,0.04076182,0.3304
leland,leland,0.04076478,0.3302
leland,leland,0.04076935,0.33
leland,leland,0.04077941,0.3298
leland,leland,0.040783066,0.3296
leland,leland,0.040786132,0.3294
leland,leland,0.040791065,0.3292
leland,leland,0.040795304,0.329
leland,leland,0.04080178,0.3288
leland,leland,0.040802907,0.3286
leland,leland,0.040805787,0.3284
leland,leland,0.04081106,0.3282
leland,leland,0.040815435,0.328
leland,leland,0.040823936,0.3278
leland,leland,0.04082681,0.3276
leland,leland,0.040830046,0.3274
leland,leland,0.040831637,0.3272
leland,leland,0.040832642,0.327
leland,leland,0.040839247,0.3268
leland,leland,0.040842906,0.3266
leland,leland,0.0408473,0.3264
leland,leland,0.040848117,0.3262
leland,leland,0.040849216,0.326
leland,leland,0.04085038,0.3258
leland,leland,0.040851977,0.3256
leland,leland,0.040857416,0.3254
leland,leland,0.04086078,0.3252
leland,leland,0.04086905,0.325
leland,leland,0.04087162,0.3248
leland,leland,0.040873073,0.3246
leland,leland,0.040877976,0.3244
leland,leland,0.040884253,0.3242
leland,leland,0.040891465,0.324
leland,leland,0.04089515,0.3238
leland,leland,0.040898956,0.3236
leland,leland,0.04090155,0.3234
leland,leland,0.040903877,0.3232
leland,leland,0.04090733,0.323
leland,leland,0.040910713,0.3228
leland,leland,0.040914256,0.3226
leland,leland,0.040919848,0.3224
leland,leland,0.040923003,0.3222
leland,leland,0.04092784,0.322
leland,leland,0.040931076,0.3218
leland,leland,0.040936098,0.3216
leland,leland,0.040942162,0.3214
leland,leland,0.040945686,0.3212
leland,leland,0.040950265,0.321
leland,leland,0.040954005,0.3208
leland,leland,0.0409563,0.3206
leland,leland,0.04095793,0.3204
leland,leland,0.040960524,0.3202
leland,leland,0.04096314,0.32
leland,leland,0.040964253,0.3198
leland,leland,0.04096741,0.3196
leland,leland,0.04096887,0.3194
leland,leland,0.04097279,0.3192
leland,leland,0.040978562,0.319
leland,leland,0.040980972,0.3188
leland,leland,0.040983837,0.3186
leland,leland,0.04098768,0.3184
leland,leland,0.040991925,0.3182
leland,leland,0.040999234,0.318
leland,leland,0.04100258,0.3178
leland,leland,0.041005533,0.3176
leland,leland,0.041010123,0.3174
leland,leland,0.0410137,0.3172
leland,leland,0.041017927,0.317
leland,leland,0.041022655,0.3168
leland,leland,0.041028347,0.3166
leland,leland,0.041031457,0.3164
leland,leland,0.04103561,0.3162
leland,leland,0.041041546,0.316
leland,leland,0.041047566,0.3158
leland,leland,0.041051954,0.3156
leland,leland,0.041055202,0.3154
leland,leland,0.04105806,0.3152
leland,leland,0.04106398,0.315
leland,leland,0.041066475,0.3148
leland,leland,0.041071087,0.3146
leland,leland,0.041074224,0.3144
leland,leland,0.041077748,0.3142
leland,leland,0.04108154,0.314
leland,leland,0.041084964,0.3138
leland,leland,0.041093536,0.3136
leland,leland,0.041098543,0.3134
leland,leland,0.04110022,0.3132
leland,leland,0.041103832,0.313
leland,leland,0.04111292,0.3128
leland,leland,0.041121304,0.3126
leland,leland,0.041129332,0.3124
leland,leland,0.041142017,0.3122
leland,leland,0.041155733,0.312
leland,leland,0.041159168,0.3118
leland,leland,0.041165423,0.3116
leland,leland,0.04116888,0.3114
leland,leland,0.041171957,0.3112
leland,leland,0.041175,0.311
leland,leland,0.041178238,0.3108
leland,leland,0.041188892,0.3106
leland,leland,0.041192178,0.3104
leland,leland,0.04119571,0.3102
leland,leland,0.041200835,0.31
leland,leland,0.041204877,0.3098
leland,leland,0.041207246,0.3096
leland,leland,0.04121066,0.3094
leland,leland,0.04121367,0.3092
leland,leland,0.041219562,0.309
leland,leland,0.041221216,0.3088
leland,leland,0.041227188,0.3086
leland,leland,0.041232925,0.3084
leland,leland,0.04123977,0.3082
leland,leland,0.041242722,0.308
leland,leland,0.041245703,0.3078
leland,leland,0.041249383,0.3076
leland,leland,0.041251983,0.3074
leland,leland,0.04125714,0.3072
leland,leland,0.04126703,0.307
leland,leland,0.04127274,0.3068
leland,leland,0.041276805,0.3066
leland,leland,0.041282095,0.3064
leland,leland,0.041285705,0.3062
leland,leland,0.04129474,0.306
leland,leland,0.04129799,0.3058
leland,leland,0.04130112,0.3056
leland,leland,0.041302666,0.3054
leland,leland,0.041309163,0.3052
leland,leland,0.041317623,0.305
leland,leland,0.041319035,0.3048
leland,leland,0.041324243,0.3046
leland,leland,0.04132696,0.3044
leland,leland,0.041334648,0.3042
leland,leland,0.041339085,0.304
leland,leland,0.041342128,0.3038
leland,leland,0.041343495,0.3036
leland,leland,0.0413494,0.3034
leland,leland,0.04135294,0.3032
leland,leland,0.04135811,0.303
leland,leland,0.04136706,0.3028
leland,leland,0.041370995,0.3026
leland,leland,0.041380513,0.3024
leland,leland,0.04138482,0.3022
leland,leland,0.041386865,0.302
leland,leland,0.04139167,0.3018
leland,leland,0.04139741,0.3016
leland,leland,0.041400816,0.3014
leland,leland,0.04140653,0.3012
leland,leland,0.041410383,0.301
leland,leland,0.041414,0.3008
leland,leland,0.041416835,0.3006
leland,leland,0.04141902,0.3004
leland,leland,0.04142222,0.3002
leland,leland,0.041424543,0.3
leland,leland,0.041432604,0.2998
leland,leland,0.04143651,0.2996
leland,leland,0.04143884,0.2994
leland,leland,0.04144126,0.2992
leland,leland,0.04144268,0.299
leland,leland,0.04144401,0.2988
leland,leland,0.041447837,0.2986
leland,leland,0.041449904,0.2984
leland,leland,0.04145266,0.2982
leland,leland,0.041462094,0.298
leland,leland,0.041467186,0.2978
leland,leland,0.041468576,0.2976
leland,leland,0.04147068,0.2974
leland,leland,0.041472718,0.2972
leland,leland,0.041475616,0.297
leland,leland,0.041480128,0.2968
leland,leland,0.04148346,0.2966
leland,leland,0.041485604,0.2964
leland,leland,0.041491635,0.2962
leland,leland,0.041496374,0.296
leland,leland,0.041503858,0.2958
leland,leland,0.041512743,0.2956
leland,leland,0.04151531,0.2954
leland,leland,0.041518394,0.2952
leland,leland,0.041525133,0.295
leland,leland,0.041531254,0.2948
leland,leland,0.041536503,0.2946
leland,leland,0.04154062,0.2944
leland,leland,0.04154282,0.2942
leland,leland,0.0415455,0.294
leland,leland,0.04154669,0.2938
leland,leland,0.041551072,0.2936
leland,leland,0.0415574,0.2934
leland,leland,0.041558124,0.2932
leland,leland,0.041562084,0.293
leland,leland,0.041570723,0.2928
leland,leland,0.041576892,0.2926
leland,leland,0.041578766,0.2924
leland,leland,0.0415809,0.2922
leland,leland,0.04158282,0.292
leland,leland,0.04158629,0.2918
leland,leland,0.041590404,0.2916
leland,leland,0.041594632,0.2914
leland,leland,0.041598994,0.2912
leland,leland,0.04160541,0.291
leland,leland,0.041609377,0.2908
leland,leland,0.041613076,0.2906
leland,leland,0.041616753,0.2904
leland,leland,0.041621774,0.2902
leland,leland,0.041628394,0.29
leland,leland,0.041632477,0.2898
leland,leland,0.041640125,0.2896
leland,leland,0.04164654,0.2894
leland,leland,0.041651715,0.2892
leland,leland,0.041656524,0.289
leland,leland,0.041664343,0.2888
leland,leland,0.041669752,0.2886
leland,leland,0.04167434,0.2884
leland,leland,0.041681096,0.2882
leland,leland,0.04168546,0.288
leland,leland,0.041690286,0.2878
leland,leland,0.041696526,0.2876
leland,leland,0.041698862,0.2874
leland,leland,0.041702967,0.2872
leland,leland,0.041707385,0.287
leland,leland,0.0417102,0.2868
leland,leland,0.04171219,0.2866
leland,leland,0.0417166,0.2864
leland,leland,0.04171926,0.2862
leland,leland,0.04172381,0.286
leland,leland,0.041726634,0.2858
leland,leland,0.041730992,0.2856
leland,leland,0.041733965,0.2854
leland,leland,0.04173736,0.2852
leland,leland,0.041745808,0.285
leland,leland,0.04174973,0.2848
leland,leland,0.041755643,0.2846
leland,leland,0.041761383,0.2844
leland,leland,0.04176736,0.2842
leland,leland,0.04177078,0.284
leland,leland,0.041776318,0.2838
leland,leland,0.04177866,0.2836
leland,leland,0.04178408,0.2834
leland,leland,0.041788857,0.2832
leland,leland,0.041798115,0.283
leland,leland,0.041802112,0.2828
leland,leland,0.041805804,0.2826
leland,leland,0.04180884,0.2824
leland,leland,0.04181412,0.2822
leland,leland,0.04181831,0.282
leland,leland,0.041822873,0.2818
leland,leland,0.04182818,0.2816
leland,leland,0.041834034,0.2814
leland,leland,0.041836675,0.2812
leland,leland,0.0418423,0.281
leland,leland,0.04185293,0.2808
leland,leland,0.041860435,0.2806
leland,leland,0.041863844,0.2804
leland,leland,0.041868508,0.2802
leland,leland,0.04187041,0.28
leland,leland,0.041874103,0.2798
leland,leland,0.04187705,0.2796
leland,leland,0.041882485,0.2794
leland,leland,0.041885998,0.2792
leland,leland,0.041894745,0.279
leland,leland,0.041901723,0.2788
leland,leland,0.04190483,0.2786
leland,leland,0.041906815,0.2784
leland,leland,0.04191318,0.2782
leland,leland,0.041918874,0.278
leland,leland,0.041921828,0.2778
leland,leland,0.041928515,0.2776
leland,leland,0.041940514,0.2774
leland,leland,0.041942768,0.2772
leland,leland,0.04194729,0.277
leland,leland,0.04195657,0.2768
leland,leland,0.041958783,0.2766
leland,leland,0.041962232,0.2764
leland,leland,0.041971486,0.2762
leland,leland,0.041978434,0.276
leland,leland,0.04198812,0.2758
leland,leland,0.041991923,0.2756
leland,leland,0.04199951,0.2754
leland,leland,0.042005498,0.2752
leland,leland,0.042009,0.275
leland,leland,0.042011496,0.2748
leland,leland,0.042017102,0.2746
leland,leland,0.042020652,0.2744
leland,leland,0.042023607,0.2742
leland,leland,0.042026486,0.274
leland,leland,0.042034097,0.2738
leland,leland,0.042036712,0.2736
leland,leland,0.042043347,0.2734
leland,leland,0.042049296,0.2732
leland,leland,0.04205562,0.273
leland,leland,0.042058617,0.2728
leland,leland,0.042067993,0.2726
leland,leland,0.042071283,0.2724
leland,leland,0.042073682,0.2722
leland,leland,0.04208547,0.272
leland,leland,0.042090084,0.2718
leland,leland,0.042095747,0.2716
leland,leland,0.04209934,0.2714
leland,leland,0.042111862,0.2712
leland,leland,0.04211567,0.271
leland,leland,0.042118832,0.2708
leland,leland,0.04212224,0.2706
leland,leland,0.042126264,0.2704
leland,leland,0.042133458,0.2702
leland,leland,0.04214409,0.27
leland,leland,0.042149216,0.2698
leland,leland,0.042151608,0.2696
leland,leland,0.042159054,0.2694
leland,leland,0.04216594,0.2692
leland,leland,0.042174887,0.269
leland,leland,0.042179067,0.2688
leland,leland,0.042184457,0.2686
leland,leland,0.042190116,0.2684
leland,leland,0.042191725,0.2682
leland,leland,0.042196844,0.268
leland,leland,0.042199533,0.2678
leland,leland,0.042201463,0.2676
leland,leland,0.042205337,0.2674
leland,leland,0.042207416,0.2672
leland,leland,0.042210843,0.267
leland,leland,0.04221825,0.2668
leland,leland,0.04222485,0.2666
leland,leland,0.042227086,0.2664
leland,leland,0.042230524,0.2662
leland,leland,0.042233136,0.266
leland,leland,0.04223817,0.2658
leland,leland,0.042240433,0.2656
leland,leland,0.04224511,0.2654
leland,leland,0.04225281,0.2652
leland,leland,0.042257328,0.265
leland,leland,0.04226147,0.2648
leland,leland,0.042264782,0.2646
leland,leland,0.042269647,0.2644
leland,leland,0.042270675,0.2642
leland,leland,0.042276002,0.264
leland,leland,0.042280577,0.2638
leland,leland,0.042284884,0.2636
leland,leland,0.042291086,0.2634
leland,leland,0.042295016,0.2632
leland,leland,0.04230138,0.263
leland,leland,0.042309124,0.2628
leland,leland,0.042314027,0.2626
leland,leland,0.042322736,0.2624
leland,leland,0.04232514,0.2622
leland,leland,0.04233111,0.262
leland,leland,0.042333726,0.2618
leland,leland,0.042340048,0.2616
leland,leland,0.042351365,0.2614
leland,leland,0.042357203,0.2612
leland,leland,0.04235919,0.261
leland,leland,0.04236582,0.2608
leland,leland,0.042367242,0.2606
leland,leland,0.04237131,0.2604
leland,leland,0.04237932,0.2602
leland,leland,0.042384703,0.26
leland,leland,0.04238839,0.2598
leland,leland,0.04239191,0.2596
leland,leland,0.042395722,0.2594
leland,leland,0.042399216,0.2592
leland,leland,0.042403672,0.259
leland,leland,0.042409763,0.2588
leland,leland,0.042411648,0.2586
leland,leland,0.042414196,0.2584
leland,leland,0.042421103,0.2582
leland,leland,0.042429533,0.258
leland,leland,0.042436015,0.2578
leland,leland,0.042448036,0.2576
leland,leland,0.04245351,0.2574
leland,leland,0.042454924,0.2572
leland,leland,0.042455908,0.257
leland,leland,0.042461004,0.2568
leland,leland,0.04246524,0.2566
leland,leland,0.042469665,0.2564
leland,leland,0.04247432,0.2562
leland,leland,0.042476773,0.256
leland,leland,0.0424802,0.2558
leland,leland,0.042482723,0.2556
leland,leland,0.042486794,0.2554
leland,leland,0.042490706,0.2552
leland,leland,0.042496406,0.255
leland,leland,0.042499833,0.2548
leland,leland,0.042502865,0.2546
leland,leland,0.042505145,0.2544
leland,leland,0.042508885,0.2542
leland,leland,0.04251271,0.254
leland,leland,0.04251495,0.2538
leland,leland,0.042519704,0.2536
leland,leland,0.04252297,0.2534
leland,leland,0.042528417,0.2532
leland,leland,0.04253194,0.253
leland,leland,0.042534836,0.2528
leland,leland,0.042542208,0.2526
leland,leland,0.042546947,0.2524
leland,leland,0.04255345,0.2522
leland,leland,0.042559084,0.252
leland,leland,0.042564668,0.2518
leland,leland,0.042566784,0.2516
leland,leland,0.04256934,0.2514
leland,leland,0.04257635,0.2512
leland,leland,0.04257853,0.251
leland,leland,0.04258493,0.2508
leland,leland,0.042600565,0.2506
leland,leland,0.04260766,0.2504
leland,leland,0.042609364,0.2502
leland,leland,0.042622007,0.25
leland,leland,0.04262709,0.2498
leland,leland,0.042630456,0.2496
leland,leland,0.042638715,0.2494
leland,leland,0.042644367,0.2492
leland,leland,0.04264974,0.249
leland,leland,0.04265629,0.2488
leland,leland,0.042657733,0.2486
leland,leland,0.042659108,0.2484
leland,leland,0.042661067,0.2482
leland,leland,0.042662475,0.248
leland,leland,0.042666096,0.2478
leland,leland,0.042667974,0.2476
leland,leland,0.042672116,0.2474
leland,leland,0.04267706,0.2472
leland,leland,0.042680226,0.247
leland,leland,0.042684723,0.2468
leland,leland,0.04268954,0.2466
leland,leland,0.042694006,0.2464
leland,leland,0.04269691,0.2462
leland,leland,0.04270166,0.246
leland,leland,0.04270609,0.2458
leland,leland,0.042714693,0.2456
leland,leland,0.04271949,0.2454
leland,leland,0.042720787,0.2452
leland,leland,0.042725164,0.245
leland,leland,0.0427288,0.2448
leland,leland,0.04273135,0.2446
leland,leland,0.04273569,0.2444
leland,leland,0.042739075,0.2442
leland,leland,0.042749815,0.244
leland,leland,0.042756155,0.2438
leland,leland,0.04276194,0.2436
leland,leland,0.042764135,0.2434
leland,leland,0.042766206,0.2432
leland,leland,0.04276981,0.243
leland,leland,0.042772543,0.2428
leland,leland,0.042777512,0.2426
leland,leland,0.042783137,0.2424
leland,leland,0.042793974,0.2422
leland,leland,0.042796776,0.242
leland,leland,0.042802576,0.2418
leland,leland,0.042811226,0.2416
leland,leland,0.042816512,0.2414
leland,leland,0.04282042,0.2412
leland,leland,0.042822704,0.241
leland,leland,0.04282991,0.2408
leland,leland,0.04283389,0.2406
leland,leland,0.04284563,0.2404
leland,leland,0.042850662,0.2402
leland,leland,0.042854782,0.24
leland,leland,0.042862825,0.2398
leland,leland,0.042864136,0.2396
leland,leland,0.04286697,0.2394
leland,leland,0.04286883,0.2392
leland,leland,0.042874552,0.239
leland,leland,0.04287877,0.2388
leland,leland,0.0428853,0.2386
leland,leland,0.042892445,0.2384
leland,leland,0.042894147,0.2382
leland,leland,0.042895842,0.238
leland,leland,0.042898,0.2378
leland,leland,0.042903133,0.2376
leland,leland,0.04290456,0.2374
leland,leland,0.042909615,0.2372
leland,leland,0.042922057,0.237
leland,leland,0.042925607,0.2368
leland,leland,0.04293325,0.2366
leland,leland,0.04295097,0.2364
leland,leland,0.04295436,0.2362
leland,leland,0.042959865,0.236
leland,leland,0.042962316,0.2358
leland,leland,0.042970102,0.2356
leland,leland,0.042974986,0.2354
leland,leland,0.042979214,0.2352
leland,leland,0.04298202,0.235
leland,leland,0.042985734,0.2348
leland,leland,0.04299157,0.2346
leland,leland,0.042996947,0.2344
leland,leland,0.043004826,0.2342
leland,leland,0.04301239,0.234
leland,leland,0.043017983,0.2338
leland,leland,0.04302706,0.2336
leland,leland,0.0430293,0.2334
leland,leland,0.04303658,0.2332
leland,leland,0.04304431,0.233
leland,leland,0.04304989,0.2328
leland,leland,0.043052427,0.2326
leland,leland,0.043059263,0.2324
leland,leland,0.043061804,0.2322
leland,leland,0.043067012,0.232
leland,leland,0.04307126,0.2318
leland,leland,0.04308313,0.2316
leland,leland,0.04308454,0.2314
leland,leland,0.04308952,0.2312
leland,leland,0.043098286,0.231
leland,leland,0.043101788,0.2308
leland,leland,0.04311126,0.2306
leland,leland,0.043112714,0.2304
leland,leland,0.043116428,0.2302
leland,leland,0.043123413,0.23
leland,leland,0.043131854,0.2298
leland,leland,0.04313522,0.2296
leland,leland,0.04314273,0.2294
leland,leland,0.043151084,0.2292
leland,leland,0.043159656,0.229
leland,leland,0.043164942,0.2288
leland,leland,0.04316834,0.2286
leland,leland,0.04317757,0.2284
leland,leland,0.043181747,0.2282
leland,leland,0.04318652,0.228
leland,leland,0.043194328,0.2278
leland,leland,0.04319639,0.2276
leland,leland,0.043204013,0.2274
leland,leland,0.043207236,0.2272
leland,leland,0.043210994,0.227
leland,leland,0.043214183,0.2268
leland,leland,0.04322146,0.2266
leland,leland,0.04322718,0.2264
leland,leland,0.0432306,0.2262
leland,leland,0.043237824,0.226
leland,leland,0.043250337,0.2258
leland,leland,0.043255683,0.2256
leland,leland,0.04326148,0.2254
leland,leland,0.043265387,0.2252
leland,leland,0.043270182,0.225
leland,leland,0.043279506,0.2248
leland,leland,0.04328482,0.2246
leland,leland,0.043292973,0.2244
leland,leland,0.04329561,0.2242
leland,leland,0.04330012,0.224
leland,leland,0.043305982,0.2238
leland,leland,0.043309215,0.2236
leland,leland,0.04331765,0.2234
leland,leland,0.043325804,0.2232
leland,leland,0.043329716,0.223
leland,leland,0.04333385,0.2228
leland,leland,0.04334206,0.2226
leland,leland,0.043346517,0.2224
leland,leland,0.043350983,0.2222
leland,leland,0.043357346,0.222
leland,leland,0.043366592,0.2218
leland,leland,0.04337511,0.2216
leland,leland,0.043383803,0.2214
leland,leland,0.0433901,0.2212
leland,leland,0.043395642,0.221
leland,leland,0.04339961,0.2208
leland,leland,0.04340386,0.2206
leland,leland,0.043405652,0.2204
leland,leland,0.043411855,0.2202
leland,leland,0.04341665,0.22
leland,leland,0.043422032,0.2198
leland,leland,0.043427408,0.2196
leland,leland,0.043433964,0.2194
leland,leland,0.043439053,0.2192
leland,leland,0.043443326,0.219
leland,leland,0.04344993,0.2188
leland,leland,0.043451637,0.2186
leland,leland,0.043453835,0.2184
leland,leland,0.043461278,0.2182
leland,leland,0.0434684,0.218
leland,leland,0.04347553,0.2178
leland,leland,0.04348087,0.2176
leland,leland,0.043487307,0.2174
leland,leland,0.04349634,0.2172
leland,leland,0.0434996,0.217
leland,leland,0.043503325,0.2168
leland,leland,0.043513734,0.2166
leland,leland,0.04352368,0.2164
leland,leland,0.043528475,0.2162
leland,leland,0.04353395,0.216
leland,leland,0.043539163,0.2158
leland,leland,0.0435462,0.2156
leland,leland,0.043552678,0.2154
leland,leland,0.04355829,0.2152
leland,leland,0.043569826,0.215
leland,leland,0.04357717,0.2148
leland,leland,0.04358512,0.2146
leland,leland,0.043591905,0.2144
leland,leland,0.043599177,0.2142
leland,leland,0.043601904,0.214
leland,leland,0.043610167,0.2138
leland,leland,0.043617196,0.2136
leland,leland,0.043627944,0.2134
leland,leland,0.043635387,0.2132
leland,leland,0.043643415,0.213
leland,leland,0.043648873,0.2128
leland,leland,0.043654658,0.2126
leland,leland,0.043656822,0.2124
leland,leland,0.043662995,0.2122
leland,leland,0.04366846,0.212
leland,leland,0.043674376,0.2118
leland,leland,0.04368002,0.2116
leland,leland,0.04369108,0.2114
leland,leland,0.04370054,0.2112
leland,leland,0.0437051,0.211
leland,leland,0.043711103,0.2108
leland,leland,0.04371645,0.2106
leland,leland,0.04372293,0.2104
leland,leland,0.043736987,0.2102
leland,leland,0.043740366,0.21
leland,leland,0.04374607,0.2098
leland,leland,0.04375125,0.2096
leland,leland,0.043758705,0.2094
leland,leland,0.04376945,0.2092
leland,leland,0.04377584,0.209
leland,leland,0.04378233,0.2088
leland,leland,0.043787945,0.2086
leland,leland,0.043794174,0.2084
leland,leland,0.043803517,0.2082
leland,leland,0.043805644,0.208
leland,leland,0.043809593,0.2078
leland,leland,0.04381241,0.2076
leland,leland,0.043813672,0.2074
leland,leland,0.043818038,0.2072
leland,leland,0.043830846,0.207
leland,leland,0.043834724,0.2068
leland,leland,0.04383844,0.2066
leland,leland,0.043843545,0.2064
leland,leland,0.043844443,0.2062
leland,leland,0.043849353,0.206
leland,leland,0.043857,0.2058
leland,leland,0.04386028,0.2056
leland,leland,0.04386771,0.2054
leland,leland,0.043875333,0.2052
leland,leland,0.043882966,0.205
leland,leland,0.04389125,0.2048
leland,leland,0.043898344,0.2046
leland,leland,0.043901656,0.2044
leland,leland,0.04391409,0.2042
leland,leland,0.043919906,0.204
leland,leland,0.04392866,0.2038
leland,leland,0.04393633,0.2036
leland,leland,0.0439501,0.2034
leland,leland,0.043954354,0.2032
leland,leland,0.043959383,0.203
leland,leland,0.043961834,0.2028
leland,leland,0.043966852,0.2026
leland,leland,0.043974828,0.2024
leland,leland,0.0439801,0.2022
leland,leland,0.04398581,0.202
leland,leland,0.043988068,0.2018
leland,leland,0.04399387,0.2016
leland,leland,0.04400514,0.2014
leland,leland,0.04400939,0.2012
leland,leland,0.0440169,0.201
leland,leland,0.044021487,0.2008
leland,leland,0.04402653,0.2006
leland,leland,0.044034168,0.2004
leland,leland,0.044037096,0.2002
leland,leland,0.044044733,0.2
leland,leland,0.044046175,0.1998
leland,leland,0.044058204,0.1996
leland,leland,0.04406414,0.1994
leland,leland,0.04406784,0.1992
leland,leland,0.04407239,0.199
leland,leland,0.044078548,0.1988
leland,leland,0.044089556,0.1986
leland,leland,0.044100422,0.1984
leland,leland,0.044104557,0.1982
leland,leland,0.04410726,0.198
leland,leland,0.04411039,0.1978
leland,leland,0.044119824,0.1976
leland,leland,0.04412787,0.1974
leland,leland,0.044129897,0.1972
leland,leland,0.044133596,0.197
leland,leland,0.044141073,0.1968
leland,leland,0.04414811,0.1966
leland,leland,0.044153012,0.1964
leland,leland,0.04415873,0.1962
leland,leland,0.044166695,0.196
leland,leland,0.044173755,0.1958
leland,leland,0.044178534,0.1956
leland,leland,0.044189747,0.1954
leland,leland,0.044192113,0.1952
leland,leland,0.044194594,0.195
leland,leland,0.04420396,0.1948
leland,leland,0.044214137,0.1946
leland,leland,0.044222616,0.1944
leland,leland,0.04423663,0.1942
leland,leland,0.04423856,0.194
leland,leland,0.044242688,0.1938
leland,leland,0.044246513,0.1936
leland,leland,0.04424922,0.1934
leland,leland,0.044256598,0.1932
leland,leland,0.04426063,0.193
leland,leland,0.044274595,0.1928
leland,leland,0.044280775,0.1926
leland,leland,0.04428313,0.1924
leland,leland,0.044294782,0.1922
leland,leland,0.044302583,0.192
leland,leland,0.04431914,0.1918
leland,leland,0.044321854,0.1916
leland,leland,0.044325016,0.1914
leland,leland,0.044327203,0.1912
leland,leland,0.044329714,0.191
leland,leland,0.04433115,0.1908
leland,leland,0.044338476,0.1906
leland,leland,0.04435609,0.1904
leland,leland,0.044365272,0.1902
leland,leland,0.044370364,0.19
leland,leland,0.04437628,0.1898
leland,leland,0.044380445,0.1896
leland,leland,0.044386443,0.1894
leland,leland,0.044396907,0.1892
leland,leland,0.044406947,0.189
leland,leland,0.044420805,0.1888
leland,leland,0.04442966,0.1886
leland,leland,0.04443876,0.1884
leland,leland,0.04444455,0.1882
leland,leland,0.04445062,0.188
leland,leland,0.044456355,0.1878
leland,leland,0.04446644,0.1876
leland,leland,0.04446871,0.1874
leland,leland,0.0444738,0.1872
leland,leland,0.04449159,0.187
leland,leland,0.044495344,0.1868
leland,leland,0.044508792,0.1866
leland,leland,0.0445129,0.1864
leland,leland,0.04451765,0.1862
leland,leland,0.044526376,0.186
leland,leland,0.044528928,0.1858
leland,leland,0.044532515,0.1856
leland,leland,0.04453512,0.1854
leland,leland,0.044537492,0.1852
leland,leland,0.044551697,0.185
leland,leland,0.0445568,0.1848
leland,leland,0.0445627,0.1846
leland,leland,0.044568397,0.1844
leland,leland,0.044575464,0.1842
leland,leland,0.04458735,0.184
leland,leland,0.04459956,0.1838
leland,leland,0.044611663,0.1836
leland,leland,0.04461682,0.1834
leland,leland,0.04462288,0.1832
leland,leland,0.0446296,0.183
leland,leland,0.044635676,0.1828
leland,leland,0.04464086,0.1826
leland,leland,0.044646,0.1824
leland,leland,0.044650257,0.1822
leland,leland,0.04466268,0.182
leland,leland,0.04467188,0.1818
leland,leland,0.04467557,0.1816
leland,leland,0.04468152,0.1814
leland,leland,0.04469443,0.1812
leland,leland,0.044696875,0.181
leland,leland,0.04471321,0.1808
leland,leland,0.044718847,0.1806
leland,leland,0.044719875,0.1804
leland,leland,0.04472933,0.1802
leland,leland,0.04473402,0.18
leland,leland,0.04473743,0.1798
leland,leland,0.04474531,0.1796
leland,leland,0.044754606,0.1794
leland,leland,0.044763923,0.1792
leland,leland,0.044768244,0.179
leland,leland,0.044776388,0.1788
leland,leland,0.044783283,0.1786
leland,leland,0.044798806,0.1784
leland,leland,0.044808168,0.1782
leland,leland,0.044812433,0.178
leland,leland,0.044822183,0.1778
leland,leland,0.04482749,0.1776
leland,leland,0.04483788,0.1774
leland,leland,0.044845033,0.1772
leland,leland,0.04485321,0.177
leland,leland,0.044858698,0.1768
leland,leland,0.044864506,0.1766
leland,leland,0.044876896,0.1764
leland,leland,0.0448854,0.1762
leland,leland,0.044891316,0.176
leland,leland,0.04489759,0.1758
leland,leland,0.044906054,0.1756
leland,leland,0.044909507,0.1754
leland,leland,0.044912867,0.1752
leland,leland,0.044916824,0.175
leland,leland,0.044927325,0.1748
leland,leland,0.044934105,0.1746
leland,leland,0.044940222,0.1744
leland,leland,0.04494253,0.1742
leland,leland,0.044945974,0.174
leland,leland,0.04496544,0.1738
leland,leland,0.04497476,0.1736
leland,leland,0.044980526,0.1734
leland,leland,0.044986896,0.1732
leland,leland,0.044991773,0.173
leland,leland,0.04499692,0.1728
leland,leland,0.044998556,0.1726
leland,leland,0.045009688,0.1724
leland,leland,0.045013845,0.1722
leland,leland,0.04502435,0.172
leland,leland,0.0450267,0.1718
leland,leland,0.045034774,0.1716
leland,leland,0.045039352,0.1714
leland,leland,0.045043994,0.1712
leland,leland,0.04504845,0.171
leland,leland,0.04505905,0.1708
leland,leland,0.04507315,0.1706
leland,leland,0.045077868,0.1704
leland,leland,0.04509334,0.1702
leland,leland,0.045096323,0.17
leland,leland,0.045102704,0.1698
leland,leland,0.04511476,0.1696
leland,leland,0.045121197,0.1694
leland,leland,0.04512606,0.1692
leland,leland,0.045130953,0.169
leland,leland,0.04513783,0.1688
leland,leland,0.045147993,0.1686
leland,leland,0.045156643,0.1684
leland,leland,0.045165144,0.1682
leland,leland,0.04517239,0.168
leland,leland,0.045181822,0.1678
leland,leland,0.045184836,0.1676
leland,leland,0.045194063,0.1674
leland,leland,0.045202702,0.1672
leland,leland,0.0452053,0.167
leland,leland,0.045213807,0.1668
leland,leland,0.04521942,0.1666
leland,leland,0.045224678,0.1664
leland,leland,0.045232818,0.1662
leland,leland,0.04523995,0.166
leland,leland,0.04524875,0.1658
leland,leland,0.04525211,0.1656
leland,leland,0.04525827,0.1654
leland,leland,0.045276694,0.1652
leland,leland,0.045281433,0.165
leland,leland,0.045293573,0.1648
leland,leland,0.045301743,0.1646
leland,leland,0.045308433,0.1644
leland,leland,0.04531403,0.1642
leland,leland,0.045319546,0.164
leland,leland,0.045331307,0.1638
leland,leland,0.045333993,0.1636
leland,leland,0.045341436,0.1634
leland,leland,0.045365512,0.1632
leland,leland,0.045372985,0.163
leland,leland,0.045374554,0.1628
leland,leland,0.045389637,0.1626
leland,leland,0.04539983,0.1624
leland,leland,0.045406953,0.1622
leland,leland,0.045415264,0.162
leland,leland,0.04541886,0.1618
leland,leland,0.045422863,0.1616
leland,leland,0.045431275,0.1614
leland,leland,0.045439787,0.1612
leland,leland,0.045449585,0.161
leland,leland,0.045458954,0.1608
leland,leland,0.045469154,0.1606
leland,leland,0.045478303,0.1604
leland,leland,0.04548808,0.1602
leland,leland,0.045496214,0.16
leland,leland,0.045511942,0.1598
leland,leland,0.045517452,0.1596
leland,leland,0.045525093,0.1594
leland,leland,0.04552763,0.1592
leland,leland,0.04553244,0.159
leland,leland,0.045543667,0.1588
leland,leland,0.045550816,0.1586
leland,leland,0.045552637,0.1584
leland,leland,0.04555734,0.1582
leland,leland,0.045562733,0.158
leland,leland,0.045569852,0.1578
leland,leland,0.045577146,0.1576
leland,leland,0.04558857,0.1574
leland,leland,0.045593098,0.1572
leland,leland,0.045603257,0.157
leland,leland,0.045624536,0.1568
leland,leland,0.04563336,0.1566
leland,leland,0.045645073,0.1564
leland,leland,0.045650836,0.1562
leland,leland,0.045661964,0.156
leland,leland,0.045679335,0.1558
leland,leland,0.04568873,0.1556
leland,leland,0.04569923,0.1554
leland,leland,0.045707412,0.1552
leland,leland,0.045726664,0.155
leland,leland,0.045736834,0.1548
leland,leland,0.04574564,0.1546
leland,leland,0.045754142,0.1544
leland,leland,0.045758974,0.1542
leland,leland,0.04576377,0.154
leland,leland,0.045767672,0.1538
leland,leland,0.04577811,0.1536
leland,leland,0.04578085,0.1534
leland,leland,0.045792896,0.1532
leland,leland,0.04580107,0.153
leland,leland,0.04580782,0.1528
leland,leland,0.045817304,0.1526
leland,leland,0.045826238,0.1524
leland,leland,0.045841668,0.1522
leland,leland,0.04585593,0.152
leland,leland,0.045863423,0.1518
leland,leland,0.04587312,0.1516
leland,leland,0.045876082,0.1514
leland,leland,0.045879796,0.1512
leland,leland,0.045891773,0.151
leland,leland,0.04591048,0.1508
leland,leland,0.04592244,0.1506
leland,leland,0.04592947,0.1504
leland,leland,0.04593885,0.1502
leland,leland,0.04594326,0.15
leland,leland,0.045952976,0.1498
leland,leland,0.045959357,0.1496
leland,leland,0.045963015,0.1494
leland,leland,0.045975506,0.1492
leland,leland,0.045982964,0.149
leland,leland,0.045994755,0.1488
leland,leland,0.04600434,0.1486
leland,leland,0.046018615,0.1484
leland,leland,0.046023194,0.1482
leland,leland,0.046033174,0.148
leland,leland,0.046042636,0.1478
leland,leland,0.046046983,0.1476
leland,leland,0.046056435,0.1474
leland,leland,0.046067428,0.1472
leland,leland,0.046080016,0.147
leland,leland,0.046086136,0.1468
leland,leland,0.04609748,0.1466
leland,leland,0.046102896,0.1464
leland,leland,0.046106774,0.1462
leland,leland,0.046116427,0.146
leland,leland,0.04612108,0.1458
leland,leland,0.04612348,0.1456
leland,leland,0.046126734,0.1454
leland,leland,0.046138752,0.1452
leland,leland,0.046148416,0.145
leland,leland,0.046152756,0.1448
leland,leland,0.046159714,0.1446
leland,leland,0.046168093,0.1444
leland,leland,0.046182208,0.1442
leland,leland,0.04619338,0.144
leland,leland,0.04620813,0.1438
leland,leland,0.046214752,0.1436
leland,leland,0.046219308,0.1434
leland,leland,0.046223976,0.1432
leland,leland,0.046230666,0.143
leland,leland,0.046232544,0.1428
leland,leland,0.04624209,0.1426
leland,leland,0.046248276,0.1424
leland,leland,0.04625672,0.1422
leland,leland,0.046271928,0.142
leland,leland,0.04627707,0.1418
leland,leland,0.046295095,0.1416
leland,leland,0.046299215,0.1414
leland,leland,0.046303716,0.1412
leland,leland,0.046307076,0.141
leland,leland,0.04631004,0.1408
leland,leland,0.04632649,0.1406
leland,leland,0.046330012,0.1404
leland,leland,0.046333645,0.1402
leland,leland,0.04634731,0.14
leland,leland,0.04635266,0.1398
leland,leland,0.04636514,0.1396
leland,leland,0.046373818,0.1394
leland,leland,0.046379272,0.1392
leland,leland,0.04638994,0.139
leland,leland,0.0463953,0.1388
leland,leland,0.04640334,0.1386
leland,leland,0.04640986,0.1384
leland,leland,0.046419032,0.1382
leland,leland,0.0464269,0.138
leland,leland,0.046432544,0.1378
leland,leland,0.046439573,0.1376
leland,leland,0.046450585,0.1374
leland,leland,0.046457358,0.1372
leland,leland,0.046461105,0.137
leland,leland,0.04647276,0.1368
leland,leland,0.04648441,0.1366
leland,leland,0.046490338,0.1364
leland,leland,0.04650242,0.1362
leland,leland,0.046517283,0.136
leland,leland,0.046523385,0.1358
leland,leland,0.046526756,0.1356
leland,leland,0.046537187,0.1354
leland,leland,0.046549283,0.1352
leland,leland,0.046560764,0.135
leland,leland,0.0465644,0.1348
leland,leland,0.046567194,0.1346
leland,leland,0.046574663,0.1344
leland,leland,0.046588022,0.1342
leland,leland,0.04659872,0.134
leland,leland,0.0466158,0.1338
leland,leland,0.046626277,0.1336
leland,leland,0.046631306,0.1334
leland,leland,0.04664041,0.1332
leland,leland,0.046644785,0.133
leland,leland,0.046654746,0.1328
leland,leland,0.04665757,0.1326
leland,leland,0.04666258,0.1324
leland,leland,0.046669118,0.1322
leland,leland,0.04668562,0.132
leland,leland,0.046692073,0.1318
leland,leland,0.04670005,0.1316
leland,leland,0.046706434,0.1314
leland,leland,0.046713103,0.1312
leland,leland,0.04671564,0.131
leland,leland,0.046725128,0.1308
leland,leland,0.04672775,0.1306
leland,leland,0.046738405,0.1304
leland,leland,0.046742205,0.1302
leland,leland,0.046764962,0.13
leland,leland,0.046771515,0.1298
leland,leland,0.046783406,0.1296
leland,leland,0.046790726,0.1294
leland,leland,0.04680691,0.1292
leland,leland,0.046827674,0.129
leland,leland,0.046833683,0.1288
leland,leland,0.046842746,0.1286
leland,leland,0.046851028,0.1284
leland,leland,0.04685947,0.1282
leland,leland,0.04687354,0.128
leland,leland,0.046886254,0.1278
leland,leland,0.046898823,0.1276
leland,leland,0.046901118,0.1274
leland,leland,0.046911974,0.1272
leland,leland,0.04692394,0.127
leland,leland,0.046932444,0.1268
leland,leland,0.04693972,0.1266
leland,leland,0.04695197,0.1264
leland,leland,0.046963077,0.1262
leland,leland,0.046976063,0.126
leland,leland,0.047001354,0.1258
leland,leland,0.047025133,0.1256
leland,leland,0.047028076,0.1254
leland,leland,0.04703445,0.1252
leland,leland,0.047045287,0.125
leland,leland,0.04705287,0.1248
leland,leland,0.047077674,0.1246
leland,leland,0.047087297,0.1244
leland,leland,0.047098815,0.1242
leland,leland,0.04710805,0.124
leland,leland,0.04712166,0.1238
leland,leland,0.047129866,0.1236
leland,leland,0.04713575,0.1234
leland,leland,0.04714647,0.1232
leland,leland,0.04715644,0.123
leland,leland,0.047162462,0.1228
leland,leland,0.04718127,0.1226
leland,leland,0.047187276,0.1224
leland,leland,0.04718954,0.1222
leland,leland,0.047202107,0.122
leland,leland,0.047214437,0.1218
leland,leland,0.047222134,0.1216
leland,leland,0.04723139,0.1214
leland,leland,0.047242384,0.1212
leland,leland,0.047249902,0.121
leland,leland,0.047252886,0.1208
leland,leland,0.047266584,0.1206
leland,leland,0.047271743,0.1204
leland,leland,0.047282342,0.1202
leland,leland,0.04728859,0.12
leland,leland,0.047297128,0.1198
leland,leland,0.047305122,0.1196
leland,leland,0.047321275,0.1194
leland,leland,0.04734131,0.1192
leland,leland,0.04734678,0.119
leland,leland,0.047353145,0.1188
leland,leland,0.047377504,0.1186
leland,leland,0.0473951,0.1184
leland,leland,0.047405005,0.1182
leland,leland,0.04741664,0.118
leland,leland,0.04742557,0.1178
leland,leland,0.047439788,0.1176
leland,leland,0.04745316,0.1174
leland,leland,0.04746421,0.1172
leland,leland,0.047472022,0.117
leland,leland,0.04747976,0.1168
leland,leland,0.04749923,0.1166
leland,leland,0.047503423,0.1164
leland,leland,0.047511224,0.1162
leland,leland,0.047529455,0.116
leland,leland,0.04753687,0.1158
leland,leland,0.047555327,0.1156
leland,leland,0.047562383,0.1154
leland,leland,0.047576725,0.1152
leland,leland,0.047583174,0.115
leland,leland,0.047590833,0.1148
leland,leland,0.04760795,0.1146
leland,leland,0.047615822,0.1144
leland,leland,0.04762053,0.1142
leland,leland,0.04762858,0.114
leland,leland,0.047639612,0.1138
leland,leland,0.047642775,0.1136
leland,leland,0.047651045,0.1134
leland,leland,0.047659915,0.1132
leland,leland,0.04766914,0.113
leland,leland,0.047694247,0.1128
leland,leland,0.047703613,0.1126
leland,leland,0.047715344,0.1124
leland,leland,0.04773014,0.1122
leland,leland,0.04775181,0.112
leland,leland,0.04775887,0.1118
leland,leland,0.04777011,0.1116
leland,leland,0.047777113,0.1114
leland,leland,0.04779473,0.1112
leland,leland,0.047805127,0.111
leland,leland,0.04782025,0.1108
leland,leland,0.047836367,0.1106
leland,leland,0.047840413,0.1104
leland,leland,0.04785515,0.1102
leland,leland,0.047870602,0.11
leland,leland,0.04787536,0.1098
leland,leland,0.047903385,0.1096
leland,leland,0.047912657,0.1094
leland,leland,0.0479259,0.1092
leland,leland,0.047939982,0.109
leland,leland,0.047950123,0.1088
leland,leland,0.047963306,0.1086
leland,leland,0.047976416,0.1084
leland,leland,0.047985222,0.1082
leland,leland,0.04800699,0.108
leland,leland,0.048017945,0.1078
leland,leland,0.048032645,0.1076
leland,leland,0.048038896,0.1074
leland,leland,0.048053097,0.1072
leland,leland,0.048060857,0.107
leland,leland,0.048089143,0.1068
leland,leland,0.048103105,0.1066
leland,leland,0.048116688,0.1064
leland,leland,0.048126068,0.1062
leland,leland,0.048136283,0.106
leland,leland,0.048168648,0.1058
leland,leland,0.04817923,0.1056
leland,leland,0.0481866,0.1054
leland,leland,0.048205666,0.1052
leland,leland,0.0482102,0.105
leland,leland,0.04821566,0.1048
leland,leland,0.048238516,0.1046
leland,leland,0.048251644,0.1044
leland,leland,0.048257735,0.1042
leland,leland,0.048270743,0.104
leland,leland,0.048276138,0.1038
leland,leland,0.04828362,0.1036
leland,leland,0.04830051,0.1034
leland,leland,0.04831158,0.1032
leland,leland,0.048335638,0.103
leland,leland,0.048354845,0.1028
leland,leland,0.04836263,0.1026
leland,leland,0.04837997,0.1024
leland,leland,0.048386063,0.1022
leland,leland,0.04839807,0.102
leland,leland,0.048422553,0.1018
leland,leland,0.048443627,0.1016
leland,leland,0.048446994,0.1014
leland,leland,0.04847408,0.1012
leland,leland,0.048482172,0.101
leland,leland,0.04850025,0.1008
leland,leland,0.04851034,0.1006
leland,leland,0.048523977,0.1004
leland,leland,0.048548747,0.1002
leland,leland,0.04855814,0.1
leland,leland,0.048569147,0.0998
leland,leland,0.048589215,0.0996
leland,leland,0.048598994,0.0994
leland,leland,0.048613463,0.0992
leland,leland,0.048634555,0.099
leland,leland,0.048655406,0.0988
leland,leland,0.04866477,0.0986
leland,leland,0.04867614,0.0984
leland,leland,0.048698965,0.0982
leland,leland,0.04870755,0.098
leland,leland,0.048730686,0.0978
leland,leland,0.04874654,0.0976
leland,leland,0.04877636,0.0974
leland,leland,0.048791494,0.0972
leland,leland,0.048814055,0.097
leland,leland,0.048825525,0.0968
leland,leland,0.04883985,0.0966
leland,leland,0.048851255,0.0964
leland,leland,0.04886404,0.0962
leland,leland,0.048873745,0.096
leland,leland,0.048889615,0.0958
leland,leland,0.04889688,0.0956
leland,leland,0.04890992,0.0954
leland,leland,0.048923705,0.0952
leland,leland,0.04895036,0.095
leland,leland,0.0489568,0.0948
leland,leland,0.048968658,0.0946
leland,leland,0.048991058,0.0944
leland,leland,0.04899704,0.0942
leland,leland,0.049010053,0.094
leland,leland,0.0490267,0.0938
leland,leland,0.049033117,0.0936
leland,leland,0.049051616,0.0934
leland,leland,0.049067438,0.0932
leland,leland,0.049084887,0.093
leland,leland,0.04908712,0.0928
leland,leland,0.049096055,0.0926
leland,leland,0.04912392,0.0924
leland,leland,0.049148522,0.0922
leland,leland,0.049157787,0.092
leland,leland,0.049184754,0.0918
leland,leland,0.049192693,0.0916
leland,leland,0.049211264,0.0914
leland,leland,0.049239404,0.0912
leland,leland,0.049256172,0.091
leland,leland,0.049269248,0.0908
leland,leland,0.049284264,0.0906
leland,leland,0.049304336,0.0904
leland,leland,0.04931972,0.0902
leland,leland,0.049361352,0.09
leland,leland,0.04937162,0.0898
leland,leland,0.049378548,0.0896
leland,leland,0.049397938,0.0894
leland,leland,0.04940704,0.0892
leland,leland,0.049413737,0.089
leland,leland,0.04943078,0.0888
leland,leland,0.049443938,0.0886
leland,leland,0.049460653,0.0884
leland,leland,0.04947795,0.0882
leland,leland,0.04948883,0.088
leland,leland,0.049498413,0.0878
leland,leland,0.049505156,0.0876
leland,leland,0.049523767,0.0874
leland,leland,0.049540143,0.0872
leland,leland,0.0495524,0.087
leland,leland,0.049562987,0.0868
leland,leland,0.049577918,0.0866
leland,leland,0.04958839,0.0864
leland,leland,0.04961122,0.0862
leland,leland,0.049623467,0.086
leland,leland,0.049634106,0.0858
leland,leland,0.049657147,0.0856
leland,leland,0.04967279,0.0854
leland,leland,0.04968852,0.0852
leland,leland,0.049697284,0.085
leland,leland,0.049721487,0.0848
leland,leland,0.049737163,0.0846
leland,leland,0.049763262,0.0844
leland,leland,0.04978114,0.0842
leland,leland,0.049807344,0.084
leland,leland,0.049814276,0.0838
leland,leland,0.049821187,0.0836
leland,leland,0.04984698,0.0834
leland,leland,0.049860828,0.0832
leland,leland,0.049875874,0.083
leland,leland,0.049885873,0.0828
leland,leland,0.049894642,0.0826
leland,leland,0.04990808,0.0824
leland,leland,0.0499354,0.0822
leland,leland,0.04994707,0.082
leland,leland,0.0499672,0.0818
leland,leland,0.049985085,0.0816
leland,leland,0.0500044,0.0814
leland,leland,0.050021254,0.0812
leland,leland,0.05004074,0.081
leland,leland,0.050078254,0.0808
leland,leland,0.050090484,0.0806
leland,leland,0.050108254,0.0804
leland,leland,0.05013449,0.0802
leland,leland,0.050151326,0.08
leland,leland,0.050163742,0.0798
leland,leland,0.05019855,0.0796
leland,leland,0.050209828,0.0794
leland,leland,0.0502546,0.0792
leland,leland,0.050260305,0.079
leland,leland,0.05031483,0.0788
leland,leland,0.050337758,0.0786
leland,leland,0.050362162,0.0784
leland,leland,0.05038199,0.0782
leland,leland,0.05039025,0.078
leland,leland,0.05040737,0.0778
leland,leland,0.050424486,0.0776
leland,leland,0.05046394,0.0774
leland,leland,0.05047942,0.0772
leland,leland,0.050488602,0.077
leland,leland,0.05052918,0.0768
leland,leland,0.05053897,0.0766
leland,leland,0.05055806,0.0764
leland,leland,0.05057631,0.0762
leland,leland,0.050601944,0.076
leland,leland,0.050607603,0.0758
leland,leland,0.050611876,0.0756
leland,leland,0.050631415,0.0754
leland,leland,0.050640278,0.0752
leland,leland,0.050651725,0.075
leland,leland,0.05066351,0.0748
leland,leland,0.050687548,0.0746
leland,leland,0.05071142,0.0744
leland,leland,0.05072569,0.0742
leland,leland,0.050743293,0.074
leland,leland,0.050778992,0.0738
leland,leland,0.050788227,0.0736
leland,leland,0.05079591,0.0734
leland,leland,0.050818607,0.0732
leland,leland,0.050828025,0.073
leland,leland,0.05084827,0.0728
leland,leland,0.050871026,0.0726
leland,leland,0.050898395,0.0724
leland,leland,0.050915267,0.0722
leland,leland,0.05092686,0.072
leland,leland,0.05094682,0.0718
leland,leland,0.05096943,0.0716
leland,leland,0.050992057,0.0714
leland,leland,0.051000483,0.0712
leland,leland,0.05101351,0.071
leland,leland,0.05102758,0.0708
leland,leland,0.051052064,0.0706
leland,leland,0.051081326,0.0704
leland,leland,0.05109113,0.0702
leland,leland,0.05109985,0.07
leland,leland,0.051127218,0.0698
leland,leland,0.051149815,0.0696
leland,leland,0.05117922,0.0694
leland,leland,0.0512043,0.0692
leland,leland,0.051212743,0.069
leland,leland,0.051233213,0.0688
leland,leland,0.051251374,0.0686
leland,leland,0.0512695,0.0684
leland,leland,0.051283307,0.0682
leland,leland,0.051286805,0.068
leland,leland,0.051316243,0.0678
leland,leland,0.051331107,0.0676
leland,leland,0.05134384,0.0674
leland,leland,0.051398214,0.0672
leland,leland,0.051414486,0.067
leland,leland,0.051437844,0.0668
leland,leland,0.051455744,0.0666
leland,leland,0.05147669,0.0664
leland,leland,0.0515008,0.0662
leland,leland,0.051523775,0.066
leland,leland,0.05154864,0.0658
leland,leland,0.051565707,0.0656
leland,leland,0.051591408,0.0654
leland,leland,0.051598124,0.0652
leland,leland,0.05161671,0.065
leland,leland,0.051645316,0.0648
leland,leland,0.05168196,0.0646
leland,leland,0.051693812,0.0644
leland,leland,0.0517182,0.0642
leland,leland,0.051744673,0.064
leland,leland,0.05175691,0.0638
leland,leland,0.051778972,0.0636
leland,leland,0.05180679,0.0634
leland,leland,0.05182659,0.0632
leland,leland,0.051843155,0.063
leland,leland,0.051860742,0.0628
leland,leland,0.051872905,0.0626
leland,leland,0.051909775,0.0624
leland,leland,0.05193251,0.0622
leland,leland,0.051944394,0.062
leland,leland,0.051960845,0.0618
leland,leland,0.051992066,0.0616
leland,leland,0.05200284,0.0614
leland,leland,0.05203646,0.0612
leland,leland,0.05205873,0.061
leland,leland,0.052068017,0.0608
leland,leland,0.052094657,0.0606
leland,leland,0.052118383,0.0604
leland,leland,0.052136324,0.0602
leland,leland,0.052173514,0.06
leland,leland,0.052200172,0.0598
leland,leland,0.05221484,0.0596
leland,leland,0.05223083,0.0594
leland,leland,0.05225385,0.0592
leland,leland,0.052291706,0.059
leland,leland,0.05235184,0.0588
leland,leland,0.052380607,0.0586
leland,leland,0.052409288,0.0584
leland,leland,0.052431718,0.0582
leland,leland,0.05244457,0.058
leland,leland,0.052477572,0.0578
leland,leland,0.05250374,0.0576
leland,leland,0.05252196,0.0574
leland,leland,0.05253482,0.0572
leland,leland,0.05254279,0.057
leland,leland,0.052570906,0.0568
leland,leland,0.05261225,0.0566
leland,leland,0.052660726,0.0564
leland,leland,0.052697316,0.0562
leland,leland,0.052703075,0.056
leland,leland,0.052714583,0.0558
leland,leland,0.052733276,0.0556
leland,leland,0.05274489,0.0554
leland,leland,0.052802686,0.0552
leland,leland,0.05284108,0.055
leland,leland,0.052866064,0.0548
leland,leland,0.052882634,0.0546
leland,leland,0.0529389,0.0544
leland,leland,0.052979115,0.0542
leland,leland,0.052999474,0.054
leland,leland,0.053033415,0.0538
leland,leland,0.053054288,0.0536
leland,leland,0.05307918,0.0534
leland,leland,0.053110387,0.0532
leland,leland,0.053133857,0.053
leland,leland,0.05316589,0.0528
leland,leland,0.053188022,0.0526
leland,leland,0.053218678,0.0524
leland,leland,0.053235248,0.0522
leland,leland,0.05328435,0.052
leland,leland,0.053311296,0.0518
leland,leland,0.053327244,0.0516
leland,leland,0.053345505,0.0514
leland,leland,0.053358585,0.0512
leland,leland,0.05338313,0.051
leland,leland,0.053453296,0.0508
leland,leland,0.05353511,0.0506
leland,leland,0.05356708,0.0504
leland,leland,0.05361384,0.0502
leland,leland,0.053638484,0.05
leland,leland,0.05368457,0.0498
leland,leland,0.053725537,0.0496
leland,leland,0.05375028,0.0494
leland,leland,0.05375788,0.0492
leland,leland,0.05377183,0.049
leland,leland,0.053795386,0.0488
leland,leland,0.0538238,0.0486
leland,leland,0.053850234,0.0484
leland,leland,0.05388139,0.0482
leland,leland,0.05393209,0.048
leland,leland,0.05395748,0.0478
leland,leland,0.05399899,0.0476
leland,leland,0.054022215,0.0474
leland,leland,0.054037087,0.0472
leland,leland,0.05405181,0.047
leland,leland,0.05408784,0.0468
leland,leland,0.054112747,0.0466
leland,leland,0.054146823,0.0464
leland,leland,0.054191716,0.0462
leland,leland,0.054229423,0.046
leland,leland,0.054246586,0.0458
leland,leland,0.05428476,0.0456
leland,leland,0.054320075,0.0454
leland,leland,0.05437192,0.0452
leland,leland,0.054388646,0.045
leland,leland,0.054425478,0.0448
leland,leland,0.054443993,0.0446
leland,leland,0.054466352,0.0444
leland,leland,0.054491304,0.0442
leland,leland,0.054512076,0.044
leland,leland,0.054526806,0.0438
leland,leland,0.054554988,0.0436
leland,leland,0.05461201,0.0434
leland,leland,0.054650035,0.0432
leland,leland,0.05471023,0.043
leland,leland,0.054735407,0.0428
leland,leland,0.054775793,0.0426
leland,leland,0.054824293,0.0424
leland,leland,0.05486699,0.0422
leland,leland,0.054905616,0.042
leland,leland,0.05494634,0.0418
leland,leland,0.054974,0.0416
leland,leland,0.055001214,0.0414
leland,leland,0.05502995,0.0412
leland,leland,0.055051222,0.041
leland,leland,0.055080004,0.0408
leland,leland,0.055115823,0.0406
leland,leland,0.055147637,0.0404
leland,leland,0.055163756,0.0402
leland,leland,0.055182617,0.04
leland,leland,0.05522381,0.0398
leland,leland,0.055236805,0.0396
leland,leland,0.055265978,0.0394
leland,leland,0.05530754,0.0392
leland,leland,0.055346146,0.039
leland,leland,0.055372287,0.0388
leland,leland,0.055402458,0.0386
leland,leland,0.055429313,0.0384
leland,leland,0.05547074,0.0382
leland,leland,0.05550757,0.038
leland,leland,0.05557528,0.0378
leland,leland,0.055598553,0.0376
leland,leland,0.055637468,0.0374
leland,leland,0.05571269,0.0372
leland,leland,0.0557215,0.037
leland,leland,0.055753287,0.0368
leland,leland,0.055796526,0.0366
leland,leland,0.055812128,0.0364
leland,leland,0.055881537,0.0362
leland,leland,0.05591079,0.036
leland,leland,0.055957634,0.0358
leland,leland,0.055982925,0.0356
leland,leland,0.056027405,0.0354
leland,leland,0.056077745,0.0352
leland,leland,0.056110572,0.035
leland,leland,0.056186862,0.0348
leland,leland,0.056227136,0.0346
leland,leland,0.056256935,0.0344
leland,leland,0.056302264,0.0342
leland,leland,0.056361735,0.034
leland,leland,0.056418944,0.0338
leland,leland,0.05644392,0.0336
leland,leland,0.05645753,0.0334
leland,leland,0.0565386,0.0332
leland,leland,0.056605704,0.033
leland,leland,0.056690607,0.0328
leland,leland,0.0567526,0.0326
leland,leland,0.056781143,0.0324
leland,leland,0.056791402,0.0322
leland,leland,0.05682496,0.032
leland,leland,0.05684054,0.0318
leland,leland,0.05687588,0.0316
leland,leland,0.056901507,0.0314
leland,leland,0.056936715,0.0312
leland,leland,0.057006467,0.031
leland,leland,0.057039123,0.0308
leland,leland,0.057063475,0.0306
leland,leland,0.057098754,0.0304
leland,leland,0.057134915,0.0302
leland,leland,0.057200693,0.03
leland,leland,0.057253227,0.0298
leland,leland,0.05734036,0.0296
leland,leland,0.05744418,0.0294
leland,leland,0.05748832,0.0292
leland,leland,0.0575176,0.029
leland,leland,0.057561133,0.0288
leland,leland,0.05759275,0.0286
leland,leland,0.0576719,0.0284
leland,leland,0.057712913,0.0282
leland,leland,0.05776075,0.028
leland,leland,0.057844095,0.0278
leland,leland,0.057890516,0.0276
leland,leland,0.05797643,0.0274
leland,leland,0.058026966,0.0272
leland,leland,0.05811286,0.027
leland,leland,0.05814561,0.0268
leland,leland,0.058186986,0.0266
leland,leland,0.058242638,0.0264
leland,leland,0.0582736,0.0262
leland,leland,0.0583031,0.026
leland,leland,0.05833299,0.0258
leland,leland,0.05841107,0.0256
leland,leland,0.058444597,0.0254
leland,leland,0.05850791,0.0252
leland,leland,0.05853908,0.025
leland,leland,0.058557343,0.0248
leland,leland,0.058583494,0.0246
leland,leland,0.058655255,0.0244
leland,leland,0.05869301,0.0242
leland,leland,0.058782008,0.024
leland,leland,0.058844607,0.0238
leland,leland,0.059004925,0.0236
leland,leland,0.0590562,0.0234
leland,leland,0.059110414,0.0232
leland,leland,0.0591617,0.023
leland,leland,0.059217602,0.0228
leland,leland,0.059252236,0.0226
leland,leland,0.059310187,0.0224
leland,leland,0.05936353,0.0222
leland,leland,0.059421383,0.022
leland,leland,0.059508577,0.0218
leland,leland,0.059551593,0.0216
leland,leland,0.059715655,0.0214
leland,leland,0.059819926,0.0212
leland,leland,0.059886184,0.021
leland,leland,0.05996511,0.0208
leland,leland,0.06008567,0.0206
leland,leland,0.06019114,0.0204
leland,leland,0.06023924,0.0202
leland,leland,0.06037088,0.02
leland,leland,0.06048614,0.0198
leland,leland,0.06052811,0.0196
leland,leland,0.060628574,0.0194
leland,leland,0.060721077,0.0192
leland,leland,0.06088065,0.019
leland,leland,0.060914397,0.0188
leland,leland,0.06103064,0.0186
leland,leland,0.06117194,0.0184
leland,leland,0.061244547,0.0182
leland,leland,0.061334413,0.018
leland,leland,0.06136177,0.0178
leland,leland,0.061412234,0.0176
leland,leland,0.06154181,0.0174
leland,leland,0.061550293,0.0172
leland,leland,0.061644122,0.017
leland,leland,0.061701786,0.0168
leland,leland,0.061751407,0.0166
leland,leland,0.0618522,0.0164
leland,leland,0.061909862,0.0162
leland,leland,0.06197172,0.016
leland,leland,0.06209275,0.0158
leland,leland,0.062176596,0.0156
leland,leland,0.06231077,0.0154
leland,leland,0.062353753,0.0152
leland,leland,0.06246123,0.015
leland,leland,0.062518194,0.0148
leland,leland,0.062678605,0.0146
leland,leland,0.06293749,0.0144
leland,leland,0.063090935,0.0142
leland,leland,0.06313383,0.014
leland,leland,0.063258044,0.0138
leland,leland,0.06340216,0.0136
leland,leland,0.0635014,0.0134
leland,leland,0.06368949,0.0132
leland,leland,0.063764006,0.013
leland,leland,0.06400948,0.0128
leland,leland,0.06406891,0.0126
leland,leland,0.064141594,0.0124
leland,leland,0.06424984,0.0122
leland,leland,0.064428315,0.012
leland,leland,0.064581595,0.0118
leland,leland,0.06477583,0.0116
leland,leland,0.06489833,0.0114
leland,leland,0.06499497,0.0112
leland,leland,0.06510971,0.011
leland,leland,0.06521591,0.0108
leland,leland,0.06548684,0.0106
leland,leland,0.0656627,0.0104
leland,leland,0.06595998,0.0102
leland,leland,0.06606826,0.01
leland,leland,0.06619266,0.0098
leland,leland,0.06639184,0.0096
leland,leland,0.066565186,0.0094
leland,leland,0.066768095,0.0092
leland,leland,0.066810414,0.009
leland,leland,0.06709008,0.0088
leland,leland,0.067153946,0.0086
leland,leland,0.06728203,0.0084
leland,leland,0.06738332,0.0082
leland,leland,0.06767222,0.008
leland,leland,0.067804314,0.0078
leland,leland,0.068201944,0.0076
leland,leland,0.068284124,0.0074
leland,leland,0.0684425,0.0072
leland,leland,0.068625644,0.007
leland,leland,0.068895414,0.0068
leland,leland,0.069144376,0.0066
leland,leland,0.0692042,0.0064
leland,leland,0.069409326,0.0062
leland,leland,0.069802284,0.006
leland,leland,0.07048579,0.0058
leland,leland,0.07061545,0.0056
leland,leland,0.0711113,0.0054
leland,leland,0.07142605,0.0052
leland,leland,0.07215076,0.005
leland,leland,0.07247519,0.0048
leland,leland,0.073067315,0.0046
leland,leland,0.07369275,0.0044
leland,leland,0.073881894,0.0042
leland,leland,0.074984126,0.004
leland,leland,0.07508682,0.0038
leland,leland,0.07566452,0.0036
leland,leland,0.07606193,0.0034
leland,leland,0.07651296,0.0032
leland,leland,0.076966114,0.003
leland,leland,0.077611946,0.0028
leland,leland,0.078994215,0.0026
leland,leland,0.079417564,0.0024
leland,leland,0.08026878,0.0022
leland,leland,0.08113782,0.002
leland,leland,0.08146931,0.0018
leland,leland,0.08191846,0.0016
leland,leland,0.082517445,0.0014
leland,leland,0.08426732,0.0012
leland,leland,0.0862425,0.001
leland,leland,0.088110715,0.0008
leland,leland,0.094531424,0.0006
leland,leland,0.100017734,0.0004
leland,leland,0.11450828,0.0002
ww_band,ww_band,0.0009044163,1.0
ww_band,ww_band,0.0013253571,0.9998
ww_band,ww_band,0.0019856105,0.9996
ww_band,ww_band,0.0024154626,0.9994
ww_band,ww_band,0.0028160505,0.9992
ww_band,ww_band,0.0030208693,0.999
ww_band,ww_band,0.003118082,0.9988
ww_band,ww_band,0.0034333377,0.9986
ww_band,ww_band,0.0036805032,0.9984
ww_band,ww_band,0.0037952072,0.9982
ww_band,ww_band,0.0039276495,0.998
ww_band,ww_band,0.004150255,0.9978
ww_band,ww_band,0.0043858676,0.9976
ww_band,ww_band,0.004462535,0.9974
ww_band,ww_band,0.004583412,0.9972
ww_band,ww_band,0.004840956,0.997
ww_band,ww_band,0.0050078435,0.9968
ww_band,ww_band,0.0051144306,0.9966
ww_band,ww_band,0.0052781333,0.9964
ww_band,ww_band,0.005392901,0.9962
ww_band,ww_band,0.005804442,0.996
ww_band,ww_band,0.0058932235,0.9958
ww_band,ww_band,0.0061009745,0.9956
ww_band,ww_band,0.006176258,0.9954
ww_band,ww_band,0.006257814,0.9952
ww_band,ww_band,0.0062983413,0.995
ww_band,ww_band,0.0064001624,0.9948
ww_band,ww_band,0.0064700395,0.9946
ww_band,ww_band,0.0066872523,0.9944
ww_band,ww_band,0.006751043,0.9942
ww_band,ww_band,0.006853864,0.994
ww_band,ww_band,0.0069026668,0.9938
ww_band,ww_band,0.0069922106,0.9936
ww_band,ww_band,0.0070274766,0.9934
ww_band,ww_band,0.0070832265,0.9932
ww_band,ww_band,0.007171315,0.993
ww_band,ww_band,0.0072778314,0.9928
ww_band,ww_band,0.007400212,0.9926
ww_band,ww_band,0.007499761,0.9924
ww_band,ww_band,0.0076028374,0.9922
ww_band,ww_band,0.0076822224,0.992
ww_band,ww_band,0.0077567305,0.9918
ww_band,ww_band,0.007818977,0.9916
ww_band,ww_band,0.0079255365,0.9914
ww_band,ww_band,0.007976854,0.9912
ww_band,ww_band,0.008060232,0.991
ww_band,ww_band,0.008155174,0.9908
ww_band,ww_band,0.008257291,0.9906
ww_band,ww_band,0.008312199,0.9904
ww_band,ww_band,0.00834739,0.9902
ww_band,ww_band,0.00838081,0.99
ww_band,ww_band,0.008559372,0.9898
ww_band,ww_band,0.008598877,0.9896
ww_band,ww_band,0.00864069,0.9894
ww_band,ww_band,0.008763243,0.9892
ww_band,ww_band,0.008833329,0.989
ww_band,ww_band,0.008876697,0.9888
ww_band,ww_band,0.008933908,0.9886
ww_band,ww_band,0.009010813,0.9884
ww_band,ww_band,0.009035386,0.9882
ww_band,ww_band,0.009043919,0.988
ww_band,ww_band,0.00908035,0.9878
ww_band,ww_band,0.009128628,0.9876
ww_band,ww_band,0.009172339,0.9874
ww_band,ww_band,0.009224853,0.9872
ww_band,ww_band,0.009298202,0.987
ww_band,ww_band,0.009399631,0.9868
ww_band,ww_band,0.009456156,0.9866
ww_band,ww_band,0.009575982,0.9864
ww_band,ww_band,0.009638566,0.9862
ww_band,ww_band,0.009712058,0.986
ww_band,ww_band,0.009752384,0.9858
ww_band,ww_band,0.009855158,0.9856
ww_band,ww_band,0.009891368,0.9854
ww_band,ww_band,0.009985641,0.9852
ww_band,ww_band,0.010061889,0.985
ww_band,ww_band,0.010128391,0.9848
ww_band,ww_band,0.010170221,0.9846
ww_band,ww_band,0.010193146,0.9844
ww_band,ww_band,0.010250056,0.9842
ww_band,ww_band,0.010319385,0.984
ww_band,ww_band,0.010373824,0.9838
ww_band,ww_band,0.010433066,0.9836
ww_band,ww_band,0.010467099,0.9834
ww_band,ww_band,0.010484487,0.9832
ww_band,ww_band,0.010514526,0.983
ww_band,ww_band,0.010561893,0.9828
ww_band,ww_band,0.010577906,0.9826
ww_band,ww_band,0.010620778,0.9824
ww_band,ww_band,0.010737093,0.9822
ww_band,ww_band,0.010825582,0.982
ww_band,ww_band,0.010912618,0.9818
ww_band,ww_band,0.0109570585,0.9816
ww_band,ww_band,0.011003282,0.9814
ww_band,ww_band,0.011045269,0.9812
ww_band,ww_band,0.011091694,0.981
ww_band,ww_band,0.011123581,0.9808
ww_band,ww_band,0.011145893,0.9806
ww_band,ww_band,0.011182067,0.9804
ww_band,ww_band,0.011263095,0.9802
ww_band,ww_band,0.011313468,0.98
ww_band,ww_band,0.01135455,0.9798
ww_band,ww_band,0.011393002,0.9796
ww_band,ww_band,0.011454929,0.9794
ww_band,ww_band,0.011487915,0.9792
ww_band,ww_band,0.011527543,0.979
ww_band,ww_band,0.011566857,0.9788
ww_band,ww_band,0.011614135,0.9786
ww_band,ww_band,0.011696304,0.9784
ww_band,ww_band,0.011732608,0.9782
ww_band,ww_band,0.011779619,0.978
ww_band,ww_band,0.011829219,0.9778
ww_band,ww_band,0.011896254,0.9776
ww_band,ww_band,0.011924971,0.9774
ww_band,ww_band,0.011944761,0.9772
ww_band,ww_band,0.011981166,0.977
ww_band,ww_band,0.012024076,0.9768
ww_band,ww_band,0.0120593095,0.9766
ww_band,ww_band,0.012128595,0.9764
ww_band,ww_band,0.01215377,0.9762
ww_band,ww_band,0.012253092,0.976
ww_band,ww_band,0.012275145,0.9758
ww_band,ww_band,0.012288429,0.9756
ww_band,ww_band,0.012343472,0.9754
ww_band,ww_band,0.012382449,0.9752
ww_band,ww_band,0.01241791,0.975
ww_band,ww_band,0.012453134,0.9748
ww_band,ww_band,0.012495356,0.9746
ww_band,ww_band,0.012517184,0.9744
ww_band,ww_band,0.012574724,0.9742
ww_band,ww_band,0.01258835,0.974
ww_band,ww_band,0.012639848,0.9738
ww_band,ww_band,0.012672272,0.9736
ww_band,ww_band,0.012689499,0.9734
ww_band,ww_band,0.012716441,0.9732
ww_band,ww_band,0.012742679,0.973
ww_band,ww_band,0.012796369,0.9728
ww_band,ww_band,0.012834308,0.9726
ww_band,ww_band,0.01287255,0.9724
ww_band,ww_band,0.012883232,0.9722
ww_band,ww_band,0.012947977,0.972
ww_band,ww_band,0.012969564,0.9718
ww_band,ww_band,0.012994536,0.9716
ww_band,ww_band,0.013051864,0.9714
ww_band,ww_band,0.013066659,0.9712
ww_band,ww_band,0.013093847,0.971
ww_band,ww_band,0.013127825,0.9708
ww_band,ww_band,0.013166549,0.9706
ww_band,ww_band,0.013228398,0.9704
ww_band,ww_band,0.013284763,0.9702
ww_band,ww_band,0.013327426,0.97
ww_band,ww_band,0.013383036,0.9698
ww_band,ww_band,0.0134568615,0.9696
ww_band,ww_band,0.013514192,0.9694
ww_band,ww_band,0.013543894,0.9692
ww_band,ww_band,0.013584306,0.969
ww_band,ww_band,0.01360934,0.9688
ww_band,ww_band,0.013666071,0.9686
ww_band,ww_band,0.013686672,0.9684
ww_band,ww_band,0.01369168,0.9682
ww_band,ww_band,0.013721573,0.968
ww_band,ww_band,0.013742283,0.9678
ww_band,ww_band,0.01376069,0.9676
ww_band,ww_band,0.013789456,0.9674
ww_band,ww_band,0.0138366,0.9672
ww_band,ww_band,0.013860594,0.967
ww_band,ww_band,0.013914078,0.9668
ww_band,ww_band,0.013920055,0.9666
ww_band,ww_band,0.013946906,0.9664
ww_band,ww_band,0.013975258,0.9662
ww_band,ww_band,0.014012409,0.966
ww_band,ww_band,0.014035446,0.9658
ww_band,ww_band,0.01405641,0.9656
ww_band,ww_band,0.014130228,0.9654
ww_band,ww_band,0.014160104,0.9652
ww_band,ww_band,0.014174146,0.965
ww_band,ww_band,0.014211378,0.9648
ww_band,ww_band,0.014224228,0.9646
ww_band,ww_band,0.014251041,0.9644
ww_band,ww_band,0.014273216,0.9642
ww_band,ww_band,0.014303711,0.964
ww_band,ww_band,0.0143378265,0.9638
ww_band,ww_band,0.014372607,0.9636
ww_band,ww_band,0.014391345,0.9634
ww_band,ww_band,0.014410845,0.9632
ww_band,ww_band,0.014430648,0.963
ww_band,ww_band,0.014466988,0.9628
ww_band,ww_band,0.014496888,0.9626
ww_band,ww_band,0.014511886,0.9624
ww_band,ww_band,0.014581195,0.9622
ww_band,ww_band,0.014613378,0.962
ww_band,ww_band,0.014643745,0.9618
ww_band,ww_band,0.014665142,0.9616
ww_band,ww_band,0.014680576,0.9614
ww_band,ww_band,0.01469563,0.9612
ww_band,ww_band,0.014726607,0.961
ww_band,ww_band,0.014764587,0.9608
ww_band,ww_band,0.014775962,0.9606
ww_band,ww_band,0.014801095,0.9604
ww_band,ww_band,0.014815093,0.9602
ww_band,ww_band,0.014821486,0.96
ww_band,ww_band,0.014854144,0.9598
ww_band,ww_band,0.014870053,0.9596
ww_band,ww_band,0.014900286,0.9594
ww_band,ww_band,0.014940298,0.9592
ww_band,ww_band,0.014970536,0.959
ww_band,ww_band,0.015018762,0.9588
ww_band,ww_band,0.015046193,0.9586
ww_band,ww_band,0.015068174,0.9584
ww_band,ww_band,0.015114328,0.9582
ww_band,ww_band,0.015153787,0.958
ww_band,ww_band,0.015198516,0.9578
ww_band,ww_band,0.015213232,0.9576
ww_band,ww_band,0.015254651,0.9574
ww_band,ww_band,0.015271946,0.9572
ww_band,ww_band,0.015276939,0.957
ww_band,ww_band,0.015300272,0.9568
ww_band,ww_band,0.01536916,0.9566
ww_band,ww_band,0.015393625,0.9564
ww_band,ww_band,0.015455974,0.9562
ww_band,ww_band,0.015474812,0.956
ww_band,ww_band,0.01549716,0.9558
ww_band,ww_band,0.015528555,0.9556
ww_band,ww_band,0.015588905,0.9554
ww_band,ww_band,0.015617593,0.9552
ww_band,ww_band,0.01566549,0.955
ww_band,ww_band,0.015694935,0.9548
ww_band,ww_band,0.015714029,0.9546
ww_band,ww_band,0.015752101,0.9544
ww_band,ww_band,0.015797716,0.9542
ww_band,ww_band,0.015821015,0.954
ww_band,ww_band,0.015853439,0.9538
ww_band,ww_band,0.015874598,0.9536
ww_band,ww_band,0.015894087,0.9534
ww_band,ww_band,0.015913807,0.9532
ww_band,ww_band,0.01594353,0.953
ww_band,ww_band,0.015955742,0.9528
ww_band,ww_band,0.015967272,0.9526
ww_band,ww_band,0.015978783,0.9524
ww_band,ww_band,0.016025905,0.9522
ww_band,ww_band,0.016050145,0.952
ww_band,ww_band,0.01607096,0.9518
ww_band,ww_band,0.016086686,0.9516
ww_band,ww_band,0.01611176,0.9514
ww_band,ww_band,0.016137514,0.9512
ww_band,ww_band,0.016175015,0.951
ww_band,ww_band,0.016191952,0.9508
ww_band,ww_band,0.016207088,0.9506
ww_band,ww_band,0.016235642,0.9504
ww_band,ww_band,0.016258333,0.9502
ww_band,ww_band,0.016270552,0.95
ww_band,ww_band,0.016281188,0.9498
ww_band,ww_band,0.016310213,0.9496
ww_band,ww_band,0.016321866,0.9494
ww_band,ww_band,0.016351353,0.9492
ww_band,ww_band,0.016363276,0.949
ww_band,ww_band,0.016383065,0.9488
ww_band,ww_band,0.016401554,0.9486
ww_band,ww_band,0.016427794,0.9484
ww_band,ww_band,0.016472837,0.9482
ww_band,ww_band,0.016486166,0.948
ww_band,ww_band,0.016511101,0.9478
ww_band,ww_band,0.016537767,0.9476
ww_band,ww_band,0.016548784,0.9474
ww_band,ww_band,0.01656994,0.9472
ww_band,ww_band,0.016599433,0.947
ww_band,ww_band,0.016624602,0.9468
ww_band,ww_band,0.016665641,0.9466
ww_band,ww_band,0.01667758,0.9464
ww_band,ww_band,0.016716078,0.9462
ww_band,ww_band,0.016738638,0.946
ww_band,ww_band,0.01676277,0.9458
ww_band,ww_band,0.016789664,0.9456
ww_band,ww_band,0.016803585,0.9454
ww_band,ww_band,0.016816296,0.9452
ww_band,ww_band,0.016842779,0.945
ww_band,ww_band,0.016863313,0.9448
ww_band,ww_band,0.016895417,0.9446
ww_band,ww_band,0.016905878,0.9444
ww_band,ww_band,0.016948529,0.9442
ww_band,ww_band,0.016994245,0.944
ww_band,ww_band,0.017027829,0.9438
ww_band,ww_band,0.01704522,0.9436
ww_band,ww_band,0.017058784,0.9434
ww_band,ww_band,0.017067336,0.9432
ww_band,ww_band,0.017083727,0.943
ww_band,ww_band,0.017110515,0.9428
ww_band,ww_band,0.01714033,0.9426
ww_band,ww_band,0.01715845,0.9424
ww_band,ww_band,0.017174939,0.9422
ww_band,ww_band,0.017207572,0.942
ww_band,ww_band,0.01724269,0.9418
ww_band,ww_band,0.017267076,0.9416
ww_band,ww_band,0.01728193,0.9414
ww_band,ww_band,0.017299304,0.9412
ww_band,ww_band,0.017310834,0.941
ww_band,ww_band,0.01732403,0.9408
ww_band,ww_band,0.017349718,0.9406
ww_band,ww_band,0.017372033,0.9404
ww_band,ww_band,0.017384654,0.9402
ww_band,ww_band,0.0174013,0.94
ww_band,ww_band,0.017411152,0.9398
ww_band,ww_band,0.017432572,0.9396
ww_band,ww_band,0.017472843,0.9394
ww_band,ww_band,0.017505681,0.9392
ww_band,ww_band,0.017523315,0.939
ww_band,ww_band,0.017542915,0.9388
ww_band,ww_band,0.01757118,0.9386
ww_band,ww_band,0.017595548,0.9384
ww_band,ww_band,0.01762694,0.9382
ww_band,ww_band,0.017634694,0.938
ww_band,ww_band,0.01765039,0.9378
ww_band,ww_band,0.017666288,0.9376
ww_band,ww_band,0.017686564,0.9374
ww_band,ww_band,0.017699262,0.9372
ww_band,ww_band,0.017709147,0.937
ww_band,ww_band,0.017738065,0.9368
ww_band,ww_band,0.017776702,0.9366
ww_band,ww_band,0.017794391,0.9364
ww_band,ww_band,0.01781621,0.9362
ww_band,ww_band,0.017827338,0.936
ww_band,ww_band,0.01786517,0.9358
ww_band,ww_band,0.017875373,0.9356
ww_band,ww_band,0.017902352,0.9354
ww_band,ww_band,0.017921818,0.9352
ww_band,ww_band,0.017928327,0.935
ww_band,ww_band,0.017940545,0.9348
ww_band,ww_band,0.017965175,0.9346
ww_band,ww_band,0.017977599,0.9344
ww_band,ww_band,0.018002264,0.9342
ww_band,ww_band,0.01801347,0.934
ww_band,ww_band,0.01804264,0.9338
ww_band,ww_band,0.018070681,0.9336
ww_band,ww_band,0.01808213,0.9334
ww_band,ww_band,0.018093249,0.9332
ww_band,ww_band,0.018112628,0.933
ww_band,ww_band,0.018124025,0.9328
ww_band,ww_band,0.018146027,0.9326
ww_band,ww_band,0.018163444,0.9324
ww_band,ww_band,0.018175732,0.9322
ww_band,ww_band,0.018195376,0.932
ww_band,ww_band,0.01820736,0.9318
ww_band,ww_band,0.018244468,0.9316
ww_band,ww_band,0.018279739,0.9314
ww_band,ww_band,0.018295312,0.9312
ww_band,ww_band,0.018311603,0.931
ww_band,ww_band,0.018338457,0.9308
ww_band,ww_band,0.018349586,0.9306
ww_band,ww_band,0.018368477,0.9304
ww_band,ww_band,0.018375915,0.9302
ww_band,ww_band,0.018393628,0.93
ww_band,ww_band,0.018407714,0.9298
ww_band,ww_band,0.01842884,0.9296
ww_band,ww_band,0.018444223,0.9294
ww_band,ww_band,0.018480191,0.9292
ww_band,ww_band,0.018492803,0.929
ww_band,ww_band,0.018505838,0.9288
ww_band,ww_band,0.018526837,0.9286
ww_band,ww_band,0.018545406,0.9284
ww_band,ww_band,0.018556716,0.9282
ww_band,ww_band,0.018584052,0.928
ww_band,ww_band,0.018605916,0.9278
ww_band,ww_band,0.018615983,0.9276
ww_band,ww_band,0.018626133,0.9274
ww_band,ww_band,0.018634086,0.9272
ww_band,ww_band,0.018654028,0.927
ww_band,ww_band,0.01866212,0.9268
ww_band,ww_band,0.018676717,0.9266
ww_band,ww_band,0.018709414,0.9264
ww_band,ww_band,0.018750418,0.9262
ww_band,ww_band,0.018771254,0.926
ww_band,ww_band,0.018780846,0.9258
ww_band,ww_band,0.018795656,0.9256
ww_band,ww_band,0.01883179,0.9254
ww_band,ww_band,0.018843586,0.9252
ww_band,ww_band,0.018856626,0.925
ww_band,ww_band,0.018860145,0.9248
ww_band,ww_band,0.01886938,0.9246
ww_band,ww_band,0.018906688,0.9244
ww_band,ww_band,0.01892616,0.9242
ww_band,ww_band,0.018966807,0.924
ww_band,ww_band,0.018987693,0.9238
ww_band,ww_band,0.018998615,0.9236
ww_band,ww_band,0.019023849,0.9234
ww_band,ww_band,0.019041816,0.9232
ww_band,ww_band,0.019060988,0.923
ww_band,ww_band,0.019065533,0.9228
ww_band,ww_band,0.019074626,0.9226
ww_band,ww_band,0.01911011,0.9224
ww_band,ww_band,0.019134702,0.9222
ww_band,ww_band,0.019151092,0.922
ww_band,ww_band,0.019172752,0.9218
ww_band,ww_band,0.019192409,0.9216
ww_band,ww_band,0.019208716,0.9214
ww_band,ww_band,0.019221604,0.9212
ww_band,ww_band,0.019235425,0.921
ww_band,ww_band,0.019259222,0.9208
ww_band,ww_band,0.019284356,0.9206
ww_band,ww_band,0.019301837,0.9204
ww_band,ww_band,0.019329756,0.9202
ww_band,ww_band,0.019342944,0.92
ww_band,ww_band,0.019379666,0.9198
ww_band,ww_band,0.019383881,0.9196
ww_band,ww_band,0.019396177,0.9194
ww_band,ww_band,0.01942814,0.9192
ww_band,ww_band,0.019459074,0.919
ww_band,ww_band,0.019487906,0.9188
ww_band,ww_band,0.019504266,0.9186
ww_band,ww_band,0.019509984,0.9184
ww_band,ww_band,0.019514756,0.9182
ww_band,ww_band,0.019540012,0.918
ww_band,ww_band,0.019568197,0.9178
ww_band,ww_band,0.019573348,0.9176
ww_band,ww_band,0.019600183,0.9174
ww_band,ww_band,0.019615827,0.9172
ww_band,ww_band,0.019641507,0.917
ww_band,ww_band,0.019649709,0.9168
ww_band,ww_band,0.019661872,0.9166
ww_band,ww_band,0.019688407,0.9164
ww_band,ww_band,0.019711332,0.9162
ww_band,ww_band,0.019731227,0.916
ww_band,ww_band,0.01973944,0.9158
ww_band,ww_band,0.01975818,0.9156
ww_band,ww_band,0.019775826,0.9154
ww_band,ww_band,0.019793646,0.9152
ww_band,ww_band,0.01981513,0.915
ww_band,ww_band,0.0198213,0.9148
ww_band,ww_band,0.019839486,0.9146
ww_band,ww_band,0.01985972,0.9144
ww_band,ww_band,0.01989402,0.9142
ww_band,ww_band,0.019911649,0.914
ww_band,ww_band,0.019923674,0.9138
ww_band,ww_band,0.019938407,0.9136
ww_band,ww_band,0.019959934,0.9134
ww_band,ww_band,0.019978926,0.9132
ww_band,ww_band,0.019994635,0.913
ww_band,ww_band,0.02000592,0.9128
ww_band,ww_band,0.020015853,0.9126
ww_band,ww_band,0.020025872,0.9124
ww_band,ww_band,0.020036113,0.9122
ww_band,ww_band,0.020051379,0.912
ww_band,ww_band,0.02007023,0.9118
ww_band,ww_band,0.020083647,0.9116
ww_band,ww_band,0.020117989,0.9114
ww_band,ww_band,0.020139009,0.9112
ww_band,ww_band,0.02015187,0.911
ww_band,ww_band,0.020171626,0.9108
ww_band,ww_band,0.020183126,0.9106
ww_band,ww_band,0.020197507,0.9104
ww_band,ww_band,0.020203605,0.9102
ww_band,ww_band,0.020208772,0.91
ww_band,ww_band,0.020221245,0.9098
ww_band,ww_band,0.020235812,0.9096
ww_band,ww_band,0.020263644,0.9094
ww_band,ww_band,0.020273235,0.9092
ww_band,ww_band,0.02028649,0.909
ww_band,ww_band,0.02029804,0.9088
ww_band,ww_band,0.02031558,0.9086
ww_band,ww_band,0.020331984,0.9084
ww_band,ww_band,0.02034414,0.9082
ww_band,ww_band,0.020363975,0.908
ww_band,ww_band,0.020368291,0.9078
ww_band,ww_band,0.020388156,0.9076
ww_band,ww_band,0.020402443,0.9074
ww_band,ww_band,0.020414388,0.9072
ww_band,ww_band,0.0204269,0.907
ww_band,ww_band,0.0204462,0.9068
ww_band,ww_band,0.020456413,0.9066
ww_band,ww_band,0.020472262,0.9064
ww_band,ww_band,0.020488005,0.9062
ww_band,ww_band,0.020498475,0.906
ww_band,ww_band,0.02052444,0.9058
ww_band,ww_band,0.020537842,0.9056
ww_band,ww_band,0.020552251,0.9054
ww_band,ww_band,0.020594696,0.9052
ww_band,ww_band,0.020615172,0.905
ww_band,ww_band,0.020625547,0.9048
ww_band,ww_band,0.020651553,0.9046
ww_band,ww_band,0.020664768,0.9044
ww_band,ww_band,0.02069303,0.9042
ww_band,ww_band,0.020698816,0.904
ww_band,ww_band,0.020710189,0.9038
ww_band,ww_band,0.020723403,0.9036
ww_band,ww_band,0.02073541,0.9034
ww_band,ww_band,0.020752653,0.9032
ww_band,ww_band,0.020762332,0.903
ww_band,ww_band,0.02079284,0.9028
ww_band,ww_band,0.02082835,0.9026
ww_band,ww_band,0.020841628,0.9024
ww_band,ww_band,0.020862639,0.9022
ww_band,ww_band,0.020887934,0.902
ww_band,ww_band,0.020894425,0.9018
ww_band,ww_band,0.0209177,0.9016
ww_band,ww_band,0.020953093,0.9014
ww_band,ww_band,0.020964347,0.9012
ww_band,ww_band,0.02097708,0.901
ww_band,ww_band,0.020994524,0.9008
ww_band,ww_band,0.021010878,0.9006
ww_band,ww_band,0.021028927,0.9004
ww_band,ww_band,0.021041378,0.9002
ww_band,ww_band,0.021056147,0.9
ww_band,ww_band,0.021065036,0.8998
ww_band,ww_band,0.0210878,0.8996
ww_band,ww_band,0.021099584,0.8994
ww_band,ww_band,0.021108752,0.8992
ww_band,ww_band,0.0211273,0.899
ww_band,ww_band,0.021141473,0.8988
ww_band,ww_band,0.02117018,0.8986
ww_band,ww_band,0.021190658,0.8984
ww_band,ww_band,0.021209035,0.8982
ww_band,ww_band,0.021231366,0.898
ww_band,ww_band,0.021249378,0.8978
ww_band,ww_band,0.021257129,0.8976
ww_band,ww_band,0.021271858,0.8974
ww_band,ww_band,0.021282041,0.8972
ww_band,ww_band,0.021297056,0.897
ww_band,ww_band,0.021331707,0.8968
ww_band,ww_band,0.021340678,0.8966
ww_band,ww_band,0.021342518,0.8964
ww_band,ww_band,0.021359313,0.8962
ww_band,ww_band,0.021380253,0.896
ww_band,ww_band,0.02139369,0.8958
ww_band,ww_band,0.021418657,0.8956
ww_band,ww_band,0.021435997,0.8954
ww_band,ww_band,0.02144462,0.8952
ww_band,ww_band,0.021449259,0.895
ww_band,ww_band,0.021456439,0.8948
ww_band,ww_band,0.021468155,0.8946
ww_band,ww_band,0.021475552,0.8944
ww_band,ww_band,0.021485828,0.8942
ww_band,ww_band,0.021500712,0.894
ww_band,ww_band,0.02152556,0.8938
ww_band,ww_band,0.021540867,0.8936
ww_band,ww_band,0.021561429,0.8934
ww_band,ww_band,0.02157015,0.8932
ww_band,ww_band,0.021575805,0.893
ww_band,ww_band,0.02158468,0.8928
ww_band,ww_band,0.021604123,0.8926
ww_band,ww_band,0.021611707,0.8924
ww_band,ww_band,0.02162485,0.8922
ww_band,ww_band,0.021630283,0.892
ww_band,ww_band,0.02163935,0.8918
ww_band,ww_band,0.021659348,0.8916
ww_band,ww_band,0.021675192,0.8914
ww_band,ww_band,0.021710712,0.8912
ww_band,ww_band,0.021730134,0.891
ww_band,ww_band,0.021752013,0.8908
ww_band,ww_band,0.021778207,0.8906
ww_band,ww_band,0.021787437,0.8904
ww_band,ww_band,0.021794213,0.8902
ww_band,ww_band,0.02180173,0.89
ww_band,ww_band,0.021807479,0.8898
ww_band,ww_band,0.021823086,0.8896
ww_band,ww_band,0.021828376,0.8894
ww_band,ww_band,0.021844227,0.8892
ww_band,ww_band,0.021855753,0.889
ww_band,ww_band,0.021870764,0.8888
ww_band,ww_band,0.021879865,0.8886
ww_band,ww_band,0.02189517,0.8884
ww_band,ww_band,0.021905595,0.8882
ww_band,ww_band,0.021910483,0.888
ww_band,ww_band,0.021920696,0.8878
ww_band,ww_band,0.021934785,0.8876
ww_band,ww_band,0.021945368,0.8874
ww_band,ww_band,0.021973046,0.8872
ww_band,ww_band,0.021993913,0.887
ww_band,ww_band,0.022014324,0.8868
ww_band,ww_band,0.022019546,0.8866
ww_band,ww_band,0.0220316,0.8864
ww_band,ww_band,0.022071782,0.8862
ww_band,ww_band,0.022084977,0.886
ww_band,ww_band,0.022104733,0.8858
ww_band,ww_band,0.022113899,0.8856
ww_band,ww_band,0.02212065,0.8854
ww_band,ww_band,0.022128766,0.8852
ww_band,ww_band,0.022148836,0.885
ww_band,ww_band,0.022173453,0.8848
ww_band,ww_band,0.0221806,0.8846
ww_band,ww_band,0.022200096,0.8844
ww_band,ww_band,0.02221768,0.8842
ww_band,ww_band,0.022245154,0.884
ww_band,ww_band,0.022266239,0.8838
ww_band,ww_band,0.0222869,0.8836
ww_band,ww_band,0.02229793,0.8834
ww_band,ww_band,0.0223079,0.8832
ww_band,ww_band,0.022313679,0.883
ww_band,ww_band,0.0223193,0.8828
ww_band,ww_band,0.02232914,0.8826
ww_band,ww_band,0.022341538,0.8824
ww_band,ww_band,0.022350103,0.8822
ww_band,ww_band,0.022360653,0.882
ww_band,ww_band,0.022371637,0.8818
ww_band,ww_band,0.022384401,0.8816
ww_band,ww_band,0.022401879,0.8814
ww_band,ww_band,0.02241494,0.8812
ww_band,ww_band,0.022420565,0.881
ww_band,ww_band,0.022426438,0.8808
ww_band,ww_band,0.02244201,0.8806
ww_band,ww_band,0.022451064,0.8804
ww_band,ww_band,0.022470178,0.8802
ww_band,ww_band,0.022498308,0.88
ww_band,ww_band,0.022518866,0.8798
ww_band,ww_band,0.022531256,0.8796
ww_band,ww_band,0.022542488,0.8794
ww_band,ww_band,0.022548797,0.8792
ww_band,ww_band,0.022552578,0.879
ww_band,ww_band,0.022564204,0.8788
ww_band,ww_band,0.022577658,0.8786
ww_band,ww_band,0.022585561,0.8784
ww_band,ww_band,0.022598539,0.8782
ww_band,ww_band,0.022601446,0.878
ww_band,ww_band,0.022624407,0.8778
ww_band,ww_band,0.022652457,0.8776
ww_band,ww_band,0.022656819,0.8774
ww_band,ww_band,0.022665394,0.8772
ww_band,ww_band,0.02268129,0.877
ww_band,ww_band,0.022698704,0.8768
ww_band,ww_band,0.022724722,0.8766
ww_band,ww_band,0.022730717,0.8764
ww_band,ww_band,0.022746729,0.8762
ww_band,ww_band,0.022754926,0.876
ww_band,ww_band,0.02276336,0.8758
ww_band,ww_band,0.022779657,0.8756
ww_band,ww_band,0.022797922,0.8754
ww_band,ww_band,0.022809485,0.8752
ww_band,ww_band,0.022825997,0.875
ww_band,ww_band,0.022837019,0.8748
ww_band,ww_band,0.022840353,0.8746
ww_band,ww_band,0.02285745,0.8744
ww_band,ww_band,0.022884164,0.8742
ww_band,ww_band,0.02290483,0.874
ww_band,ww_band,0.022920199,0.8738
ww_band,ww_band,0.022934169,0.8736
ww_band,ww_band,0.022958964,0.8734
ww_band,ww_band,0.022965146,0.8732
ww_band,ww_band,0.022977667,0.873
ww_band,ww_band,0.023000872,0.8728
ww_band,ww_band,0.023010686,0.8726
ww_band,ww_band,0.023030568,0.8724
ww_band,ww_band,0.023046196,0.8722
ww_band,ww_band,0.023056395,0.872
ww_band,ww_band,0.023065133,0.8718
ww_band,ww_band,0.023074567,0.8716
ww_band,ww_band,0.02310071,0.8714
ww_band,ww_band,0.023113513,0.8712
ww_band,ww_band,0.023122342,0.871
ww_band,ww_band,0.023127696,0.8708
ww_band,ww_band,0.023144474,0.8706
ww_band,ww_band,0.023151986,0.8704
ww_band,ww_band,0.02316588,0.8702
ww_band,ww_band,0.023195952,0.87
ww_band,ww_band,0.02322415,0.8698
ww_band,ww_band,0.023237467,0.8696
ww_band,ww_band,0.023248127,0.8694
ww_band,ww_band,0.02325327,0.8692
ww_band,ww_band,0.02327809,0.869
ww_band,ww_band,0.02328991,0.8688
ww_band,ww_band,0.023293717,0.8686
ww_band,ww_band,0.023297818,0.8684
ww_band,ww_band,0.023302773,0.8682
ww_band,ww_band,0.023313623,0.868
ww_band,ww_band,0.02332704,0.8678
ww_band,ww_band,0.0233358,0.8676
ww_band,ww_band,0.023347814,0.8674
ww_band,ww_band,0.023365427,0.8672
ww_band,ww_band,0.023379037,0.867
ww_band,ww_band,0.023385515,0.8668
ww_band,ww_band,0.023409624,0.8666
ww_band,ww_band,0.023417952,0.8664
ww_band,ww_band,0.023423227,0.8662
ww_band,ww_band,0.023434013,0.866
ww_band,ww_band,0.023450265,0.8658
ww_band,ww_band,0.023466816,0.8656
ww_band,ww_band,0.023474455,0.8654
ww_band,ww_band,0.023489922,0.8652
ww_band,ww_band,0.023506505,0.865
ww_band,ww_band,0.023515174,0.8648
ww_band,ww_band,0.023537714,0.8646
ww_band,ww_band,0.02356034,0.8644
ww_band,ww_band,0.023566231,0.8642
ww_band,ww_band,0.023576133,0.864
ww_band,ww_band,0.02359066,0.8638
ww_band,ww_band,0.023595562,0.8636
ww_band,ww_band,0.023610666,0.8634
ww_band,ww_band,0.023618713,0.8632
ww_band,ww_band,0.023624621,0.863
ww_band,ww_band,0.023629472,0.8628
ww_band,ww_band,0.023636302,0.8626
ww_band,ww_band,0.023654323,0.8624
ww_band,ww_band,0.023673045,0.8622
ww_band,ww_band,0.023695523,0.862
ww_band,ww_band,0.023709334,0.8618
ww_band,ww_band,0.023720466,0.8616
ww_band,ww_band,0.023725957,0.8614
ww_band,ww_band,0.02372812,0.8612
ww_band,ww_band,0.023732185,0.861
ww_band,ww_band,0.023738092,0.8608
ww_band,ww_band,0.02374631,0.8606
ww_band,ww_band,0.023768082,0.8604
ww_band,ww_band,0.023781208,0.8602
ww_band,ww_band,0.023789424,0.86
ww_band,ww_band,0.023801547,0.8598
ww_band,ww_band,0.023813957,0.8596
ww_band,ww_band,0.023830067,0.8594
ww_band,ww_band,0.02383579,0.8592
ww_band,ww_band,0.023843845,0.859
ww_band,ww_band,0.02384571,0.8588
ww_band,ww_band,0.023849249,0.8586
ww_band,ww_band,0.023861168,0.8584
ww_band,ww_band,0.023867488,0.8582
ww_band,ww_band,0.023874776,0.858
ww_band,ww_band,0.02389668,0.8578
ww_band,ww_band,0.02390715,0.8576
ww_band,ww_band,0.02390887,0.8574
ww_band,ww_band,0.023920821,0.8572
ww_band,ww_band,0.0239361,0.857
ww_band,ww_band,0.02395021,0.8568
ww_band,ww_band,0.023959763,0.8566
ww_band,ww_band,0.023963893,0.8564
ww_band,ww_band,0.023982761,0.8562
ww_band,ww_band,0.024003679,0.856
ww_band,ww_band,0.024016133,0.8558
ww_band,ww_band,0.024022492,0.8556
ww_band,ww_band,0.024042321,0.8554
ww_band,ww_band,0.02405128,0.8552
ww_band,ww_band,0.02405939,0.855
ww_band,ww_band,0.024069773,0.8548
ww_band,ww_band,0.024075797,0.8546
ww_band,ww_band,0.024085628,0.8544
ww_band,ww_band,0.024090583,0.8542
ww_band,ww_band,0.024093878,0.854
ww_band,ww_band,0.024101226,0.8538
ww_band,ww_band,0.024112271,0.8536
ww_band,ww_band,0.024124919,0.8534
ww_band,ww_band,0.024128523,0.8532
ww_band,ww_band,0.024149498,0.853
ww_band,ww_band,0.024162494,0.8528
ww_band,ww_band,0.02417642,0.8526
ww_band,ww_band,0.024188071,0.8524
ww_band,ww_band,0.024201173,0.8522
ww_band,ww_band,0.024203544,0.852
ww_band,ww_band,0.024213063,0.8518
ww_band,ww_band,0.024217408,0.8516
ww_band,ww_band,0.024229791,0.8514
ww_band,ww_band,0.024241554,0.8512
ww_band,ww_band,0.024262752,0.851
ww_band,ww_band,0.024272164,0.8508
ww_band,ww_band,0.024279281,0.8506
ww_band,ww_band,0.024302574,0.8504
ww_band,ww_band,0.024314566,0.8502
ww_band,ww_band,0.02432029,0.85
ww_band,ww_band,0.024332706,0.8498
ww_band,ww_band,0.024346227,0.8496
ww_band,ww_band,0.024358649,0.8494
ww_band,ww_band,0.024361359,0.8492
ww_band,ww_band,0.024371678,0.849
ww_band,ww_band,0.024376886,0.8488
ww_band,ww_band,0.02439144,0.8486
ww_band,ww_band,0.024407053,0.8484
ww_band,ww_band,0.024419827,0.8482
ww_band,ww_band,0.02442629,0.848
ww_band,ww_band,0.024435941,0.8478
ww_band,ww_band,0.024451215,0.8476
ww_band,ww_band,0.024467131,0.8474
ww_band,ww_band,0.024478097,0.8472
ww_band,ww_band,0.024487784,0.847
ww_band,ww_band,0.02449932,0.8468
ww_band,ww_band,0.024521109,0.8466
ww_band,ww_band,0.024532845,0.8464
ww_band,ww_band,0.024551328,0.8462
ww_band,ww_band,0.024557408,0.846
ww_band,ww_band,0.024564045,0.8458
ww_band,ww_band,0.0245786,0.8456
ww_band,ww_band,0.02458619,0.8454
ww_band,ww_band,0.024597703,0.8452
ww_band,ww_band,0.024605768,0.845
ww_band,ww_band,0.02461133,0.8448
ww_band,ww_band,0.02461646,0.8446
ww_band,ww_band,0.024632482,0.8444
ww_band,ww_band,0.02464266,0.8442
ww_band,ww_band,0.024651716,0.844
ww_band,ww_band,0.02465704,0.8438
ww_band,ww_band,0.024662897,0.8436
ww_band,ww_band,0.024665123,0.8434
ww_band,ww_band,0.02466902,0.8432
ww_band,ww_band,0.024676492,0.843
ww_band,ww_band,0.024687765,0.8428
ww_band,ww_band,0.024698487,0.8426
ww_band,ww_band,0.024717309,0.8424
ww_band,ww_band,0.024721088,0.8422
ww_band,ww_band,0.024730751,0.842
ww_band,ww_band,0.02474212,0.8418
ww_band,ww_band,0.024751129,0.8416
ww_band,ww_band,0.024758415,0.8414
ww_band,ww_band,0.024765464,0.8412
ww_band,ww_band,0.02478027,0.841
ww_band,ww_band,0.024793353,0.8408
ww_band,ww_band,0.024799274,0.8406
ww_band,ww_band,0.02480107,0.8404
ww_band,ww_band,0.024820505,0.8402
ww_band,ww_band,0.02483024,0.84
ww_band,ww_band,0.024840243,0.8398
ww_band,ww_band,0.024846183,0.8396
ww_band,ww_band,0.024857344,0.8394
ww_band,ww_band,0.024870966,0.8392
ww_band,ww_band,0.024881056,0.839
ww_band,ww_band,0.024892176,0.8388
ww_band,ww_band,0.02490546,0.8386
ww_band,ww_band,0.02491163,0.8384
ww_band,ww_band,0.024919163,0.8382
ww_band,ww_band,0.024928965,0.838
ww_band,ww_band,0.024942892,0.8378
ww_band,ww_band,0.024962801,0.8376
ww_band,ww_band,0.024977108,0.8374
ww_band,ww_band,0.024990577,0.8372
ww_band,ww_band,0.025010072,0.837
ww_band,ww_band,0.02501503,0.8368
ww_band,ww_band,0.025037112,0.8366
ww_band,ww_band,0.02505192,0.8364
ww_band,ww_band,0.02506462,0.8362
ww_band,ww_band,0.025076792,0.836
ww_band,ww_band,0.025089191,0.8358
ww_band,ww_band,0.025095968,0.8356
ww_band,ww_band,0.025113646,0.8354
ww_band,ww_band,0.025130693,0.8352
ww_band,ww_band,0.025137575,0.835
ww_band,ww_band,0.025146663,0.8348
ww_band,ww_band,0.025167976,0.8346
ww_band,ww_band,0.025177864,0.8344
ww_band,ww_band,0.025181636,0.8342
ww_band,ww_band,0.025197888,0.834
ww_band,ww_band,0.025212465,0.8338
ww_band,ww_band,0.025217503,0.8336
ww_band,ww_band,0.025223486,0.8334
ww_band,ww_band,0.025231732,0.8332
ww_band,ww_band,0.025243971,0.833
ww_band,ww_band,0.025258576,0.8328
ww_band,ww_band,0.025266021,0.8326
ww_band,ww_band,0.025272107,0.8324
ww_band,ww_band,0.02528933,0.8322
ww_band,ww_band,0.025293058,0.832
ww_band,ww_band,0.025304088,0.8318
ww_band,ww_band,0.025312148,0.8316
ww_band,ww_band,0.025320789,0.8314
ww_band,ww_band,0.0253371,0.8312
ww_band,ww_band,0.025348354,0.831
ww_band,ww_band,0.025354115,0.8308
ww_band,ww_band,0.025356753,0.8306
ww_band,ww_band,0.025363352,0.8304
ww_band,ww_band,0.025375793,0.8302
ww_band,ww_band,0.025380522,0.83
ww_band,ww_band,0.025390135,0.8298
ww_band,ww_band,0.025406742,0.8296
ww_band,ww_band,0.02542124,0.8294
ww_band,ww_band,0.025439302,0.8292
ww_band,ww_band,0.02544662,0.829
ww_band,ww_band,0.025450945,0.8288
ww_band,ww_band,0.025455993,0.8286
ww_band,ww_band,0.02546558,0.8284
ww_band,ww_band,0.025476119,0.8282
ww_band,ww_band,0.025487237,0.828
ww_band,ww_band,0.025493545,0.8278
ww_band,ww_band,0.025502108,0.8276
ww_band,ww_band,0.025511894,0.8274
ww_band,ww_band,0.025523085,0.8272
ww_band,ww_band,0.025529368,0.827
ww_band,ww_band,0.025536599,0.8268
ww_band,ww_band,0.02554312,0.8266
ww_band,ww_band,0.025549434,0.8264
ww_band,ww_band,0.025566097,0.8262
ww_band,ww_band,0.025568673,0.826
ww_band,ww_band,0.025579685,0.8258
ww_band,ww_band,0.025596963,0.8256
ww_band,ww_band,0.025602847,0.8254
ww_band,ww_band,0.025620887,0.8252
ww_band,ww_band,0.02562475,0.825
ww_band,ww_band,0.025638372,0.8248
ww_band,ww_band,0.025652526,0.8246
ww_band,ww_band,0.02565602,0.8244
ww_band,ww_band,0.025666937,0.8242
ww_band,ww_band,0.025685498,0.824
ww_band,ww_band,0.025697015,0.8238
ww_band,ww_band,0.025703002,0.8236
ww_band,ww_band,0.025711153,0.8234
ww_band,ww_band,0.025721867,0.8232
ww_band,ww_band,0.025728399,0.823
ww_band,ww_band,0.025736425,0.8228
ww_band,ww_band,0.025747336,0.8226
ww_band,ww_band,0.02575398,0.8224
ww_band,ww_band,0.025765685,0.8222
ww_band,ww_band,0.025778053,0.822
ww_band,ww_band,0.025786279,0.8218
ww_band,ww_band,0.02579766,0.8216
ww_band,ww_band,0.025812173,0.8214
ww_band,ww_band,0.025819803,0.8212
ww_band,ww_band,0.025833411,0.821
ww_band,ww_band,0.025845114,0.8208
ww_band,ww_band,0.025860688,0.8206
ww_band,ww_band,0.02587588,0.8204
ww_band,ww_band,0.025882041,0.8202
ww_band,ww_band,0.025899908,0.82
ww_band,ww_band,0.025907954,0.8198
ww_band,ww_band,0.025915239,0.8196
ww_band,ww_band,0.02592346,0.8194
ww_band,ww_band,0.0259306,0.8192
ww_band,ww_band,0.025935607,0.819
ww_band,ww_band,0.02594989,0.8188
ww_band,ww_band,0.025970155,0.8186
ww_band,ww_band,0.02599123,0.8184
ww_band,ww_band,0.026001625,0.8182
ww_band,ww_band,0.026010131,0.818
ww_band,ww_band,0.02602291,0.8178
ww_band,ww_band,0.02603468,0.8176
ww_band,ww_band,0.026039006,0.8174
ww_band,ww_band,0.026048876,0.8172
ww_band,ww_band,0.026057135,0.817
ww_band,ww_band,0.026075844,0.8168
ww_band,ww_band,0.026078418,0.8166
ww_band,ww_band,0.02608107,0.8164
ww_band,ww_band,0.026083937,0.8162
ww_band,ww_band,0.026091827,0.816
ww_band,ww_band,0.026100507,0.8158
ww_band,ww_band,0.026110576,0.8156
ww_band,ww_band,0.026119618,0.8154
ww_band,ww_band,0.02612694,0.8152
ww_band,ww_band,0.026139366,0.815
ww_band,ww_band,0.026147744,0.8148
ww_band,ww_band,0.02615675,0.8146
ww_band,ww_band,0.026163291,0.8144
ww_band,ww_band,0.026167113,0.8142
ww_band,ww_band,0.026175778,0.814
ww_band,ww_band,0.02618195,0.8138
ww_band,ww_band,0.026194789,0.8136
ww_band,ww_band,0.026208228,0.8134
ww_band,ww_band,0.02622074,0.8132
ww_band,ww_band,0.026231013,0.813
ww_band,ww_band,0.026250998,0.8128
ww_band,ww_band,0.026268208,0.8126
ww_band,ww_band,0.026280206,0.8124
ww_band,ww_band,0.026287615,0.8122
ww_band,ww_band,0.026302543,0.812
ww_band,ww_band,0.026306419,0.8118
ww_band,ww_band,0.026317783,0.8116
ww_band,ww_band,0.026325101,0.8114
ww_band,ww_band,0.026344977,0.8112
ww_band,ww_band,0.026353665,0.811
ww_band,ww_band,0.026365044,0.8108
ww_band,ww_band,0.026375446,0.8106
ww_band,ww_band,0.026388906,0.8104
ww_band,ww_band,0.026402386,0.8102
ww_band,ww_band,0.026411388,0.81
ww_band,ww_band,0.026422873,0.8098
ww_band,ww_band,0.02642605,0.8096
ww_band,ww_band,0.02644156,0.8094
ww_band,ww_band,0.026455639,0.8092
ww_band,ww_band,0.026464097,0.809
ww_band,ww_band,0.026477344,0.8088
ww_band,ww_band,0.026489068,0.8086
ww_band,ww_band,0.026498748,0.8084
ww_band,ww_band,0.02650333,0.8082
ww_band,ww_band,0.026513869,0.808
ww_band,ww_band,0.02651641,0.8078
ww_band,ww_band,0.0265248,0.8076
ww_band,ww_band,0.026528371,0.8074
ww_band,ww_band,0.026533158,0.8072
ww_band,ww_band,0.02654317,0.807
ww_band,ww_band,0.026558042,0.8068
ww_band,ww_band,0.026567487,0.8066
ww_band,ww_band,0.026571939,0.8064
ww_band,ww_band,0.026577547,0.8062
ww_band,ww_band,0.026584186,0.806
ww_band,ww_band,0.0265961,0.8058
ww_band,ww_band,0.026604641,0.8056
ww_band,ww_band,0.02661465,0.8054
ww_band,ww_band,0.026643379,0.8052
ww_band,ww_band,0.026653664,0.805
ww_band,ww_band,0.026660403,0.8048
ww_band,ww_band,0.026669716,0.8046
ww_band,ww_band,0.026674615,0.8044
ww_band,ww_band,0.02669666,0.8042
ww_band,ww_band,0.026704805,0.804
ww_band,ww_band,0.02670787,0.8038
ww_band,ww_band,0.02671673,0.8036
ww_band,ww_band,0.026724424,0.8034
ww_band,ww_band,0.026727283,0.8032
ww_band,ww_band,0.026731173,0.803
ww_band,ww_band,0.02674549,0.8028
ww_band,ww_band,0.026756935,0.8026
ww_band,ww_band,0.02676465,0.8024
ww_band,ww_band,0.026778625,0.8022
ww_band,ww_band,0.026785946,0.802
ww_band,ww_band,0.026794385,0.8018
ww_band,ww_band,0.026804678,0.8016
ww_band,ww_band,0.02681195,0.8014
ww_band,ww_band,0.026829971,0.8012
ww_band,ww_band,0.026835207,0.801
ww_band,ww_band,0.026843652,0.8008
ww_band,ww_band,0.026857832,0.8006
ww_band,ww_band,0.0268666,0.8004
ww_band,ww_band,0.026880026,0.8002
ww_band,ww_band,0.026893755,0.8
ww_band,ww_band,0.026903704,0.7998
ww_band,ww_band,0.026920157,0.7996
ww_band,ww_band,0.026934907,0.7994
ww_band,ww_band,0.026947219,0.7992
ww_band,ww_band,0.026953408,0.799
ww_band,ww_band,0.026955653,0.7988
ww_band,ww_band,0.026965711,0.7986
ww_band,ww_band,0.026972724,0.7984
ww_band,ww_band,0.02698042,0.7982
ww_band,ww_band,0.026986342,0.798
ww_band,ww_band,0.026995545,0.7978
ww_band,ww_band,0.027008895,0.7976
ww_band,ww_band,0.027025068,0.7974
ww_band,ww_band,0.02703448,0.7972
ww_band,ww_band,0.02705424,0.797
ww_band,ww_band,0.027058953,0.7968
ww_band,ww_band,0.027069207,0.7966
ww_band,ww_band,0.027078224,0.7964
ww_band,ww_band,0.027088325,0.7962
ww_band,ww_band,0.02709671,0.796
ww_band,ww_band,0.027106872,0.7958
ww_band,ww_band,0.027112285,0.7956
ww_band,ww_band,0.027129486,0.7954
ww_band,ww_band,0.027134765,0.7952
ww_band,ww_band,0.027140418,0.795
ww_band,ww_band,0.027143944,0.7948
ww_band,ww_band,0.027158046,0.7946
ww_band,ww_band,0.027174182,0.7944
ww_band,ww_band,0.02719528,0.7942
ww_band,ww_band,0.027211307,0.794
ww_band,ww_band,0.027218008,0.7938
ww_band,ww_band,0.027230842,0.7936
ww_band,ww_band,0.02723495,0.7934
ww_band,ww_band,0.027249707,0.7932
ww_band,ww_band,0.027256247,0.793
ww_band,ww_band,0.02726526,0.7928
ww_band,ww_band,0.027276823,0.7926
ww_band,ww_band,0.027284525,0.7924
ww_band,ww_band,0.027298592,0.7922
ww_band,ww_band,0.027300889,0.792
ww_band,ww_band,0.027316615,0.7918
ww_band,ww_band,0.027322795,0.7916
ww_band,ww_band,0.027330624,0.7914
ww_band,ww_band,0.027336115,0.7912
ww_band,ww_band,0.027346741,0.791
ww_band,ww_band,0.027355853,0.7908
ww_band,ww_band,0.02736406,0.7906
ww_band,ww_band,0.027376413,0.7904
ww_band,ww_band,0.027386934,0.7902
ww_band,ww_band,0.027393414,0.79
ww_band,ww_band,0.02739953,0.7898
ww_band,ww_band,0.027409164,0.7896
ww_band,ww_band,0.027424918,0.7894
ww_band,ww_band,0.027432019,0.7892
ww_band,ww_band,0.027438458,0.789
ww_band,ww_band,0.027455999,0.7888
ww_band,ww_band,0.027462604,0.7886
ww_band,ww_band,0.027479406,0.7884
ww_band,ww_band,0.027492713,0.7882
ww_band,ww_band,0.027502764,0.788
ww_band,ww_band,0.027508426,0.7878
ww_band,ww_band,0.027515009,0.7876
ww_band,ww_band,0.027520832,0.7874
ww_band,ww_band,0.027531981,0.7872
ww_band,ww_band,0.027539888,0.787
ww_band,ww_band,0.027546085,0.7868
ww_band,ww_band,0.027558593,0.7866
ww_band,ww_band,0.027567752,0.7864
ww_band,ww_band,0.027573597,0.7862
ww_band,ww_band,0.027584912,0.786
ww_band,ww_band,0.02759193,0.7858
ww_band,ww_band,0.027597288,0.7856
ww_band,ww_band,0.027607182,0.7854
ww_band,ww_band,0.027614366,0.7852
ww_band,ww_band,0.027623765,0.785
ww_band,ww_band,0.027630912,0.7848
ww_band,ww_band,0.027647972,0.7846
ww_band,ww_band,0.027652252,0.7844
ww_band,ww_band,0.027663032,0.7842
ww_band,ww_band,0.027675193,0.784
ww_band,ww_band,0.027684158,0.7838
ww_band,ww_band,0.027687889,0.7836
ww_band,ww_band,0.027694127,0.7834
ww_band,ww_band,0.027700897,0.7832
ww_band,ww_band,0.027708637,0.783
ww_band,ww_band,0.027721988,0.7828
ww_band,ww_band,0.027732436,0.7826
ww_band,ww_band,0.027750108,0.7824
ww_band,ww_band,0.027757954,0.7822
ww_band,ww_band,0.027768077,0.782
ww_band,ww_band,0.027777389,0.7818
ww_band,ww_band,0.027792959,0.7816
ww_band,ww_band,0.027805561,0.7814
ww_band,ww_band,0.027812852,0.7812
ww_band,ww_band,0.02781609,0.781
ww_band,ww_band,0.027821722,0.7808
ww_band,ww_band,0.02782989,0.7806
ww_band,ww_band,0.027835347,0.7804
ww_band,ww_band,0.027840853,0.7802
ww_band,ww_band,0.027844341,0.78
ww_band,ww_band,0.027846025,0.7798
ww_band,ww_band,0.027853915,0.7796
ww_band,ww_band,0.027861178,0.7794
ww_band,ww_band,0.027871756,0.7792
ww_band,ww_band,0.027887164,0.779
ww_band,ww_band,0.027894517,0.7788
ww_band,ww_band,0.027905297,0.7786
ww_band,ww_band,0.027916892,0.7784
ww_band,ww_band,0.027924588,0.7782
ww_band,ww_band,0.027938414,0.778
ww_band,ww_band,0.027954424,0.7778
ww_band,ww_band,0.027957717,0.7776
ww_band,ww_band,0.027965872,0.7774
ww_band,ww_band,0.02797218,0.7772
ww_band,ww_band,0.027977506,0.777
ww_band,ww_band,0.027983746,0.7768
ww_band,ww_band,0.027994541,0.7766
ww_band,ww_band,0.028005723,0.7764
ww_band,ww_band,0.028017782,0.7762
ww_band,ww_band,0.028029041,0.776
ww_band,ww_band,0.028041288,0.7758
ww_band,ww_band,0.028049055,0.7756
ww_band,ww_band,0.028053971,0.7754
ww_band,ww_band,0.028056737,0.7752
ww_band,ww_band,0.028064478,0.775
ww_band,ww_band,0.028077772,0.7748
ww_band,ww_band,0.028081274,0.7746
ww_band,ww_band,0.028086327,0.7744
ww_band,ww_band,0.028093407,0.7742
ww_band,ww_band,0.028107625,0.774
ww_band,ww_band,0.028122265,0.7738
ww_band,ww_band,0.028132932,0.7736
ww_band,ww_band,0.028143806,0.7734
ww_band,ww_band,0.02815039,0.7732
ww_band,ww_band,0.028156057,0.773
ww_band,ww_band,0.028173465,0.7728
ww_band,ww_band,0.028189478,0.7726
ww_band,ww_band,0.02819447,0.7724
ww_band,ww_band,0.028203275,0.7722
ww_band,ww_band,0.028216487,0.772
ww_band,ww_band,0.028222797,0.7718
ww_band,ww_band,0.028231476,0.7716
ww_band,ww_band,0.028243037,0.7714
ww_band,ww_band,0.02825345,0.7712
ww_band,ww_band,0.028258916,0.771
ww_band,ww_band,0.028267,0.7708
ww_band,ww_band,0.028276693,0.7706
ww_band,ww_band,0.02828332,0.7704
ww_band,ww_band,0.028292963,0.7702
ww_band,ww_band,0.028304633,0.77
ww_band,ww_band,0.02830956,0.7698
ww_band,ww_band,0.028317157,0.7696
ww_band,ww_band,0.028323844,0.7694
ww_band,ww_band,0.028332695,0.7692
ww_band,ww_band,0.028347086,0.769
ww_band,ww_band,0.028350381,0.7688
ww_band,ww_band,0.028357547,0.7686
ww_band,ww_band,0.028371176,0.7684
ww_band,ww_band,0.028388979,0.7682
ww_band,ww_band,0.028394356,0.768
ww_band,ww_band,0.028421191,0.7678
ww_band,ww_band,0.028431118,0.7676
ww_band,ww_band,0.028443538,0.7674
ww_band,ww_band,0.028449785,0.7672
ww_band,ww_band,0.028460233,0.767
ww_band,ww_band,0.028469704,0.7668
ww_band,ww_band,0.028473547,0.7666
ww_band,ww_band,0.028483616,0.7664
ww_band,ww_band,0.02849148,0.7662
ww_band,ww_band,0.028498141,0.766
ww_band,ww_band,0.028501885,0.7658
ww_band,ww_band,0.028510125,0.7656
ww_band,ww_band,0.028513717,0.7654
ww_band,ww_band,0.028523222,0.7652
ww_band,ww_band,0.028531212,0.765
ww_band,ww_band,0.028540414,0.7648
ww_band,ww_band,0.028558565,0.7646
ww_band,ww_band,0.028567124,0.7644
ww_band,ww_band,0.028571533,0.7642
ww_band,ww_band,0.028578106,0.764
ww_band,ww_band,0.028580926,0.7638
ww_band,ww_band,0.02859317,0.7636
ww_band,ww_band,0.028607238,0.7634
ww_band,ww_band,0.028615223,0.7632
ww_band,ww_band,0.028623419,0.763
ww_band,ww_band,0.02863128,0.7628
ww_band,ww_band,0.028639948,0.7626
ww_band,ww_band,0.028655173,0.7624
ww_band,ww_band,0.028658543,0.7622
ww_band,ww_band,0.028663442,0.762
ww_band,ww_band,0.028666863,0.7618
ww_band,ww_band,0.028674705,0.7616
ww_band,ww_band,0.028684506,0.7614
ww_band,ww_band,0.028689552,0.7612
ww_band,ww_band,0.028693423,0.761
ww_band,ww_band,0.028704897,0.7608
ww_band,ww_band,0.028717125,0.7606
ww_band,ww_band,0.02871934,0.7604
ww_band,ww_band,0.028733121,0.7602
ww_band,ww_band,0.028743187,0.76
ww_band,ww_band,0.028754916,0.7598
ww_band,ww_band,0.028758513,0.7596
ww_band,ww_band,0.02876202,0.7594
ww_band,ww_band,0.028767487,0.7592
ww_band,ww_band,0.028772876,0.759
ww_band,ww_band,0.028778682,0.7588
ww_band,ww_band,0.028785015,0.7586
ww_band,ww_band,0.028790021,0.7584
ww_band,ww_band,0.028808674,0.7582
ww_band,ww_band,0.028818531,0.758
ww_band,ww_band,0.028827103,0.7578
ww_band,ww_band,0.028833034,0.7576
ww_band,ww_band,0.028842542,0.7574
ww_band,ww_band,0.028849946,0.7572
ww_band,ww_band,0.028856274,0.757
ww_band,ww_band,0.028856903,0.7568
ww_band,ww_band,0.02886323,0.7566
ww_band,ww_band,0.028868979,0.7564
ww_band,ww_band,0.02887553,0.7562
ww_band,ww_band,0.028878286,0.756
ww_band,ww_band,0.028887276,0.7558
ww_band,ww_band,0.028893562,0.7556
ww_band,ww_band,0.028906556,0.7554
ww_band,ww_band,0.028916104,0.7552
ww_band,ww_band,0.028940326,0.755
ww_band,ww_band,0.028947076,0.7548
ww_band,ww_band,0.02895256,0.7546
ww_band,ww_band,0.028967857,0.7544
ww_band,ww_band,0.028970845,0.7542
ww_band,ww_band,0.028984156,0.754
ww_band,ww_band,0.02899088,0.7538
ww_band,ww_band,0.029000014,0.7536
ww_band,ww_band,0.029008228,0.7534
ww_band,ww_band,0.029009974,0.7532
ww_band,ww_band,0.029020028,0.753
ww_band,ww_band,0.029024227,0.7528
ww_band,ww_band,0.029027188,0.7526
ww_band,ww_band,0.02903347,0.7524
ww_band,ww_band,0.029042102,0.7522
ww_band,ww_band,0.029051634,0.752
ww_band,ww_band,0.029056836,0.7518
ww_band,ww_band,0.029068816,0.7516
ww_band,ww_band,0.02907975,0.7514
ww_band,ww_band,0.029085962,0.7512
ww_band,ww_band,0.029095767,0.751
ww_band,ww_band,0.029099582,0.7508
ww_band,ww_band,0.029108813,0.7506
ww_band,ww_band,0.029111437,0.7504
ww_band,ww_band,0.029124897,0.7502
ww_band,ww_band,0.029132651,0.75
ww_band,ww_band,0.029140614,0.7498
ww_band,ww_band,0.029144363,0.7496
ww_band,ww_band,0.02915774,0.7494
ww_band,ww_band,0.029165773,0.7492
ww_band,ww_band,0.029169355,0.749
ww_band,ww_band,0.029175216,0.7488
ww_band,ww_band,0.029182034,0.7486
ww_band,ww_band,0.029185599,0.7484
ww_band,ww_band,0.029195204,0.7482
ww_band,ww_band,0.029205875,0.748
ww_band,ww_band,0.029212365,0.7478
ww_band,ww_band,0.029217009,0.7476
ww_band,ww_band,0.029227192,0.7474
ww_band,ww_band,0.029237762,0.7472
ww_band,ww_band,0.029246425,0.747
ww_band,ww_band,0.029252755,0.7468
ww_band,ww_band,0.029261114,0.7466
ww_band,ww_band,0.029264783,0.7464
ww_band,ww_band,0.029270725,0.7462
ww_band,ww_band,0.02928825,0.746
ww_band,ww_band,0.029293036,0.7458
ww_band,ww_band,0.029297153,0.7456
ww_band,ww_band,0.029314829,0.7454
ww_band,ww_band,0.029321672,0.7452
ww_band,ww_band,0.029326754,0.745
ww_band,ww_band,0.029334202,0.7448
ww_band,ww_band,0.02934097,0.7446
ww_band,ww_band,0.029346671,0.7444
ww_band,ww_band,0.02935565,0.7442
ww_band,ww_band,0.02936129,0.744
ww_band,ww_band,0.029364642,0.7438
ww_band,ww_band,0.029371455,0.7436
ww_band,ww_band,0.02937314,0.7434
ww_band,ww_band,0.029379912,0.7432
ww_band,ww_band,0.02938794,0.743
ww_band,ww_band,0.029394113,0.7428
ww_band,ww_band,0.029408732,0.7426
ww_band,ww_band,0.0294205,0.7424
ww_band,ww_band,0.029432315,0.7422
ww_band,ww_band,0.029448656,0.742
ww_band,ww_band,0.029461661,0.7418
ww_band,ww_band,0.029468952,0.7416
ww_band,ww_band,0.029480316,0.7414
ww_band,ww_band,0.029482592,0.7412
ww_band,ww_band,0.029485857,0.741
ww_band,ww_band,0.02949245,0.7408
ww_band,ww_band,0.02950289,0.7406
ww_band,ww_band,0.029507993,0.7404
ww_band,ww_band,0.029515522,0.7402
ww_band,ww_band,0.029524587,0.74
ww_band,ww_band,0.029530795,0.7398
ww_band,ww_band,0.029541705,0.7396
ww_band,ww_band,0.029548837,0.7394
ww_band,ww_band,0.029563513,0.7392
ww_band,ww_band,0.029573416,0.739
ww_band,ww_band,0.029594092,0.7388
ww_band,ww_band,0.029601203,0.7386
ww_band,ww_band,0.029603943,0.7384
ww_band,ww_band,0.02961309,0.7382
ww_band,ww_band,0.029618165,0.738
ww_band,ww_band,0.029633932,0.7378
ww_band,ww_band,0.0296423,0.7376
ww_band,ww_band,0.029650623,0.7374
ww_band,ww_band,0.029656118,0.7372
ww_band,ww_band,0.029665966,0.737
ww_band,ww_band,0.029676396,0.7368
ww_band,ww_band,0.029686457,0.7366
ww_band,ww_band,0.02969355,0.7364
ww_band,ww_band,0.029710477,0.7362
ww_band,ww_band,0.029715465,0.736
ww_band,ww_band,0.029723896,0.7358
ww_band,ww_band,0.029728198,0.7356
ww_band,ww_band,0.02973613,0.7354
ww_band,ww_band,0.029739842,0.7352
ww_band,ww_band,0.029744295,0.735
ww_band,ww_band,0.029750578,0.7348
ww_band,ww_band,0.02976256,0.7346
ww_band,ww_band,0.029765762,0.7344
ww_band,ww_band,0.029770404,0.7342
ww_band,ww_band,0.029779214,0.734
ww_band,ww_band,0.029784542,0.7338
ww_band,ww_band,0.02979122,0.7336
ww_band,ww_band,0.029796664,0.7334
ww_band,ww_band,0.029810082,0.7332
ww_band,ww_band,0.029815134,0.733
ww_band,ww_band,0.029817922,0.7328
ww_band,ww_band,0.029825332,0.7326
ww_band,ww_band,0.029830784,0.7324
ww_band,ww_band,0.02983861,0.7322
ww_band,ww_band,0.02984274,0.732
ww_band,ww_band,0.029846823,0.7318
ww_band,ww_band,0.029860016,0.7316
ww_band,ww_band,0.029866856,0.7314
ww_band,ww_band,0.02987883,0.7312
ww_band,ww_band,0.029885171,0.731
ww_band,ww_band,0.029891241,0.7308
ww_band,ww_band,0.029896073,0.7306
ww_band,ww_band,0.029902333,0.7304
ww_band,ww_band,0.029905135,0.7302
ww_band,ww_band,0.02991114,0.73
ww_band,ww_band,0.029923724,0.7298
ww_band,ww_band,0.029928468,0.7296
ww_band,ww_band,0.02993339,0.7294
ww_band,ww_band,0.029940087,0.7292
ww_band,ww_band,0.029954068,0.729
ww_band,ww_band,0.029962296,0.7288
ww_band,ww_band,0.02996593,0.7286
ww_band,ww_band,0.029969681,0.7284
ww_band,ww_band,0.029976755,0.7282
ww_band,ww_band,0.029994218,0.728
ww_band,ww_band,0.029999316,0.7278
ww_band,ww_band,0.03001046,0.7276
ww_band,ww_band,0.030018898,0.7274
ww_band,ww_band,0.030027682,0.7272
ww_band,ww_band,0.030037802,0.727
ww_band,ww_band,0.03004409,0.7268
ww_band,ww_band,0.030049892,0.7266
ww_band,ww_band,0.030057332,0.7264
ww_band,ww_band,0.030061984,0.7262
ww_band,ww_band,0.03007039,0.726
ww_band,ww_band,0.030080795,0.7258
ww_band,ww_band,0.030082019,0.7256
ww_band,ww_band,0.03008378,0.7254
ww_band,ww_band,0.030092219,0.7252
ww_band,ww_band,0.030096726,0.725
ww_band,ww_band,0.030102475,0.7248
ww_band,ww_band,0.030112121,0.7246
ww_band,ww_band,0.03011372,0.7244
ww_band,ww_band,0.030116549,0.7242
ww_band,ww_band,0.030124094,0.724
ww_band,ww_band,0.030134812,0.7238
ww_band,ww_band,0.030138133,0.7236
ww_band,ww_band,0.030146165,0.7234
ww_band,ww_band,0.030150566,0.7232
ww_band,ww_band,0.030160654,0.723
ww_band,ww_band,0.030165067,0.7228
ww_band,ww_band,0.03017402,0.7226
ww_band,ww_band,0.030186614,0.7224
ww_band,ww_band,0.030192629,0.7222
ww_band,ww_band,0.03020765,0.722
ww_band,ww_band,0.0302124,0.7218
ww_band,ww_band,0.030216346,0.7216
ww_band,ww_band,0.030228749,0.7214
ww_band,ww_band,0.030242654,0.7212
ww_band,ww_band,0.030252231,0.721
ww_band,ww_band,0.030258177,0.7208
ww_band,ww_band,0.030269261,0.7206
ww_band,ww_band,0.030280521,0.7204
ww_band,ww_band,0.030291941,0.7202
ww_band,ww_band,0.03030569,0.72
ww_band,ww_band,0.030316073,0.7198
ww_band,ww_band,0.030321842,0.7196
ww_band,ww_band,0.030326305,0.7194
ww_band,ww_band,0.030333914,0.7192
ww_band,ww_band,0.030339085,0.719
ww_band,ww_band,0.03034347,0.7188
ww_band,ww_band,0.030349953,0.7186
ww_band,ww_band,0.030357577,0.7184
ww_band,ww_band,0.030368296,0.7182
ww_band,ww_band,0.030372526,0.718
ww_band,ww_band,0.03037496,0.7178
ww_band,ww_band,0.030385137,0.7176
ww_band,ww_band,0.030397883,0.7174
ww_band,ww_band,0.030401375,0.7172
ww_band,ww_band,0.030408308,0.717
ww_band,ww_band,0.03041872,0.7168
ww_band,ww_band,0.030425552,0.7166
ww_band,ww_band,0.030431079,0.7164
ww_band,ww_band,0.030435571,0.7162
ww_band,ww_band,0.030440396,0.716
ww_band,ww_band,0.030447422,0.7158
ww_band,ww_band,0.03045305,0.7156
ww_band,ww_band,0.030460622,0.7154
ww_band,ww_band,0.03046585,0.7152
ww_band,ww_band,0.030473422,0.715
ww_band,ww_band,0.030481534,0.7148
ww_band,ww_band,0.030484907,0.7146
ww_band,ww_band,0.030497089,0.7144
ww_band,ww_band,0.030504167,0.7142
ww_band,ww_band,0.030510541,0.714
ww_band,ww_band,0.030516768,0.7138
ww_band,ww_band,0.030530727,0.7136
ww_band,ww_band,0.030539487,0.7134
ww_band,ww_band,0.030545441,0.7132
ww_band,ww_band,0.030548714,0.713
ww_band,ww_band,0.030554833,0.7128
ww_band,ww_band,0.030560223,0.7126
ww_band,ww_band,0.0305733,0.7124
ww_band,ww_band,0.030583609,0.7122
ww_band,ww_band,0.030589191,0.712
ww_band,ww_band,0.03060786,0.7118
ww_band,ww_band,0.030614423,0.7116
ww_band,ww_band,0.030631522,0.7114
ww_band,ww_band,0.03063745,0.7112
ww_band,ww_band,0.03064465,0.711
ww_band,ww_band,0.030658267,0.7108
ww_band,ww_band,0.030665841,0.7106
ww_band,ww_band,0.030673988,0.7104
ww_band,ww_band,0.030680478,0.7102
ww_band,ww_band,0.030686243,0.71
ww_band,ww_band,0.030689104,0.7098
ww_band,ww_band,0.03069864,0.7096
ww_band,ww_band,0.030703813,0.7094
ww_band,ww_band,0.030706955,0.7092
ww_band,ww_band,0.030716196,0.709
ww_band,ww_band,0.030732177,0.7088
ww_band,ww_band,0.030736132,0.7086
ww_band,ww_band,0.030753206,0.7084
ww_band,ww_band,0.030756356,0.7082
ww_band,ww_band,0.030760935,0.708
ww_band,ww_band,0.030772092,0.7078
ww_band,ww_band,0.03077516,0.7076
ww_band,ww_band,0.030777395,0.7074
ww_band,ww_band,0.030786347,0.7072
ww_band,ww_band,0.030805208,0.707
ww_band,ww_band,0.030812608,0.7068
ww_band,ww_band,0.030819299,0.7066
ww_band,ww_band,0.03083179,0.7064
ww_band,ww_band,0.030836273,0.7062
ww_band,ww_band,0.030845556,0.706
ww_band,ww_band,0.03084842,0.7058
ww_band,ww_band,0.030855976,0.7056
ww_band,ww_band,0.030860594,0.7054
ww_band,ww_band,0.030868232,0.7052
ww_band,ww_band,0.030873774,0.705
ww_band,ww_band,0.030881023,0.7048
ww_band,ww_band,0.030890923,0.7046
ww_band,ww_band,0.03089425,0.7044
ww_band,ww_band,0.030905165,0.7042
ww_band,ww_band,0.030909559,0.704
ww_band,ww_band,0.030920153,0.7038
ww_band,ww_band,0.030936701,0.7036
ww_band,ww_band,0.030940631,0.7034
ww_band,ww_band,0.030944522,0.7032
ww_band,ww_band,0.030950254,0.703
ww_band,ww_band,0.03096022,0.7028
ww_band,ww_band,0.030971488,0.7026
ww_band,ww_band,0.030980265,0.7024
ww_band,ww_band,0.030988298,0.7022
ww_band,ww_band,0.030992953,0.702
ww_band,ww_band,0.03100508,0.7018
ww_band,ww_band,0.031017607,0.7016
ww_band,ww_band,0.031022588,0.7014
ww_band,ww_band,0.03103762,0.7012
ww_band,ww_band,0.031047123,0.701
ww_band,ww_band,0.031054735,0.7008
ww_band,ww_band,0.031059487,0.7006
ww_band,ww_band,0.031064505,0.7004
ww_band,ww_band,0.031071978,0.7002
ww_band,ww_band,0.031078637,0.7
ww_band,ww_band,0.031085692,0.6998
ww_band,ww_band,0.03109151,0.6996
ww_band,ww_band,0.031099845,0.6994
ww_band,ww_band,0.031110078,0.6992
ww_band,ww_band,0.031119544,0.699
ww_band,ww_band,0.031129124,0.6988
ww_band,ww_band,0.031142453,0.6986
ww_band,ww_band,0.031150715,0.6984
ww_band,ww_band,0.031160695,0.6982
ww_band,ww_band,0.031168288,0.698
ww_band,ww_band,0.031171476,0.6978
ww_band,ww_band,0.03117422,0.6976
ww_band,ww_band,0.031179583,0.6974
ww_band,ww_band,0.031182995,0.6972
ww_band,ww_band,0.031193778,0.697
ww_band,ww_band,0.031201143,0.6968
ww_band,ww_band,0.031211378,0.6966
ww_band,ww_band,0.031217312,0.6964
ww_band,ww_band,0.031220593,0.6962
ww_band,ww_band,0.031227583,0.696
ww_band,ww_band,0.031230949,0.6958
ww_band,ww_band,0.031238947,0.6956
ww_band,ww_band,0.03124348,0.6954
ww_band,ww_band,0.031247033,0.6952
ww_band,ww_band,0.031249499,0.695
ww_band,ww_band,0.031261303,0.6948
ww_band,ww_band,0.031267956,0.6946
ww_band,ww_band,0.031277865,0.6944
ww_band,ww_band,0.031285178,0.6942
ww_band,ww_band,0.03129044,0.694
ww_band,ww_band,0.03129675,0.6938
ww_band,ww_band,0.031301845,0.6936
ww_band,ww_band,0.03130829,0.6934
ww_band,ww_band,0.031311672,0.6932
ww_band,ww_band,0.031321973,0.693
ww_band,ww_band,0.03132571,0.6928
ww_band,ww_band,0.031332318,0.6926
ww_band,ww_band,0.03133707,0.6924
ww_band,ww_band,0.031343456,0.6922
ww_band,ww_band,0.03135176,0.692
ww_band,ww_band,0.03135773,0.6918
ww_band,ww_band,0.0313691,0.6916
ww_band,ww_band,0.03137695,0.6914
ww_band,ww_band,0.03138922,0.6912
ww_band,ww_band,0.031397056,0.691
ww_band,ww_band,0.03140784,0.6908
ww_band,ww_band,0.031412967,0.6906
ww_band,ww_band,0.03142053,0.6904
ww_band,ww_band,0.03143041,0.6902
ww_band,ww_band,0.031435933,0.69
ww_band,ww_band,0.031445757,0.6898
ww_band,ww_band,0.03145705,0.6896
ww_band,ww_band,0.03146076,0.6894
ww_band,ww_band,0.031468518,0.6892
ww_band,ww_band,0.03147337,0.689
ww_band,ww_band,0.031481903,0.6888
ww_band,ww_band,0.0314906,0.6886
ww_band,ww_band,0.031494845,0.6884
ww_band,ww_band,0.0315049,0.6882
ww_band,ww_band,0.031507764,0.688
ww_band,ww_band,0.03151497,0.6878
ww_band,ww_band,0.03152923,0.6876
ww_band,ww_band,0.031541534,0.6874
ww_band,ww_band,0.031548284,0.6872
ww_band,ww_band,0.031559844,0.687
ww_band,ww_band,0.031561587,0.6868
ww_band,ww_band,0.03156433,0.6866
ww_band,ww_band,0.03156734,0.6864
ww_band,ww_band,0.031575326,0.6862
ww_band,ww_band,0.03158025,0.686
ww_band,ww_band,0.031586464,0.6858
ww_band,ww_band,0.03159097,0.6856
ww_band,ww_band,0.031595327,0.6854
ww_band,ww_band,0.031603314,0.6852
ww_band,ww_band,0.03160833,0.685
ww_band,ww_band,0.03161555,0.6848
ww_band,ww_band,0.031623796,0.6846
ww_band,ww_band,0.031629827,0.6844
ww_band,ww_band,0.031638313,0.6842
ww_band,ww_band,0.031639885,0.684
ww_band,ww_band,0.031649772,0.6838
ww_band,ww_band,0.03165686,0.6836
ww_band,ww_band,0.03166056,0.6834
ww_band,ww_band,0.03167356,0.6832
ww_band,ww_band,0.031679165,0.683
ww_band,ww_band,0.031683818,0.6828
ww_band,ww_band,0.031691022,0.6826
ww_band,ww_band,0.03170113,0.6824
ww_band,ww_band,0.031705815,0.6822
ww_band,ww_band,0.031711724,0.682
ww_band,ww_band,0.03171285,0.6818
ww_band,ww_band,0.03171822,0.6816
ww_band,ww_band,0.031722605,0.6814
ww_band,ww_band,0.031728897,0.6812
ww_band,ww_band,0.031733915,0.681
ww_band,ww_band,0.031744123,0.6808
ww_band,ww_band,0.03175112,0.6806
ww_band,ww_band,0.031754654,0.6804
ww_band,ww_band,0.031767093,0.6802
ww_band,ww_band,0.031771306,0.68
ww_band,ww_band,0.03177671,0.6798
ww_band,ww_band,0.031782143,0.6796
ww_band,ww_band,0.031789668,0.6794
ww_band,ww_band,0.031797502,0.6792
ww_band,ww_band,0.03180785,0.679
ww_band,ww_band,0.031812802,0.6788
ww_band,ww_band,0.031820383,0.6786
ww_band,ww_band,0.031825334,0.6784
ww_band,ww_band,0.031831574,0.6782
ww_band,ww_band,0.031837054,0.678
ww_band,ww_band,0.03185401,0.6778
ww_band,ww_band,0.031866897,0.6776
ww_band,ww_band,0.03187745,0.6774
ww_band,ww_band,0.03188402,0.6772
ww_band,ww_band,0.031894386,0.677
ww_band,ww_band,0.031904086,0.6768
ww_band,ww_band,0.03191206,0.6766
ww_band,ww_band,0.03192053,0.6764
ww_band,ww_band,0.031925783,0.6762
ww_band,ww_band,0.031939138,0.676
ww_band,ww_band,0.031944565,0.6758
ww_band,ww_band,0.03195554,0.6756
ww_band,ww_band,0.031959724,0.6754
ww_band,ww_band,0.031973753,0.6752
ww_band,ww_band,0.03198356,0.675
ww_band,ww_band,0.03199903,0.6748
ww_band,ww_band,0.032003593,0.6746
ww_band,ww_band,0.032013476,0.6744
ww_band,ww_band,0.032027606,0.6742
ww_band,ww_band,0.032031935,0.674
ww_band,ww_band,0.032043815,0.6738
ww_band,ww_band,0.03204976,0.6736
ww_band,ww_band,0.032059792,0.6734
ww_band,ww_band,0.03206784,0.6732
ww_band,ww_band,0.032073785,0.673
ww_band,ww_band,0.032077953,0.6728
ww_band,ww_band,0.032079186,0.6726
ww_band,ww_band,0.032086585,0.6724
ww_band,ww_band,0.032088786,0.6722
ww_band,ww_band,0.032093383,0.672
ww_band,ww_band,0.032097578,0.6718
ww_band,ww_band,0.032107648,0.6716
ww_band,ww_band,0.032112498,0.6714
ww_band,ww_band,0.032117743,0.6712
ww_band,ww_band,0.03212235,0.671
ww_band,ww_band,0.03212521,0.6708
ww_band,ww_band,0.032130968,0.6706
ww_band,ww_band,0.03214494,0.6704
ww_band,ww_band,0.032151278,0.6702
ww_band,ww_band,0.032152973,0.67
ww_band,ww_band,0.03215602,0.6698
ww_band,ww_band,0.032163218,0.6696
ww_band,ww_band,0.032170795,0.6694
ww_band,ww_band,0.032176465,0.6692
ww_band,ww_band,0.032180388,0.669
ww_band,ww_band,0.032191835,0.6688
ww_band,ww_band,0.032200683,0.6686
ww_band,ww_band,0.032201987,0.6684
ww_band,ww_band,0.032209538,0.6682
ww_band,ww_band,0.03221543,0.668
ww_band,ww_band,0.032220248,0.6678
ww_band,ww_band,0.03222875,0.6676
ww_band,ww_band,0.0322403,0.6674
ww_band,ww_band,0.03224843,0.6672
ww_band,ww_band,0.032255452,0.667
ww_band,ww_band,0.032259885,0.6668
ww_band,ww_band,0.032261547,0.6666
ww_band,ww_band,0.032271642,0.6664
ww_band,ww_band,0.032284815,0.6662
ww_band,ww_band,0.03229684,0.666
ww_band,ww_band,0.03230145,0.6658
ww_band,ww_band,0.032308344,0.6656
ww_band,ww_band,0.032322615,0.6654
ww_band,ww_band,0.03232613,0.6652
ww_band,ww_band,0.032329068,0.665
ww_band,ww_band,0.03233354,0.6648
ww_band,ww_band,0.03233875,0.6646
ww_band,ww_band,0.032348603,0.6644
ww_band,ww_band,0.03235991,0.6642
ww_band,ww_band,0.03236264,0.664
ww_band,ww_band,0.03236788,0.6638
ww_band,ww_band,0.032376867,0.6636
ww_band,ww_band,0.032381862,0.6634
ww_band,ww_band,0.03238633,0.6632
ww_band,ww_band,0.032394573,0.663
ww_band,ww_band,0.032397117,0.6628
ww_band,ww_band,0.03240027,0.6626
ww_band,ww_band,0.032407153,0.6624
ww_band,ww_band,0.03241759,0.6622
ww_band,ww_band,0.032422464,0.662
ww_band,ww_band,0.032434136,0.6618
ww_band,ww_band,0.03243869,0.6616
ww_band,ww_band,0.03244404,0.6614
ww_band,ww_band,0.03245146,0.6612
ww_band,ww_band,0.03246724,0.661
ww_band,ww_band,0.032471623,0.6608
ww_band,ww_band,0.03247727,0.6606
ww_band,ww_band,0.0324807,0.6604
ww_band,ww_band,0.032484937,0.6602
ww_band,ww_band,0.03248945,0.66
ww_band,ww_band,0.032502204,0.6598
ww_band,ww_band,0.032507397,0.6596
ww_band,ww_band,0.03251813,0.6594
ww_band,ww_band,0.032520037,0.6592
ww_band,ww_band,0.032523148,0.659
ww_band,ww_band,0.032534447,0.6588
ww_band,ww_band,0.03253813,0.6586
ww_band,ww_band,0.032543004,0.6584
ww_band,ww_band,0.03254648,0.6582
ww_band,ww_band,0.03255568,0.658
ww_band,ww_band,0.032561313,0.6578
ww_band,ww_band,0.03256556,0.6576
ww_band,ww_band,0.032577604,0.6574
ww_band,ww_band,0.032579686,0.6572
ww_band,ww_band,0.03258601,0.657
ww_band,ww_band,0.032589737,0.6568
ww_band,ww_band,0.03259643,0.6566
ww_band,ww_band,0.03260026,0.6564
ww_band,ww_band,0.03260674,0.6562
ww_band,ww_band,0.032613404,0.656
ww_band,ww_band,0.032615703,0.6558
ww_band,ww_band,0.032619547,0.6556
ww_band,ww_band,0.032625183,0.6554
ww_band,ww_band,0.03263422,0.6552
ww_band,ww_band,0.03264116,0.655
ww_band,ww_band,0.032652393,0.6548
ww_band,ww_band,0.03266433,0.6546
ww_band,ww_band,0.032672793,0.6544
ww_band,ww_band,0.03267825,0.6542
ww_band,ww_band,0.03268523,0.654
ww_band,ww_band,0.032689746,0.6538
ww_band,ww_band,0.03269437,0.6536
ww_band,ww_band,0.032697678,0.6534
ww_band,ww_band,0.03270213,0.6532
ww_band,ww_band,0.032706145,0.653
ww_band,ww_band,0.032716993,0.6528
ww_band,ww_band,0.032723907,0.6526
ww_band,ww_band,0.032739945,0.6524
ww_band,ww_band,0.032741453,0.6522
ww_band,ww_band,0.03275122,0.652
ww_band,ww_band,0.03275617,0.6518
ww_band,ww_band,0.0327646,0.6516
ww_band,ww_band,0.03277427,0.6514
ww_band,ww_band,0.032779843,0.6512
ww_band,ww_band,0.03278365,0.651
ww_band,ww_band,0.03279045,0.6508
ww_band,ww_band,0.03279756,0.6506
ww_band,ww_band,0.03280582,0.6504
ww_band,ww_band,0.032816958,0.6502
ww_band,ww_band,0.032824602,0.65
ww_band,ww_band,0.032830343,0.6498
ww_band,ww_band,0.03283675,0.6496
ww_band,ww_band,0.03283865,0.6494
ww_band,ww_band,0.032845598,0.6492
ww_band,ww_band,0.032850362,0.649
ww_band,ww_band,0.032855764,0.6488
ww_band,ww_band,0.03286163,0.6486
ww_band,ww_band,0.03286833,0.6484
ww_band,ww_band,0.032877866,0.6482
ww_band,ww_band,0.032880764,0.648
ww_band,ww_band,0.032890655,0.6478
ww_band,ww_band,0.032897674,0.6476
ww_band,ww_band,0.032910068,0.6474
ww_band,ww_band,0.032919504,0.6472
ww_band,ww_band,0.032927062,0.647
ww_band,ww_band,0.03293065,0.6468
ww_band,ww_band,0.03293567,0.6466
ww_band,ww_band,0.03293664,0.6464
ww_band,ww_band,0.032941896,0.6462
ww_band,ww_band,0.0329475,0.646
ww_band,ww_band,0.032953057,0.6458
ww_band,ww_band,0.0329584,0.6456
ww_band,ww_band,0.03296366,0.6454
ww_band,ww_band,0.032965485,0.6452
ww_band,ww_band,0.032970306,0.645
ww_band,ww_band,0.03297656,0.6448
ww_band,ww_band,0.032981377,0.6446
ww_band,ww_band,0.032986555,0.6444
ww_band,ww_band,0.032993488,0.6442
ww_band,ww_band,0.033001203,0.644
ww_band,ww_band,0.033010606,0.6438
ww_band,ww_band,0.03301777,0.6436
ww_band,ww_band,0.03302942,0.6434
ww_band,ww_band,0.03303468,0.6432
ww_band,ww_band,0.033040788,0.643
ww_band,ww_band,0.033045117,0.6428
ww_band,ww_band,0.033051733,0.6426
ww_band,ww_band,0.033057537,0.6424
ww_band,ww_band,0.03306125,0.6422
ww_band,ww_band,0.03306567,0.642
ww_band,ww_band,0.03306856,0.6418
ww_band,ww_band,0.033073626,0.6416
ww_band,ww_band,0.03308086,0.6414
ww_band,ww_band,0.033088323,0.6412
ww_band,ww_band,0.033094395,0.641
ww_band,ww_band,0.033098735,0.6408
ww_band,ww_band,0.033108655,0.6406
ww_band,ww_band,0.033115387,0.6404
ww_band,ww_band,0.033118676,0.6402
ww_band,ww_band,0.033122607,0.64
ww_band,ww_band,0.03313356,0.6398
ww_band,ww_band,0.033139855,0.6396
ww_band,ww_band,0.0331473,0.6394
ww_band,ww_band,0.033150952,0.6392
ww_band,ww_band,0.033158343,0.639
ww_band,ww_band,0.033162523,0.6388
ww_band,ww_band,0.03316856,0.6386
ww_band,ww_band,0.033176273,0.6384
ww_band,ww_band,0.033181943,0.6382
ww_band,ww_band,0.033185657,0.638
ww_band,ww_band,0.033192985,0.6378
ww_band,ww_band,0.033201084,0.6376
ww_band,ww_band,0.033207413,0.6374
ww_band,ww_band,0.03321764,0.6372
ww_band,ww_band,0.03322549,0.637
ww_band,ww_band,0.033230636,0.6368
ww_band,ww_band,0.033234663,0.6366
ww_band,ww_band,0.03324283,0.6364
ww_band,ww_band,0.033253826,0.6362
ww_band,ww_band,0.033258572,0.636
ww_band,ww_band,0.033264864,0.6358
ww_band,ww_band,0.033271685,0.6356
ww_band,ww_band,0.03327598,0.6354
ww_band,ww_band,0.033284113,0.6352
ww_band,ww_band,0.033286884,0.635
ww_band,ww_band,0.033293456,0.6348
ww_band,ww_band,0.0332992,0.6346
ww_band,ww_band,0.03330102,0.6344
ww_band,ww_band,0.03331029,0.6342
ww_band,ww_band,0.033319097,0.634
ww_band,ww_band,0.03332571,0.6338
ww_band,ww_band,0.033331774,0.6336
ww_band,ww_band,0.033336863,0.6334
ww_band,ww_band,0.033339854,0.6332
ww_band,ww_band,0.033345994,0.633
ww_band,ww_band,0.033352293,0.6328
ww_band,ww_band,0.033356275,0.6326
ww_band,ww_band,0.033364564,0.6324
ww_band,ww_band,0.033369817,0.6322
ww_band,ww_band,0.03337265,0.632
ww_band,ww_band,0.033379458,0.6318
ww_band,ww_band,0.03338409,0.6316
ww_band,ww_band,0.033392545,0.6314
ww_band,ww_band,0.033395328,0.6312
ww_band,ww_band,0.03340026,0.631
ww_band,ww_band,0.033406522,0.6308
ww_band,ww_band,0.03341494,0.6306
ww_band,ww_band,0.033417404,0.6304
ww_band,ww_band,0.03342032,0.6302
ww_band,ww_band,0.033426337,0.63
ww_band,ww_band,0.033429526,0.6298
ww_band,ww_band,0.03343248,0.6296
ww_band,ww_band,0.03344248,0.6294
ww_band,ww_band,0.033445925,0.6292
ww_band,ww_band,0.033452116,0.629
ww_band,ww_band,0.03345519,0.6288
ww_band,ww_band,0.033464108,0.6286
ww_band,ww_band,0.033475228,0.6284
ww_band,ww_band,0.033481784,0.6282
ww_band,ww_band,0.033489257,0.628
ww_band,ww_band,0.033493835,0.6278
ww_band,ww_band,0.03350213,0.6276
ww_band,ww_band,0.033511057,0.6274
ww_band,ww_band,0.033514086,0.6272
ww_band,ww_band,0.033518378,0.627
ww_band,ww_band,0.033528663,0.6268
ww_band,ww_band,0.0335374,0.6266
ww_band,ww_band,0.033542283,0.6264
ww_band,ww_band,0.033546608,0.6262
ww_band,ww_band,0.033557575,0.626
ww_band,ww_band,0.033561435,0.6258
ww_band,ww_band,0.033569776,0.6256
ww_band,ww_band,0.033575606,0.6254
ww_band,ww_band,0.033581086,0.6252
ww_band,ww_band,0.033583857,0.625
ww_band,ww_band,0.033589553,0.6248
ww_band,ww_band,0.033592485,0.6246
ww_band,ww_band,0.033604965,0.6244
ww_band,ww_band,0.033608224,0.6242
ww_band,ww_band,0.033611085,0.624
ww_band,ww_band,0.033620074,0.6238
ww_band,ww_band,0.033636216,0.6236
ww_band,ww_band,0.03364148,0.6234
ww_band,ww_band,0.033650093,0.6232
ww_band,ww_band,0.03365116,0.623
ww_band,ww_band,0.033659857,0.6228
ww_band,ww_band,0.03366462,0.6226
ww_band,ww_band,0.033670697,0.6224
ww_band,ww_band,0.03367232,0.6222
ww_band,ww_band,0.033674546,0.622
ww_band,ww_band,0.03367642,0.6218
ww_band,ww_band,0.03368328,0.6216
ww_band,ww_band,0.03368727,0.6214
ww_band,ww_band,0.033690408,0.6212
ww_band,ww_band,0.033692703,0.621
ww_band,ww_band,0.033703916,0.6208
ww_band,ww_band,0.03370755,0.6206
ww_band,ww_band,0.033712994,0.6204
ww_band,ww_band,0.033720046,0.6202
ww_band,ww_band,0.03372461,0.62
ww_band,ww_band,0.03372821,0.6198
ww_band,ww_band,0.033729497,0.6196
ww_band,ww_band,0.033736363,0.6194
ww_band,ww_band,0.033741184,0.6192
ww_band,ww_band,0.033747323,0.619
ww_band,ww_band,0.033753097,0.6188
ww_band,ww_band,0.033762235,0.6186
ww_band,ww_band,0.033765975,0.6184
ww_band,ww_band,0.033772238,0.6182
ww_band,ww_band,0.033778634,0.618
ww_band,ww_band,0.033783223,0.6178
ww_band,ww_band,0.033787988,0.6176
ww_band,ww_band,0.03379748,0.6174
ww_band,ww_band,0.033808015,0.6172
ww_band,ww_band,0.033818934,0.617
ww_band,ww_band,0.03382462,0.6168
ww_band,ww_band,0.033828847,0.6166
ww_band,ww_band,0.033832897,0.6164
ww_band,ww_band,0.033840586,0.6162
ww_band,ww_band,0.033850536,0.616
ww_band,ww_band,0.03385563,0.6158
ww_band,ww_band,0.033867404,0.6156
ww_band,ww_band,0.033871815,0.6154
ww_band,ww_band,0.033877112,0.6152
ww_band,ww_band,0.033881895,0.615
ww_band,ww_band,0.0338851,0.6148
ww_band,ww_band,0.033893887,0.6146
ww_band,ww_band,0.033898037,0.6144
ww_band,ww_band,0.033905897,0.6142
ww_band,ww_band,0.033913996,0.614
ww_band,ww_band,0.033917394,0.6138
ww_band,ww_band,0.033927698,0.6136
ww_band,ww_band,0.03393013,0.6134
ww_band,ww_band,0.03393818,0.6132
ww_band,ww_band,0.033952147,0.613
ww_band,ww_band,0.03395441,0.6128
ww_band,ww_band,0.03396178,0.6126
ww_band,ww_band,0.03396635,0.6124
ww_band,ww_band,0.03397218,0.6122
ww_band,ww_band,0.033976868,0.612
ww_band,ww_band,0.03397993,0.6118
ww_band,ww_band,0.033990093,0.6116
ww_band,ww_band,0.033992358,0.6114
ww_band,ww_band,0.03399469,0.6112
ww_band,ww_band,0.033997867,0.611
ww_band,ww_band,0.033999935,0.6108
ww_band,ww_band,0.03400867,0.6106
ww_band,ww_band,0.034012206,0.6104
ww_band,ww_band,0.034016095,0.6102
ww_band,ww_band,0.03402681,0.61
ww_band,ww_band,0.034033637,0.6098
ww_band,ww_band,0.034038037,0.6096
ww_band,ww_band,0.03404352,0.6094
ww_band,ww_band,0.034054533,0.6092
ww_band,ww_band,0.03405861,0.609
ww_band,ww_band,0.03406587,0.6088
ww_band,ww_band,0.034070674,0.6086
ww_band,ww_band,0.03407289,0.6084
ww_band,ww_band,0.034085445,0.6082
ww_band,ww_band,0.034093395,0.608
ww_band,ww_band,0.0341052,0.6078
ww_band,ww_band,0.03411229,0.6076
ww_band,ww_band,0.03412178,0.6074
ww_band,ww_band,0.034127787,0.6072
ww_band,ww_band,0.034134913,0.607
ww_band,ww_band,0.03414138,0.6068
ww_band,ww_band,0.034147974,0.6066
ww_band,ww_band,0.03415243,0.6064
ww_band,ww_band,0.034157664,0.6062
ww_band,ww_band,0.034167614,0.606
ww_band,ww_band,0.034170385,0.6058
ww_band,ww_band,0.03418082,0.6056
ww_band,ww_band,0.034186315,0.6054
ww_band,ww_band,0.03419426,0.6052
ww_band,ww_band,0.034199517,0.605
ww_band,ww_band,0.034202356,0.6048
ww_band,ww_band,0.034213327,0.6046
ww_band,ww_band,0.03421935,0.6044
ww_band,ww_band,0.034226432,0.6042
ww_band,ww_band,0.03423193,0.604
ww_band,ww_band,0.034236785,0.6038
ww_band,ww_band,0.03424931,0.6036
ww_band,ww_band,0.0342597,0.6034
ww_band,ww_band,0.03426338,0.6032
ww_band,ww_band,0.034267727,0.603
ww_band,ww_band,0.034273837,0.6028
ww_band,ww_band,0.034280542,0.6026
ww_band,ww_band,0.034286007,0.6024
ww_band,ww_band,0.034290142,0.6022
ww_band,ww_band,0.034296133,0.602
ww_band,ww_band,0.034297474,0.6018
ww_band,ww_band,0.034302164,0.6016
ww_band,ww_band,0.034306828,0.6014
ww_band,ww_band,0.034314066,0.6012
ww_band,ww_band,0.034324244,0.601
ww_band,ww_band,0.0343298,0.6008
ww_band,ww_band,0.03433398,0.6006
ww_band,ww_band,0.03433573,0.6004
ww_band,ww_band,0.034344897,0.6002
ww_band,ww_band,0.034350038,0.6
ww_band,ww_band,0.03435403,0.5998
ww_band,ww_band,0.03436296,0.5996
ww_band,ww_band,0.034367595,0.5994
ww_band,ww_band,0.034374077,0.5992
ww_band,ww_band,0.03438379,0.599
ww_band,ww_band,0.03438534,0.5988
ww_band,ww_band,0.03439467,0.5986
ww_band,ww_band,0.034398347,0.5984
ww_band,ww_band,0.034404222,0.5982
ww_band,ww_band,0.034413375,0.598
ww_band,ww_band,0.034423683,0.5978
ww_band,ww_band,0.034429405,0.5976
ww_band,ww_band,0.034438733,0.5974
ww_band,ww_band,0.034441844,0.5972
ww_band,ww_band,0.034452014,0.597
ww_band,ww_band,0.034457564,0.5968
ww_band,ww_band,0.034464065,0.5966
ww_band,ww_band,0.034470648,0.5964
ww_band,ww_band,0.034472644,0.5962
ww_band,ww_band,0.034487505,0.596
ww_band,ww_band,0.034499273,0.5958
ww_band,ww_band,0.034507804,0.5956
ww_band,ww_band,0.034511548,0.5954
ww_band,ww_band,0.034514982,0.5952
ww_band,ww_band,0.03452219,0.595
ww_band,ww_band,0.034529403,0.5948
ww_band,ww_band,0.03453282,0.5946
ww_band,ww_band,0.03453538,0.5944
ww_band,ww_band,0.034542847,0.5942
ww_band,ww_band,0.034554422,0.594
ww_band,ww_band,0.034567203,0.5938
ww_band,ww_band,0.0345721,0.5936
ww_band,ww_band,0.03457632,0.5934
ww_band,ww_band,0.0345811,0.5932
ww_band,ww_band,0.034587357,0.593
ww_band,ww_band,0.03459028,0.5928
ww_band,ww_band,0.03460306,0.5926
ww_band,ww_band,0.034605984,0.5924
ww_band,ww_band,0.034609646,0.5922
ww_band,ww_band,0.03461786,0.592
ww_band,ww_band,0.03462171,0.5918
ww_band,ww_band,0.03462882,0.5916
ww_band,ww_band,0.034631614,0.5914
ww_band,ww_band,0.034642175,0.5912
ww_band,ww_band,0.034647632,0.591
ww_band,ww_band,0.03465339,0.5908
ww_band,ww_band,0.03466046,0.5906
ww_band,ww_band,0.03466768,0.5904
ww_band,ww_band,0.034675755,0.5902
ww_band,ww_band,0.034682035,0.59
ww_band,ww_band,0.034692645,0.5898
ww_band,ww_band,0.034703363,0.5896
ww_band,ww_band,0.034711357,0.5894
ww_band,ww_band,0.034712587,0.5892
ww_band,ww_band,0.034726467,0.589
ww_band,ww_band,0.034731243,0.5888
ww_band,ww_band,0.034735344,0.5886
ww_band,ww_band,0.034740154,0.5884
ww_band,ww_band,0.034746673,0.5882
ww_band,ww_band,0.034754287,0.588
ww_band,ww_band,0.034759603,0.5878
ww_band,ww_band,0.034766242,0.5876
ww_band,ww_band,0.0347784,0.5874
ww_band,ww_band,0.03478076,0.5872
ww_band,ww_band,0.034795552,0.587
ww_band,ww_band,0.034804408,0.5868
ww_band,ww_band,0.034815323,0.5866
ww_band,ww_band,0.034820564,0.5864
ww_band,ww_band,0.034823608,0.5862
ww_band,ww_band,0.034829203,0.586
ww_band,ww_band,0.034836356,0.5858
ww_band,ww_band,0.034839064,0.5856
ww_band,ww_band,0.034843143,0.5854
ww_band,ww_band,0.034856904,0.5852
ww_band,ww_band,0.034863446,0.585
ww_band,ww_band,0.03486618,0.5848
ww_band,ww_band,0.034870848,0.5846
ww_band,ww_band,0.034873288,0.5844
ww_band,ww_band,0.034881745,0.5842
ww_band,ww_band,0.03488385,0.584
ww_band,ww_band,0.034888294,0.5838
ww_band,ww_band,0.03489479,0.5836
ww_band,ww_band,0.034904845,0.5834
ww_band,ww_band,0.034914006,0.5832
ww_band,ww_band,0.034916807,0.583
ww_band,ww_band,0.03493168,0.5828
ww_band,ww_band,0.034939244,0.5826
ww_band,ww_band,0.034947403,0.5824
ww_band,ww_band,0.034950044,0.5822
ww_band,ww_band,0.034953352,0.582
ww_band,ww_band,0.03495726,0.5818
ww_band,ww_band,0.034974743,0.5816
ww_band,ww_band,0.03497975,0.5814
ww_band,ww_band,0.034988005,0.5812
ww_band,ww_band,0.034991402,0.581
ww_band,ww_band,0.03499466,0.5808
ww_band,ww_band,0.03500275,0.5806
ww_band,ww_band,0.035004582,0.5804
ww_band,ww_band,0.03501082,0.5802
ww_band,ww_band,0.035015155,0.58
ww_band,ww_band,0.035022665,0.5798
ww_band,ww_band,0.035032734,0.5796
ww_band,ww_band,0.035039525,0.5794
ww_band,ww_band,0.035045505,0.5792
ww_band,ww_band,0.035048045,0.579
ww_band,ww_band,0.03505916,0.5788
ww_band,ww_band,0.035062667,0.5786
ww_band,ww_band,0.03506844,0.5784
ww_band,ww_band,0.035079736,0.5782
ww_band,ww_band,0.03508113,0.578
ww_band,ww_band,0.035085138,0.5778
ww_band,ww_band,0.035094354,0.5776
ww_band,ww_band,0.03510085,0.5774
ww_band,ww_band,0.035108935,0.5772
ww_band,ww_band,0.035120763,0.577
ww_band,ww_band,0.03512195,0.5768
ww_band,ww_band,0.0351306,0.5766
ww_band,ww_band,0.03513805,0.5764
ww_band,ww_band,0.0351474,0.5762
ww_band,ww_band,0.03515802,0.576
ww_band,ww_band,0.035161104,0.5758
ww_band,ww_band,0.03516365,0.5756
ww_band,ww_band,0.035166346,0.5754
ww_band,ww_band,0.03517246,0.5752
ww_band,ww_band,0.035175335,0.575
ww_band,ww_band,0.035183113,0.5748
ww_band,ww_band,0.035191562,0.5746
ww_band,ww_band,0.035197392,0.5744
ww_band,ww_band,0.035205215,0.5742
ww_band,ww_band,0.03521168,0.574
ww_band,ww_band,0.035220228,0.5738
ww_band,ww_band,0.0352236,0.5736
ww_band,ww_band,0.035232045,0.5734
ww_band,ww_band,0.035238095,0.5732
ww_band,ww_band,0.03524156,0.573
ww_band,ww_band,0.035247393,0.5728
ww_band,ww_band,0.035256073,0.5726
ww_band,ww_band,0.035265017,0.5724
ww_band,ww_band,0.035267137,0.5722
ww_band,ww_band,0.03527397,0.572
ww_band,ww_band,0.035277333,0.5718
ww_band,ww_band,0.0352859,0.5716
ww_band,ww_band,0.035287987,0.5714
ww_band,ww_band,0.035290506,0.5712
ww_band,ww_band,0.0352991,0.571
ww_band,ww_band,0.035301574,0.5708
ww_band,ww_band,0.035307914,0.5706
ww_band,ww_band,0.03531016,0.5704
ww_band,ww_band,0.035313766,0.5702
ww_band,ww_band,0.03531571,0.57
ww_band,ww_band,0.035325054,0.5698
ww_band,ww_band,0.035328373,0.5696
ww_band,ww_band,0.035334386,0.5694
ww_band,ww_band,0.035337538,0.5692
ww_band,ww_band,0.035342205,0.569
ww_band,ww_band,0.035343647,0.5688
ww_band,ww_band,0.03534825,0.5686
ww_band,ww_band,0.035350688,0.5684
ww_band,ww_band,0.035357833,0.5682
ww_band,ww_band,0.035365958,0.568
ww_band,ww_band,0.03537637,0.5678
ww_band,ww_band,0.035379745,0.5676
ww_band,ww_band,0.035381723,0.5674
ww_band,ww_band,0.035385225,0.5672
ww_band,ww_band,0.035396848,0.567
ww_band,ww_band,0.035398863,0.5668
ww_band,ww_band,0.035401694,0.5666
ww_band,ww_band,0.035407472,0.5664
ww_band,ww_band,0.03541423,0.5662
ww_band,ww_band,0.035423644,0.566
ww_band,ww_band,0.035431247,0.5658
ww_band,ww_band,0.035440784,0.5656
ww_band,ww_band,0.035446264,0.5654
ww_band,ww_band,0.035449672,0.5652
ww_band,ww_band,0.035459615,0.565
ww_band,ww_band,0.035460506,0.5648
ww_band,ww_band,0.03546186,0.5646
ww_band,ww_band,0.035464052,0.5644
ww_band,ww_band,0.035466593,0.5642
ww_band,ww_band,0.03547417,0.564
ww_band,ww_band,0.035477377,0.5638
ww_band,ww_band,0.035484064,0.5636
ww_band,ww_band,0.03549176,0.5634
ww_band,ww_band,0.035501037,0.5632
ww_band,ww_band,0.03550661,0.563
ww_band,ww_band,0.03551697,0.5628
ww_band,ww_band,0.03552644,0.5626
ww_band,ww_band,0.035531178,0.5624
ww_band,ww_band,0.035536963,0.5622
ww_band,ww_band,0.035538934,0.562
ww_band,ww_band,0.035545826,0.5618
ww_band,ww_band,0.035553955,0.5616
ww_band,ww_band,0.03556154,0.5614
ww_band,ww_band,0.035565495,0.5612
ww_band,ww_band,0.03557224,0.561
ww_band,ww_band,0.03557895,0.5608
ww_band,ww_band,0.03558247,0.5606
ww_band,ww_band,0.035592478,0.5604
ww_band,ww_band,0.035605874,0.5602
ww_band,ww_band,0.035610214,0.56
ww_band,ww_band,0.035618026,0.5598
ww_band,ww_band,0.035621837,0.5596
ww_band,ww_band,0.03562447,0.5594
ww_band,ww_band,0.03562794,0.5592
ww_band,ww_band,0.035632193,0.559
ww_band,ww_band,0.035639163,0.5588
ww_band,ww_band,0.03565306,0.5586
ww_band,ww_band,0.035662536,0.5584
ww_band,ww_band,0.03566586,0.5582
ww_band,ww_band,0.035668537,0.558
ww_band,ww_band,0.035671256,0.5578
ww_band,ww_band,0.035674483,0.5576
ww_band,ww_band,0.035679407,0.5574
ww_band,ww_band,0.03569177,0.5572
ww_band,ww_band,0.035700776,0.557
ww_band,ww_band,0.035706833,0.5568
ww_band,ww_band,0.035718884,0.5566
ww_band,ww_band,0.03572749,0.5564
ww_band,ww_band,0.035731845,0.5562
ww_band,ww_band,0.03573715,0.556
ww_band,ww_band,0.03574802,0.5558
ww_band,ww_band,0.03575361,0.5556
ww_band,ww_band,0.0357571,0.5554
ww_band,ww_band,0.035761725,0.5552
ww_band,ww_band,0.03576467,0.555
ww_band,ww_band,0.035767496,0.5548
ww_band,ww_band,0.035777442,0.5546
ww_band,ww_band,0.035781987,0.5544
ww_band,ww_band,0.035788905,0.5542
ww_band,ww_band,0.035800226,0.554
ww_band,ww_band,0.0358113,0.5538
ww_band,ww_band,0.03581362,0.5536
ww_band,ww_band,0.03581753,0.5534
ww_band,ww_band,0.035820134,0.5532
ww_band,ww_band,0.035825238,0.553
ww_band,ww_band,0.03582895,0.5528
ww_band,ww_band,0.035835005,0.5526
ww_band,ww_band,0.035840314,0.5524
ww_band,ww_band,0.03584961,0.5522
ww_band,ww_band,0.035856113,0.552
ww_band,ww_band,0.035865646,0.5518
ww_band,ww_band,0.03587257,0.5516
ww_band,ww_band,0.035876192,0.5514
ww_band,ww_band,0.03588909,0.5512
ww_band,ww_band,0.035892896,0.551
ww_band,ww_band,0.035894886,0.5508
ww_band,ww_band,0.035900015,0.5506
ww_band,ww_band,0.035902005,0.5504
ww_band,ww_band,0.035902876,0.5502
ww_band,ww_band,0.03590626,0.55
ww_band,ww_band,0.03591942,0.5498
ww_band,ww_band,0.035925303,0.5496
ww_band,ww_band,0.035934225,0.5494
ww_band,ww_band,0.035939235,0.5492
ww_band,ww_band,0.035944637,0.549
ww_band,ww_band,0.035953145,0.5488
ww_band,ww_band,0.03596398,0.5486
ww_band,ww_band,0.035969354,0.5484
ww_band,ww_band,0.035981715,0.5482
ww_band,ww_band,0.035984512,0.548
ww_band,ww_band,0.035990816,0.5478
ww_band,ww_band,0.03599799,0.5476
ww_band,ww_band,0.036003634,0.5474
ww_band,ww_band,0.036011577,0.5472
ww_band,ww_band,0.036014117,0.547
ww_band,ww_band,0.036015898,0.5468
ww_band,ww_band,0.036023345,0.5466
ww_band,ww_band,0.03602894,0.5464
ww_band,ww_band,0.036037058,0.5462
ww_band,ww_band,0.03604714,0.546
ww_band,ww_band,0.03605044,0.5458
ww_band,ww_band,0.03605325,0.5456
ww_band,ww_band,0.03605654,0.5454
ww_band,ww_band,0.036061604,0.5452
ww_band,ww_band,0.036067184,0.545
ww_band,ww_band,0.036068093,0.5448
ww_band,ww_band,0.03607686,0.5446
ww_band,ww_band,0.036081176,0.5444
ww_band,ww_band,0.036083873,0.5442
ww_band,ww_band,0.036091294,0.544
ww_band,ww_band,0.036099315,0.5438
ww_band,ww_band,0.03610163,0.5436
ww_band,ww_band,0.0361067,0.5434
ww_band,ww_band,0.036111712,0.5432
ww_band,ww_band,0.036117524,0.543
ww_band,ww_band,0.036123198,0.5428
ww_band,ww_band,0.036131576,0.5426
ww_band,ww_band,0.03614153,0.5424
ww_band,ww_band,0.036149133,0.5422
ww_band,ww_band,0.036154006,0.542
ww_band,ww_band,0.036165062,0.5418
ww_band,ww_band,0.03616779,0.5416
ww_band,ww_band,0.03617208,0.5414
ww_band,ww_band,0.03617798,0.5412
ww_band,ww_band,0.036182526,0.541
ww_band,ww_band,0.036192022,0.5408
ww_band,ww_band,0.036194727,0.5406
ww_band,ww_band,0.036198016,0.5404
ww_band,ww_band,0.0362007,0.5402
ww_band,ww_band,0.036203854,0.54
ww_band,ww_band,0.036207557,0.5398
ww_band,ww_band,0.036213633,0.5396
ww_band,ww_band,0.03622053,0.5394
ww_band,ww_band,0.036224358,0.5392
ww_band,ww_band,0.03623671,0.539
ww_band,ww_band,0.03624209,0.5388
ww_band,ww_band,0.036244106,0.5386
ww_band,ww_band,0.036247727,0.5384
ww_band,ww_band,0.036254007,0.5382
ww_band,ww_band,0.036257453,0.538
ww_band,ww_band,0.036262408,0.5378
ww_band,ww_band,0.036265437,0.5376
ww_band,ww_band,0.03627363,0.5374
ww_band,ww_band,0.036279187,0.5372
ww_band,ww_band,0.03628309,0.537
ww_band,ww_band,0.036284573,0.5368
ww_band,ww_band,0.036289953,0.5366
ww_band,ww_band,0.036293358,0.5364
ww_band,ww_band,0.036295854,0.5362
ww_band,ww_band,0.036299642,0.536
ww_band,ww_band,0.03630392,0.5358
ww_band,ww_band,0.03630739,0.5356
ww_band,ww_band,0.036310386,0.5354
ww_band,ww_band,0.03631539,0.5352
ww_band,ww_band,0.0363174,0.535
ww_band,ww_band,0.036322672,0.5348
ww_band,ww_band,0.03633671,0.5346
ww_band,ww_band,0.036340255,0.5344
ww_band,ww_band,0.036354452,0.5342
ww_band,ww_band,0.03636243,0.534
ww_band,ww_band,0.036367916,0.5338
ww_band,ww_band,0.03637668,0.5336
ww_band,ww_band,0.036385313,0.5334
ww_band,ww_band,0.036396474,0.5332
ww_band,ww_band,0.036400285,0.533
ww_band,ww_band,0.03640885,0.5328
ww_band,ww_band,0.03641535,0.5326
ww_band,ww_band,0.036422394,0.5324
ww_band,ww_band,0.036432754,0.5322
ww_band,ww_band,0.036438845,0.532
ww_band,ww_band,0.03644235,0.5318
ww_band,ww_band,0.036450528,0.5316
ww_band,ww_band,0.036460847,0.5314
ww_band,ww_band,0.036472358,0.5312
ww_band,ww_band,0.036480706,0.531
ww_band,ww_band,0.036486644,0.5308
ww_band,ww_band,0.036492005,0.5306
ww_band,ww_band,0.036498286,0.5304
ww_band,ww_band,0.036500525,0.5302
ww_band,ww_band,0.03650755,0.53
ww_band,ww_band,0.03651089,0.5298
ww_band,ww_band,0.036514938,0.5296
ww_band,ww_band,0.03651945,0.5294
ww_band,ww_band,0.03652761,0.5292
ww_band,ww_band,0.036538403,0.529
ww_band,ww_band,0.036541697,0.5288
ww_band,ww_band,0.036548503,0.5286
ww_band,ww_band,0.03655321,0.5284
ww_band,ww_band,0.036558576,0.5282
ww_band,ww_band,0.036561064,0.528
ww_band,ww_band,0.036565688,0.5278
ww_band,ww_band,0.036578245,0.5276
ww_band,ww_band,0.036580596,0.5274
ww_band,ww_band,0.03658612,0.5272
ww_band,ww_band,0.036589414,0.527
ww_band,ww_band,0.036593176,0.5268
ww_band,ww_band,0.036599383,0.5266
ww_band,ww_band,0.036601707,0.5264
ww_band,ww_band,0.036607064,0.5262
ww_band,ww_band,0.036619283,0.526
ww_band,ww_band,0.036625225,0.5258
ww_band,ww_band,0.036629044,0.5256
ww_band,ww_band,0.036637098,0.5254
ww_band,ww_band,0.03663779,0.5252
ww_band,ww_band,0.036642417,0.525
ww_band,ww_band,0.036645636,0.5248
ww_band,ww_band,0.036652382,0.5246
ww_band,ww_band,0.036654025,0.5244
ww_band,ww_band,0.036666293,0.5242
ww_band,ww_band,0.036667258,0.524
ww_band,ww_band,0.036671605,0.5238
ww_band,ww_band,0.03668218,0.5236
ww_band,ww_band,0.036696486,0.5234
ww_band,ww_band,0.03670501,0.5232
ww_band,ww_band,0.036706284,0.523
ww_band,ww_band,0.03671164,0.5228
ww_band,ww_band,0.0367154,0.5226
ww_band,ww_band,0.03671925,0.5224
ww_band,ww_band,0.03672416,0.5222
ww_band,ww_band,0.03672653,0.522
ww_band,ww_band,0.036729295,0.5218
ww_band,ww_band,0.03673392,0.5216
ww_band,ww_band,0.036735985,0.5214
ww_band,ww_band,0.036740623,0.5212
ww_band,ww_band,0.03674527,0.521
ww_band,ww_band,0.036751453,0.5208
ww_band,ww_band,0.036762983,0.5206
ww_band,ww_band,0.03676673,0.5204
ww_band,ww_band,0.03677058,0.5202
ww_band,ww_band,0.03677574,0.52
ww_band,ww_band,0.03677924,0.5198
ww_band,ww_band,0.03678199,0.5196
ww_band,ww_band,0.036795937,0.5194
ww_band,ww_band,0.036797997,0.5192
ww_band,ww_band,0.03680162,0.519
ww_band,ww_band,0.03680731,0.5188
ww_band,ww_band,0.0368148,0.5186
ww_band,ww_band,0.036821242,0.5184
ww_band,ww_band,0.036830653,0.5182
ww_band,ww_band,0.036835007,0.518
ww_band,ww_band,0.036845207,0.5178
ww_band,ww_band,0.036848396,0.5176
ww_band,ww_band,0.03685348,0.5174
ww_band,ww_band,0.036856532,0.5172
ww_band,ww_band,0.036863107,0.517
ww_band,ww_band,0.036870264,0.5168
ww_band,ww_band,0.036873166,0.5166
ww_band,ww_band,0.03688172,0.5164
ww_band,ww_band,0.03688825,0.5162
ww_band,ww_band,0.036895953,0.516
ww_band,ww_band,0.036905766,0.5158
ww_band,ww_band,0.036906824,0.5156
ww_band,ww_band,0.036911674,0.5154
ww_band,ww_band,0.036914587,0.5152
ww_band,ww_band,0.03691698,0.515
ww_band,ww_band,0.036923856,0.5148
ww_band,ww_band,0.03692746,0.5146
ww_band,ww_band,0.03693039,0.5144
ww_band,ww_band,0.036936283,0.5142
ww_band,ww_band,0.03693905,0.514
ww_band,ww_band,0.03694494,0.5138
ww_band,ww_band,0.03695156,0.5136
ww_band,ww_band,0.03695835,0.5134
ww_band,ww_band,0.036959272,0.5132
ww_band,ww_band,0.036962662,0.513
ww_band,ww_band,0.036968168,0.5128
ww_band,ww_band,0.036975764,0.5126
ww_band,ww_band,0.036983743,0.5124
ww_band,ww_band,0.03698638,0.5122
ww_band,ww_band,0.0369926,0.512
ww_band,ww_band,0.036997475,0.5118
ww_band,ww_band,0.037004974,0.5116
ww_band,ww_band,0.03701327,0.5114
ww_band,ww_band,0.037019897,0.5112
ww_band,ww_band,0.037030857,0.511
ww_band,ww_band,0.0370396,0.5108
ww_band,ww_band,0.037044056,0.5106
ww_band,ww_band,0.03705281,0.5104
ww_band,ww_band,0.037059452,0.5102
ww_band,ww_band,0.037069175,0.51
ww_band,ww_band,0.037072193,0.5098
ww_band,ww_band,0.037077732,0.5096
ww_band,ww_band,0.03708154,0.5094
ww_band,ww_band,0.037087295,0.5092
ww_band,ww_band,0.037093017,0.509
ww_band,ww_band,0.037106514,0.5088
ww_band,ww_band,0.037107714,0.5086
ww_band,ww_band,0.037110817,0.5084
ww_band,ww_band,0.03711708,0.5082
ww_band,ww_band,0.037121836,0.508
ww_band,ww_band,0.037124306,0.5078
ww_band,ww_band,0.037128687,0.5076
ww_band,ww_band,0.037133593,0.5074
ww_band,ww_band,0.037137568,0.5072
ww_band,ww_band,0.037142318,0.507
ww_band,ww_band,0.03714902,0.5068
ww_band,ww_band,0.037156653,0.5066
ww_band,ww_band,0.03716157,0.5064
ww_band,ww_band,0.0371695,0.5062
ww_band,ww_band,0.03717909,0.506
ww_band,ww_band,0.037196714,0.5058
ww_band,ww_band,0.0372004,0.5056
ww_band,ww_band,0.03720548,0.5054
ww_band,ww_band,0.03721137,0.5052
ww_band,ww_band,0.03721783,0.505
ww_band,ww_band,0.037224073,0.5048
ww_band,ww_band,0.03723024,0.5046
ww_band,ww_band,0.037231155,0.5044
ww_band,ww_band,0.03723544,0.5042
ww_band,ww_band,0.037239365,0.504
ww_band,ww_band,0.03724245,0.5038
ww_band,ww_band,0.037246708,0.5036
ww_band,ww_band,0.0372536,0.5034
ww_band,ww_band,0.037256178,0.5032
ww_band,ww_band,0.037260246,0.503
ww_band,ww_band,0.037270427,0.5028
ww_band,ww_band,0.037275147,0.5026
ww_band,ww_band,0.037279233,0.5024
ww_band,ww_band,0.03728074,0.5022
ww_band,ww_band,0.03728471,0.502
ww_band,ww_band,0.037287954,0.5018
ww_band,ww_band,0.03728986,0.5016
ww_band,ww_band,0.03729382,0.5014
ww_band,ww_band,0.03729839,0.5012
ww_band,ww_band,0.03730093,0.501
ww_band,ww_band,0.037305485,0.5008
ww_band,ww_band,0.037313797,0.5006
ww_band,ww_band,0.037321497,0.5004
ww_band,ww_band,0.03732816,0.5002
ww_band,ww_band,0.037334595,0.5
ww_band,ww_band,0.03734013,0.4998
ww_band,ww_band,0.037342846,0.4996
ww_band,ww_band,0.03735039,0.4994
ww_band,ww_band,0.03735285,0.4992
ww_band,ww_band,0.037360292,0.499
ww_band,ww_band,0.037366506,0.4988
ww_band,ww_band,0.037372205,0.4986
ww_band,ww_band,0.037380513,0.4984
ww_band,ww_band,0.0373853,0.4982
ww_band,ww_band,0.03738917,0.498
ww_band,ww_band,0.0373936,0.4978
ww_band,ww_band,0.037397165,0.4976
ww_band,ww_band,0.037402194,0.4974
ww_band,ww_band,0.037412092,0.4972
ww_band,ww_band,0.0374176,0.497
ww_band,ww_band,0.037422154,0.4968
ww_band,ww_band,0.037428707,0.4966
ww_band,ww_band,0.037435822,0.4964
ww_band,ww_band,0.037437823,0.4962
ww_band,ww_band,0.03744453,0.496
ww_band,ww_band,0.037453342,0.4958
ww_band,ww_band,0.03745899,0.4956
ww_band,ww_band,0.037463352,0.4954
ww_band,ww_band,0.03746613,0.4952
ww_band,ww_band,0.037468877,0.495
ww_band,ww_band,0.037472717,0.4948
ww_band,ww_band,0.037481334,0.4946
ww_band,ww_band,0.037485648,0.4944
ww_band,ww_band,0.03748811,0.4942
ww_band,ww_band,0.03749307,0.494
ww_band,ww_band,0.037496652,0.4938
ww_band,ww_band,0.037504267,0.4936
ww_band,ww_band,0.037505757,0.4934
ww_band,ww_band,0.03751083,0.4932
ww_band,ww_band,0.037518226,0.493
ww_band,ww_band,0.037523206,0.4928
ww_band,ww_band,0.03752757,0.4926
ww_band,ww_band,0.03752982,0.4924
ww_band,ww_band,0.037533395,0.4922
ww_band,ww_band,0.037542224,0.492
ww_band,ww_band,0.037546292,0.4918
ww_band,ww_band,0.037556477,0.4916
ww_band,ww_band,0.037560888,0.4914
ww_band,ww_band,0.037562493,0.4912
ww_band,ww_band,0.03756562,0.491
ww_band,ww_band,0.037569195,0.4908
ww_band,ww_band,0.03758103,0.4906
ww_band,ww_band,0.037589032,0.4904
ww_band,ww_band,0.03759891,0.4902
ww_band,ww_band,0.03760528,0.49
ww_band,ww_band,0.03761337,0.4898
ww_band,ww_band,0.037617605,0.4896
ww_band,ww_band,0.037626244,0.4894
ww_band,ww_band,0.03762904,0.4892
ww_band,ww_band,0.03763303,0.489
ww_band,ww_band,0.0376398,0.4888
ww_band,ww_band,0.037642937,0.4886
ww_band,ww_band,0.03765164,0.4884
ww_band,ww_band,0.03765507,0.4882
ww_band,ww_band,0.037657887,0.488
ww_band,ww_band,0.037662257,0.4878
ww_band,ww_band,0.037665065,0.4876
ww_band,ww_band,0.037672266,0.4874
ww_band,ww_band,0.037683062,0.4872
ww_band,ww_band,0.037686486,0.487
ww_band,ww_band,0.03769295,0.4868
ww_band,ww_band,0.037704304,0.4866
ww_band,ww_band,0.037708502,0.4864
ww_band,ww_band,0.037712675,0.4862
ww_band,ww_band,0.037715424,0.486
ww_band,ww_band,0.037719555,0.4858
ww_band,ww_band,0.037724614,0.4856
ww_band,ww_band,0.037728366,0.4854
ww_band,ww_band,0.037731476,0.4852
ww_band,ww_band,0.037733126,0.485
ww_band,ww_band,0.037739664,0.4848
ww_band,ww_band,0.037742764,0.4846
ww_band,ww_band,0.037745174,0.4844
ww_band,ww_band,0.03775022,0.4842
ww_band,ww_band,0.037751585,0.484
ww_band,ww_band,0.037759747,0.4838
ww_band,ww_band,0.03776483,0.4836
ww_band,ww_band,0.03776769,0.4834
ww_band,ww_band,0.03777674,0.4832
ww_band,ww_band,0.037784945,0.483
ww_band,ww_band,0.037795946,0.4828
ww_band,ww_band,0.037804067,0.4826
ww_band,ww_band,0.037807554,0.4824
ww_band,ww_band,0.037811495,0.4822
ww_band,ww_band,0.03781467,0.482
ww_band,ww_band,0.03781866,0.4818
ww_band,ww_band,0.037825234,0.4816
ww_band,ww_band,0.037828177,0.4814
ww_band,ww_band,0.037832245,0.4812
ww_band,ww_band,0.037834316,0.481
ww_band,ww_band,0.037836853,0.4808
ww_band,ww_band,0.03784936,0.4806
ww_band,ww_band,0.037854638,0.4804
ww_band,ww_band,0.03785767,0.4802
ww_band,ww_band,0.03786143,0.48
ww_band,ww_band,0.037868243,0.4798
ww_band,ww_band,0.037873857,0.4796
ww_band,ww_band,0.03787653,0.4794
ww_band,ww_band,0.0378797,0.4792
ww_band,ww_band,0.03788564,0.479
ww_band,ww_band,0.03789003,0.4788
ww_band,ww_band,0.037892487,0.4786
ww_band,ww_band,0.03790027,0.4784
ww_band,ww_band,0.03790431,0.4782
ww_band,ww_band,0.037910007,0.478
ww_band,ww_band,0.037914567,0.4778
ww_band,ww_band,0.037918296,0.4776
ww_band,ww_band,0.037922528,0.4774
ww_band,ww_band,0.037927058,0.4772
ww_band,ww_band,0.03792933,0.477
ww_band,ww_band,0.03793294,0.4768
ww_band,ww_band,0.037940823,0.4766
ww_band,ww_band,0.037944116,0.4764
ww_band,ww_band,0.037952617,0.4762
ww_band,ww_band,0.037956573,0.476
ww_band,ww_band,0.03796552,0.4758
ww_band,ww_band,0.037972864,0.4756
ww_band,ww_band,0.037978124,0.4754
ww_band,ww_band,0.03798011,0.4752
ww_band,ww_band,0.037987575,0.475
ww_band,ww_band,0.03799265,0.4748
ww_band,ww_band,0.037995353,0.4746
ww_band,ww_band,0.038001582,0.4744
ww_band,ww_band,0.03800586,0.4742
ww_band,ww_band,0.038013253,0.474
ww_band,ww_band,0.038016077,0.4738
ww_band,ww_band,0.03802793,0.4736
ww_band,ww_band,0.038034007,0.4734
ww_band,ww_band,0.038040258,0.4732
ww_band,ww_band,0.038047247,0.473
ww_band,ww_band,0.03805355,0.4728
ww_band,ww_band,0.038058307,0.4726
ww_band,ww_band,0.03806476,0.4724
ww_band,ww_band,0.03807706,0.4722
ww_band,ww_band,0.038081475,0.472
ww_band,ww_band,0.038090784,0.4718
ww_band,ww_band,0.038094547,0.4716
ww_band,ww_band,0.038097177,0.4714
ww_band,ww_band,0.03810304,0.4712
ww_band,ww_band,0.038107786,0.471
ww_band,ww_band,0.03811302,0.4708
ww_band,ww_band,0.03812395,0.4706
ww_band,ww_band,0.038133763,0.4704
ww_band,ww_band,0.03813973,0.4702
ww_band,ww_band,0.038147293,0.47
ww_band,ww_band,0.03814959,0.4698
ww_band,ww_band,0.038152333,0.4696
ww_band,ww_band,0.038162086,0.4694
ww_band,ww_band,0.038162895,0.4692
ww_band,ww_band,0.038166,0.469
ww_band,ww_band,0.038175095,0.4688
ww_band,ww_band,0.038181715,0.4686
ww_band,ww_band,0.038186733,0.4684
ww_band,ww_band,0.038188092,0.4682
ww_band,ww_band,0.038198598,0.468
ww_band,ww_band,0.038203515,0.4678
ww_band,ww_band,0.03820941,0.4676
ww_band,ww_band,0.038212687,0.4674
ww_band,ww_band,0.038217515,0.4672
ww_band,ww_band,0.038226325,0.467
ww_band,ww_band,0.03822911,0.4668
ww_band,ww_band,0.038233593,0.4666
ww_band,ww_band,0.038236145,0.4664
ww_band,ww_band,0.038242865,0.4662
ww_band,ww_band,0.038244903,0.466
ww_band,ww_band,0.038249515,0.4658
ww_band,ww_band,0.038252264,0.4656
ww_band,ww_band,0.03825523,0.4654
ww_band,ww_band,0.03825984,0.4652
ww_band,ww_band,0.038267203,0.465
ww_band,ww_band,0.038269784,0.4648
ww_band,ww_band,0.03827264,0.4646
ww_band,ww_band,0.03827932,0.4644
ww_band,ww_band,0.03828218,0.4642
ww_band,ww_band,0.03828648,0.464
ww_band,ww_band,0.038289864,0.4638
ww_band,ww_band,0.038299974,0.4636
ww_band,ww_band,0.038304083,0.4634
ww_band,ww_band,0.03831269,0.4632
ww_band,ww_band,0.038316555,0.463
ww_band,ww_band,0.038324375,0.4628
ww_band,ww_band,0.038331315,0.4626
ww_band,ww_band,0.038334448,0.4624
ww_band,ww_band,0.038343452,0.4622
ww_band,ww_band,0.038346168,0.462
ww_band,ww_band,0.03835088,0.4618
ww_band,ww_band,0.03835519,0.4616
ww_band,ww_band,0.03836402,0.4614
ww_band,ww_band,0.03836705,0.4612
ww_band,ww_band,0.038371857,0.461
ww_band,ww_band,0.03837442,0.4608
ww_band,ww_band,0.038381882,0.4606
ww_band,ww_band,0.038386747,0.4604
ww_band,ww_band,0.038392402,0.4602
ww_band,ww_band,0.038400795,0.46
ww_band,ww_band,0.03840321,0.4598
ww_band,ww_band,0.038408075,0.4596
ww_band,ww_band,0.03841128,0.4594
ww_band,ww_band,0.03841469,0.4592
ww_band,ww_band,0.038418684,0.459
ww_band,ww_band,0.038426455,0.4588
ww_band,ww_band,0.03843288,0.4586
ww_band,ww_band,0.038440958,0.4584
ww_band,ww_band,0.03844458,0.4582
ww_band,ww_band,0.038456533,0.458
ww_band,ww_band,0.038464155,0.4578
ww_band,ww_band,0.03846981,0.4576
ww_band,ww_band,0.038473144,0.4574
ww_band,ww_band,0.038481005,0.4572
ww_band,ww_band,0.03848858,0.457
ww_band,ww_band,0.038493063,0.4568
ww_band,ww_band,0.038494978,0.4566
ww_band,ww_band,0.03850529,0.4564
ww_band,ww_band,0.038508687,0.4562
ww_band,ww_band,0.038512267,0.456
ww_band,ww_band,0.038519073,0.4558
ww_band,ww_band,0.03852232,0.4556
ww_band,ww_band,0.038526755,0.4554
ww_band,ww_band,0.038529657,0.4552
ww_band,ww_band,0.038533755,0.455
ww_band,ww_band,0.038538694,0.4548
ww_band,ww_band,0.038542103,0.4546
ww_band,ww_band,0.038548626,0.4544
ww_band,ww_band,0.038554054,0.4542
ww_band,ww_band,0.03855765,0.454
ww_band,ww_band,0.038563192,0.4538
ww_band,ww_band,0.03856908,0.4536
ww_band,ww_band,0.03857021,0.4534
ww_band,ww_band,0.038573895,0.4532
ww_band,ww_band,0.038579267,0.453
ww_band,ww_band,0.038580284,0.4528
ww_band,ww_band,0.038585268,0.4526
ww_band,ww_band,0.03858967,0.4524
ww_band,ww_band,0.03859277,0.4522
ww_band,ww_band,0.03859539,0.452
ww_band,ww_band,0.03860287,0.4518
ww_band,ww_band,0.03860846,0.4516
ww_band,ww_band,0.03861265,0.4514
ww_band,ww_band,0.038614877,0.4512
ww_band,ww_band,0.03862097,0.451
ww_band,ww_band,0.038634613,0.4508
ww_band,ww_band,0.038637772,0.4506
ww_band,ww_band,0.03864191,0.4504
ww_band,ww_band,0.038644742,0.4502
ww_band,ww_band,0.038650524,0.45
ww_band,ww_band,0.038659565,0.4498
ww_band,ww_band,0.03866557,0.4496
ww_band,ww_band,0.0386665,0.4494
ww_band,ww_band,0.038669463,0.4492
ww_band,ww_band,0.038676385,0.449
ww_band,ww_band,0.03868403,0.4488
ww_band,ww_band,0.03869124,0.4486
ww_band,ww_band,0.038695183,0.4484
ww_band,ww_band,0.03869993,0.4482
ww_band,ww_band,0.038704332,0.448
ww_band,ww_band,0.038708583,0.4478
ww_band,ww_band,0.038715377,0.4476
ww_band,ww_band,0.038716957,0.4474
ww_band,ww_band,0.038721316,0.4472
ww_band,ww_band,0.038729228,0.447
ww_band,ww_band,0.038739353,0.4468
ww_band,ww_band,0.038742952,0.4466
ww_band,ww_band,0.038748346,0.4464
ww_band,ww_band,0.03875045,0.4462
ww_band,ww_band,0.03875669,0.446
ww_band,ww_band,0.0387601,0.4458
ww_band,ww_band,0.038763907,0.4456
ww_band,ww_band,0.038765743,0.4454
ww_band,ww_band,0.0387687,0.4452
ww_band,ww_band,0.03877288,0.445
ww_band,ww_band,0.038778722,0.4448
ww_band,ww_band,0.038782608,0.4446
ww_band,ww_band,0.03878568,0.4444
ww_band,ww_band,0.038790386,0.4442
ww_band,ww_band,0.038797054,0.444
ww_band,ww_band,0.03880128,0.4438
ww_band,ww_band,0.038809437,0.4436
ww_band,ww_band,0.038813908,0.4434
ww_band,ww_band,0.03881702,0.4432
ww_band,ww_band,0.03882174,0.443
ww_band,ww_band,0.038825646,0.4428
ww_band,ww_band,0.0388302,0.4426
ww_band,ww_band,0.038839087,0.4424
ww_band,ww_band,0.03884425,0.4422
ww_band,ww_band,0.038847208,0.442
ww_band,ww_band,0.038852263,0.4418
ww_band,ww_band,0.038853817,0.4416
ww_band,ww_band,0.038861625,0.4414
ww_band,ww_band,0.038868148,0.4412
ww_band,ww_band,0.03887598,0.441
ww_band,ww_band,0.03888118,0.4408
ww_band,ww_band,0.03888228,0.4406
ww_band,ww_band,0.03889419,0.4404
ww_band,ww_band,0.03889968,0.4402
ww_band,ww_band,0.038905952,0.44
ww_band,ww_band,0.038910788,0.4398
ww_band,ww_band,0.038923167,0.4396
ww_band,ww_band,0.03892589,0.4394
ww_band,ww_band,0.03893226,0.4392
ww_band,ww_band,0.03893692,0.439
ww_band,ww_band,0.038941216,0.4388
ww_band,ww_band,0.038942825,0.4386
ww_band,ww_band,0.03895523,0.4384
ww_band,ww_band,0.038958587,0.4382
ww_band,ww_band,0.0389623,0.438
ww_band,ww_band,0.038968503,0.4378
ww_band,ww_band,0.038972933,0.4376
ww_band,ww_band,0.038983934,0.4374
ww_band,ww_band,0.038989447,0.4372
ww_band,ww_band,0.03899197,0.437
ww_band,ww_band,0.039002795,0.4368
ww_band,ww_band,0.039006613,0.4366
ww_band,ww_band,0.039014187,0.4364
ww_band,ww_band,0.03901812,0.4362
ww_band,ww_band,0.03902462,0.436
ww_band,ww_band,0.039028328,0.4358
ww_band,ww_band,0.039032076,0.4356
ww_band,ww_band,0.039038472,0.4354
ww_band,ww_band,0.03904595,0.4352
ww_band,ww_band,0.03904812,0.435
ww_band,ww_band,0.039053183,0.4348
ww_band,ww_band,0.039054185,0.4346
ww_band,ww_band,0.039057255,0.4344
ww_band,ww_band,0.03906136,0.4342
ww_band,ww_band,0.039068595,0.434
ww_band,ww_band,0.03907965,0.4338
ww_band,ww_band,0.039084185,0.4336
ww_band,ww_band,0.039091192,0.4334
ww_band,ww_band,0.039094564,0.4332
ww_band,ww_band,0.039097194,0.433
ww_band,ww_band,0.039105278,0.4328
ww_band,ww_band,0.039122734,0.4326
ww_band,ww_band,0.039131727,0.4324
ww_band,ww_band,0.039139595,0.4322
ww_band,ww_band,0.039145585,0.432
ww_band,ww_band,0.03914894,0.4318
ww_band,ww_band,0.039151415,0.4316
ww_band,ww_band,0.039158404,0.4314
ww_band,ww_band,0.0391631,0.4312
ww_band,ww_band,0.039170846,0.431
ww_band,ww_band,0.039173394,0.4308
ww_band,ww_band,0.039178055,0.4306
ww_band,ww_band,0.039185535,0.4304
ww_band,ww_band,0.039190892,0.4302
ww_band,ww_band,0.039196435,0.43
ww_band,ww_band,0.039201826,0.4298
ww_band,ww_band,0.039207105,0.4296
ww_band,ww_band,0.039216127,0.4294
ww_band,ww_band,0.039225228,0.4292
ww_band,ww_band,0.039232217,0.429
ww_band,ww_band,0.039234787,0.4288
ww_band,ww_band,0.03924073,0.4286
ww_band,ww_band,0.039243024,0.4284
ww_band,ww_band,0.03924654,0.4282
ww_band,ww_band,0.039256807,0.428
ww_band,ww_band,0.039263446,0.4278
ww_band,ww_band,0.03926688,0.4276
ww_band,ww_band,0.03927345,0.4274
ww_band,ww_band,0.03927725,0.4272
ww_band,ww_band,0.039280247,0.427
ww_band,ww_band,0.039291587,0.4268
ww_band,ww_band,0.039299484,0.4266
ww_band,ww_band,0.039301883,0.4264
ww_band,ww_band,0.039304215,0.4262
ww_band,ww_band,0.03931172,0.426
ww_band,ww_band,0.039313838,0.4258
ww_band,ww_band,0.039320722,0.4256
ww_band,ww_band,0.03932678,0.4254
ww_band,ww_band,0.03933155,0.4252
ww_band,ww_band,0.039336383,0.425
ww_band,ww_band,0.03934097,0.4248
ww_band,ww_band,0.039346553,0.4246
ww_band,ww_band,0.039348885,0.4244
ww_band,ww_band,0.039355535,0.4242
ww_band,ww_band,0.039365277,0.424
ww_band,ww_band,0.039371256,0.4238
ww_band,ww_band,0.039378256,0.4236
ww_band,ww_band,0.03938161,0.4234
ww_band,ww_band,0.039387994,0.4232
ww_band,ww_band,0.0393923,0.423
ww_band,ww_band,0.03939802,0.4228
ww_band,ww_band,0.039406598,0.4226
ww_band,ww_band,0.039413076,0.4224
ww_band,ww_band,0.0394192,0.4222
ww_band,ww_band,0.039421935,0.422
ww_band,ww_band,0.03942641,0.4218
ww_band,ww_band,0.039429616,0.4216
ww_band,ww_band,0.03943633,0.4214
ww_band,ww_band,0.039442476,0.4212
ww_band,ww_band,0.03944907,0.421
ww_band,ww_band,0.039456367,0.4208
ww_band,ww_band,0.039463382,0.4206
ww_band,ww_band,0.039468303,0.4204
ww_band,ww_band,0.0394779,0.4202
ww_band,ww_band,0.03948129,0.42
ww_band,ww_band,0.03948573,0.4198
ww_band,ww_band,0.03948931,0.4196
ww_band,ww_band,0.03949748,0.4194
ww_band,ww_band,0.039499503,0.4192
ww_band,ww_band,0.0395088,0.419
ww_band,ww_band,0.039514143,0.4188
ww_band,ww_band,0.03952429,0.4186
ww_band,ww_band,0.039529257,0.4184
ww_band,ww_band,0.03953516,0.4182
ww_band,ww_band,0.039548077,0.418
ww_band,ww_band,0.039553087,0.4178
ww_band,ww_band,0.03955636,0.4176
ww_band,ww_band,0.039559443,0.4174
ww_band,ww_band,0.039561626,0.4172
ww_band,ww_band,0.039569415,0.417
ww_band,ww_band,0.039578896,0.4168
ww_band,ww_band,0.03958541,0.4166
ww_band,ww_band,0.039591156,0.4164
ww_band,ww_band,0.039598294,0.4162
ww_band,ww_band,0.03960191,0.416
ww_band,ww_band,0.039609082,0.4158
ww_band,ww_band,0.039611526,0.4156
ww_band,ww_band,0.039621186,0.4154
ww_band,ww_band,0.039625227,0.4152
ww_band,ww_band,0.039638422,0.415
ww_band,ww_band,0.03963963,0.4148
ww_band,ww_band,0.0396428,0.4146
ww_band,ww_band,0.039646808,0.4144
ww_band,ww_band,0.03964917,0.4142
ww_band,ww_band,0.039653793,0.414
ww_band,ww_band,0.039657164,0.4138
ww_band,ww_band,0.0396602,0.4136
ww_band,ww_band,0.03966398,0.4134
ww_band,ww_band,0.03967544,0.4132
ww_band,ww_band,0.03967797,0.413
ww_band,ww_band,0.03968241,0.4128
ww_band,ww_band,0.039687037,0.4126
ww_band,ww_band,0.039693717,0.4124
ww_band,ww_band,0.03969709,0.4122
ww_band,ww_band,0.039702583,0.412
ww_band,ww_band,0.039711073,0.4118
ww_band,ww_band,0.039716974,0.4116
ww_band,ww_band,0.039721202,0.4114
ww_band,ww_band,0.03973244,0.4112
ww_band,ww_band,0.039735425,0.411
ww_band,ww_band,0.039739694,0.4108
ww_band,ww_band,0.03974483,0.4106
ww_band,ww_band,0.03974956,0.4104
ww_band,ww_band,0.039756157,0.4102
ww_band,ww_band,0.03975929,0.41
ww_band,ww_band,0.03976092,0.4098
ww_band,ww_band,0.03976724,0.4096
ww_band,ww_band,0.039773084,0.4094
ww_band,ww_band,0.03978627,0.4092
ww_band,ww_band,0.03979084,0.409
ww_band,ww_band,0.039802153,0.4088
ww_band,ww_band,0.039806113,0.4086
ww_band,ww_band,0.039811246,0.4084
ww_band,ww_band,0.039819762,0.4082
ww_band,ww_band,0.039825067,0.408
ww_band,ww_band,0.039832048,0.4078
ww_band,ww_band,0.039837122,0.4076
ww_band,ww_band,0.039839245,0.4074
ww_band,ww_band,0.039846662,0.4072
ww_band,ww_band,0.039849184,0.407
ww_band,ww_band,0.039857276,0.4068
ww_band,ww_band,0.03986431,0.4066
ww_band,ww_band,0.039866358,0.4064
ww_band,ww_band,0.039876256,0.4062
ww_band,ww_band,0.039881937,0.406
ww_band,ww_band,0.03988777,0.4058
ww_band,ww_band,0.039891377,0.4056
ww_band,ww_band,0.03989407,0.4054
ww_band,ww_band,0.039897237,0.4052
ww_band,ww_band,0.03990247,0.405
ww_band,ww_band,0.039903503,0.4048
ww_band,ww_band,0.039908223,0.4046
ww_band,ww_band,0.0399152,0.4044
ww_band,ww_band,0.039917856,0.4042
ww_band,ww_band,0.039928187,0.404
ww_band,ww_band,0.039938208,0.4038
ww_band,ww_band,0.03994268,0.4036
ww_band,ww_band,0.039947726,0.4034
ww_band,ww_band,0.03995111,0.4032
ww_band,ww_band,0.03995752,0.403
ww_band,ww_band,0.039968107,0.4028
ww_band,ww_band,0.039972294,0.4026
ww_band,ww_band,0.039976183,0.4024
ww_band,ww_band,0.039984174,0.4022
ww_band,ww_band,0.03999496,0.402
ww_band,ww_band,0.04000095,0.4018
ww_band,ww_band,0.040011145,0.4016
ww_band,ww_band,0.040023264,0.4014
ww_band,ww_band,0.04002801,0.4012
ww_band,ww_band,0.040038038,0.401
ww_band,ww_band,0.040041268,0.4008
ww_band,ww_band,0.04004585,0.4006
ww_band,ww_band,0.040051546,0.4004
ww_band,ww_band,0.040055756,0.4002
ww_band,ww_band,0.040061526,0.4
ww_band,ww_band,0.040066015,0.3998
ww_band,ww_band,0.04006867,0.3996
ww_band,ww_band,0.040077284,0.3994
ww_band,ww_band,0.040084742,0.3992
ww_band,ww_band,0.04008922,0.399
ww_band,ww_band,0.040092316,0.3988
ww_band,ww_band,0.04009882,0.3986
ww_band,ww_band,0.040103085,0.3984
ww_band,ww_band,0.04010551,0.3982
ww_band,ww_band,0.040109184,0.398
ww_band,ww_band,0.040113326,0.3978
ww_band,ww_band,0.040118136,0.3976
ww_band,ww_band,0.040121336,0.3974
ww_band,ww_band,0.040124044,0.3972
ww_band,ww_band,0.040129103,0.397
ww_band,ww_band,0.040134735,0.3968
ww_band,ww_band,0.0401444,0.3966
ww_band,ww_band,0.040149122,0.3964
ww_band,ww_band,0.04015445,0.3962
ww_band,ww_band,0.040160824,0.396
ww_band,ww_band,0.040171072,0.3958
ww_band,ww_band,0.040175956,0.3956
ww_band,ww_band,0.040180203,0.3954
ww_band,ww_band,0.040187206,0.3952
ww_band,ww_band,0.040191773,0.395
ww_band,ww_band,0.040196788,0.3948
ww_band,ww_band,0.040201977,0.3946
ww_band,ww_band,0.040212277,0.3944
ww_band,ww_band,0.040219717,0.3942
ww_band,ww_band,0.040223148,0.394
ww_band,ww_band,0.040231314,0.3938
ww_band,ww_band,0.040233847,0.3936
ww_band,ww_band,0.040237732,0.3934
ww_band,ww_band,0.040243417,0.3932
ww_band,ww_band,0.040246643,0.393
ww_band,ww_band,0.040251374,0.3928
ww_band,ww_band,0.040256348,0.3926
ww_band,ww_band,0.040261474,0.3924
ww_band,ww_band,0.040264197,0.3922
ww_band,ww_band,0.040265802,0.392
ww_band,ww_band,0.04026868,0.3918
ww_band,ww_band,0.04027311,0.3916
ww_band,ww_band,0.040279754,0.3914
ww_band,ww_band,0.04029526,0.3912
ww_band,ww_band,0.040297486,0.391
ww_band,ww_band,0.04030068,0.3908
ww_band,ww_band,0.04030554,0.3906
ww_band,ww_band,0.040307343,0.3904
ww_band,ww_band,0.0403142,0.3902
ww_band,ww_band,0.040318325,0.39
ww_band,ww_band,0.040331144,0.3898
ww_band,ww_band,0.04033521,0.3896
ww_band,ww_band,0.040338527,0.3894
ww_band,ww_band,0.04034305,0.3892
ww_band,ww_band,0.040348366,0.389
ww_band,ww_band,0.040352274,0.3888
ww_band,ww_band,0.0403585,0.3886
ww_band,ww_band,0.040363062,0.3884
ww_band,ww_band,0.040368393,0.3882
ww_band,ww_band,0.040373705,0.388
ww_band,ww_band,0.0403789,0.3878
ww_band,ww_band,0.040387873,0.3876
ww_band,ww_band,0.040392153,0.3874
ww_band,ww_band,0.040399563,0.3872
ww_band,ww_band,0.04040312,0.387
ww_band,ww_band,0.040405463,0.3868
ww_band,ww_band,0.04040734,0.3866
ww_band,ww_band,0.040414203,0.3864
ww_band,ww_band,0.040418696,0.3862
ww_band,ww_band,0.040420778,0.386
ww_band,ww_band,0.04042687,0.3858
ww_band,ww_band,0.040434062,0.3856
ww_band,ww_band,0.04043589,0.3854
ww_band,ww_band,0.040440608,0.3852
ww_band,ww_band,0.040445156,0.385
ww_band,ww_band,0.04044842,0.3848
ww_band,ww_band,0.040449135,0.3846
ww_band,ww_band,0.040454473,0.3844
ww_band,ww_band,0.040460583,0.3842
ww_band,ww_band,0.040462915,0.384
ww_band,ww_band,0.040469937,0.3838
ww_band,ww_band,0.040476266,0.3836
ww_band,ww_band,0.04048089,0.3834
ww_band,ww_band,0.040484272,0.3832
ww_band,ww_band,0.040486604,0.383
ww_band,ww_band,0.04049211,0.3828
ww_band,ww_band,0.04049585,0.3826
ww_band,ww_band,0.040498365,0.3824
ww_band,ww_band,0.0405027,0.3822
ww_band,ww_band,0.04051089,0.382
ww_band,ww_band,0.040512837,0.3818
ww_band,ww_band,0.04051827,0.3816
ww_band,ww_band,0.040520135,0.3814
ww_band,ww_band,0.04052447,0.3812
ww_band,ww_band,0.040531136,0.381
ww_band,ww_band,0.040532406,0.3808
ww_band,ww_band,0.040541645,0.3806
ww_band,ww_band,0.040547,0.3804
ww_band,ww_band,0.040556937,0.3802
ww_band,ww_band,0.04056187,0.38
ww_band,ww_band,0.040569082,0.3798
ww_band,ww_band,0.04057564,0.3796
ww_band,ww_band,0.040580932,0.3794
ww_band,ww_band,0.04058247,0.3792
ww_band,ww_band,0.040587816,0.379
ww_band,ww_band,0.040594593,0.3788
ww_band,ww_band,0.040599898,0.3786
ww_band,ww_band,0.040608812,0.3784
ww_band,ww_band,0.040612113,0.3782
ww_band,ww_band,0.040620297,0.378
ww_band,ww_band,0.040627785,0.3778
ww_band,ww_band,0.040630452,0.3776
ww_band,ww_band,0.040636294,0.3774
ww_band,ww_band,0.040641192,0.3772
ww_band,ww_band,0.04064637,0.377
ww_band,ww_band,0.040649015,0.3768
ww_band,ww_band,0.04065313,0.3766
ww_band,ww_band,0.040655438,0.3764
ww_band,ww_band,0.040658846,0.3762
ww_band,ww_band,0.040662203,0.376
ww_band,ww_band,0.040663704,0.3758
ww_band,ww_band,0.0406718,0.3756
ww_band,ww_band,0.04067425,0.3754
ww_band,ww_band,0.04067973,0.3752
ww_band,ww_band,0.040688068,0.375
ww_band,ww_band,0.040691692,0.3748
ww_band,ww_band,0.04070187,0.3746
ww_band,ww_band,0.040708095,0.3744
ww_band,ww_band,0.040716656,0.3742
ww_band,ww_band,0.040719528,0.374
ww_band,ww_band,0.040721804,0.3738
ww_band,ww_band,0.040726252,0.3736
ww_band,ww_band,0.040733356,0.3734
ww_band,ww_band,0.04073819,0.3732
ww_band,ww_band,0.040742956,0.373
ww_band,ww_band,0.040747907,0.3728
ww_band,ww_band,0.040749427,0.3726
ww_band,ww_band,0.04075451,0.3724
ww_band,ww_band,0.040759288,0.3722
ww_band,ww_band,0.040773388,0.372
ww_band,ww_band,0.040779434,0.3718
ww_band,ww_band,0.040790886,0.3716
ww_band,ww_band,0.040811274,0.3714
ww_band,ww_band,0.040815786,0.3712
ww_band,ww_band,0.040820006,0.371
ww_band,ww_band,0.04082838,0.3708
ww_band,ww_band,0.040830187,0.3706
ww_band,ww_band,0.040832333,0.3704
ww_band,ww_band,0.040837567,0.3702
ww_band,ww_band,0.040847607,0.37
ww_band,ww_band,0.040850833,0.3698
ww_band,ww_band,0.040854406,0.3696
ww_band,ww_band,0.04086025,0.3694
ww_band,ww_band,0.040862795,0.3692
ww_band,ww_band,0.040870428,0.369
ww_band,ww_band,0.04087443,0.3688
ww_band,ww_band,0.040876847,0.3686
ww_band,ww_band,0.040881235,0.3684
ww_band,ww_band,0.040886626,0.3682
ww_band,ww_band,0.040901255,0.368
ww_band,ww_band,0.040907923,0.3678
ww_band,ww_band,0.04091163,0.3676
ww_band,ww_band,0.040916525,0.3674
ww_band,ww_band,0.04092016,0.3672
ww_band,ww_band,0.04092385,0.367
ww_band,ww_band,0.04093239,0.3668
ww_band,ww_band,0.040936567,0.3666
ww_band,ww_band,0.04094345,0.3664
ww_band,ww_band,0.040952366,0.3662
ww_band,ww_band,0.040960964,0.366
ww_band,ww_band,0.04096577,0.3658
ww_band,ww_band,0.04097342,0.3656
ww_band,ww_band,0.04098047,0.3654
ww_band,ww_band,0.04098663,0.3652
ww_band,ww_band,0.040991876,0.365
ww_band,ww_band,0.040997546,0.3648
ww_band,ww_band,0.041001946,0.3646
ww_band,ww_band,0.041013356,0.3644
ww_band,ww_band,0.04101659,0.3642
ww_band,ww_band,0.04101903,0.364
ww_band,ww_band,0.04102356,0.3638
ww_band,ww_band,0.041027218,0.3636
ww_band,ww_band,0.04102851,0.3634
ww_band,ww_band,0.04103712,0.3632
ww_band,ww_band,0.041042298,0.363
ww_band,ww_band,0.04104785,0.3628
ww_band,ww_band,0.04105159,0.3626
ww_band,ww_band,0.041054353,0.3624
ww_band,ww_band,0.041057944,0.3622
ww_band,ww_band,0.041066583,0.362
ww_band,ww_band,0.041081775,0.3618
ww_band,ww_band,0.041086756,0.3616
ww_band,ww_band,0.041097317,0.3614
ww_band,ww_band,0.041103322,0.3612
ww_band,ww_band,0.041107155,0.361
ww_band,ww_band,0.04111074,0.3608
ww_band,ww_band,0.04111849,0.3606
ww_band,ww_band,0.04112202,0.3604
ww_band,ww_band,0.041129332,0.3602
ww_band,ww_band,0.041135527,0.36
ww_band,ww_band,0.04114405,0.3598
ww_band,ww_band,0.041147,0.3596
ww_band,ww_band,0.0411522,0.3594
ww_band,ww_band,0.041156188,0.3592
ww_band,ww_band,0.041159406,0.359
ww_band,ww_band,0.041164942,0.3588
ww_band,ww_band,0.041167166,0.3586
ww_band,ww_band,0.041177876,0.3584
ww_band,ww_band,0.041181114,0.3582
ww_band,ww_band,0.041190676,0.358
ww_band,ww_band,0.04119457,0.3578
ww_band,ww_band,0.041199796,0.3576
ww_band,ww_band,0.041202564,0.3574
ww_band,ww_band,0.041209176,0.3572
ww_band,ww_band,0.041217912,0.357
ww_band,ww_band,0.04122327,0.3568
ww_band,ww_band,0.04122969,0.3566
ww_band,ww_band,0.04123722,0.3564
ww_band,ww_band,0.04124651,0.3562
ww_band,ww_band,0.041256163,0.356
ww_band,ww_band,0.041269965,0.3558
ww_band,ww_band,0.041276187,0.3556
ww_band,ww_band,0.041284632,0.3554
ww_band,ww_band,0.04128815,0.3552
ww_band,ww_band,0.041290484,0.355
ww_band,ww_band,0.041291505,0.3548
ww_band,ww_band,0.041293543,0.3546
ww_band,ww_band,0.041297067,0.3544
ww_band,ww_band,0.04129924,0.3542
ww_band,ww_band,0.041304097,0.354
ww_band,ww_band,0.041307136,0.3538
ww_band,ww_band,0.04131439,0.3536
ww_band,ww_band,0.04131533,0.3534
ww_band,ww_band,0.041318078,0.3532
ww_band,ww_band,0.041323777,0.353
ww_band,ww_band,0.041329704,0.3528
ww_band,ww_band,0.041339487,0.3526
ww_band,ww_band,0.041345254,0.3524
ww_band,ww_band,0.041347105,0.3522
ww_band,ww_band,0.04135636,0.352
ww_band,ww_band,0.041358683,0.3518
ww_band,ww_band,0.04136625,0.3516
ww_band,ww_band,0.0413712,0.3514
ww_band,ww_band,0.04137757,0.3512
ww_band,ww_band,0.04138801,0.351
ww_band,ww_band,0.041396193,0.3508
ww_band,ww_band,0.04139977,0.3506
ww_band,ww_band,0.041409664,0.3504
ww_band,ww_band,0.041412413,0.3502
ww_band,ww_band,0.041421313,0.35
ww_band,ww_band,0.041428,0.3498
ww_band,ww_band,0.0414376,0.3496
ww_band,ww_band,0.041445803,0.3494
ww_band,ww_band,0.041449487,0.3492
ww_band,ww_band,0.041456517,0.349
ww_band,ww_band,0.04146356,0.3488
ww_band,ww_band,0.041466005,0.3486
ww_band,ww_band,0.041470308,0.3484
ww_band,ww_band,0.041474637,0.3482
ww_band,ww_band,0.041480284,0.348
ww_band,ww_band,0.041481856,0.3478
ww_band,ww_band,0.04148704,0.3476
ww_band,ww_band,0.041496065,0.3474
ww_band,ww_band,0.04150082,0.3472
ww_band,ww_band,0.041507803,0.347
ww_band,ww_band,0.041518886,0.3468
ww_band,ww_band,0.04152665,0.3466
ww_band,ww_band,0.041533,0.3464
ww_band,ww_band,0.0415364,0.3462
ww_band,ww_band,0.041540165,0.346
ww_band,ww_band,0.041545175,0.3458
ww_band,ww_band,0.041548815,0.3456
ww_band,ww_band,0.041554827,0.3454
ww_band,ww_band,0.041558888,0.3452
ww_band,ww_band,0.041568216,0.345
ww_band,ww_band,0.041576616,0.3448
ww_band,ww_band,0.041586712,0.3446
ww_band,ww_band,0.041597143,0.3444
ww_band,ww_band,0.04160094,0.3442
ww_band,ww_band,0.041606165,0.344
ww_band,ww_band,0.04161816,0.3438
ww_band,ww_band,0.041623875,0.3436
ww_band,ww_band,0.041629273,0.3434
ww_band,ww_band,0.041633017,0.3432
ww_band,ww_band,0.041637797,0.343
ww_band,ww_band,0.041643728,0.3428
ww_band,ww_band,0.041650895,0.3426
ww_band,ww_band,0.04165533,0.3424
ww_band,ww_band,0.041664436,0.3422
ww_band,ww_band,0.041666716,0.342
ww_band,ww_band,0.041671176,0.3418
ww_band,ww_band,0.041681275,0.3416
ww_band,ww_band,0.04169313,0.3414
ww_band,ww_band,0.041696005,0.3412
ww_band,ww_band,0.041702177,0.341
ww_band,ww_band,0.04170553,0.3408
ww_band,ww_band,0.04170855,0.3406
ww_band,ww_band,0.041711744,0.3404
ww_band,ww_band,0.041719094,0.3402
ww_band,ww_band,0.041720856,0.34
ww_band,ww_band,0.041724842,0.3398
ww_band,ww_band,0.041729413,0.3396
ww_band,ww_band,0.04173497,0.3394
ww_band,ww_band,0.0417435,0.3392
ww_band,ww_band,0.041751552,0.339
ww_band,ww_band,0.04175742,0.3388
ww_band,ww_band,0.04177372,0.3386
ww_band,ww_band,0.04178184,0.3384
ww_band,ww_band,0.041786328,0.3382
ww_band,ww_band,0.04178998,0.338
ww_band,ww_band,0.041792344,0.3378
ww_band,ww_band,0.041804463,0.3376
ww_band,ww_band,0.041808873,0.3374
ww_band,ww_band,0.041813202,0.3372
ww_band,ww_band,0.041826233,0.337
ww_band,ww_band,0.041836847,0.3368
ww_band,ww_band,0.04184453,0.3366
ww_band,ww_band,0.041848447,0.3364
ww_band,ww_band,0.041851573,0.3362
ww_band,ww_band,0.041858282,0.336
ww_band,ww_band,0.04186175,0.3358
ww_band,ww_band,0.041866172,0.3356
ww_band,ww_band,0.041873362,0.3354
ww_band,ww_band,0.04188568,0.3352
ww_band,ww_band,0.04188682,0.335
ww_band,ww_band,0.041894976,0.3348
ww_band,ww_band,0.04190326,0.3346
ww_band,ww_band,0.041906536,0.3344
ww_band,ww_band,0.041914012,0.3342
ww_band,ww_band,0.04191762,0.334
ww_band,ww_band,0.041922163,0.3338
ww_band,ww_band,0.041926198,0.3336
ww_band,ww_band,0.041933287,0.3334
ww_band,ww_band,0.04193911,0.3332
ww_band,ww_band,0.041949145,0.333
ww_band,ww_band,0.041953783,0.3328
ww_band,ww_band,0.041961953,0.3326
ww_band,ww_band,0.041963875,0.3324
ww_band,ww_band,0.0419653,0.3322
ww_band,ww_band,0.04197199,0.332
ww_band,ww_band,0.041977026,0.3318
ww_band,ww_band,0.04198119,0.3316
ww_band,ww_band,0.041985244,0.3314
ww_band,ww_band,0.04198965,0.3312
ww_band,ww_band,0.041995022,0.331
ww_band,ww_band,0.04200705,0.3308
ww_band,ww_band,0.04201142,0.3306
ww_band,ww_band,0.042022306,0.3304
ww_band,ww_band,0.042025473,0.3302
ww_band,ww_band,0.042028677,0.33
ww_band,ww_band,0.042034004,0.3298
ww_band,ww_band,0.0420396,0.3296
ww_band,ww_band,0.042043474,0.3294
ww_band,ww_band,0.042053655,0.3292
ww_band,ww_band,0.04205974,0.329
ww_band,ww_band,0.042064168,0.3288
ww_band,ww_band,0.042067423,0.3286
ww_band,ww_band,0.042074386,0.3284
ww_band,ww_band,0.04207724,0.3282
ww_band,ww_band,0.04208268,0.328
ww_band,ww_band,0.042090308,0.3278
ww_band,ww_band,0.04209898,0.3276
ww_band,ww_band,0.042105168,0.3274
ww_band,ww_band,0.042108648,0.3272
ww_band,ww_band,0.04211152,0.327
ww_band,ww_band,0.042117234,0.3268
ww_band,ww_band,0.042121578,0.3266
ww_band,ww_band,0.042123903,0.3264
ww_band,ww_band,0.042129107,0.3262
ww_band,ww_band,0.042132843,0.326
ww_band,ww_band,0.04213839,0.3258
ww_band,ww_band,0.04214645,0.3256
ww_band,ww_band,0.042153373,0.3254
ww_band,ww_band,0.04215983,0.3252
ww_band,ww_band,0.04216391,0.325
ww_band,ww_band,0.042166974,0.3248
ww_band,ww_band,0.04217026,0.3246
ww_band,ww_band,0.042175435,0.3244
ww_band,ww_band,0.04218555,0.3242
ww_band,ww_band,0.04218845,0.324
ww_band,ww_band,0.042191762,0.3238
ww_band,ww_band,0.04219887,0.3236
ww_band,ww_band,0.04220441,0.3234
ww_band,ww_band,0.042207062,0.3232
ww_band,ww_band,0.042213205,0.323
ww_band,ww_band,0.042222995,0.3228
ww_band,ww_band,0.042226706,0.3226
ww_band,ww_band,0.042232208,0.3224
ww_band,ww_band,0.042237066,0.3222
ww_band,ww_band,0.04224291,0.322
ww_band,ww_band,0.042247117,0.3218
ww_band,ww_band,0.0422546,0.3216
ww_band,ww_band,0.042260338,0.3214
ww_band,ww_band,0.042268015,0.3212
ww_band,ww_band,0.042271156,0.321
ww_band,ww_band,0.042277284,0.3208
ww_band,ww_band,0.042280722,0.3206
ww_band,ww_band,0.042289678,0.3204
ww_band,ww_band,0.0422928,0.3202
ww_band,ww_band,0.04229493,0.32
ww_band,ww_band,0.04229853,0.3198
ww_band,ww_band,0.042303737,0.3196
ww_band,ww_band,0.042309854,0.3194
ww_band,ww_band,0.04231375,0.3192
ww_band,ww_band,0.042317715,0.319
ww_band,ww_band,0.04232247,0.3188
ww_band,ww_band,0.042330306,0.3186
ww_band,ww_band,0.042333607,0.3184
ww_band,ww_band,0.04234079,0.3182
ww_band,ww_band,0.04234741,0.318
ww_band,ww_band,0.042348832,0.3178
ww_band,ww_band,0.042351294,0.3176
ww_band,ww_band,0.04235379,0.3174
ww_band,ww_band,0.042358153,0.3172
ww_band,ww_band,0.042364083,0.317
ww_band,ww_band,0.042371422,0.3168
ww_band,ww_band,0.042376187,0.3166
ww_band,ww_band,0.042386748,0.3164
ww_band,ww_band,0.04239181,0.3162
ww_band,ww_band,0.042395193,0.316
ww_band,ww_band,0.04240116,0.3158
ww_band,ww_band,0.04240758,0.3156
ww_band,ww_band,0.042413462,0.3154
ww_band,ww_band,0.042419728,0.3152
ww_band,ww_band,0.04242805,0.315
ww_band,ww_band,0.04243461,0.3148
ww_band,ww_band,0.042438667,0.3146
ww_band,ww_band,0.042442895,0.3144
ww_band,ww_band,0.042447977,0.3142
ww_band,ww_band,0.042449977,0.314
ww_band,ww_band,0.04245273,0.3138
ww_band,ww_band,0.04245517,0.3136
ww_band,ww_band,0.04246238,0.3134
ww_band,ww_band,0.042465504,0.3132
ww_band,ww_band,0.042468816,0.313
ww_band,ww_band,0.042471398,0.3128
ww_band,ww_band,0.04247418,0.3126
ww_band,ww_band,0.042477418,0.3124
ww_band,ww_band,0.042485453,0.3122
ww_band,ww_band,0.042492464,0.312
ww_band,ww_band,0.04249698,0.3118
ww_band,ww_band,0.04250742,0.3116
ww_band,ww_band,0.04251113,0.3114
ww_band,ww_band,0.042514734,0.3112
ww_band,ww_band,0.042516865,0.311
ww_band,ww_band,0.04252673,0.3108
ww_band,ww_band,0.04253543,0.3106
ww_band,ww_band,0.04254296,0.3104
ww_band,ww_band,0.042551465,0.3102
ww_band,ww_band,0.042565912,0.31
ww_band,ww_band,0.042573463,0.3098
ww_band,ww_band,0.04257976,0.3096
ww_band,ww_band,0.042585235,0.3094
ww_band,ww_band,0.042594843,0.3092
ww_band,ww_band,0.04259697,0.309
ww_band,ww_band,0.04260327,0.3088
ww_band,ww_band,0.042608544,0.3086
ww_band,ww_band,0.042616975,0.3084
ww_band,ww_band,0.042621087,0.3082
ww_band,ww_band,0.04262543,0.308
ww_band,ww_band,0.042630706,0.3078
ww_band,ww_band,0.042640567,0.3076
ww_band,ww_band,0.042646118,0.3074
ww_band,ww_band,0.042648967,0.3072
ww_band,ww_band,0.042650662,0.307
ww_band,ww_band,0.042653047,0.3068
ww_band,ww_band,0.042659223,0.3066
ww_band,ww_band,0.04266262,0.3064
ww_band,ww_band,0.042666838,0.3062
ww_band,ww_band,0.04267162,0.306
ww_band,ww_band,0.04267321,0.3058
ww_band,ww_band,0.04267607,0.3056
ww_band,ww_band,0.042680416,0.3054
ww_band,ww_band,0.04268339,0.3052
ww_band,ww_band,0.042689644,0.305
ww_band,ww_band,0.042691324,0.3048
ww_band,ww_band,0.04269492,0.3046
ww_band,ww_band,0.042706072,0.3044
ww_band,ww_band,0.042712085,0.3042
ww_band,ww_band,0.042718884,0.304
ww_band,ww_band,0.042721014,0.3038
ww_band,ww_band,0.042724233,0.3036
ww_band,ww_band,0.042730946,0.3034
ww_band,ww_band,0.042735662,0.3032
ww_band,ww_band,0.04274151,0.303
ww_band,ww_band,0.04274833,0.3028
ww_band,ww_band,0.04275091,0.3026
ww_band,ww_band,0.042770382,0.3024
ww_band,ww_band,0.042777307,0.3022
ww_band,ww_band,0.04278805,0.302
ww_band,ww_band,0.04279078,0.3018
ww_band,ww_band,0.04279713,0.3016
ww_band,ww_band,0.042805117,0.3014
ww_band,ww_band,0.042809296,0.3012
ww_band,ww_band,0.042813998,0.301
ww_band,ww_band,0.042817935,0.3008
ww_band,ww_band,0.042822503,0.3006
ww_band,ww_band,0.042833105,0.3004
ww_band,ww_band,0.042838063,0.3002
ww_band,ww_band,0.04284467,0.3
ww_band,ww_band,0.04285044,0.2998
ww_band,ww_band,0.04285684,0.2996
ww_band,ww_band,0.04286747,0.2994
ww_band,ww_band,0.04287383,0.2992
ww_band,ww_band,0.042878494,0.299
ww_band,ww_band,0.042884152,0.2988
ww_band,ww_band,0.04288906,0.2986
ww_band,ww_band,0.042895768,0.2984
ww_band,ww_band,0.042897914,0.2982
ww_band,ww_band,0.042901263,0.298
ww_band,ww_band,0.042913605,0.2978
ww_band,ww_band,0.04291819,0.2976
ww_band,ww_band,0.042921674,0.2974
ww_band,ww_band,0.042923573,0.2972
ww_band,ww_band,0.042926103,0.297
ww_band,ww_band,0.042930417,0.2968
ww_band,ww_band,0.042939305,0.2966
ww_band,ww_band,0.04294166,0.2964
ww_band,ww_band,0.042942926,0.2962
ww_band,ww_band,0.042950768,0.296
ww_band,ww_band,0.04295704,0.2958
ww_band,ww_band,0.042963035,0.2956
ww_band,ww_band,0.042966545,0.2954
ww_band,ww_band,0.042972017,0.2952
ww_band,ww_band,0.04297756,0.295
ww_band,ww_band,0.04298504,0.2948
ww_band,ww_band,0.04299066,0.2946
ww_band,ww_band,0.042999156,0.2944
ww_band,ww_band,0.04300841,0.2942
ww_band,ww_band,0.04301319,0.294
ww_band,ww_band,0.04301942,0.2938
ww_band,ww_band,0.043029156,0.2936
ww_band,ww_band,0.043033037,0.2934
ww_band,ww_band,0.0430442,0.2932
ww_band,ww_band,0.043048065,0.293
ww_band,ww_band,0.043051023,0.2928
ww_band,ww_band,0.043058563,0.2926
ww_band,ww_band,0.043062974,0.2924
ww_band,ww_band,0.043068383,0.2922
ww_band,ww_band,0.043076802,0.292
ww_band,ww_band,0.043079805,0.2918
ww_band,ww_band,0.04308404,0.2916
ww_band,ww_band,0.043094467,0.2914
ww_band,ww_band,0.04309701,0.2912
ww_band,ww_band,0.0431021,0.291
ww_band,ww_band,0.043109007,0.2908
ww_band,ww_band,0.043116532,0.2906
ww_band,ww_band,0.04312063,0.2904
ww_band,ww_band,0.043123093,0.2902
ww_band,ww_band,0.043127604,0.29
ww_band,ww_band,0.043130662,0.2898
ww_band,ww_band,0.04314228,0.2896
ww_band,ww_band,0.043148324,0.2894
ww_band,ww_band,0.043150824,0.2892
ww_band,ww_band,0.043155327,0.289
ww_band,ww_band,0.043159466,0.2888
ww_band,ww_band,0.04316645,0.2886
ww_band,ww_band,0.043178435,0.2884
ww_band,ww_band,0.043180138,0.2882
ww_band,ww_band,0.04318647,0.288
ww_band,ww_band,0.043191396,0.2878
ww_band,ww_band,0.043199457,0.2876
ww_band,ww_band,0.04320849,0.2874
ww_band,ww_band,0.043211844,0.2872
ww_band,ww_band,0.043215133,0.287
ww_band,ww_band,0.04322275,0.2868
ww_band,ww_band,0.043226708,0.2866
ww_band,ww_band,0.043232173,0.2864
ww_band,ww_band,0.043237586,0.2862
ww_band,ww_band,0.043242417,0.286
ww_band,ww_band,0.04324899,0.2858
ww_band,ww_band,0.04325419,0.2856
ww_band,ww_band,0.043266434,0.2854
ww_band,ww_band,0.043276317,0.2852
ww_band,ww_band,0.043282535,0.285
ww_band,ww_band,0.043286372,0.2848
ww_band,ww_band,0.043294314,0.2846
ww_band,ww_band,0.043302126,0.2844
ww_band,ww_band,0.04330574,0.2842
ww_band,ww_band,0.043311972,0.284
ww_band,ww_band,0.04331687,0.2838
ww_band,ww_band,0.043325048,0.2836
ww_band,ww_band,0.04332941,0.2834
ww_band,ww_band,0.043334007,0.2832
ww_band,ww_band,0.0433405,0.283
ww_band,ww_band,0.043345165,0.2828
ww_band,ww_band,0.043347515,0.2826
ww_band,ww_band,0.043350216,0.2824
ww_band,ww_band,0.043352596,0.2822
ww_band,ww_band,0.04336065,0.282
ww_band,ww_band,0.043368306,0.2818
ww_band,ww_band,0.04338124,0.2816
ww_band,ww_band,0.043382645,0.2814
ww_band,ww_band,0.04339177,0.2812
ww_band,ww_band,0.04339699,0.281
ww_band,ww_band,0.043409485,0.2808
ww_band,ww_band,0.043416023,0.2806
ww_band,ww_band,0.04342235,0.2804
ww_band,ww_band,0.04342532,0.2802
ww_band,ww_band,0.0434319,0.28
ww_band,ww_band,0.043435417,0.2798
ww_band,ww_band,0.043443274,0.2796
ww_band,ww_band,0.043447237,0.2794
ww_band,ww_band,0.043458953,0.2792
ww_band,ww_band,0.043466408,0.279
ww_band,ww_band,0.043468494,0.2788
ww_band,ww_band,0.043473892,0.2786
ww_band,ww_band,0.04348139,0.2784
ww_band,ww_band,0.043489654,0.2782
ww_band,ww_band,0.043494616,0.278
ww_band,ww_band,0.04350503,0.2778
ww_band,ww_band,0.04351911,0.2776
ww_band,ww_band,0.0435261,0.2774
ww_band,ww_band,0.043528598,0.2772
ww_band,ww_band,0.04353329,0.277
ww_band,ww_band,0.043540098,0.2768
ww_band,ww_band,0.043545015,0.2766
ww_band,ww_band,0.043549974,0.2764
ww_band,ww_band,0.043554474,0.2762
ww_band,ww_band,0.043560185,0.276
ww_band,ww_band,0.043564755,0.2758
ww_band,ww_band,0.043571476,0.2756
ww_band,ww_band,0.043575406,0.2754
ww_band,ww_band,0.043582793,0.2752
ww_band,ww_band,0.04358878,0.275
ww_band,ww_band,0.043598376,0.2748
ww_band,ww_band,0.043604195,0.2746
ww_band,ww_band,0.04361109,0.2744
ww_band,ww_band,0.043623503,0.2742
ww_band,ww_band,0.04363409,0.274
ww_band,ww_band,0.043637875,0.2738
ww_band,ww_band,0.04364493,0.2736
ww_band,ww_band,0.04364798,0.2734
ww_band,ww_band,0.04365881,0.2732
ww_band,ww_band,0.043666635,0.273
ww_band,ww_band,0.04367213,0.2728
ww_band,ww_band,0.043683004,0.2726
ww_band,ww_band,0.043691162,0.2724
ww_band,ww_band,0.043694347,0.2722
ww_band,ww_band,0.043698993,0.272
ww_band,ww_band,0.04370306,0.2718
ww_band,ww_band,0.043715917,0.2716
ww_band,ww_band,0.04372163,0.2714
ww_band,ww_band,0.043730635,0.2712
ww_band,ww_band,0.04373777,0.271
ww_band,ww_band,0.043744456,0.2708
ww_band,ww_band,0.0437588,0.2706
ww_band,ww_band,0.043773644,0.2704
ww_band,ww_band,0.043780446,0.2702
ww_band,ww_band,0.04378546,0.27
ww_band,ww_band,0.043799076,0.2698
ww_band,ww_band,0.043807533,0.2696
ww_band,ww_band,0.043811183,0.2694
ww_band,ww_band,0.043815598,0.2692
ww_band,ww_band,0.043824248,0.269
ww_band,ww_band,0.043827694,0.2688
ww_band,ww_band,0.043829955,0.2686
ww_band,ww_band,0.043831322,0.2684
ww_band,ww_band,0.04384303,0.2682
ww_band,ww_band,0.04385071,0.268
ww_band,ww_band,0.04385336,0.2678
ww_band,ww_band,0.043856047,0.2676
ww_band,ww_band,0.043864608,0.2674
ww_band,ww_band,0.043867495,0.2672
ww_band,ww_band,0.043873176,0.267
ww_band,ww_band,0.043880288,0.2668
ww_band,ww_band,0.0438853,0.2666
ww_band,ww_band,0.04388752,0.2664
ww_band,ww_band,0.043891504,0.2662
ww_band,ww_band,0.043893833,0.266
ww_band,ww_band,0.043897085,0.2658
ww_band,ww_band,0.04390154,0.2656
ww_band,ww_band,0.043912116,0.2654
ww_band,ww_band,0.04391391,0.2652
ww_band,ww_band,0.04391911,0.265
ww_band,ww_band,0.04392316,0.2648
ww_band,ww_band,0.043929156,0.2646
ww_band,ww_band,0.043933082,0.2644
ww_band,ww_band,0.043936662,0.2642
ww_band,ww_band,0.04394695,0.264
ww_band,ww_band,0.043953855,0.2638
ww_band,ww_band,0.043957386,0.2636
ww_band,ww_band,0.043962423,0.2634
ww_band,ww_band,0.043966327,0.2632
ww_band,ww_band,0.043975633,0.263
ww_band,ww_band,0.04398344,0.2628
ww_band,ww_band,0.043988843,0.2626
ww_band,ww_band,0.04399394,0.2624
ww_band,ww_band,0.044004142,0.2622
ww_band,ww_band,0.044010825,0.262
ww_band,ww_band,0.04402022,0.2618
ww_band,ww_band,0.04402345,0.2616
ww_band,ww_band,0.04403411,0.2614
ww_band,ww_band,0.044037074,0.2612
ww_band,ww_band,0.04404031,0.261
ww_band,ww_band,0.044050332,0.2608
ww_band,ww_band,0.044055853,0.2606
ww_band,ww_band,0.044061553,0.2604
ww_band,ww_band,0.044068683,0.2602
ww_band,ww_band,0.044076066,0.26
ww_band,ww_band,0.044079803,0.2598
ww_band,ww_band,0.04408764,0.2596
ww_band,ww_band,0.04410027,0.2594
ww_band,ww_band,0.044103336,0.2592
ww_band,ww_band,0.044110414,0.259
ww_band,ww_band,0.044116024,0.2588
ww_band,ww_band,0.044119406,0.2586
ww_band,ww_band,0.044124268,0.2584
ww_band,ww_band,0.04413259,0.2582
ww_band,ww_band,0.044138134,0.258
ww_band,ww_band,0.04414289,0.2578
ww_band,ww_band,0.044155348,0.2576
ww_band,ww_band,0.044160124,0.2574
ww_band,ww_band,0.044165984,0.2572
ww_band,ww_band,0.04417125,0.257
ww_band,ww_band,0.04417338,0.2568
ww_band,ww_band,0.044176105,0.2566
ww_band,ww_band,0.044183746,0.2564
ww_band,ww_band,0.04419197,0.2562
ww_band,ww_band,0.04419861,0.256
ww_band,ww_band,0.044205397,0.2558
ww_band,ww_band,0.044215646,0.2556
ww_band,ww_band,0.04421895,0.2554
ww_band,ww_band,0.044224672,0.2552
ww_band,ww_band,0.044236682,0.255
ww_band,ww_band,0.044244174,0.2548
ww_band,ww_band,0.044250164,0.2546
ww_band,ww_band,0.044260483,0.2544
ww_band,ww_band,0.044262268,0.2542
ww_band,ww_band,0.04426603,0.254
ww_band,ww_band,0.044271618,0.2538
ww_band,ww_band,0.044276193,0.2536
ww_band,ww_band,0.04427995,0.2534
ww_band,ww_band,0.044292357,0.2532
ww_band,ww_band,0.044297863,0.253
ww_band,ww_band,0.044306166,0.2528
ww_band,ww_band,0.04430864,0.2526
ww_band,ww_band,0.044315707,0.2524
ww_band,ww_band,0.044324514,0.2522
ww_band,ww_band,0.04433228,0.252
ww_band,ww_band,0.04434041,0.2518
ww_band,ww_band,0.04434344,0.2516
ww_band,ww_band,0.04434495,0.2514
ww_band,ww_band,0.0443471,0.2512
ww_band,ww_band,0.044355303,0.251
ww_band,ww_band,0.0443624,0.2508
ww_band,ww_band,0.0443702,0.2506
ww_band,ww_band,0.04437321,0.2504
ww_band,ww_band,0.04437686,0.2502
ww_band,ww_band,0.04438224,0.25
ww_band,ww_band,0.044397756,0.2498
ww_band,ww_band,0.04439946,0.2496
ww_band,ww_band,0.044405915,0.2494
ww_band,ww_band,0.04441182,0.2492
ww_band,ww_band,0.044416346,0.249
ww_band,ww_band,0.044419724,0.2488
ww_band,ww_band,0.044425186,0.2486
ww_band,ww_band,0.0444288,0.2484
ww_band,ww_band,0.044437084,0.2482
ww_band,ww_band,0.0444492,0.248
ww_band,ww_band,0.04446108,0.2478
ww_band,ww_band,0.04446714,0.2476
ww_band,ww_band,0.04447881,0.2474
ww_band,ww_band,0.04448298,0.2472
ww_band,ww_band,0.044487488,0.247
ww_band,ww_band,0.044503737,0.2468
ww_band,ww_band,0.044508033,0.2466
ww_band,ww_band,0.044517156,0.2464
ww_band,ww_band,0.04452545,0.2462
ww_band,ww_band,0.04453111,0.246
ww_band,ww_band,0.044538084,0.2458
ww_band,ww_band,0.044549026,0.2456
ww_band,ww_band,0.044552874,0.2454
ww_band,ww_band,0.044558275,0.2452
ww_band,ww_band,0.044565678,0.245
ww_band,ww_band,0.044572093,0.2448
ww_band,ww_band,0.04457578,0.2446
ww_band,ww_band,0.0445792,0.2444
ww_band,ww_band,0.044581994,0.2442
ww_band,ww_band,0.044590298,0.244
ww_band,ww_band,0.04459868,0.2438
ww_band,ww_band,0.044610195,0.2436
ww_band,ww_band,0.04461842,0.2434
ww_band,ww_band,0.04463251,0.2432
ww_band,ww_band,0.044649884,0.243
ww_band,ww_band,0.044652734,0.2428
ww_band,ww_band,0.044662543,0.2426
ww_band,ww_band,0.044669464,0.2424
ww_band,ww_band,0.044679392,0.2422
ww_band,ww_band,0.04468832,0.242
ww_band,ww_band,0.044689387,0.2418
ww_band,ww_band,0.044697277,0.2416
ww_band,ww_band,0.044709187,0.2414
ww_band,ww_band,0.044717766,0.2412
ww_band,ww_band,0.04472796,0.241
ww_band,ww_band,0.044731416,0.2408
ww_band,ww_band,0.04474331,0.2406
ww_band,ww_band,0.044746317,0.2404
ww_band,ww_band,0.044757858,0.2402
ww_band,ww_band,0.044761952,0.24
ww_band,ww_band,0.04476651,0.2398
ww_band,ww_band,0.044775825,0.2396
ww_band,ww_band,0.044782642,0.2394
ww_band,ww_band,0.044786945,0.2392
ww_band,ww_band,0.04479112,0.239
ww_band,ww_band,0.044799153,0.2388
ww_band,ww_band,0.04480509,0.2386
ww_band,ww_band,0.044815235,0.2384
ww_band,ww_band,0.044819426,0.2382
ww_band,ww_band,0.044821575,0.238
ww_band,ww_band,0.0448254,0.2378
ww_band,ww_band,0.04483187,0.2376
ww_band,ww_band,0.044839617,0.2374
ww_band,ww_band,0.044849426,0.2372
ww_band,ww_band,0.04485453,0.237
ww_band,ww_band,0.044860218,0.2368
ww_band,ww_band,0.044867054,0.2366
ww_band,ww_band,0.044875164,0.2364
ww_band,ww_band,0.044880148,0.2362
ww_band,ww_band,0.044888355,0.236
ww_band,ww_band,0.04489523,0.2358
ww_band,ww_band,0.04490194,0.2356
ww_band,ww_band,0.044907972,0.2354
ww_band,ww_band,0.044909805,0.2352
ww_band,ww_band,0.04491556,0.235
ww_band,ww_band,0.04492221,0.2348
ww_band,ww_band,0.044928044,0.2346
ww_band,ww_band,0.04493277,0.2344
ww_band,ww_band,0.044935293,0.2342
ww_band,ww_band,0.044939496,0.234
ww_band,ww_band,0.044943266,0.2338
ww_band,ww_band,0.044948515,0.2336
ww_band,ww_band,0.044957135,0.2334
ww_band,ww_band,0.04496558,0.2332
ww_band,ww_band,0.04497926,0.233
ww_band,ww_band,0.044982683,0.2328
ww_band,ww_band,0.04498761,0.2326
ww_band,ww_band,0.044998065,0.2324
ww_band,ww_band,0.045006763,0.2322
ww_band,ww_band,0.045014117,0.232
ww_band,ww_band,0.04502133,0.2318
ww_band,ww_band,0.045024376,0.2316
ww_band,ww_band,0.045032088,0.2314
ww_band,ww_band,0.045038037,0.2312
ww_band,ww_band,0.045040485,0.231
ww_band,ww_band,0.045045953,0.2308
ww_band,ww_band,0.045051508,0.2306
ww_band,ww_band,0.0450542,0.2304
ww_band,ww_band,0.045061592,0.2302
ww_band,ww_band,0.04506424,0.23
ww_band,ww_band,0.04507344,0.2298
ww_band,ww_band,0.04508277,0.2296
ww_band,ww_band,0.045089632,0.2294
ww_band,ww_band,0.045097,0.2292
ww_band,ww_band,0.04510032,0.229
ww_band,ww_band,0.045105223,0.2288
ww_band,ww_band,0.04510954,0.2286
ww_band,ww_band,0.045115836,0.2284
ww_band,ww_band,0.045120053,0.2282
ww_band,ww_band,0.045123722,0.228
ww_band,ww_band,0.045129288,0.2278
ww_band,ww_band,0.045134183,0.2276
ww_band,ww_band,0.045137756,0.2274
ww_band,ww_band,0.04515026,0.2272
ww_band,ww_band,0.0451534,0.227
ww_band,ww_band,0.045167673,0.2268
ww_band,ww_band,0.045178287,0.2266
ww_band,ww_band,0.04518158,0.2264
ww_band,ww_band,0.045187037,0.2262
ww_band,ww_band,0.04519476,0.226
ww_band,ww_band,0.04520194,0.2258
ww_band,ww_band,0.045207378,0.2256
ww_band,ww_band,0.0452105,0.2254
ww_band,ww_band,0.04521616,0.2252
ww_band,ww_band,0.045220844,0.225
ww_band,ww_band,0.04522327,0.2248
ww_band,ww_band,0.045235544,0.2246
ww_band,ww_band,0.04524185,0.2244
ww_band,ww_band,0.045252107,0.2242
ww_band,ww_band,0.045263737,0.224
ww_band,ww_band,0.045269605,0.2238
ww_band,ww_band,0.045278102,0.2236
ww_band,ww_band,0.045282062,0.2234
ww_band,ww_band,0.045292147,0.2232
ww_band,ww_band,0.045299206,0.223
ww_band,ww_band,0.04530648,0.2228
ww_band,ww_band,0.045321207,0.2226
ww_band,ww_band,0.045330808,0.2224
ww_band,ww_band,0.04533779,0.2222
ww_band,ww_band,0.045340616,0.222
ww_band,ww_band,0.04534848,0.2218
ww_band,ww_band,0.045353536,0.2216
ww_band,ww_band,0.04535842,0.2214
ww_band,ww_band,0.045365334,0.2212
ww_band,ww_band,0.04537387,0.221
ww_band,ww_band,0.045382798,0.2208
ww_band,ww_band,0.045391664,0.2206
ww_band,ww_band,0.045397993,0.2204
ww_band,ww_band,0.045405768,0.2202
ww_band,ww_band,0.045415886,0.22
ww_band,ww_band,0.045417845,0.2198
ww_band,ww_band,0.045428377,0.2196
ww_band,ww_band,0.04543993,0.2194
ww_band,ww_band,0.045449372,0.2192
ww_band,ww_band,0.045455687,0.219
ww_band,ww_band,0.04546427,0.2188
ww_band,ww_band,0.04546875,0.2186
ww_band,ww_band,0.045471564,0.2184
ww_band,ww_band,0.045483936,0.2182
ww_band,ww_band,0.045490522,0.218
ww_band,ww_band,0.04549674,0.2178
ww_band,ww_band,0.045501,0.2176
ww_band,ww_band,0.045507893,0.2174
ww_band,ww_band,0.045512047,0.2172
ww_band,ww_band,0.045515765,0.217
ww_band,ww_band,0.04552438,0.2168
ww_band,ww_band,0.045527205,0.2166
ww_band,ww_band,0.04552933,0.2164
ww_band,ww_band,0.045534648,0.2162
ww_band,ww_band,0.045543555,0.216
ww_band,ww_band,0.045547295,0.2158
ww_band,ww_band,0.045553673,0.2156
ww_band,ww_band,0.04555471,0.2154
ww_band,ww_band,0.045561895,0.2152
ww_band,ww_band,0.0455671,0.215
ww_band,ww_band,0.045569435,0.2148
ww_band,ww_band,0.045572903,0.2146
ww_band,ww_band,0.04557782,0.2144
ww_band,ww_band,0.045594182,0.2142
ww_band,ww_band,0.04560243,0.214
ww_band,ww_band,0.045607578,0.2138
ww_band,ww_band,0.045615636,0.2136
ww_band,ww_band,0.04562567,0.2134
ww_band,ww_band,0.045637112,0.2132
ww_band,ww_band,0.045643464,0.213
ww_band,ww_band,0.04565494,0.2128
ww_band,ww_band,0.04565678,0.2126
ww_band,ww_band,0.04565974,0.2124
ww_band,ww_band,0.045669094,0.2122
ww_band,ww_band,0.045681126,0.212
ww_band,ww_band,0.045684163,0.2118
ww_band,ww_band,0.045690842,0.2116
ww_band,ww_band,0.045695294,0.2114
ww_band,ww_band,0.045698825,0.2112
ww_band,ww_band,0.045705173,0.211
ww_band,ww_band,0.04571119,0.2108
ww_band,ww_band,0.045713387,0.2106
ww_band,ww_band,0.045720886,0.2104
ww_band,ww_band,0.045725342,0.2102
ww_band,ww_band,0.04574635,0.21
ww_band,ww_band,0.04575601,0.2098
ww_band,ww_band,0.045771256,0.2096
ww_band,ww_band,0.04577689,0.2094
ww_band,ww_band,0.04578028,0.2092
ww_band,ww_band,0.045791466,0.209
ww_band,ww_band,0.04580829,0.2088
ww_band,ww_band,0.045818567,0.2086
ww_band,ww_band,0.045823682,0.2084
ww_band,ww_band,0.045834556,0.2082
ww_band,ww_band,0.045848683,0.208
ww_band,ww_band,0.04585319,0.2078
ww_band,ww_band,0.045859814,0.2076
ww_band,ww_band,0.045872927,0.2074
ww_band,ww_band,0.04587784,0.2072
ww_band,ww_band,0.045881465,0.207
ww_band,ww_band,0.045895427,0.2068
ww_band,ww_band,0.045898028,0.2066
ww_band,ww_band,0.045913488,0.2064
ww_band,ww_band,0.045919,0.2062
ww_band,ww_band,0.045934815,0.206
ww_band,ww_band,0.045947973,0.2058
ww_band,ww_band,0.04595667,0.2056
ww_band,ww_band,0.045966774,0.2054
ww_band,ww_band,0.04598172,0.2052
ww_band,ww_band,0.045989506,0.205
ww_band,ww_band,0.045999393,0.2048
ww_band,ww_band,0.046005096,0.2046
ww_band,ww_band,0.046021562,0.2044
ww_band,ww_band,0.04603275,0.2042
ww_band,ww_band,0.046041872,0.204
ww_band,ww_band,0.046047106,0.2038
ww_band,ww_band,0.046056,0.2036
ww_band,ww_band,0.046063602,0.2034
ww_band,ww_band,0.046067234,0.2032
ww_band,ww_band,0.046072792,0.203
ww_band,ww_band,0.046079174,0.2028
ww_band,ww_band,0.046087615,0.2026
ww_band,ww_band,0.046095233,0.2024
ww_band,ww_band,0.046102546,0.2022
ww_band,ww_band,0.046108432,0.202
ww_band,ww_band,0.04611221,0.2018
ww_band,ww_band,0.04611641,0.2016
ww_band,ww_band,0.046126723,0.2014
ww_band,ww_band,0.04613074,0.2012
ww_band,ww_band,0.04613304,0.201
ww_band,ww_band,0.04613715,0.2008
ww_band,ww_band,0.046144836,0.2006
ww_band,ww_band,0.04615144,0.2004
ww_band,ww_band,0.04616226,0.2002
ww_band,ww_band,0.046164487,0.2
ww_band,ww_band,0.04617135,0.1998
ww_band,ww_band,0.04617634,0.1996
ww_band,ww_band,0.046182595,0.1994
ww_band,ww_band,0.046191584,0.1992
ww_band,ww_band,0.046200804,0.199
ww_band,ww_band,0.04621003,0.1988
ww_band,ww_band,0.046214834,0.1986
ww_band,ww_band,0.046218727,0.1984
ww_band,ww_band,0.046230845,0.1982
ww_band,ww_band,0.046237364,0.198
ww_band,ww_band,0.046242394,0.1978
ww_band,ww_band,0.046253912,0.1976
ww_band,ww_band,0.04626822,0.1974
ww_band,ww_band,0.04627288,0.1972
ww_band,ww_band,0.046287265,0.197
ww_band,ww_band,0.046292044,0.1968
ww_band,ww_band,0.04630129,0.1966
ww_band,ww_band,0.046306163,0.1964
ww_band,ww_band,0.046309,0.1962
ww_band,ww_band,0.04631426,0.196
ww_band,ww_band,0.046321005,0.1958
ww_band,ww_band,0.04633782,0.1956
ww_band,ww_band,0.046344787,0.1954
ww_band,ww_band,0.046356026,0.1952
ww_band,ww_band,0.046364076,0.195
ww_band,ww_band,0.04637037,0.1948
ww_band,ww_band,0.04638044,0.1946
ww_band,ww_band,0.04638541,0.1944
ww_band,ww_band,0.046390474,0.1942
ww_band,ww_band,0.04639509,0.194
ww_band,ww_band,0.046404712,0.1938
ww_band,ww_band,0.04641769,0.1936
ww_band,ww_band,0.046422604,0.1934
ww_band,ww_band,0.04642874,0.1932
ww_band,ww_band,0.046447888,0.193
ww_band,ww_band,0.046460357,0.1928
ww_band,ww_band,0.046466194,0.1926
ww_band,ww_band,0.046471052,0.1924
ww_band,ww_band,0.046476293,0.1922
ww_band,ww_band,0.046486005,0.192
ww_band,ww_band,0.046496984,0.1918
ww_band,ww_band,0.046500966,0.1916
ww_band,ww_band,0.046506546,0.1914
ww_band,ww_band,0.046513483,0.1912
ww_band,ww_band,0.04651834,0.191
ww_band,ww_band,0.046520524,0.1908
ww_band,ww_band,0.04652563,0.1906
ww_band,ww_band,0.046533104,0.1904
ww_band,ww_band,0.04654563,0.1902
ww_band,ww_band,0.04654945,0.19
ww_band,ww_band,0.04655722,0.1898
ww_band,ww_band,0.046560057,0.1896
ww_band,ww_band,0.0465635,0.1894
ww_band,ww_band,0.04657249,0.1892
ww_band,ww_band,0.046576504,0.189
ww_band,ww_band,0.046579007,0.1888
ww_band,ww_band,0.046584755,0.1886
ww_band,ww_band,0.046596605,0.1884
ww_band,ww_band,0.046606425,0.1882
ww_band,ww_band,0.046614047,0.188
ww_band,ww_band,0.04662438,0.1878
ww_band,ww_band,0.04663238,0.1876
ww_band,ww_band,0.046640456,0.1874
ww_band,ww_band,0.046644583,0.1872
ww_band,ww_band,0.04665068,0.187
ww_band,ww_band,0.04665463,0.1868
ww_band,ww_band,0.04666535,0.1866
ww_band,ww_band,0.046672504,0.1864
ww_band,ww_band,0.04668221,0.1862
ww_band,ww_band,0.046692368,0.186
ww_band,ww_band,0.046697825,0.1858
ww_band,ww_band,0.046703547,0.1856
ww_band,ww_band,0.04670922,0.1854
ww_band,ww_band,0.046719458,0.1852
ww_band,ww_band,0.04673078,0.185
ww_band,ww_band,0.04673909,0.1848
ww_band,ww_band,0.046748336,0.1846
ww_band,ww_band,0.046750467,0.1844
ww_band,ww_band,0.046755783,0.1842
ww_band,ww_band,0.046766512,0.184
ww_band,ww_band,0.04677609,0.1838
ww_band,ww_band,0.0467851,0.1836
ww_band,ww_band,0.046795182,0.1834
ww_band,ww_band,0.046806026,0.1832
ww_band,ww_band,0.046816517,0.183
ww_band,ww_band,0.046822138,0.1828
ww_band,ww_band,0.046824977,0.1826
ww_band,ww_band,0.046832766,0.1824
ww_band,ww_band,0.04684422,0.1822
ww_band,ww_band,0.046849154,0.182
ww_band,ww_band,0.046853714,0.1818
ww_band,ww_band,0.046866365,0.1816
ww_band,ww_band,0.046875514,0.1814
ww_band,ww_band,0.046882894,0.1812
ww_band,ww_band,0.04688759,0.181
ww_band,ww_band,0.046891723,0.1808
ww_band,ww_band,0.04690276,0.1806
ww_band,ww_band,0.046908036,0.1804
ww_band,ww_band,0.046918027,0.1802
ww_band,ww_band,0.04692252,0.18
ww_band,ww_band,0.046928093,0.1798
ww_band,ww_band,0.04694084,0.1796
ww_band,ww_band,0.046946086,0.1794
ww_band,ww_band,0.04694997,0.1792
ww_band,ww_band,0.046956614,0.179
ww_band,ww_band,0.04696133,0.1788
ww_band,ww_band,0.046971742,0.1786
ww_band,ww_band,0.04698614,0.1784
ww_band,ww_band,0.0469968,0.1782
ww_band,ww_band,0.04700268,0.178
ww_band,ww_band,0.047014594,0.1778
ww_band,ww_band,0.04701991,0.1776
ww_band,ww_band,0.04702479,0.1774
ww_band,ww_band,0.047030028,0.1772
ww_band,ww_band,0.047033448,0.177
ww_band,ww_band,0.047041155,0.1768
ww_band,ww_band,0.04704773,0.1766
ww_band,ww_band,0.047057863,0.1764
ww_band,ww_band,0.047065176,0.1762
ww_band,ww_band,0.047072098,0.176
ww_band,ww_band,0.047079135,0.1758
ww_band,ww_band,0.047081977,0.1756
ww_band,ww_band,0.0470863,0.1754
ww_band,ww_band,0.0470933,0.1752
ww_band,ww_band,0.047103554,0.175
ww_band,ww_band,0.04710865,0.1748
ww_band,ww_band,0.047111444,0.1746
ww_band,ww_band,0.047122862,0.1744
ww_band,ww_band,0.047127657,0.1742
ww_band,ww_band,0.047136456,0.174
ww_band,ww_band,0.047139358,0.1738
ww_band,ww_band,0.04714415,0.1736
ww_band,ww_band,0.04714973,0.1734
ww_band,ww_band,0.04715686,0.1732
ww_band,ww_band,0.047159538,0.173
ww_band,ww_band,0.04717528,0.1728
ww_band,ww_band,0.047181137,0.1726
ww_band,ww_band,0.047187306,0.1724
ww_band,ww_band,0.04719497,0.1722
ww_band,ww_band,0.047204413,0.172
ww_band,ww_band,0.047215123,0.1718
ww_band,ww_band,0.047224455,0.1716
ww_band,ww_band,0.04723293,0.1714
ww_band,ww_band,0.047249693,0.1712
ww_band,ww_band,0.047257587,0.171
ww_band,ww_band,0.047270946,0.1708
ww_band,ww_band,0.047278386,0.1706
ww_band,ww_band,0.047284093,0.1704
ww_band,ww_band,0.04728825,0.1702
ww_band,ww_band,0.04729495,0.17
ww_band,ww_band,0.047308758,0.1698
ww_band,ww_band,0.04731606,0.1696
ww_band,ww_band,0.047322903,0.1694
ww_band,ww_band,0.04733852,0.1692
ww_band,ww_band,0.0473443,0.169
ww_band,ww_band,0.047355793,0.1688
ww_band,ww_band,0.047364768,0.1686
ww_band,ww_band,0.04737909,0.1684
ww_band,ww_band,0.047383744,0.1682
ww_band,ww_band,0.0473976,0.168
ww_band,ww_band,0.047408726,0.1678
ww_band,ww_band,0.047415603,0.1676
ww_band,ww_band,0.04743201,0.1674
ww_band,ww_band,0.04743539,0.1672
ww_band,ww_band,0.047460064,0.167
ww_band,ww_band,0.04746301,0.1668
ww_band,ww_band,0.047469635,0.1666
ww_band,ww_band,0.04748324,0.1664
ww_band,ww_band,0.047488444,0.1662
ww_band,ww_band,0.047502216,0.166
ww_band,ww_band,0.04751242,0.1658
ww_band,ww_band,0.047519494,0.1656
ww_band,ww_band,0.047527455,0.1654
ww_band,ww_band,0.04753181,0.1652
ww_band,ww_band,0.047543943,0.165
ww_band,ww_band,0.047552355,0.1648
ww_band,ww_band,0.047563657,0.1646
ww_band,ww_band,0.047572672,0.1644
ww_band,ww_band,0.04758262,0.1642
ww_band,ww_band,0.047601905,0.164
ww_band,ww_band,0.04760602,0.1638
ww_band,ww_band,0.047608323,0.1636
ww_band,ww_band,0.047613844,0.1634
ww_band,ww_band,0.047620498,0.1632
ww_band,ww_band,0.04762529,0.163
ww_band,ww_band,0.04763888,0.1628
ww_band,ww_band,0.04764179,0.1626
ww_band,ww_band,0.047651142,0.1624
ww_band,ww_band,0.047659513,0.1622
ww_band,ww_band,0.04766585,0.162
ww_band,ww_band,0.047671426,0.1618
ww_band,ww_band,0.047686625,0.1616
ww_band,ww_band,0.047694232,0.1614
ww_band,ww_band,0.04770921,0.1612
ww_band,ww_band,0.047711868,0.161
ww_band,ww_band,0.047719527,0.1608
ww_band,ww_band,0.04772887,0.1606
ww_band,ww_band,0.04773814,0.1604
ww_band,ww_band,0.047747824,0.1602
ww_band,ww_band,0.047764353,0.16
ww_band,ww_band,0.047767676,0.1598
ww_band,ww_band,0.047775522,0.1596
ww_band,ww_band,0.04778337,0.1594
ww_band,ww_band,0.047800303,0.1592
ww_band,ww_band,0.047807362,0.159
ww_band,ww_band,0.047808915,0.1588
ww_band,ww_band,0.047815602,0.1586
ww_band,ww_band,0.047818307,0.1584
ww_band,ww_band,0.047822602,0.1582
ww_band,ww_band,0.047829892,0.158
ww_band,ww_band,0.04783783,0.1578
ww_band,ww_band,0.04784937,0.1576
ww_band,ww_band,0.047862675,0.1574
ww_band,ww_band,0.047866944,0.1572
ww_band,ww_band,0.047875468,0.157
ww_band,ww_band,0.04788327,0.1568
ww_band,ww_band,0.047886807,0.1566
ww_band,ww_band,0.04789454,0.1564
ww_band,ww_band,0.047902968,0.1562
ww_band,ww_band,0.04791829,0.156
ww_band,ww_band,0.047926694,0.1558
ww_band,ww_band,0.047945943,0.1556
ww_band,ww_band,0.047948822,0.1554
ww_band,ww_band,0.04796276,0.1552
ww_band,ww_band,0.047969807,0.155
ww_band,ww_band,0.047981977,0.1548
ww_band,ww_band,0.047991753,0.1546
ww_band,ww_band,0.048001964,0.1544
ww_band,ww_band,0.048010305,0.1542
ww_band,ww_band,0.048012577,0.154
ww_band,ww_band,0.048016135,0.1538
ww_band,ww_band,0.048026297,0.1536
ww_band,ww_band,0.048031703,0.1534
ww_band,ww_band,0.048036277,0.1532
ww_band,ww_band,0.048038565,0.153
ww_band,ww_band,0.048045408,0.1528
ww_band,ww_band,0.048054248,0.1526
ww_band,ww_band,0.048057634,0.1524
ww_band,ww_band,0.048071854,0.1522
ww_band,ww_band,0.048077375,0.152
ww_band,ww_band,0.048086967,0.1518
ww_band,ww_band,0.048091937,0.1516
ww_band,ww_band,0.048099916,0.1514
ww_band,ww_band,0.048111007,0.1512
ww_band,ww_band,0.04811773,0.151
ww_band,ww_band,0.048127748,0.1508
ww_band,ww_band,0.048142646,0.1506
ww_band,ww_band,0.04815125,0.1504
ww_band,ww_band,0.04816399,0.1502
ww_band,ww_band,0.048170943,0.15
ww_band,ww_band,0.048186366,0.1498
ww_band,ww_band,0.048209406,0.1496
ww_band,ww_band,0.048223253,0.1494
ww_band,ww_band,0.048234813,0.1492
ww_band,ww_band,0.048247192,0.149
ww_band,ww_band,0.048258636,0.1488
ww_band,ww_band,0.048265044,0.1486
ww_band,ww_band,0.048271436,0.1484
ww_band,ww_band,0.048280496,0.1482
ww_band,ww_band,0.04829422,0.148
ww_band,ww_band,0.04830523,0.1478
ww_band,ww_band,0.04831642,0.1476
ww_band,ww_band,0.04832501,0.1474
ww_band,ww_band,0.04833209,0.1472
ww_band,ww_band,0.048341528,0.147
ww_band,ww_band,0.048355572,0.1468
ww_band,ww_band,0.04836538,0.1466
ww_band,ww_band,0.048368044,0.1464
ww_band,ww_band,0.048377864,0.1462
ww_band,ww_band,0.048381303,0.146
ww_band,ww_band,0.04838859,0.1458
ww_band,ww_band,0.04840889,0.1456
ww_band,ww_band,0.04841363,0.1454
ww_band,ww_band,0.048420154,0.1452
ww_band,ww_band,0.04842878,0.145
ww_band,ww_band,0.048433643,0.1448
ww_band,ww_band,0.048441954,0.1446
ww_band,ww_band,0.048447136,0.1444
ww_band,ww_band,0.048454262,0.1442
ww_band,ww_band,0.04846052,0.144
ww_band,ww_band,0.048477635,0.1438
ww_band,ww_band,0.048484284,0.1436
ww_band,ww_band,0.04849585,0.1434
ww_band,ww_band,0.048502676,0.1432
ww_band,ww_band,0.048508413,0.143
ww_band,ww_band,0.048524305,0.1428
ww_band,ww_band,0.048530813,0.1426
ww_band,ww_band,0.048537355,0.1424
ww_band,ww_band,0.048542343,0.1422
ww_band,ww_band,0.04855025,0.142
ww_band,ww_band,0.048556246,0.1418
ww_band,ww_band,0.048568036,0.1416
ww_band,ww_band,0.048573587,0.1414
ww_band,ww_band,0.048584554,0.1412
ww_band,ww_band,0.048596833,0.141
ww_band,ww_band,0.048609752,0.1408
ww_band,ww_band,0.048616618,0.1406
ww_band,ww_band,0.048632253,0.1404
ww_band,ww_band,0.04865205,0.1402
ww_band,ww_band,0.04865746,0.14
ww_band,ww_band,0.04866346,0.1398
ww_band,ww_band,0.048673205,0.1396
ww_band,ww_band,0.04867566,0.1394
ww_band,ww_band,0.048683412,0.1392
ww_band,ww_band,0.04868931,0.139
ww_band,ww_band,0.04870373,0.1388
ww_band,ww_band,0.048711523,0.1386
ww_band,ww_band,0.048716303,0.1384
ww_band,ww_band,0.04872709,0.1382
ww_band,ww_band,0.048738245,0.138
ww_band,ww_band,0.048747115,0.1378
ww_band,ww_band,0.048757125,0.1376
ww_band,ww_band,0.04875939,0.1374
ww_band,ww_band,0.04876898,0.1372
ww_band,ww_band,0.048782006,0.137
ww_band,ww_band,0.04880385,0.1368
ww_band,ww_band,0.048812926,0.1366
ww_band,ww_band,0.04882009,0.1364
ww_band,ww_band,0.048823077,0.1362
ww_band,ww_band,0.048829976,0.136
ww_band,ww_band,0.04883537,0.1358
ww_band,ww_band,0.04884722,0.1356
ww_band,ww_band,0.04886495,0.1354
ww_band,ww_band,0.048882328,0.1352
ww_band,ww_band,0.04889169,0.135
ww_band,ww_band,0.04890813,0.1348
ww_band,ww_band,0.048911933,0.1346
ww_band,ww_band,0.048915077,0.1344
ww_band,ww_band,0.048927426,0.1342
ww_band,ww_band,0.04894129,0.134
ww_band,ww_band,0.04894226,0.1338
ww_band,ww_band,0.048953425,0.1336
ww_band,ww_band,0.048964415,0.1334
ww_band,ww_band,0.04898623,0.1332
ww_band,ww_band,0.048993956,0.133
ww_band,ww_band,0.049001925,0.1328
ww_band,ww_band,0.04901033,0.1326
ww_band,ww_band,0.04902072,0.1324
ww_band,ww_band,0.049030483,0.1322
ww_band,ww_band,0.04904265,0.132
ww_band,ww_band,0.049057964,0.1318
ww_band,ww_band,0.04906194,0.1316
ww_band,ww_band,0.049066696,0.1314
ww_band,ww_band,0.04907181,0.1312
ww_band,ww_band,0.04907718,0.131
ww_band,ww_band,0.04909744,0.1308
ww_band,ww_band,0.04910709,0.1306
ww_band,ww_band,0.04911533,0.1304
ww_band,ww_band,0.049117025,0.1302
ww_band,ww_band,0.049127683,0.13
ww_band,ww_band,0.049135033,0.1298
ww_band,ww_band,0.04914371,0.1296
ww_band,ww_band,0.049149275,0.1294
ww_band,ww_band,0.049161226,0.1292
ww_band,ww_band,0.049172863,0.129
ww_band,ww_band,0.049178388,0.1288
ww_band,ww_band,0.049187418,0.1286
ww_band,ww_band,0.04920508,0.1284
ww_band,ww_band,0.04921931,0.1282
ww_band,ww_band,0.049226362,0.128
ww_band,ww_band,0.049238168,0.1278
ww_band,ww_band,0.049251918,0.1276
ww_band,ww_band,0.049257122,0.1274
ww_band,ww_band,0.04927011,0.1272
ww_band,ww_band,0.049278338,0.127
ww_band,ww_band,0.04928566,0.1268
ww_band,ww_band,0.049300764,0.1266
ww_band,ww_band,0.049304698,0.1264
ww_band,ww_band,0.049310498,0.1262
ww_band,ww_band,0.049325537,0.126
ww_band,ww_band,0.049330324,0.1258
ww_band,ww_band,0.04933832,0.1256
ww_band,ww_band,0.049361564,0.1254
ww_band,ww_band,0.049368925,0.1252
ww_band,ww_band,0.049375217,0.125
ww_band,ww_band,0.04938688,0.1248
ww_band,ww_band,0.049390946,0.1246
ww_band,ww_band,0.049400467,0.1244
ww_band,ww_band,0.049414143,0.1242
ww_band,ww_band,0.04942459,0.124
ww_band,ww_band,0.0494325,0.1238
ww_band,ww_band,0.049436368,0.1236
ww_band,ww_band,0.049439296,0.1234
ww_band,ww_band,0.049446877,0.1232
ww_band,ww_band,0.04945508,0.123
ww_band,ww_band,0.049472462,0.1228
ww_band,ww_band,0.04947667,0.1226
ww_band,ww_band,0.04948483,0.1224
ww_band,ww_band,0.049497258,0.1222
ww_band,ww_band,0.049508817,0.122
ww_band,ww_band,0.049523093,0.1218
ww_band,ww_band,0.049530484,0.1216
ww_band,ww_band,0.049539384,0.1214
ww_band,ww_band,0.0495486,0.1212
ww_band,ww_band,0.049554,0.121
ww_band,ww_band,0.049559172,0.1208
ww_band,ww_band,0.049563825,0.1206
ww_band,ww_band,0.0495724,0.1204
ww_band,ww_band,0.049589645,0.1202
ww_band,ww_band,0.049600214,0.12
ww_band,ww_band,0.04961487,0.1198
ww_band,ww_band,0.04962091,0.1196
ww_band,ww_band,0.049629185,0.1194
ww_band,ww_band,0.049639437,0.1192
ww_band,ww_band,0.049654923,0.119
ww_band,ww_band,0.04966535,0.1188
ww_band,ww_band,0.04967501,0.1186
ww_band,ww_band,0.04968805,0.1184
ww_band,ww_band,0.04969406,0.1182
ww_band,ww_band,0.049705517,0.118
ww_band,ww_band,0.0497096,0.1178
ww_band,ww_band,0.049732916,0.1176
ww_band,ww_band,0.049741432,0.1174
ww_band,ww_band,0.049757116,0.1172
ww_band,ww_band,0.049761467,0.117
ww_band,ww_band,0.049771484,0.1168
ww_band,ww_band,0.04978542,0.1166
ww_band,ww_band,0.04978886,0.1164
ww_band,ww_band,0.049793318,0.1162
ww_band,ww_band,0.04980623,0.116
ww_band,ww_band,0.04981566,0.1158
ww_band,ww_band,0.049826927,0.1156
ww_band,ww_band,0.049836047,0.1154
ww_band,ww_band,0.04984804,0.1152
ww_band,ww_band,0.04986801,0.115
ww_band,ww_band,0.04988111,0.1148
ww_band,ww_band,0.049898416,0.1146
ww_band,ww_band,0.04990692,0.1144
ww_band,ww_band,0.04991576,0.1142
ww_band,ww_band,0.04991923,0.114
ww_band,ww_band,0.049934916,0.1138
ww_band,ww_band,0.049944837,0.1136
ww_band,ww_band,0.04994712,0.1134
ww_band,ww_band,0.04995669,0.1132
ww_band,ww_band,0.04997165,0.113
ww_band,ww_band,0.049976822,0.1128
ww_band,ww_band,0.049980875,0.1126
ww_band,ww_band,0.049990494,0.1124
ww_band,ww_band,0.05000764,0.1122
ww_band,ww_band,0.050020646,0.112
ww_band,ww_band,0.050029323,0.1118
ww_band,ww_band,0.050033264,0.1116
ww_band,ww_band,0.05004316,0.1114
ww_band,ww_band,0.050052896,0.1112
ww_band,ww_band,0.050062504,0.111
ww_band,ww_band,0.05006669,0.1108
ww_band,ww_band,0.050083525,0.1106
ww_band,ww_band,0.05011164,0.1104
ww_band,ww_band,0.050130494,0.1102
ww_band,ww_band,0.050133877,0.11
ww_band,ww_band,0.05015115,0.1098
ww_band,ww_band,0.05016648,0.1096
ww_band,ww_band,0.05016979,0.1094
ww_band,ww_band,0.050181452,0.1092
ww_band,ww_band,0.050191876,0.109
ww_band,ww_band,0.05021146,0.1088
ww_band,ww_band,0.05022197,0.1086
ww_band,ww_band,0.05023975,0.1084
ww_band,ww_band,0.050247103,0.1082
ww_band,ww_band,0.05025337,0.108
ww_band,ww_band,0.0502668,0.1078
ww_band,ww_band,0.050277125,0.1076
ww_band,ww_band,0.05028731,0.1074
ww_band,ww_band,0.050299454,0.1072
ww_band,ww_band,0.050304703,0.107
ww_band,ww_band,0.05032181,0.1068
ww_band,ww_band,0.050342865,0.1066
ww_band,ww_band,0.050351866,0.1064
ww_band,ww_band,0.050374664,0.1062
ww_band,ww_band,0.050386563,0.106
ww_band,ww_band,0.05040008,0.1058
ww_band,ww_band,0.050408687,0.1056
ww_band,ww_band,0.050418623,0.1054
ww_band,ww_band,0.0504254,0.1052
ww_band,ww_band,0.050435595,0.105
ww_band,ww_band,0.050451934,0.1048
ww_band,ww_band,0.050458454,0.1046
ww_band,ww_band,0.05046344,0.1044
ww_band,ww_band,0.050474286,0.1042
ww_band,ww_band,0.05047872,0.104
ww_band,ww_band,0.05048685,0.1038
ww_band,ww_band,0.05049789,0.1036
ww_band,ww_band,0.050508354,0.1034
ww_band,ww_band,0.05051749,0.1032
ww_band,ww_band,0.05052795,0.103
ww_band,ww_band,0.050532248,0.1028
ww_band,ww_band,0.05054919,0.1026
ww_band,ww_band,0.050560426,0.1024
ww_band,ww_band,0.050572958,0.1022
ww_band,ww_band,0.0505855,0.102
ww_band,ww_band,0.0505957,0.1018
ww_band,ww_band,0.05060756,0.1016
ww_band,ww_band,0.050612297,0.1014
ww_band,ww_band,0.0506207,0.1012
ww_band,ww_band,0.050627135,0.101
ww_band,ww_band,0.050644636,0.1008
ww_band,ww_band,0.050646078,0.1006
ww_band,ww_band,0.050660055,0.1004
ww_band,ww_band,0.05067548,0.1002
ww_band,ww_band,0.050707404,0.1
ww_band,ww_band,0.050721884,0.0998
ww_band,ww_band,0.05074003,0.0996
ww_band,ww_band,0.05075855,0.0994
ww_band,ww_band,0.050772328,0.0992
ww_band,ww_band,0.05078955,0.099
ww_band,ww_band,0.05079832,0.0988
ww_band,ww_band,0.05082265,0.0986
ww_band,ww_band,0.05085293,0.0984
ww_band,ww_band,0.050867084,0.0982
ww_band,ww_band,0.050880585,0.098
ww_band,ww_band,0.050901823,0.0978
ww_band,ww_band,0.050913755,0.0976
ww_band,ww_band,0.05092754,0.0974
ww_band,ww_band,0.0509356,0.0972
ww_band,ww_band,0.050951555,0.097
ww_band,ww_band,0.050962996,0.0968
ww_band,ww_band,0.050974514,0.0966
ww_band,ww_band,0.050996903,0.0964
ww_band,ww_band,0.05101419,0.0962
ww_band,ww_band,0.051027216,0.096
ww_band,ww_band,0.051035855,0.0958
ww_band,ww_band,0.051047236,0.0956
ww_band,ww_band,0.0510522,0.0954
ww_band,ww_band,0.05107349,0.0952
ww_band,ww_band,0.05108277,0.095
ww_band,ww_band,0.051097218,0.0948
ww_band,ww_band,0.051129784,0.0946
ww_band,ww_band,0.051148597,0.0944
ww_band,ww_band,0.051158797,0.0942
ww_band,ww_band,0.05117029,0.094
ww_band,ww_band,0.051186994,0.0938
ww_band,ww_band,0.05121363,0.0936
ww_band,ww_band,0.05122873,0.0934
ww_band,ww_band,0.0512478,0.0932
ww_band,ww_band,0.051256925,0.093
ww_band,ww_band,0.0512653,0.0928
ww_band,ww_band,0.051277835,0.0926
ww_band,ww_band,0.051310346,0.0924
ww_band,ww_band,0.051326457,0.0922
ww_band,ww_band,0.05134089,0.092
ww_band,ww_band,0.05134962,0.0918
ww_band,ww_band,0.051361043,0.0916
ww_band,ww_band,0.051385045,0.0914
ww_band,ww_band,0.05139119,0.0912
ww_band,ww_band,0.051401637,0.091
ww_band,ww_band,0.051415287,0.0908
ww_band,ww_band,0.051421832,0.0906
ww_band,ww_band,0.05143555,0.0904
ww_band,ww_band,0.051465742,0.0902
ww_band,ww_band,0.0514821,0.09
ww_band,ww_band,0.05148822,0.0898
ww_band,ww_band,0.051507913,0.0896
ww_band,ww_band,0.05152682,0.0894
ww_band,ww_band,0.05153459,0.0892
ww_band,ww_band,0.051563904,0.089
ww_band,ww_band,0.051577367,0.0888
ww_band,ww_band,0.05159079,0.0886
ww_band,ww_band,0.051598277,0.0884
ww_band,ww_band,0.051631916,0.0882
ww_band,ww_band,0.051644847,0.088
ww_band,ww_band,0.05165365,0.0878
ww_band,ww_band,0.05165891,0.0876
ww_band,ww_band,0.051676802,0.0874
ww_band,ww_band,0.051696062,0.0872
ww_band,ww_band,0.051714614,0.087
ww_band,ww_band,0.051730104,0.0868
ww_band,ww_band,0.05176431,0.0866
ww_band,ww_band,0.051781796,0.0864
ww_band,ww_band,0.05180297,0.0862
ww_band,ww_band,0.05182388,0.086
ww_band,ww_band,0.05185411,0.0858
ww_band,ww_band,0.051878244,0.0856
ww_band,ww_band,0.05188943,0.0854
ww_band,ww_band,0.051925585,0.0852
ww_band,ww_band,0.051938724,0.085
ww_band,ww_band,0.05196832,0.0848
ww_band,ww_band,0.05199333,0.0846
ww_band,ww_band,0.05202182,0.0844
ww_band,ww_band,0.05204084,0.0842
ww_band,ww_band,0.052056417,0.084
ww_band,ww_band,0.052068003,0.0838
ww_band,ww_band,0.05209351,0.0836
ww_band,ww_band,0.0521031,0.0834
ww_band,ww_band,0.05211453,0.0832
ww_band,ww_band,0.05214142,0.083
ww_band,ww_band,0.05214702,0.0828
ww_band,ww_band,0.05215638,0.0826
ww_band,ww_band,0.052187122,0.0824
ww_band,ww_band,0.05220228,0.0822
ww_band,ww_band,0.052228644,0.082
ww_band,ww_band,0.05224047,0.0818
ww_band,ww_band,0.052252825,0.0816
ww_band,ww_band,0.05225755,0.0814
ww_band,ww_band,0.052260865,0.0812
ww_band,ww_band,0.052279834,0.081
ww_band,ww_band,0.05229359,0.0808
ww_band,ww_band,0.0523103,0.0806
ww_band,ww_band,0.052324787,0.0804
ww_band,ww_band,0.052332185,0.0802
ww_band,ww_band,0.05234279,0.08
ww_band,ww_band,0.052359913,0.0798
ww_band,ww_band,0.052379657,0.0796
ww_band,ww_band,0.052391153,0.0794
ww_band,ww_band,0.05241371,0.0792
ww_band,ww_band,0.05242985,0.079
ww_band,ww_band,0.05243607,0.0788
ww_band,ww_band,0.052459426,0.0786
ww_band,ww_band,0.05247495,0.0784
ww_band,ww_band,0.052504063,0.0782
ww_band,ww_band,0.05252401,0.078
ww_band,ww_band,0.05253887,0.0778
ww_band,ww_band,0.05254242,0.0776
ww_band,ww_band,0.052552436,0.0774
ww_band,ww_band,0.0525689,0.0772
ww_band,ww_band,0.05257704,0.077
ww_band,ww_band,0.0525898,0.0768
ww_band,ww_band,0.052605767,0.0766
ww_band,ww_band,0.0526275,0.0764
ww_band,ww_band,0.0526637,0.0762
ww_band,ww_band,0.052672412,0.076
ww_band,ww_band,0.052690357,0.0758
ww_band,ww_band,0.052701853,0.0756
ww_band,ww_band,0.052716013,0.0754
ww_band,ww_band,0.052724965,0.0752
ww_band,ww_band,0.052749556,0.075
ww_band,ww_band,0.052788537,0.0748
ww_band,ww_band,0.052799854,0.0746
ww_band,ww_band,0.05281473,0.0744
ww_band,ww_band,0.052823026,0.0742
ww_band,ww_band,0.052832104,0.074
ww_band,ww_band,0.052840278,0.0738
ww_band,ww_band,0.052854624,0.0736
ww_band,ww_band,0.052862428,0.0734
ww_band,ww_band,0.052887514,0.0732
ww_band,ww_band,0.052899513,0.073
ww_band,ww_band,0.05291875,0.0728
ww_band,ww_band,0.052926388,0.0726
ww_band,ww_band,0.052932244,0.0724
ww_band,ww_band,0.05295343,0.0722
ww_band,ww_band,0.052965533,0.072
ww_band,ww_band,0.05299144,0.0718
ww_band,ww_band,0.053002886,0.0716
ww_band,ww_band,0.053019114,0.0714
ww_band,ww_band,0.05303764,0.0712
ww_band,ww_band,0.05306238,0.071
ww_band,ww_band,0.053076606,0.0708
ww_band,ww_band,0.053087987,0.0706
ww_band,ww_band,0.053135887,0.0704
ww_band,ww_band,0.053154275,0.0702
ww_band,ww_band,0.053169105,0.07
ww_band,ww_band,0.053201932,0.0698
ww_band,ww_band,0.05321853,0.0696
ww_band,ww_band,0.0532438,0.0694
ww_band,ww_band,0.05325683,0.0692
ww_band,ww_band,0.053277165,0.069
ww_band,ww_band,0.053308036,0.0688
ww_band,ww_band,0.053319547,0.0686
ww_band,ww_band,0.05332704,0.0684
ww_band,ww_band,0.053334273,0.0682
ww_band,ww_band,0.053357616,0.068
ww_band,ww_band,0.053373896,0.0678
ww_band,ww_band,0.053382955,0.0676
ww_band,ww_band,0.053402293,0.0674
ww_band,ww_band,0.05341178,0.0672
ww_band,ww_band,0.053432856,0.067
ww_band,ww_band,0.053467304,0.0668
ww_band,ww_band,0.05347743,0.0666
ww_band,ww_band,0.053501416,0.0664
ww_band,ww_band,0.053538572,0.0662
ww_band,ww_band,0.053586114,0.066
ww_band,ww_band,0.05359142,0.0658
ww_band,ww_band,0.053618256,0.0656
ww_band,ww_band,0.053662896,0.0654
ww_band,ww_band,0.053694706,0.0652
ww_band,ww_band,0.053717606,0.065
ww_band,ww_band,0.05374158,0.0648
ww_band,ww_band,0.053768508,0.0646
ww_band,ww_band,0.053784262,0.0644
ww_band,ww_band,0.053819764,0.0642
ww_band,ww_band,0.05385131,0.064
ww_band,ww_band,0.053864177,0.0638
ww_band,ww_band,0.0538808,0.0636
ww_band,ww_band,0.053885177,0.0634
ww_band,ww_band,0.053914394,0.0632
ww_band,ww_band,0.053937722,0.063
ww_band,ww_band,0.05395703,0.0628
ww_band,ww_band,0.05398136,0.0626
ww_band,ww_band,0.053995725,0.0624
ww_band,ww_band,0.05401483,0.0622
ww_band,ww_band,0.05404649,0.062
ww_band,ww_band,0.0540588,0.0618
ww_band,ww_band,0.054114025,0.0616
ww_band,ww_band,0.054138217,0.0614
ww_band,ww_band,0.054156806,0.0612
ww_band,ww_band,0.054171458,0.061
ww_band,ww_band,0.054218546,0.0608
ww_band,ww_band,0.054235358,0.0606
ww_band,ww_band,0.05426618,0.0604
ww_band,ww_band,0.054290075,0.0602
ww_band,ww_band,0.054310773,0.06
ww_band,ww_band,0.054322448,0.0598
ww_band,ww_band,0.05433513,0.0596
ww_band,ww_band,0.054360732,0.0594
ww_band,ww_band,0.054370925,0.0592
ww_band,ww_band,0.05439766,0.059
ww_band,ww_band,0.054433372,0.0588
ww_band,ww_band,0.054454252,0.0586
ww_band,ww_band,0.05446177,0.0584
ww_band,ww_band,0.054467503,0.0582
ww_band,ww_band,0.05448946,0.058
ww_band,ww_band,0.054528933,0.0578
ww_band,ww_band,0.054555006,0.0576
ww_band,ww_band,0.054582298,0.0574
ww_band,ww_band,0.05460893,0.0572
ww_band,ww_band,0.05462933,0.057
ww_band,ww_band,0.054649055,0.0568
ww_band,ww_band,0.05468134,0.0566
ww_band,ww_band,0.054694302,0.0564
ww_band,ww_band,0.05471512,0.0562
ww_band,ww_band,0.05473895,0.056
ww_band,ww_band,0.054794125,0.0558
ww_band,ww_band,0.05481152,0.0556
ww_band,ww_band,0.05482204,0.0554
ww_band,ww_band,0.054841895,0.0552
ww_band,ww_band,0.05487814,0.055
ww_band,ww_band,0.05489998,0.0548
ww_band,ww_band,0.054943077,0.0546
ww_band,ww_band,0.05495935,0.0544
ww_band,ww_band,0.0549738,0.0542
ww_band,ww_band,0.054998685,0.054
ww_band,ww_band,0.055016875,0.0538
ww_band,ww_band,0.055040102,0.0536
ww_band,ww_band,0.055056185,0.0534
ww_band,ww_band,0.0550733,0.0532
ww_band,ww_band,0.055085048,0.053
ww_band,ww_band,0.05510631,0.0528
ww_band,ww_band,0.05512962,0.0526
ww_band,ww_band,0.055173345,0.0524
ww_band,ww_band,0.05518615,0.0522
ww_band,ww_band,0.05521987,0.052
ww_band,ww_band,0.055254236,0.0518
ww_band,ww_band,0.055265933,0.0516
ww_band,ww_band,0.055279173,0.0514
ww_band,ww_band,0.05530467,0.0512
ww_band,ww_band,0.055323727,0.051
ww_band,ww_band,0.055334575,0.0508
ww_band,ww_band,0.055401176,0.0506
ww_band,ww_band,0.05541153,0.0504
ww_band,ww_band,0.055431362,0.0502
ww_band,ww_band,0.055457953,0.05
ww_band,ww_band,0.05547771,0.0498
ww_band,ww_band,0.055529162,0.0496
ww_band,ww_band,0.05556608,0.0494
ww_band,ww_band,0.055622935,0.0492
ww_band,ww_band,0.05565321,0.049
ww_band,ww_band,0.05566125,0.0488
ww_band,ww_band,0.05568386,0.0486
ww_band,ww_band,0.05570947,0.0484
ww_band,ww_band,0.055727884,0.0482
ww_band,ww_band,0.0557496,0.048
ww_band,ww_band,0.055770263,0.0478
ww_band,ww_band,0.055788502,0.0476
ww_band,ww_band,0.055804033,0.0474
ww_band,ww_band,0.055824764,0.0472
ww_band,ww_band,0.05583452,0.047
ww_band,ww_band,0.055860016,0.0468
ww_band,ww_band,0.055896997,0.0466
ww_band,ww_band,0.05592641,0.0464
ww_band,ww_band,0.055978402,0.0462
ww_band,ww_band,0.05602593,0.046
ww_band,ww_band,0.056068253,0.0458
ww_band,ww_band,0.056083135,0.0456
ww_band,ww_band,0.056118354,0.0454
ww_band,ww_band,0.056161057,0.0452
ww_band,ww_band,0.056226484,0.045
ww_band,ww_band,0.056256752,0.0448
ww_band,ww_band,0.05630189,0.0446
ww_band,ww_band,0.056342367,0.0444
ww_band,ww_band,0.056370955,0.0442
ww_band,ww_band,0.056423776,0.044
ww_band,ww_band,0.05647588,0.0438
ww_band,ww_band,0.05649865,0.0436
ww_band,ww_band,0.056522734,0.0434
ww_band,ww_band,0.056586556,0.0432
ww_band,ww_band,0.056607503,0.043
ww_band,ww_band,0.056625985,0.0428
ww_band,ww_band,0.056666195,0.0426
ww_band,ww_band,0.056695662,0.0424
ww_band,ww_band,0.056772295,0.0422
ww_band,ww_band,0.05682931,0.042
ww_band,ww_band,0.0568509,0.0418
ww_band,ww_band,0.056866564,0.0416
ww_band,ww_band,0.056913443,0.0414
ww_band,ww_band,0.056941774,0.0412
ww_band,ww_band,0.05700949,0.041
ww_band,ww_band,0.05703978,0.0408
ww_band,ww_band,0.057106744,0.0406
ww_band,ww_band,0.057124738,0.0404
ww_band,ww_band,0.057161234,0.0402
ww_band,ww_band,0.05718768,0.04
ww_band,ww_band,0.057214715,0.0398
ww_band,ww_band,0.057263013,0.0396
ww_band,ww_band,0.05730338,0.0394
ww_band,ww_band,0.057337973,0.0392
ww_band,ww_band,0.057361618,0.039
ww_band,ww_band,0.057408832,0.0388
ww_band,ww_band,0.05748438,0.0386
ww_band,ww_band,0.057518587,0.0384
ww_band,ww_band,0.05758221,0.0382
ww_band,ww_band,0.05761452,0.038
ww_band,ww_band,0.057644002,0.0378
ww_band,ww_band,0.0577488,0.0376
ww_band,ww_band,0.057778087,0.0374
ww_band,ww_band,0.057789356,0.0372
ww_band,ww_band,0.057855107,0.037
ww_band,ww_band,0.057880647,0.0368
ww_band,ww_band,0.05791785,0.0366
ww_band,ww_band,0.057960227,0.0364
ww_band,ww_band,0.05805022,0.0362
ww_band,ww_band,0.058083232,0.036
ww_band,ww_band,0.058104817,0.0358
ww_band,ww_band,0.058114547,0.0356
ww_band,ww_band,0.05813669,0.0354
ww_band,ww_band,0.058154568,0.0352
ww_band,ww_band,0.058208905,0.035
ww_band,ww_band,0.0582599,0.0348
ww_band,ww_band,0.058311027,0.0346
ww_band,ww_band,0.05835741,0.0344
ww_band,ww_band,0.058401868,0.0342
ww_band,ww_band,0.058435638,0.034
ww_band,ww_band,0.058480747,0.0338
ww_band,ww_band,0.058554675,0.0336
ww_band,ww_band,0.058614768,0.0334
ww_band,ww_band,0.058634985,0.0332
ww_band,ww_band,0.058677297,0.033
ww_band,ww_band,0.058793306,0.0328
ww_band,ww_band,0.058825318,0.0326
ww_band,ww_band,0.058840215,0.0324
ww_band,ww_band,0.058885142,0.0322
ww_band,ww_band,0.058912005,0.032
ww_band,ww_band,0.058965888,0.0318
ww_band,ww_band,0.05899778,0.0316
ww_band,ww_band,0.059047118,0.0314
ww_band,ww_band,0.05908583,0.0312
ww_band,ww_band,0.059134547,0.031
ww_band,ww_band,0.059205938,0.0308
ww_band,ww_band,0.059267163,0.0306
ww_band,ww_band,0.059305005,0.0304
ww_band,ww_band,0.05933046,0.0302
ww_band,ww_band,0.05939063,0.03
ww_band,ww_band,0.059458334,0.0298
ww_band,ww_band,0.05948605,0.0296
ww_band,ww_band,0.059528258,0.0294
ww_band,ww_band,0.05961448,0.0292
ww_band,ww_band,0.05967217,0.029
ww_band,ww_band,0.059695255,0.0288
ww_band,ww_band,0.05972311,0.0286
ww_band,ww_band,0.059813112,0.0284
ww_band,ww_band,0.05987653,0.0282
ww_band,ww_band,0.05993657,0.028
ww_band,ww_band,0.0599934,0.0278
ww_band,ww_band,0.06004252,0.0276
ww_band,ww_band,0.06008305,0.0274
ww_band,ww_band,0.06010397,0.0272
ww_band,ww_band,0.060131375,0.027
ww_band,ww_band,0.06024584,0.0268
ww_band,ww_band,0.060362928,0.0266
ww_band,ww_band,0.06038159,0.0264
ww_band,ww_band,0.06041456,0.0262
ww_band,ww_band,0.060469396,0.026
ww_band,ww_band,0.060581673,0.0258
ww_band,ww_band,0.06067858,0.0256
ww_band,ww_band,0.060773976,0.0254
ww_band,ww_band,0.06080732,0.0252
ww_band,ww_band,0.060840324,0.025
ww_band,ww_band,0.060882114,0.0248
ww_band,ww_band,0.06094126,0.0246
ww_band,ww_band,0.06103866,0.0244
ww_band,ww_band,0.061126888,0.0242
ww_band,ww_band,0.06120969,0.024
ww_band,ww_band,0.061339773,0.0238
ww_band,ww_band,0.06140227,0.0236
ww_band,ww_band,0.06146004,0.0234
ww_band,ww_band,0.06146286,0.0232
ww_band,ww_band,0.061580423,0.023
ww_band,ww_band,0.061604444,0.0228
ww_band,ww_band,0.0616379,0.0226
ww_band,ww_band,0.06170746,0.0224
ww_band,ww_band,0.06177517,0.0222
ww_band,ww_band,0.06191868,0.022
ww_band,ww_band,0.062080503,0.0218
ww_band,ww_band,0.062210478,0.0216
ww_band,ww_band,0.0623097,0.0214
ww_band,ww_band,0.06233782,0.0212
ww_band,ww_band,0.06241128,0.021
ww_band,ww_band,0.0624877,0.0208
ww_band,ww_band,0.06262021,0.0206
ww_band,ww_band,0.062709995,0.0204
ww_band,ww_band,0.0627617,0.0202
ww_band,ww_band,0.06280072,0.02
ww_band,ww_band,0.06282448,0.0198
ww_band,ww_band,0.062885396,0.0196
ww_band,ww_band,0.062911384,0.0194
ww_band,ww_band,0.06314565,0.0192
ww_band,ww_band,0.06318433,0.019
ww_band,ww_band,0.063220315,0.0188
ww_band,ww_band,0.06335209,0.0186
ww_band,ww_band,0.063464865,0.0184
ww_band,ww_band,0.063519076,0.0182
ww_band,ww_band,0.06360366,0.018
ww_band,ww_band,0.06368723,0.0178
ww_band,ww_band,0.06382962,0.0176
ww_band,ww_band,0.06389382,0.0174
ww_band,ww_band,0.06397338,0.0172
ww_band,ww_band,0.06401756,0.017
ww_band,ww_band,0.06417167,0.0168
ww_band,ww_band,0.06426075,0.0166
ww_band,ww_band,0.06434629,0.0164
ww_band,ww_band,0.064411804,0.0162
ww_band,ww_band,0.064468354,0.016
ww_band,ww_band,0.06452315,0.0158
ww_band,ww_band,0.06463689,0.0156
ww_band,ww_band,0.06480468,0.0154
ww_band,ww_band,0.06500282,0.0152
ww_band,ww_band,0.06512602,0.015
ww_band,ww_band,0.06518117,0.0148
ww_band,ww_band,0.06522829,0.0146
ww_band,ww_band,0.06530326,0.0144
ww_band,ww_band,0.06538757,0.0142
ww_band,ww_band,0.06548312,0.014
ww_band,ww_band,0.06559974,0.0138
ww_band,ww_band,0.06566774,0.0136
ww_band,ww_band,0.06572698,0.0134
ww_band,ww_band,0.06578883,0.0132
ww_band,ww_band,0.06603255,0.013
ww_band,ww_band,0.06609038,0.0128
ww_band,ww_band,0.06624721,0.0126
ww_band,ww_band,0.066450246,0.0124
ww_band,ww_band,0.06654028,0.0122
ww_band,ww_band,0.06679151,0.012
ww_band,ww_band,0.06689007,0.0118
ww_band,ww_band,0.067129545,0.0116
ww_band,ww_band,0.067165844,0.0114
ww_band,ww_band,0.06743906,0.0112
ww_band,ww_band,0.067652136,0.011
ww_band,ww_band,0.067836635,0.0108
ww_band,ww_band,0.06796934,0.0106
ww_band,ww_band,0.06828993,0.0104
ww_band,ww_band,0.06838121,0.0102
ww_band,ww_band,0.06863539,0.01
ww_band,ww_band,0.06873905,0.0098
ww_band,ww_band,0.06895771,0.0096
ww_band,ww_band,0.06912471,0.0094
ww_band,ww_band,0.069208,0.0092
ww_band,ww_band,0.06933025,0.009
ww_band,ww_band,0.06949144,0.0088
ww_band,ww_band,0.06975963,0.0086
ww_band,ww_band,0.06998567,0.0084
ww_band,ww_band,0.07001111,0.0082
ww_band,ww_band,0.07013002,0.008
ww_band,ww_band,0.07035362,0.0078
ww_band,ww_band,0.07068921,0.0076
ww_band,ww_band,0.071095146,0.0074
ww_band,ww_band,0.07144918,0.0072
ww_band,ww_band,0.0716045,0.007
ww_band,ww_band,0.071767636,0.0068
ww_band,ww_band,0.07196828,0.0066
ww_band,ww_band,0.07213547,0.0064
ww_band,ww_band,0.07240977,0.0062
ww_band,ww_band,0.07262288,0.006
ww_band,ww_band,0.07284817,0.0058
ww_band,ww_band,0.07295839,0.0056
ww_band,ww_band,0.073207974,0.0054
ww_band,ww_band,0.073706366,0.0052
ww_band,ww_band,0.07399401,0.005
ww_band,ww_band,0.074778095,0.0048
ww_band,ww_band,0.07499403,0.0046
ww_band,ww_band,0.07560873,0.0044
ww_band,ww_band,0.07591162,0.0042
ww_band,ww_band,0.07602551,0.004
ww_band,ww_band,0.07662455,0.0038
ww_band,ww_band,0.0771507,0.0036
ww_band,ww_band,0.07758639,0.0034
ww_band,ww_band,0.077928856,0.0032
ww_band,ww_band,0.07828046,0.003
ww_band,ww_band,0.07864895,0.0028
ww_band,ww_band,0.08043885,0.0026
ww_band,ww_band,0.0814608,0.0024
ww_band,ww_band,0.08250566,0.0022
ww_band,ww_band,0.08301213,0.002
ww_band,ww_band,0.08389178,0.0018
ww_band,ww_band,0.084972225,0.0016
ww_band,ww_band,0.08545215,0.0014
ww_band,ww_band,0.08618406,0.0012
ww_band,ww_band,0.0872735,0.001
ww_band,ww_band,0.09137329,0.0008
ww_band,ww_band,0.09449005,0.0006
ww_band,ww_band,0.09774873,0.0004
ww_band,ww_band,0.11486913,0.0002
