window,start_date,end_date,arm,rehedges_per_day,day,cum_pnl,run_id,seed,config_hash,data_sha256
22,2025-04-01,2025-04-07,bs_delta_vix,7,0.0,0.012233091382214234,bf449416,,bf449416b87e63de98691106b19e71d49fa89804f380962c8103df88bb057dbd,16586c461e57039abdce31626319b19132c55c2ff96f9b22a1a755c61807d4f4;f11a04ca5ede5f998d7bd6ff9ac44b9c26d1e013343e4dfe95f90e75d9a5cb9a;30537449e8fba418e7c4f4424716164ecf67ae9586a6aa8cf1eee03628e03322
22,2025-04-01,2025-04-07,bs_delta_vix,7,0.14285714285714285,0.009602155625148608,bf449416,,bf449416b87e63de98691106b19e71d49fa89804f380962c8103df88bb057dbd,16586c461e57039abdce31626319b19132c55c2ff96f9b22a1a755c61807d4f4;f11a04ca5ede5f998d7bd6ff9ac44b9c26d1e013343e4dfe95f90e75d9a5cb9a;30537449e8fba418e7c4f4424716164ecf67ae9586a6aa8cf1eee03628e03322
22,2025-04-01,2025-04-07,bs_delta_vix,7,0.2857142857142857,0.014090571683630142,bf449416,,bf449416b87e63de98691106b19e71d49fa89804f380962c8103df88bb057dbd,16586c461e57039abdce31626319b19132c55c2ff96f9b22a1a755c61807d4f4;f11a04ca5ede5f998d7bd6ff9ac44b9c26d1e013343e4dfe95f90e75d9a5cb9a;30537449e8fba418e7c4f4424716164ecf67ae9586a6aa8cf1eee03628e03322
22,2025-04-01,2025-04-07,bs_delta_vix,7,0.42857142857142855,0.013883442118125169,bf449416,,bf449416b87e63de98691106b19e71d49fa89804f380962c8103df88bb057dbd,16586c461e57039abdce31626319b19132c55c2ff96f9b22a1a755c61807d4f4;f11a04ca5ede5f998d7bd6ff9ac44b9c26d1e013343e4dfe95f90e75d9a5cb9a;30537449e8fba418e7c4f4424716164ecf67ae9586a6aa8cf1eee03628e03322
22,2025-04-01,2025-04-07,bs_delta_vix,7,0.5714285714285714,0.01240503199745479,bf449416,,bf449416b87e63de98691106b19e71d49fa89804f380962c8103df88bb057dbd,16586c461e57039abdce31626319b19132c55c2ff96f9b22a1a755c61807d4f4;f11a04ca5ede5f998d7bd6ff9ac44b9c26d1e013343e4dfe95f90e75d9a5cb9a;30537449e8fba418e7c4f4424716164ecf67ae9586a6aa8cf1eee03628e03322
22,2025-04-01,2025-04-07,bs_delta_vix,7,0.7142857142857143,0.009720986308684784,bf449416,,bf449416b87e63de98691106b19e71d49fa89804f380962c8103df88bb057dbd,16586c461e57039abdce31626319b19132c55c2ff96f9b22a1a755c61807d4f4;f11a04ca5ede5f998d7bd6ff9ac44b9c26d1e013343e4dfe95f90e75d9a5cb9a;30537449e8fba418e7c4f4424716164ecf67ae9586a6aa8cf1eee03628e03322
22,2025-04-01,2025-04-07,bs_delta_vix,7,0.8571428571428571,0.011178092123510775,bf449416,,bf449416b87e63de98691106b19e71d49fa89804f380962c8103df88bb057dbd,16586c461e57039abdce31626319b19132c55c2ff96f9b22a1a755c61807d4f4;f11a04ca5ede5f998d7bd6ff9ac44b9c26d1e013343e4dfe95f90e75d9a5cb9a;30537449e8fba418e7c4f4424716164ecf67ae9586a6aa8cf1eee03628e03322
22,2025-04-01,2025-04-07,bs_delta_vix,7,1.0,0.008727856351754402,bf449416,,bf449416b87e63de98691106b19e71d49fa89804f380962c8103df88bb057dbd,16586c461e57039abdce31626319b19132c55c2ff96f9b22a1a755c61807d4f4;f11a04ca5ede5f998d7bd6ff9ac44b9c26d1e013343e4dfe95f90e75d9a5cb9a;30537449e8fba418e7c4f4424716164ecf67ae9586a6aa8cf1eee03628e03322
22,2025-04-01,2025-04-07,bs_delta_vix,7,1.1428571428571428,0.012718626363863145,bf449416,,bf449416b87e63de98691106b19e71d49fa89804f380962c8103df88bb057dbd,16586c461e57039abdce31626319b19132c55c2ff96f9b22a1a755c61807d4f4;f11a04ca5ede5f998d7bd6ff9ac44b9c26d1e013343e4dfe95f90e75d9a5cb9a;30537449e8fba418e7c4f4424716164ecf67ae9586a6aa8cf1eee03628e03322
22,2025-04-01,2025-04-07,bs_delta_vix,7,1.2857142857142858,0.015251569307431859,bf449416,,bf449416b87e63de98691106b19e71d49fa89804f380962c8103df88bb057dbd,16586c461e57039abdce31626319b19132c55c2ff96f9b22a1a755c61807d4f4;f11a04ca5ede5f998d7bd6ff9ac44b9c26d1e013343e4dfe95f90e75d9a5cb9a;30537449e8fba418e7c4f4424716164ecf67ae9586a6aa8cf1eee03628e03322
22,2025-04-01,2025-04-07,bs_delta_vix,7,1.4285714285714286,0.016273445559435593,bf449416,,bf449416b87e63de98691106b19e71d49fa89804f380962c8103df88bb057dbd,16586c461e57039abdce31626319b19132c55c2ff96f9b22a1a755c61807d4f4;f11a04ca5ede5f998d7bd6ff9ac44b9c26d1e013343e4dfe95f90e75d9a5cb9a;30537449e8fba418e7c4f4424716164ecf67ae9586a6aa8cf1eee03628e03322
22,2025-04-01,2025-04-07,bs_delta_vix,7,1.5714285714285714,0.01847408250653778,bf449416,,bf449416b87e63de98691106b19e71d49fa89804f380962c8103df88bb057dbd,16586c461e57039abdce31626319b19132c55c2ff96f9b22a1a755c61807d4f4;f11a04ca5ede5f998d7bd6ff9ac44b9c26d1e013343e4dfe95f90e75d9a5cb9a;30537449e8fba418e7c4f4424716164ecf67ae9586a6aa8cf1eee03628e03322
22,2025-04-01,2025-04-07,bs_delta_vix,7,1.7142857142857142,0.012013730413973363,bf449416,,bf449416b87e63de98691106b19e71d49fa89804f380962c8103df88bb057dbd,16586c461e57039abdce31626319b19132c55c2ff96f9b22a1a755c61807d4f4;f11a04ca5ede5f998d7bd6ff9ac44b9c26d1e013343e4dfe95f90e75d9a5cb9a;30537449e8fba418e7c4f4424716164ecf67ae9586a6aa8cf1eee03628e03322
22,2025-04-01,2025-04-07,bs_delta_vix,7,1.8571428571428572,0.01401646995139606,bf449416,,bf449416b87e63de98691106b19e71d49fa89804f380962c8103df88bb057dbd,16586c461e57039abdce31626319b19132c55c2ff96f9b22a1a755c61807d4f4;f11a04ca5ede5f998d7bd6ff9ac44b9c26d1e013343e4dfe95f90e75d9a5cb9a;30537449e8fba418e7c4f4424716164ecf67ae9586a6aa8cf1eee03628e03322
22,2025-04-01,2025-04-07,bs_delta_vix,7,2.0,-0.0050749240057437126,bf449416,,bf449416b87e63de98691106b19e71d49fa89804f380962c8103df88bb057dbd,16586c461e57039abdce31626319b19132c55c2ff96f9b22a1a755c61807d4f4;f11a04ca5ede5f998d7bd6ff9ac44b9c26d1e013343e4dfe95f90e75d9a5cb9a;30537449e8fba418e7c4f4424716164ecf67ae9586a6aa8cf1eee03628e03322
22,2025-04-01,2025-04-07,bs_delta_vix,7,2.142857142857143,-0.007576810410545486,bf449416,,bf449416b87e63de98691106b19e71d49fa89804f380962c8103df88bb057dbd,16586c461e57039abdce31626319b19132c55c2ff96f9b22a1a755c61807d4f4;f11a04ca5ede5f998d7bd6ff9ac44b9c26d1e013343e4dfe95f90e75d9a5cb9a;30537449e8fba418e7c4f4424716164ecf67ae9586a6aa8cf1eee03628e03322
22,2025-04-01,2025-04-07,bs_delta_vix,7,2.2857142857142856,-0.008135428868328253,bf449416,,bf449416b87e63de98691106b19e71d49fa89804f380962c8103df88bb057dbd,16586c461e57039abdce31626319b19132c55c2ff96f9b22a1a755c61807d4f4;f11a04ca5ede5f998d7bd6ff9ac44b9c26d1e013343e4dfe95f90e75d9a5cb9a;30537449e8fba418e7c4f4424716164ecf67ae9586a6aa8cf1eee03628e03322
22,2025-04-01,2025-04-07,bs_delta_vix,7,2.4285714285714284,-0.006839229031274208,bf449416,,bf449416b87e63de98691106b19e71d49fa89804f380962c8103df88bb057dbd,16586c461e57039abdce31626319b19132c55c2ff96f9b22a1a755c61807d4f4;f11a04ca5ede5f998d7bd6ff9ac44b9c26d1e013343e4dfe95f90e75d9a5cb9a;30537449e8fba418e7c4f4424716164ecf67ae9586a6aa8cf1eee03628e03322
22,2025-04-01,2025-04-07,bs_delta_vix,7,2.5714285714285716,-0.008469849704327102,bf449416,,bf449416b87e63de98691106b19e71d49fa89804f380962c8103df88bb057dbd,16586c461e57039abdce31626319b19132c55c2ff96f9b22a1a755c61807d4f4;f11a04ca5ede5f998d7bd6ff9ac44b9c26d1e013343e4dfe95f90e75d9a5cb9a;30537449e8fba418e7c4f4424716164ecf67ae9586a6aa8cf1eee03628e03322
22,2025-04-01,2025-04-07,bs_delta_vix,7,2.7142857142857144,-0.009023676037854114,bf449416,,bf449416b87e63de98691106b19e71d49fa89804f380962c8103df88bb057dbd,16586c461e57039abdce31626319b19132c55c2ff96f9b22a1a755c61807d4f4;f11a04ca5ede5f998d7bd6ff9ac44b9c26d1e013343e4dfe95f90e75d9a5cb9a;30537449e8fba418e7c4f4424716164ecf67ae9586a6aa8cf1eee03628e03322
22,2025-04-01,2025-04-07,bs_delta_vix,7,2.857142857142857,-0.009494286395985561,bf449416,,bf449416b87e63de98691106b19e71d49fa89804f380962c8103df88bb057dbd,16586c461e57039abdce31626319b19132c55c2ff96f9b22a1a755c61807d4f4;f11a04ca5ede5f998d7bd6ff9ac44b9c26d1e013343e4dfe95f90e75d9a5cb9a;30537449e8fba418e7c4f4424716164ecf67ae9586a6aa8cf1eee03628e03322
22,2025-04-01,2025-04-07,bs_delta_vix,7,3.0,-0.011911945366858568,bf449416,,bf449416b87e63de98691106b19e71d49fa89804f380962c8103df88bb057dbd,16586c461e57039abdce31626319b19132c55c2ff96f9b22a1a755c61807d4f4;f11a04ca5ede5f998d7bd6ff9ac44b9c26d1e013343e4dfe95f90e75d9a5cb9a;30537449e8fba418e7c4f4424716164ecf67ae9586a6aa8cf1eee03628e03322
22,2025-04-01,2025-04-07,bs_delta_vix,7,3.142857142857143,-0.013635068713018249,bf449416,,bf449416b87e63de98691106b19e71d49fa89804f380962c8103df88bb057dbd,16586c461e57039abdce31626319b19132c55c2ff96f9b22a1a755c61807d4f4;f11a04ca5ede5f998d7bd6ff9ac44b9c26d1e013343e4dfe95f90e75d9a5cb9a;30537449e8fba418e7c4f4424716164ecf67ae9586a6aa8cf1eee03628e03322
22,2025-04-01,2025-04-07,bs_delta_vix,7,3.2857142857142856,-0.01368376333901826,bf449416,,bf449416b87e63de98691106b19e71d49fa89804f380962c8103df88bb057dbd,16586c461e57039abdce31626319b19132c55c2ff96f9b22a1a755c61807d4f4;f11a04ca5ede5f998d7bd6ff9ac44b9c26d1e013343e4dfe95f90e75d9a5cb9a;30537449e8fba418e7c4f4424716164ecf67ae9586a6aa8cf1eee03628e03322
22,2025-04-01,2025-04-07,bs_delta_vix,7,3.4285714285714284,-0.013837225630076003,bf449416,,bf449416b87e63de98691106b19e71d49fa89804f380962c8103df88bb057dbd,16586c461e57039abdce31626319b19132c55c2ff96f9b22a1a755c61807d4f4;f11a04ca5ede5f998d7bd6ff9ac44b9c26d1e013343e4dfe95f90e75d9a5cb9a;30537449e8fba418e7c4f4424716164ecf67ae9586a6aa8cf1eee03628e03322
22,2025-04-01,2025-04-07,bs_delta_vix,7,3.5714285714285716,-0.013867351649224823,bf449416,,bf449416b87e63de98691106b19e71d49fa89804f380962c8103df88bb057dbd,16586c461e57039abdce31626319b19132c55c2ff96f9b22a1a755c61807d4f4;f11a04ca5ede5f998d7bd6ff9ac44b9c26d1e013343e4dfe95f90e75d9a5cb9a;30537449e8fba418e7c4f4424716164ecf67ae9586a6aa8cf1eee03628e03322
22,2025-04-01,2025-04-07,bs_delta_vix,7,3.7142857142857144,-0.013893949588535848,bf449416,,bf449416b87e63de98691106b19e71d49fa89804f380962c8103df88bb057dbd,16586c461e57039abdce31626319b19132c55c2ff96f9b22a1a755c61807d4f4;f11a04ca5ede5f998d7bd6ff9ac44b9c26d1e013343e4dfe95f90e75d9a5cb9a;30537449e8fba418e7c4f4424716164ecf67ae9586a6aa8cf1eee03628e03322
22,2025-04-01,2025-04-07,bs_delta_vix,7,3.857142857142857,-0.01388949591498708,bf449416,,bf449416b87e63de98691106b19e71d49fa89804f380962c8103df88bb057dbd,16586c461e57039abdce31626319b19132c55c2ff96f9b22a1a755c61807d4f4;f11a04ca5ede5f998d7bd6ff9ac44b9c26d1e013343e4dfe95f90e75d9a5cb9a;30537449e8fba418e7c4f4424716164ecf67ae9586a6aa8cf1eee03628e03322
22,2025-04-01,2025-04-07,bs_delta_vix,7,4.0,-0.013949471196056305,bf449416,,bf449416b87e63de98691106b19e71d49fa89804f380962c8103df88bb057dbd,16586c461e57039abdce31626319b19132c55c2ff96f9b22a1a755c61807d4f4;f11a04ca5ede5f998d7bd6ff9ac44b9c26d1e013343e4dfe95f90e75d9a5cb9a;30537449e8fba418e7c4f4424716164ecf67ae9586a6aa8cf1eee03628e03322
22,2025-04-01,2025-04-07,bs_delta_vix,7,4.142857142857143,-0.01395102769001752,bf449416,,bf449416b87e63de98691106b19e71d49fa89804f380962c8103df88bb057dbd,16586c461e57039abdce31626319b19132c55c2ff96f9b22a1a755c61807d4f4;f11a04ca5ede5f998d7bd6ff9ac44b9c26d1e013343e4dfe95f90e75d9a5cb9a;30537449e8fba418e7c4f4424716164ecf67ae9586a6aa8cf1eee03628e03322
22,2025-04-01,2025-04-07,bs_delta_vix,7,4.285714285714286,-0.013951196002173323,bf449416,,bf449416b87e63de98691106b19e71d49fa89804f380962c8103df88bb057dbd,16586c461e57039abdce31626319b19132c55c2ff96f9b22a1a755c61807d4f4;f11a04ca5ede5f998d7bd6ff9ac44b9c26d1e013343e4dfe95f90e75d9a5cb9a;30537449e8fba418e7c4f4424716164ecf67ae9586a6aa8cf1eee03628e03322
22,2025-04-01,2025-04-07,bs_delta_vix,7,4.428571428571429,-0.013951207682046805,bf449416,,bf449416b87e63de98691106b19e71d49fa89804f380962c8103df88bb057dbd,16586c461e57039abdce31626319b19132c55c2ff96f9b22a1a755c61807d4f4;f11a04ca5ede5f998d7bd6ff9ac44b9c26d1e013343e4dfe95f90e75d9a5cb9a;30537449e8fba418e7c4f4424716164ecf67ae9586a6aa8cf1eee03628e03322
22,2025-04-01,2025-04-07,bs_delta_vix,7,4.571428571428571,-0.013951203094050006,bf449416,,bf449416b87e63de98691106b19e71d49fa89804f380962c8103df88bb057dbd,16586c461e57039abdce31626319b19132c55c2ff96f9b22a1a755c61807d4f4;f11a04ca5ede5f998d7bd6ff9ac44b9c26d1e013343e4dfe95f90e75d9a5cb9a;30537449e8fba418e7c4f4424716164ecf67ae9586a6aa8cf1eee03628e03322
22,2025-04-01,2025-04-07,bs_delta_vix,7,4.714285714285714,-0.013951203507841604,bf449416,,bf449416b87e63de98691106b19e71d49fa89804f380962c8103df88bb057dbd,16586c461e57039abdce31626319b19132c55c2ff96f9b22a1a755c61807d4f4;f11a04ca5ede5f998d7bd6ff9ac44b9c26d1e013343e4dfe95f90e75d9a5cb9a;30537449e8fba418e7c4f4424716164ecf67ae9586a6aa8cf1eee03628e03322
22,2025-04-01,2025-04-07,bs_delta_vix,7,4.857142857142857,-0.013951203698674367,bf449416,,bf449416b87e63de98691106b19e71d49fa89804f380962c8103df88bb057dbd,16586c461e57039abdce31626319b19132c55c2ff96f9b22a1a755c61807d4f4;f11a04ca5ede5f998d7bd6ff9ac44b9c26d1e013343e4dfe95f90e75d9a5cb9a;30537449e8fba418e7c4f4424716164ecf67ae9586a6aa8cf1eee03628e03322
22,2025-04-01,2025-04-07,bs_delta_vix,7,5.0,-0.013951203698835249,bf449416,,bf449416b87e63de98691106b19e71d49fa89804f380962c8103df88bb057dbd,16586c461e57039abdce31626319b19132c55c2ff96f9b22a1a755c61807d4f4;f11a04ca5ede5f998d7bd6ff9ac44b9c26d1e013343e4dfe95f90e75d9a5cb9a;30537449e8fba418e7c4f4424716164ecf67ae9586a6aa8cf1eee03628e03322
22,2025-04-01,2025-04-07,ww_band,7,0.0,0.012233091382214234,bf449416,,bf449416b87e63de98691106b19e71d49fa89804f380962c8103df88bb057dbd,16586c461e57039abdce31626319b19132c55c2ff96f9b22a1a755c61807d4f4;f11a04ca5ede5f998d7bd6ff9ac44b9c26d1e013343e4dfe95f90e75d9a5cb9a;30537449e8fba418e7c4f4424716164ecf67ae9586a6aa8cf1eee03628e03322
22,2025-04-01,2025-04-07,ww_band,7,0.14285714285714285,0.011129841370651306,bf449416,,bf449416b87e63de98691106b19e71d49fa89804f380962c8103df88bb057dbd,16586c461e57039abdce31626319b19132c55c2ff96f9b22a1a755c61807d4f4;f11a04ca5ede5f998d7bd6ff9ac44b9c26d1e013343e4dfe95f90e75d9a5cb9a;30537449e8fba418e7c4f4424716164ecf67ae9586a6aa8cf1eee03628e03322
22,2025-04-01,2025-04-07,ww_band,7,0.2857142857142857,0.013269813566405062,bf449416,,bf449416b87e63de98691106b19e71d49fa89804f380962c8103df88bb057dbd,16586c461e57039abdce31626319b19132c55c2ff96f9b22a1a755c61807d4f4;f11a04ca5ede5f998d7bd6ff9ac44b9c26d1e013343e4dfe95f90e75d9a5cb9a;30537449e8fba418e7c4f4424716164ecf67ae9586a6aa8cf1eee03628e03322
22,2025-04-01,2025-04-07,ww_band,7,0.42857142857142855,0.013156185222863303,bf449416,,bf449416b87e63de98691106b19e71d49fa89804f380962c8103df88bb057dbd,16586c461e57039abdce31626319b19132c55c2ff96f9b22a1a755c61807d4f4;f11a04ca5ede5f998d7bd6ff9ac44b9c26d1e013343e4dfe95f90e75d9a5cb9a;30537449e8fba418e7c4f4424716164ecf67ae9586a6aa8cf1eee03628e03322
22,2025-04-01,2025-04-07,ww_band,7,0.5714285714285714,0.012423483318475067,bf449416,,bf449416b87e63de98691106b19e71d49fa89804f380962c8103df88bb057dbd,16586c461e57039abdce31626319b19132c55c2ff96f9b22a1a755c61807d4f4;f11a04ca5ede5f998d7bd6ff9ac44b9c26d1e013343e4dfe95f90e75d9a5cb9a;30537449e8fba418e7c4f4424716164ecf67ae9586a6aa8cf1eee03628e03322
22,2025-04-01,2025-04-07,ww_band,7,0.7142857142857143,0.011029934302016268,bf449416,,bf449416b87e63de98691106b19e71d49fa89804f380962c8103df88bb057dbd,16586c461e57039abdce31626319b19132c55c2ff96f9b22a1a755c61807d4f4;f11a04ca5ede5f998d7bd6ff9ac44b9c26d1e013343e4dfe95f90e75d9a5cb9a;30537449e8fba418e7c4f4424716164ecf67ae9586a6aa8cf1eee03628e03322
22,2025-04-01,2025-04-07,ww_band,7,0.8571428571428571,0.011941919968416233,bf449416,,bf449416b87e63de98691106b19e71d49fa89804f380962c8103df88bb057dbd,16586c461e57039abdce31626319b19132c55c2ff96f9b22a1a755c61807d4f4;f11a04ca5ede5f998d7bd6ff9ac44b9c26d1e013343e4dfe95f90e75d9a5cb9a;30537449e8fba418e7c4f4424716164ecf67ae9586a6aa8cf1eee03628e03322
22,2025-04-01,2025-04-07,ww_band,7,1.0,0.010623783162012764,bf449416,,bf449416b87e63de98691106b19e71d49fa89804f380962c8103df88bb057dbd,16586c461e57039abdce31626319b19132c55c2ff96f9b22a1a755c61807d4f4;f11a04ca5ede5f998d7bd6ff9ac44b9c26d1e013343e4dfe95f90e75d9a5cb9a;30537449e8fba418e7c4f4424716164ecf67ae9586a6aa8cf1eee03628e03322
22,2025-04-01,2025-04-07,ww_band,7,1.1428571428571428,0.013167563913641149,bf449416,,bf449416b87e63de98691106b19e71d49fa89804f380962c8103df88bb057dbd,16586c461e57039abdce31626319b19132c55c2ff96f9b22a1a755c61807d4f4;f11a04ca5ede5f998d7bd6ff9ac44b9c26d1e013343e4dfe95f90e75d9a5cb9a;30537449e8fba418e7c4f4424716164ecf67ae9586a6aa8cf1eee03628e03322
22,2025-04-01,2025-04-07,ww_band,7,1.2857142857142858,0.014470688921790053,bf449416,,bf449416b87e63de98691106b19e71d49fa89804f380962c8103df88bb057dbd,16586c461e57039abdce31626319b19132c55c2ff96f9b22a1a755c61807d4f4;f11a04ca5ede5f998d7bd6ff9ac44b9c26d1e013343e4dfe95f90e75d9a5cb9a;30537449e8fba418e7c4f4424716164ecf67ae9586a6aa8cf1eee03628e03322
22,2025-04-01,2025-04-07,ww_band,7,1.4285714285714286,0.014988200822966567,bf449416,,bf449416b87e63de98691106b19e71d49fa89804f380962c8103df88bb057dbd,16586c461e57039abdce31626319b19132c55c2ff96f9b22a1a755c61807d4f4;f11a04ca5ede5f998d7bd6ff9ac44b9c26d1e013343e4dfe95f90e75d9a5cb9a;30537449e8fba418e7c4f4424716164ecf67ae9586a6aa8cf1eee03628e03322
22,2025-04-01,2025-04-07,ww_band,7,1.5714285714285714,0.016189055194567877,bf449416,,bf449416b87e63de98691106b19e71d49fa89804f380962c8103df88bb057dbd,16586c461e57039abdce31626319b19132c55c2ff96f9b22a1a755c61807d4f4;f11a04ca5ede5f998d7bd6ff9ac44b9c26d1e013343e4dfe95f90e75d9a5cb9a;30537449e8fba418e7c4f4424716164ecf67ae9586a6aa8cf1eee03628e03322
22,2025-04-01,2025-04-07,ww_band,7,1.7142857142857142,0.012304272351818567,bf449416,,bf449416b87e63de98691106b19e71d49fa89804f380962c8103df88bb057dbd,16586c461e57039abdce31626319b19132c55c2ff96f9b22a1a755c61807d4f4;f11a04ca5ede5f998d7bd6ff9ac44b9c26d1e013343e4dfe95f90e75d9a5cb9a;30537449e8fba418e7c4f4424716164ecf67ae9586a6aa8cf1eee03628e03322
22,2025-04-01,2025-04-07,ww_band,7,1.8571428571428572,0.01382882692476596,bf449416,,bf449416b87e63de98691106b19e71d49fa89804f380962c8103df88bb057dbd,16586c461e57039abdce31626319b19132c55c2ff96f9b22a1a755c61807d4f4;f11a04ca5ede5f998d7bd6ff9ac44b9c26d1e013343e4dfe95f90e75d9a5cb9a;30537449e8fba418e7c4f4424716164ecf67ae9586a6aa8cf1eee03628e03322
22,2025-04-01,2025-04-07,ww_band,7,2.0,0.0013373643190896546,bf449416,,bf449416b87e63de98691106b19e71d49fa89804f380962c8103df88bb057dbd,16586c461e57039abdce31626319b19132c55c2ff96f9b22a1a755c61807d4f4;f11a04ca5ede5f998d7bd6ff9ac44b9c26d1e013343e4dfe95f90e75d9a5cb9a;30537449e8fba418e7c4f4424716164ecf67ae9586a6aa8cf1eee03628e03322
22,2025-04-01,2025-04-07,ww_band,7,2.142857142857143,-0.0018947293943762586,bf449416,,bf449416b87e63de98691106b19e71d49fa89804f380962c8103df88bb057dbd,16586c461e57039abdce31626319b19132c55c2ff96f9b22a1a755c61807d4f4;f11a04ca5ede5f998d7bd6ff9ac44b9c26d1e013343e4dfe95f90e75d9a5cb9a;30537449e8fba418e7c4f4424716164ecf67ae9586a6aa8cf1eee03628e03322
22,2025-04-01,2025-04-07,ww_band,7,2.2857142857142856,-0.0029022660711264196,bf449416,,bf449416b87e63de98691106b19e71d49fa89804f380962c8103df88bb057dbd,16586c461e57039abdce31626319b19132c55c2ff96f9b22a1a755c61807d4f4;f11a04ca5ede5f998d7bd6ff9ac44b9c26d1e013343e4dfe95f90e75d9a5cb9a;30537449e8fba418e7c4f4424716164ecf67ae9586a6aa8cf1eee03628e03322
22,2025-04-01,2025-04-07,ww_band,7,2.4285714285714284,1.4367739108761546e-05,bf449416,,bf449416b87e63de98691106b19e71d49fa89804f380962c8103df88bb057dbd,16586c461e57039abdce31626319b19132c55c2ff96f9b22a1a755c61807d4f4;f11a04ca5ede5f998d7bd6ff9ac44b9c26d1e013343e4dfe95f90e75d9a5cb9a;30537449e8fba418e7c4f4424716164ecf67ae9586a6aa8cf1eee03628e03322
22,2025-04-01,2025-04-07,ww_band,7,2.5714285714285716,-0.002568906239027946,bf449416,,bf449416b87e63de98691106b19e71d49fa89804f380962c8103df88bb057dbd,16586c461e57039abdce31626319b19132c55c2ff96f9b22a1a755c61807d4f4;f11a04ca5ede5f998d7bd6ff9ac44b9c26d1e013343e4dfe95f90e75d9a5cb9a;30537449e8fba418e7c4f4424716164ecf67ae9586a6aa8cf1eee03628e03322
22,2025-04-01,2025-04-07,ww_band,7,2.7142857142857144,-0.003686923248336787,bf449416,,bf449416b87e63de98691106b19e71d49fa89804f380962c8103df88bb057dbd,16586c461e57039abdce31626319b19132c55c2ff96f9b22a1a755c61807d4f4;f11a04ca5ede5f998d7bd6ff9ac44b9c26d1e013343e4dfe95f90e75d9a5cb9a;30537449e8fba418e7c4f4424716164ecf67ae9586a6aa8cf1eee03628e03322
22,2025-04-01,2025-04-07,ww_band,7,2.857142857142857,-0.004824212312857061,bf449416,,bf449416b87e63de98691106b19e71d49fa89804f380962c8103df88bb057dbd,16586c461e57039abdce31626319b19132c55c2ff96f9b22a1a755c61807d4f4;f11a04ca5ede5f998d7bd6ff9ac44b9c26d1e013343e4dfe95f90e75d9a5cb9a;30537449e8fba418e7c4f4424716164ecf67ae9586a6aa8cf1eee03628e03322
22,2025-04-01,2025-04-07,ww_band,7,3.0,-0.011390308561400223,bf449416,,bf449416b87e63de98691106b19e71d49fa89804f380962c8103df88bb057dbd,16586c461e57039abdce31626319b19132c55c2ff96f9b22a1a755c61807d4f4;f11a04ca5ede5f998d7bd6ff9ac44b9c26d1e013343e4dfe95f90e75d9a5cb9a;30537449e8fba418e7c4f4424716164ecf67ae9586a6aa8cf1eee03628e03322
22,2025-04-01,2025-04-07,ww_band,7,3.142857142857143,-0.015823263999314524,bf449416,,bf449416b87e63de98691106b19e71d49fa89804f380962c8103df88bb057dbd,16586c461e57039abdce31626319b19132c55c2ff96f9b22a1a755c61807d4f4;f11a04ca5ede5f998d7bd6ff9ac44b9c26d1e013343e4dfe95f90e75d9a5cb9a;30537449e8fba418e7c4f4424716164ecf67ae9586a6aa8cf1eee03628e03322
22,2025-04-01,2025-04-07,ww_band,7,3.2857142857142856,-0.015907800966771597,bf449416,,bf449416b87e63de98691106b19e71d49fa89804f380962c8103df88bb057dbd,16586c461e57039abdce31626319b19132c55c2ff96f9b22a1a755c61807d4f4;f11a04ca5ede5f998d7bd6ff9ac44b9c26d1e013343e4dfe95f90e75d9a5cb9a;30537449e8fba418e7c4f4424716164ecf67ae9586a6aa8cf1eee03628e03322
22,2025-04-01,2025-04-07,ww_band,7,3.4285714285714284,-0.016545243711497924,bf449416,,bf449416b87e63de98691106b19e71d49fa89804f380962c8103df88bb057dbd,16586c461e57039abdce31626319b19132c55c2ff96f9b22a1a755c61807d4f4;f11a04ca5ede5f998d7bd6ff9ac44b9c26d1e013343e4dfe95f90e75d9a5cb9a;30537449e8fba418e7c4f4424716164ecf67ae9586a6aa8cf1eee03628e03322
22,2025-04-01,2025-04-07,ww_band,7,3.5714285714285716,-0.016687916798737306,bf449416,,bf449416b87e63de98691106b19e71d49fa89804f380962c8103df88bb057dbd,16586c461e57039abdce31626319b19132c55c2ff96f9b22a1a755c61807d4f4;f11a04ca5ede5f998d7bd6ff9ac44b9c26d1e013343e4dfe95f90e75d9a5cb9a;30537449e8fba418e7c4f4424716164ecf67ae9586a6aa8cf1eee03628e03322
22,2025-04-01,2025-04-07,ww_band,7,3.7142857142857144,-0.016861085588445825,bf449416,,bf449416b87e63de98691106b19e71d49fa89804f380962c8103df88bb057dbd,16586c461e57039abdce31626319b19132c55c2ff96f9b22a1a755c61807d4f4;f11a04ca5ede5f998d7bd6ff9ac44b9c26d1e013343e4dfe95f90e75d9a5cb9a;30537449e8fba418e7c4f4424716164ecf67ae9586a6aa8cf1eee03628e03322
22,2025-04-01,2025-04-07,ww_band,7,3.857142857142857,-0.016804771260325747,bf449416,,bf449416b87e63de98691106b19e71d49fa89804f380962c8103df88bb057dbd,16586c461e57039abdce31626319b19132c55c2ff96f9b22a1a755c61807d4f4;f11a04ca5ede5f998d7bd6ff9ac44b9c26d1e013343e4dfe95f90e75d9a5cb9a;30537449e8fba418e7c4f4424716164ecf67ae9586a6aa8cf1eee03628e03322
22,2025-04-01,2025-04-07,ww_band,7,4.0,-0.01744226991932505,bf449416,,bf449416b87e63de98691106b19e71d49fa89804f380962c8103df88bb057dbd,16586c461e57039abdce31626319b19132c55c2ff96f9b22a1a755c61807d4f4;f11a04ca5ede5f998d7bd6ff9ac44b9c26d1e013343e4dfe95f90e75d9a5cb9a;30537449e8fba418e7c4f4424716164ecf67ae9586a6aa8cf1eee03628e03322
22,2025-04-01,2025-04-07,ww_band,7,4.142857142857143,-0.017450268302990263,bf449416,,bf449416b87e63de98691106b19e71d49fa89804f380962c8103df88bb057dbd,16586c461e57039abdce31626319b19132c55c2ff96f9b22a1a755c61807d4f4;f11a04ca5ede5f998d7bd6ff9ac44b9c26d1e013343e4dfe95f90e75d9a5cb9a;30537449e8fba418e7c4f4424716164ecf67ae9586a6aa8cf1eee03628e03322
22,2025-04-01,2025-04-07,ww_band,7,4.285714285714286,-0.017459432654236984,bf449416,,bf449416b87e63de98691106b19e71d49fa89804f380962c8103df88bb057dbd,16586c461e57039abdce31626319b19132c55c2ff96f9b22a1a755c61807d4f4;f11a04ca5ede5f998d7bd6ff9ac44b9c26d1e013343e4dfe95f90e75d9a5cb9a;30537449e8fba418e7c4f4424716164ecf67ae9586a6aa8cf1eee03628e03322
22,2025-04-01,2025-04-07,ww_band,7,4.428571428571429,-0.01745892906553064,bf449416,,bf449416b87e63de98691106b19e71d49fa89804f380962c8103df88bb057dbd,16586c461e57039abdce31626319b19132c55c2ff96f9b22a1a755c61807d4f4;f11a04ca5ede5f998d7bd6ff9ac44b9c26d1e013343e4dfe95f90e75d9a5cb9a;30537449e8fba418e7c4f4424716164ecf67ae9586a6aa8cf1eee03628e03322
22,2025-04-01,2025-04-07,ww_band,7,4.571428571428571,-0.017457653519959232,bf449416,,bf449416b87e63de98691106b19e71d49fa89804f380962c8103df88bb057dbd,16586c461e57039abdce31626319b19132c55c2ff96f9b22a1a755c61807d4f4;f11a04ca5ede5f998d7bd6ff9ac44b9c26d1e013343e4dfe95f90e75d9a5cb9a;30537449e8fba418e7c4f4424716164ecf67ae9586a6aa8cf1eee03628e03322
22,2025-04-01,2025-04-07,ww_band,7,4.714285714285714,-0.01745776860110135,bf449416,,bf449416b87e63de98691106b19e71d49fa89804f380962c8103df88bb057dbd,16586c461e57039abdce31626319b19132c55c2ff96f9b22a1a755c61807d4f4;f11a04ca5ede5f998d7bd6ff9ac44b9c26d1e013343e4dfe95f90e75d9a5cb9a;30537449e8fba418e7c4f4424716164ecf67ae9586a6aa8cf1eee03628e03322
22,2025-04-01,2025-04-07,ww_band,7,4.857142857142857,-0.017457848779398582,bf449416,,bf449416b87e63de98691106b19e71d49fa89804f380962c8103df88bb057dbd,16586c461e57039abdce31626319b19132c55c2ff96f9b22a1a755c61807d4f4;f11a04ca5ede5f998d7bd6ff9ac44b9c26d1e013343e4dfe95f90e75d9a5cb9a;30537449e8fba418e7c4f4424716164ecf67ae9586a6aa8cf1eee03628e03322
22,2025-04-01,2025-04-07,ww_band,7,5.0,-0.01745784963889412,bf449416,,bf449416b87e63de98691106b19e71d49fa89804f380962c8103df88bb057dbd,16586c461e57039abdce31626319b19132c55c2ff96f9b22a1a755c61807d4f4;f11a04ca5ede5f998d7bd6ff9ac44b9c26d1e013343e4dfe95f90e75d9a5cb9a;30537449e8fba418e7c4f4424716164ecf67ae9586a6aa8cf1eee03628e03322
22,2025-04-01,2025-04-07,gru,7,0.0,0.012233091382214234,bf449416,0-4,bf449416b87e63de98691106b19e71d49fa89804f380962c8103df88bb057dbd,16586c461e57039abdce31626319b19132c55c2ff96f9b22a1a755c61807d4f4;f11a04ca5ede5f998d7bd6ff9ac44b9c26d1e013343e4dfe95f90e75d9a5cb9a;30537449e8fba418e7c4f4424716164ecf67ae9586a6aa8cf1eee03628e03322
22,2025-04-01,2025-04-07,gru,7,0.14285714285714285,0.009950049067135276,bf449416,0-4,bf449416b87e63de98691106b19e71d49fa89804f380962c8103df88bb057dbd,16586c461e57039abdce31626319b19132c55c2ff96f9b22a1a755c61807d4f4;f11a04ca5ede5f998d7bd6ff9ac44b9c26d1e013343e4dfe95f90e75d9a5cb9a;30537449e8fba418e7c4f4424716164ecf67ae9586a6aa8cf1eee03628e03322
22,2025-04-01,2025-04-07,gru,7,0.2857142857142857,0.014362596556386937,bf449416,0-4,bf449416b87e63de98691106b19e71d49fa89804f380962c8103df88bb057dbd,16586c461e57039abdce31626319b19132c55c2ff96f9b22a1a755c61807d4f4;f11a04ca5ede5f998d7bd6ff9ac44b9c26d1e013343e4dfe95f90e75d9a5cb9a;30537449e8fba418e7c4f4424716164ecf67ae9586a6aa8cf1eee03628e03322
22,2025-04-01,2025-04-07,gru,7,0.42857142857142855,0.014239225078243318,bf449416,0-4,bf449416b87e63de98691106b19e71d49fa89804f380962c8103df88bb057dbd,16586c461e57039abdce31626319b19132c55c2ff96f9b22a1a755c61807d4f4;f11a04ca5ede5f998d7bd6ff9ac44b9c26d1e013343e4dfe95f90e75d9a5cb9a;30537449e8fba418e7c4f4424716164ecf67ae9586a6aa8cf1eee03628e03322
22,2025-04-01,2025-04-07,gru,7,0.5714285714285714,0.012889046045745051,bf449416,0-4,bf449416b87e63de98691106b19e71d49fa89804f380962c8103df88bb057dbd,16586c461e57039abdce31626319b19132c55c2ff96f9b22a1a755c61807d4f4;f11a04ca5ede5f998d7bd6ff9ac44b9c26d1e013343e4dfe95f90e75d9a5cb9a;30537449e8fba418e7c4f4424716164ecf67ae9586a6aa8cf1eee03628e03322
22,2025-04-01,2025-04-07,gru,7,0.7142857142857143,0.010386348186119785,bf449416,0-4,bf449416b87e63de98691106b19e71d49fa89804f380962c8103df88bb057dbd,16586c461e57039abdce31626319b19132c55c2ff96f9b22a1a755c61807d4f4;f11a04ca5ede5f998d7bd6ff9ac44b9c26d1e013343e4dfe95f90e75d9a5cb9a;30537449e8fba418e7c4f4424716164ecf67ae9586a6aa8cf1eee03628e03322
22,2025-04-01,2025-04-07,gru,7,0.8571428571428571,0.011898610607961777,bf449416,0-4,bf449416b87e63de98691106b19e71d49fa89804f380962c8103df88bb057dbd,16586c461e57039abdce31626319b19132c55c2ff96f9b22a1a755c61807d4f4;f11a04ca5ede5f998d7bd6ff9ac44b9c26d1e013343e4dfe95f90e75d9a5cb9a;30537449e8fba418e7c4f4424716164ecf67ae9586a6aa8cf1eee03628e03322
22,2025-04-01,2025-04-07,gru,7,1.0,0.009627425198607886,bf449416,0-4,bf449416b87e63de98691106b19e71d49fa89804f380962c8103df88bb057dbd,16586c461e57039abdce31626319b19132c55c2ff96f9b22a1a755c61807d4f4;f11a04ca5ede5f998d7bd6ff9ac44b9c26d1e013343e4dfe95f90e75d9a5cb9a;30537449e8fba418e7c4f4424716164ecf67ae9586a6aa8cf1eee03628e03322
22,2025-04-01,2025-04-07,gru,7,1.1428571428571428,0.013757244808286318,bf449416,0-4,bf449416b87e63de98691106b19e71d49fa89804f380962c8103df88bb057dbd,16586c461e57039abdce31626319b19132c55c2ff96f9b22a1a755c61807d4f4;f11a04ca5ede5f998d7bd6ff9ac44b9c26d1e013343e4dfe95f90e75d9a5cb9a;30537449e8fba418e7c4f4424716164ecf67ae9586a6aa8cf1eee03628e03322
22,2025-04-01,2025-04-07,gru,7,1.2857142857142858,0.016034090892117,bf449416,0-4,bf449416b87e63de98691106b19e71d49fa89804f380962c8103df88bb057dbd,16586c461e57039abdce31626319b19132c55c2ff96f9b22a1a755c61807d4f4;f11a04ca5ede5f998d7bd6ff9ac44b9c26d1e013343e4dfe95f90e75d9a5cb9a;30537449e8fba418e7c4f4424716164ecf67ae9586a6aa8cf1eee03628e03322
22,2025-04-01,2025-04-07,gru,7,1.4285714285714286,0.01691842670159504,bf449416,0-4,bf449416b87e63de98691106b19e71d49fa89804f380962c8103df88bb057dbd,16586c461e57039abdce31626319b19132c55c2ff96f9b22a1a755c61807d4f4;f11a04ca5ede5f998d7bd6ff9ac44b9c26d1e013343e4dfe95f90e75d9a5cb9a;30537449e8fba418e7c4f4424716164ecf67ae9586a6aa8cf1eee03628e03322
22,2025-04-01,2025-04-07,gru,7,1.5714285714285714,0.01882001546011693,bf449416,0-4,bf449416b87e63de98691106b19e71d49fa89804f380962c8103df88bb057dbd,16586c461e57039abdce31626319b19132c55c2ff96f9b22a1a755c61807d4f4;f11a04ca5ede5f998d7bd6ff9ac44b9c26d1e013343e4dfe95f90e75d9a5cb9a;30537449e8fba418e7c4f4424716164ecf67ae9586a6aa8cf1eee03628e03322
22,2025-04-01,2025-04-07,gru,7,1.7142857142857142,0.013304314575741305,bf449416,0-4,bf449416b87e63de98691106b19e71d49fa89804f380962c8103df88bb057dbd,16586c461e57039abdce31626319b19132c55c2ff96f9b22a1a755c61807d4f4;f11a04ca5ede5f998d7bd6ff9ac44b9c26d1e013343e4dfe95f90e75d9a5cb9a;30537449e8fba418e7c4f4424716164ecf67ae9586a6aa8cf1eee03628e03322
22,2025-04-01,2025-04-07,gru,7,1.8571428571428572,0.015315402366379807,bf449416,0-4,bf449416b87e63de98691106b19e71d49fa89804f380962c8103df88bb057dbd,16586c461e57039abdce31626319b19132c55c2ff96f9b22a1a755c61807d4f4;f11a04ca5ede5f998d7bd6ff9ac44b9c26d1e013343e4dfe95f90e75d9a5cb9a;30537449e8fba418e7c4f4424716164ecf67ae9586a6aa8cf1eee03628e03322
22,2025-04-01,2025-04-07,gru,7,2.0,-0.0015609504154683565,bf449416,0-4,bf449416b87e63de98691106b19e71d49fa89804f380962c8103df88bb057dbd,16586c461e57039abdce31626319b19132c55c2ff96f9b22a1a755c61807d4f4;f11a04ca5ede5f998d7bd6ff9ac44b9c26d1e013343e4dfe95f90e75d9a5cb9a;30537449e8fba418e7c4f4424716164ecf67ae9586a6aa8cf1eee03628e03322
22,2025-04-01,2025-04-07,gru,7,2.142857142857143,-0.004786471457782217,bf449416,0-4,bf449416b87e63de98691106b19e71d49fa89804f380962c8103df88bb057dbd,16586c461e57039abdce31626319b19132c55c2ff96f9b22a1a755c61807d4f4;f11a04ca5ede5f998d7bd6ff9ac44b9c26d1e013343e4dfe95f90e75d9a5cb9a;30537449e8fba418e7c4f4424716164ecf67ae9586a6aa8cf1eee03628e03322
22,2025-04-01,2025-04-07,gru,7,2.2857142857142856,-0.00553964458270482,bf449416,0-4,bf449416b87e63de98691106b19e71d49fa89804f380962c8103df88bb057dbd,16586c461e57039abdce31626319b19132c55c2ff96f9b22a1a755c61807d4f4;f11a04ca5ede5f998d7bd6ff9ac44b9c26d1e013343e4dfe95f90e75d9a5cb9a;30537449e8fba418e7c4f4424716164ecf67ae9586a6aa8cf1eee03628e03322
22,2025-04-01,2025-04-07,gru,7,2.4285714285714284,-0.004145394914869794,bf449416,0-4,bf449416b87e63de98691106b19e71d49fa89804f380962c8103df88bb057dbd,16586c461e57039abdce31626319b19132c55c2ff96f9b22a1a755c61807d4f4;f11a04ca5ede5f998d7bd6ff9ac44b9c26d1e013343e4dfe95f90e75d9a5cb9a;30537449e8fba418e7c4f4424716164ecf67ae9586a6aa8cf1eee03628e03322
22,2025-04-01,2025-04-07,gru,7,2.5714285714285716,-0.005624663953357437,bf449416,0-4,bf449416b87e63de98691106b19e71d49fa89804f380962c8103df88bb057dbd,16586c461e57039abdce31626319b19132c55c2ff96f9b22a1a755c61807d4f4;f11a04ca5ede5f998d7bd6ff9ac44b9c26d1e013343e4dfe95f90e75d9a5cb9a;30537449e8fba418e7c4f4424716164ecf67ae9586a6aa8cf1eee03628e03322
22,2025-04-01,2025-04-07,gru,7,2.7142857142857144,-0.0061986096755250785,bf449416,0-4,bf449416b87e63de98691106b19e71d49fa89804f380962c8103df88bb057dbd,16586c461e57039abdce31626319b19132c55c2ff96f9b22a1a755c61807d4f4;f11a04ca5ede5f998d7bd6ff9ac44b9c26d1e013343e4dfe95f90e75d9a5cb9a;30537449e8fba418e7c4f4424716164ecf67ae9586a6aa8cf1eee03628e03322
22,2025-04-01,2025-04-07,gru,7,2.857142857142857,-0.0067294871045349616,bf449416,0-4,bf449416b87e63de98691106b19e71d49fa89804f380962c8103df88bb057dbd,16586c461e57039abdce31626319b19132c55c2ff96f9b22a1a755c61807d4f4;f11a04ca5ede5f998d7bd6ff9ac44b9c26d1e013343e4dfe95f90e75d9a5cb9a;30537449e8fba418e7c4f4424716164ecf67ae9586a6aa8cf1eee03628e03322
22,2025-04-01,2025-04-07,gru,7,3.0,-0.009644400684441855,bf449416,0-4,bf449416b87e63de98691106b19e71d49fa89804f380962c8103df88bb057dbd,16586c461e57039abdce31626319b19132c55c2ff96f9b22a1a755c61807d4f4;f11a04ca5ede5f998d7bd6ff9ac44b9c26d1e013343e4dfe95f90e75d9a5cb9a;30537449e8fba418e7c4f4424716164ecf67ae9586a6aa8cf1eee03628e03322
22,2025-04-01,2025-04-07,gru,7,3.142857142857143,-0.010259708789945761,bf449416,0-4,bf449416b87e63de98691106b19e71d49fa89804f380962c8103df88bb057dbd,16586c461e57039abdce31626319b19132c55c2ff96f9b22a1a755c61807d4f4;f11a04ca5ede5f998d7bd6ff9ac44b9c26d1e013343e4dfe95f90e75d9a5cb9a;30537449e8fba418e7c4f4424716164ecf67ae9586a6aa8cf1eee03628e03322
22,2025-04-01,2025-04-07,gru,7,3.2857142857142856,-0.010366540250971182,bf449416,0-4,bf449416b87e63de98691106b19e71d49fa89804f380962c8103df88bb057dbd,16586c461e57039abdce31626319b19132c55c2ff96f9b22a1a755c61807d4f4;f11a04ca5ede5f998d7bd6ff9ac44b9c26d1e013343e4dfe95f90e75d9a5cb9a;30537449e8fba418e7c4f4424716164ecf67ae9586a6aa8cf1eee03628e03322
22,2025-04-01,2025-04-07,gru,7,3.4285714285714284,-0.010056400933670207,bf449416,0-4,bf449416b87e63de98691106b19e71d49fa89804f380962c8103df88bb057dbd,16586c461e57039abdce31626319b19132c55c2ff96f9b22a1a755c61807d4f4;f11a04ca5ede5f998d7bd6ff9ac44b9c26d1e013343e4dfe95f90e75d9a5cb9a;30537449e8fba418e7c4f4424716164ecf67ae9586a6aa8cf1eee03628e03322
22,2025-04-01,2025-04-07,gru,7,3.5714285714285716,-0.009978958536825367,bf449416,0-4,bf449416b87e63de98691106b19e71d49fa89804f380962c8103df88bb057dbd,16586c461e57039abdce31626319b19132c55c2ff96f9b22a1a755c61807d4f4;f11a04ca5ede5f998d7bd6ff9ac44b9c26d1e013343e4dfe95f90e75d9a5cb9a;30537449e8fba418e7c4f4424716164ecf67ae9586a6aa8cf1eee03628e03322
22,2025-04-01,2025-04-07,gru,7,3.7142857142857144,-0.009848834674529239,bf449416,0-4,bf449416b87e63de98691106b19e71d49fa89804f380962c8103df88bb057dbd,16586c461e57039abdce31626319b19132c55c2ff96f9b22a1a755c61807d4f4;f11a04ca5ede5f998d7bd6ff9ac44b9c26d1e013343e4dfe95f90e75d9a5cb9a;30537449e8fba418e7c4f4424716164ecf67ae9586a6aa8cf1eee03628e03322
22,2025-04-01,2025-04-07,gru,7,3.857142857142857,-0.009956143174579879,bf449416,0-4,bf449416b87e63de98691106b19e71d49fa89804f380962c8103df88bb057dbd,16586c461e57039abdce31626319b19132c55c2ff96f9b22a1a755c61807d4f4;f11a04ca5ede5f998d7bd6ff9ac44b9c26d1e013343e4dfe95f90e75d9a5cb9a;30537449e8fba418e7c4f4424716164ecf67ae9586a6aa8cf1eee03628e03322
22,2025-04-01,2025-04-07,gru,7,4.0,-0.009226329325182438,bf449416,0-4,bf449416b87e63de98691106b19e71d49fa89804f380962c8103df88bb057dbd,16586c461e57039abdce31626319b19132c55c2ff96f9b22a1a755c61807d4f4;f11a04ca5ede5f998d7bd6ff9ac44b9c26d1e013343e4dfe95f90e75d9a5cb9a;30537449e8fba418e7c4f4424716164ecf67ae9586a6aa8cf1eee03628e03322
22,2025-04-01,2025-04-07,gru,7,4.142857142857143,-0.009896500139912445,bf449416,0-4,bf449416b87e63de98691106b19e71d49fa89804f380962c8103df88bb057dbd,16586c461e57039abdce31626319b19132c55c2ff96f9b22a1a755c61807d4f4;f11a04ca5ede5f998d7bd6ff9ac44b9c26d1e013343e4dfe95f90e75d9a5cb9a;30537449e8fba418e7c4f4424716164ecf67ae9586a6aa8cf1eee03628e03322
22,2025-04-01,2025-04-07,gru,7,4.285714285714286,-0.009507119085753774,bf449416,0-4,bf449416b87e63de98691106b19e71d49fa89804f380962c8103df88bb057dbd,16586c461e57039abdce31626319b19132c55c2ff96f9b22a1a755c61807d4f4;f11a04ca5ede5f998d7bd6ff9ac44b9c26d1e013343e4dfe95f90e75d9a5cb9a;30537449e8fba418e7c4f4424716164ecf67ae9586a6aa8cf1eee03628e03322
22,2025-04-01,2025-04-07,gru,7,4.428571428571429,-0.010160562743597282,bf449416,0-4,bf449416b87e63de98691106b19e71d49fa89804f380962c8103df88bb057dbd,16586c461e57039abdce31626319b19132c55c2ff96f9b22a1a755c61807d4f4;f11a04ca5ede5f998d7bd6ff9ac44b9c26d1e013343e4dfe95f90e75d9a5cb9a;30537449e8fba418e7c4f4424716164ecf67ae9586a6aa8cf1eee03628e03322
22,2025-04-01,2025-04-07,gru,7,4.571428571428571,-0.01065958941218029,bf449416,0-4,bf449416b87e63de98691106b19e71d49fa89804f380962c8103df88bb057dbd,16586c461e57039abdce31626319b19132c55c2ff96f9b22a1a755c61807d4f4;f11a04ca5ede5f998d7bd6ff9ac44b9c26d1e013343e4dfe95f90e75d9a5cb9a;30537449e8fba418e7c4f4424716164ecf67ae9586a6aa8cf1eee03628e03322
22,2025-04-01,2025-04-07,gru,7,4.714285714285714,-0.010641047930491533,bf449416,0-4,bf449416b87e63de98691106b19e71d49fa89804f380962c8103df88bb057dbd,16586c461e57039abdce31626319b19132c55c2ff96f9b22a1a755c61807d4f4;f11a04ca5ede5f998d7bd6ff9ac44b9c26d1e013343e4dfe95f90e75d9a5cb9a;30537449e8fba418e7c4f4424716164ecf67ae9586a6aa8cf1eee03628e03322
22,2025-04-01,2025-04-07,gru,7,4.857142857142857,-0.01036717232600498,bf449416,0-4,bf449416b87e63de98691106b19e71d49fa89804f380962c8103df88bb057dbd,16586c461e57039abdce31626319b19132c55c2ff96f9b22a1a755c61807d4f4;f11a04ca5ede5f998d7bd6ff9ac44b9c26d1e013343e4dfe95f90e75d9a5cb9a;30537449e8fba418e7c4f4424716164ecf67ae9586a6aa8cf1eee03628e03322
22,2025-04-01,2025-04-07,gru,7,5.0,-0.010730115686501654,bf449416,0-4,bf449416b87e63de98691106b19e71d49fa89804f380962c8103df88bb057dbd,16586c461e57039abdce31626319b19132c55c2ff96f9b22a1a755c61807d4f4;f11a04ca5ede5f998d7bd6ff9ac44b9c26d1e013343e4dfe95f90e75d9a5cb9a;30537449e8fba418e7c4f4424716164ecf67ae9586a6aa8cf1eee03628e03322
23,2025-04-08,2025-04-14,bs_delta_vix,7,0.0,0.02939999360512141,bf449416,,bf449416b87e63de98691106b19e71d49fa89804f380962c8103df88bb057dbd,16586c461e57039abdce31626319b19132c55c2ff96f9b22a1a755c61807d4f4;f11a04ca5ede5f998d7bd6ff9ac44b9c26d1e013343e4dfe95f90e75d9a5cb9a;30537449e8fba418e7c4f4424716164ecf67ae9586a6aa8cf1eee03628e03322
23,2025-04-08,2025-04-14,bs_delta_vix,7,0.14285714285714285,0.03477598896569631,bf449416,,bf449416b87e63de98691106b19e71d49fa89804f380962c8103df88bb057dbd,16586c461e57039abdce31626319b19132c55c2ff96f9b22a1a755c61807d4f4;f11a04ca5ede5f998d7bd6ff9ac44b9c26d1e013343e4dfe95f90e75d9a5cb9a;30537449e8fba418e7c4f4424716164ecf67ae9586a6aa8cf1eee03628e03322
23,2025-04-08,2025-04-14,bs_delta_vix,7,0.2857142857142857,0.024521119841246622,bf449416,,bf449416b87e63de98691106b19e71d49fa89804f380962c8103df88bb057dbd,16586c461e57039abdce31626319b19132c55c2ff96f9b22a1a755c61807d4f4;f11a04ca5ede5f998d7bd6ff9ac44b9c26d1e013343e4dfe95f90e75d9a5cb9a;30537449e8fba418e7c4f4424716164ecf67ae9586a6aa8cf1eee03628e03322
23,2025-04-08,2025-04-14,bs_delta_vix,7,0.42857142857142855,0.024054497664662465,bf449416,,bf449416b87e63de98691106b19e71d49fa89804f380962c8103df88bb057dbd,16586c461e57039abdce31626319b19132c55c2ff96f9b22a1a755c61807d4f4;f11a04ca5ede5f998d7bd6ff9ac44b9c26d1e013343e4dfe95f90e75d9a5cb9a;30537449e8fba418e7c4f4424716164ecf67ae9586a6aa8cf1eee03628e03322
23,2025-04-08,2025-04-14,bs_delta_vix,7,0.5714285714285714,0.01358407776141815,bf449416,,bf449416b87e63de98691106b19e71d49fa89804f380962c8103df88bb057dbd,16586c461e57039abdce31626319b19132c55c2ff96f9b22a1a755c61807d4f4;f11a04ca5ede5f998d7bd6ff9ac44b9c26d1e013343e4dfe95f90e75d9a5cb9a;30537449e8fba418e7c4f4424716164ecf67ae9586a6aa8cf1eee03628e03322
23,2025-04-08,2025-04-14,bs_delta_vix,7,0.7142857142857143,0.013432030568884066,bf449416,,bf449416b87e63de98691106b19e71d49fa89804f380962c8103df88bb057dbd,16586c461e57039abdce31626319b19132c55c2ff96f9b22a1a755c61807d4f4;f11a04ca5ede5f998d7bd6ff9ac44b9c26d1e013343e4dfe95f90e75d9a5cb9a;30537449e8fba418e7c4f4424716164ecf67ae9586a6aa8cf1eee03628e03322
23,2025-04-08,2025-04-14,bs_delta_vix,7,0.8571428571428571,0.010189981007870792,bf449416,,bf449416b87e63de98691106b19e71d49fa89804f380962c8103df88bb057dbd,16586c461e57039abdce31626319b19132c55c2ff96f9b22a1a755c61807d4f4;f11a04ca5ede5f998d7bd6ff9ac44b9c26d1e013343e4dfe95f90e75d9a5cb9a;30537449e8fba418e7c4f4424716164ecf67ae9586a6aa8cf1eee03628e03322
23,2025-04-08,2025-04-14,bs_delta_vix,7,1.0,0.00856840691694951,bf449416,,bf449416b87e63de98691106b19e71d49fa89804f380962c8103df88bb057dbd,16586c461e57039abdce31626319b19132c55c2ff96f9b22a1a755c61807d4f4;f11a04ca5ede5f998d7bd6ff9ac44b9c26d1e013343e4dfe95f90e75d9a5cb9a;30537449e8fba418e7c4f4424716164ecf67ae9586a6aa8cf1eee03628e03322
23,2025-04-08,2025-04-14,bs_delta_vix,7,1.1428571428571428,0.009657423343250069,bf449416,,bf449416b87e63de98691106b19e71d49fa89804f380962c8103df88bb057dbd,16586c461e57039abdce31626319b19132c55c2ff96f9b22a1a755c61807d4f4;f11a04ca5ede5f998d7bd6ff9ac44b9c26d1e013343e4dfe95f90e75d9a5cb9a;30537449e8fba418e7c4f4424716164ecf67ae9586a6aa8cf1eee03628e03322
23,2025-04-08,2025-04-14,bs_delta_vix,7,1.2857142857142858,0.009312290751362636,bf449416,,bf449416b87e63de98691106b19e71d49fa89804f380962c8103df88bb057dbd,16586c461e57039abdce31626319b19132c55c2ff96f9b22a1a755c61807d4f4;f11a04ca5ede5f998d7bd6ff9ac44b9c26d1e013343e4dfe95f90e75d9a5cb9a;30537449e8fba418e7c4f4424716164ecf67ae9586a6aa8cf1eee03628e03322
23,2025-04-08,2025-04-14,bs_delta_vix,7,1.4285714285714286,0.009657386027212944,bf449416,,bf449416b87e63de98691106b19e71d49fa89804f380962c8103df88bb057dbd,16586c461e57039abdce31626319b19132c55c2ff96f9b22a1a755c61807d4f4;f11a04ca5ede5f998d7bd6ff9ac44b9c26d1e013343e4dfe95f90e75d9a5cb9a;30537449e8fba418e7c4f4424716164ecf67ae9586a6aa8cf1eee03628e03322
23,2025-04-08,2025-04-14,bs_delta_vix,7,1.5714285714285714,0.018671686892165088,bf449416,,bf449416b87e63de98691106b19e71d49fa89804f380962c8103df88bb057dbd,16586c461e57039abdce31626319b19132c55c2ff96f9b22a1a755c61807d4f4;f11a04ca5ede5f998d7bd6ff9ac44b9c26d1e013343e4dfe95f90e75d9a5cb9a;30537449e8fba418e7c4f4424716164ecf67ae9586a6aa8cf1eee03628e03322
23,2025-04-08,2025-04-14,bs_delta_vix,7,1.7142857142857142,0.0358564949271379,bf449416,,bf449416b87e63de98691106b19e71d49fa89804f380962c8103df88bb057dbd,16586c461e57039abdce31626319b19132c55c2ff96f9b22a1a755c61807d4f4;f11a04ca5ede5f998d7bd6ff9ac44b9c26d1e013343e4dfe95f90e75d9a5cb9a;30537449e8fba418e7c4f4424716164ecf67ae9586a6aa8cf1eee03628e03322
23,2025-04-08,2025-04-14,bs_delta_vix,7,1.8571428571428572,0.03912099222108738,bf449416,,bf449416b87e63de98691106b19e71d49fa89804f380962c8103df88bb057dbd,16586c461e57039abdce31626319b19132c55c2ff96f9b22a1a755c61807d4f4;f11a04ca5ede5f998d7bd6ff9ac44b9c26d1e013343e4dfe95f90e75d9a5cb9a;30537449e8fba418e7c4f4424716164ecf67ae9586a6aa8cf1eee03628e03322
23,2025-04-08,2025-04-14,bs_delta_vix,7,2.0,0.02712759242149372,bf449416,,bf449416b87e63de98691106b19e71d49fa89804f380962c8103df88bb057dbd,16586c461e57039abdce31626319b19132c55c2ff96f9b22a1a755c61807d4f4;f11a04ca5ede5f998d7bd6ff9ac44b9c26d1e013343e4dfe95f90e75d9a5cb9a;30537449e8fba418e7c4f4424716164ecf67ae9586a6aa8cf1eee03628e03322
23,2025-04-08,2025-04-14,bs_delta_vix,7,2.142857142857143,0.019141231176679083,bf449416,,bf449416b87e63de98691106b19e71d49fa89804f380962c8103df88bb057dbd,16586c461e57039abdce31626319b19132c55c2ff96f9b22a1a755c61807d4f4;f11a04ca5ede5f998d7bd6ff9ac44b9c26d1e013343e4dfe95f90e75d9a5cb9a;30537449e8fba418e7c4f4424716164ecf67ae9586a6aa8cf1eee03628e03322
23,2025-04-08,2025-04-14,bs_delta_vix,7,2.2857142857142856,0.013254313046678984,bf449416,,bf449416b87e63de98691106b19e71d49fa89804f380962c8103df88bb057dbd,16586c461e57039abdce31626319b19132c55c2ff96f9b22a1a755c61807d4f4;f11a04ca5ede5f998d7bd6ff9ac44b9c26d1e013343e4dfe95f90e75d9a5cb9a;30537449e8fba418e7c4f4424716164ecf67ae9586a6aa8cf1eee03628e03322
23,2025-04-08,2025-04-14,bs_delta_vix,7,2.4285714285714284,-0.0009655087202023113,bf449416,,bf449416b87e63de98691106b19e71d49fa89804f380962c8103df88bb057dbd,16586c461e57039abdce31626319b19132c55c2ff96f9b22a1a755c61807d4f4;f11a04ca5ede5f998d7bd6ff9ac44b9c26d1e013343e4dfe95f90e75d9a5cb9a;30537449e8fba418e7c4f4424716164ecf67ae9586a6aa8cf1eee03628e03322
23,2025-04-08,2025-04-14,bs_delta_vix,7,2.5714285714285716,0.004514071495647018,bf449416,,bf449416b87e63de98691106b19e71d49fa89804f380962c8103df88bb057dbd,16586c461e57039abdce31626319b19132c55c2ff96f9b22a1a755c61807d4f4;f11a04ca5ede5f998d7bd6ff9ac44b9c26d1e013343e4dfe95f90e75d9a5cb9a;30537449e8fba418e7c4f4424716164ecf67ae9586a6aa8cf1eee03628e03322
23,2025-04-08,2025-04-14,bs_delta_vix,7,2.7142857142857144,0.013828522130016344,bf449416,,bf449416b87e63de98691106b19e71d49fa89804f380962c8103df88bb057dbd,16586c461e57039abdce31626319b19132c55c2ff96f9b22a1a755c61807d4f4;f11a04ca5ede5f998d7bd6ff9ac44b9c26d1e013343e4dfe95f90e75d9a5cb9a;30537449e8fba418e7c4f4424716164ecf67ae9586a6aa8cf1eee03628e03322
23,2025-04-08,2025-04-14,bs_delta_vix,7,2.857142857142857,0.005842329610797354,bf449416,,bf449416b87e63de98691106b19e71d49fa89804f380962c8103df88bb057dbd,16586c461e57039abdce31626319b19132c55c2ff96f9b22a1a755c61807d4f4;f11a04ca5ede5f998d7bd6ff9ac44b9c26d1e013343e4dfe95f90e75d9a5cb9a;30537449e8fba418e7c4f4424716164ecf67ae9586a6aa8cf1eee03628e03322
23,2025-04-08,2025-04-14,bs_delta_vix,7,3.0,0.007125933504243103,bf449416,,bf449416b87e63de98691106b19e71d49fa89804f380962c8103df88bb057dbd,16586c461e57039abdce31626319b19132c55c2ff96f9b22a1a755c61807d4f4;f11a04ca5ede5f998d7bd6ff9ac44b9c26d1e013343e4dfe95f90e75d9a5cb9a;30537449e8fba418e7c4f4424716164ecf67ae9586a6aa8cf1eee03628e03322
23,2025-04-08,2025-04-14,bs_delta_vix,7,3.142857142857143,0.0032823690465313936,bf449416,,bf449416b87e63de98691106b19e71d49fa89804f380962c8103df88bb057dbd,16586c461e57039abdce31626319b19132c55c2ff96f9b22a1a755c61807d4f4;f11a04ca5ede5f998d7bd6ff9ac44b9c26d1e013343e4dfe95f90e75d9a5cb9a;30537449e8fba418e7c4f4424716164ecf67ae9586a6aa8cf1eee03628e03322
23,2025-04-08,2025-04-14,bs_delta_vix,7,3.2857142857142856,0.0058040879848500135,bf449416,,bf449416b87e63de98691106b19e71d49fa89804f380962c8103df88bb057dbd,16586c461e57039abdce31626319b19132c55c2ff96f9b22a1a755c61807d4f4;f11a04ca5ede5f998d7bd6ff9ac44b9c26d1e013343e4dfe95f90e75d9a5cb9a;30537449e8fba418e7c4f4424716164ecf67ae9586a6aa8cf1eee03628e03322
23,2025-04-08,2025-04-14,bs_delta_vix,7,3.4285714285714284,0.011080036094398095,bf449416,,bf449416b87e63de98691106b19e71d49fa89804f380962c8103df88bb057dbd,16586c461e57039abdce31626319b19132c55c2ff96f9b22a1a755c61807d4f4;f11a04ca5ede5f998d7bd6ff9ac44b9c26d1e013343e4dfe95f90e75d9a5cb9a;30537449e8fba418e7c4f4424716164ecf67ae9586a6aa8cf1eee03628e03322
23,2025-04-08,2025-04-14,bs_delta_vix,7,3.5714285714285716,0.014460988509895457,bf449416,,bf449416b87e63de98691106b19e71d49fa89804f380962c8103df88bb057dbd,16586c461e57039abdce31626319b19132c55c2ff96f9b22a1a755c61807d4f4;f11a04ca5ede5f998d7bd6ff9ac44b9c26d1e013343e4dfe95f90e75d9a5cb9a;30537449e8fba418e7c4f4424716164ecf67ae9586a6aa8cf1eee03628e03322
23,2025-04-08,2025-04-14,bs_delta_vix,7,3.7142857142857144,0.019460352047182262,bf449416,,bf449416b87e63de98691106b19e71d49fa89804f380962c8103df88bb057dbd,16586c461e57039abdce31626319b19132c55c2ff96f9b22a1a755c61807d4f4;f11a04ca5ede5f998d7bd6ff9ac44b9c26d1e013343e4dfe95f90e75d9a5cb9a;30537449e8fba418e7c4f4424716164ecf67ae9586a6aa8cf1eee03628e03322
23,2025-04-08,2025-04-14,bs_delta_vix,7,3.857142857142857,0.02211920666559565,bf449416,,bf449416b87e63de98691106b19e71d49fa89804f380962c8103df88bb057dbd,16586c461e57039abdce31626319b19132c55c2ff96f9b22a1a755c61807d4f4;f11a04ca5ede5f998d7bd6ff9ac44b9c26d1e013343e4dfe95f90e75d9a5cb9a;30537449e8fba418e7c4f4424716164ecf67ae9586a6aa8cf1eee03628e03322
23,2025-04-08,2025-04-14,bs_delta_vix,7,4.0,0.035429132017343656,bf449416,,bf449416b87e63de98691106b19e71d49fa89804f380962c8103df88bb057dbd,16586c461e57039abdce31626319b19132c55c2ff96f9b22a1a755c61807d4f4;f11a04ca5ede5f998d7bd6ff9ac44b9c26d1e013343e4dfe95f90e75d9a5cb9a;30537449e8fba418e7c4f4424716164ecf67ae9586a6aa8cf1eee03628e03322
23,2025-04-08,2025-04-14,bs_delta_vix,7,4.142857142857143,0.034754977533929345,bf449416,,bf449416b87e63de98691106b19e71d49fa89804f380962c8103df88bb057dbd,16586c461e57039abdce31626319b19132c55c2ff96f9b22a1a755c61807d4f4;f11a04ca5ede5f998d7bd6ff9ac44b9c26d1e013343e4dfe95f90e75d9a5cb9a;30537449e8fba418e7c4f4424716164ecf67ae9586a6aa8cf1eee03628e03322
23,2025-04-08,2025-04-14,bs_delta_vix,7,4.285714285714286,0.02797421552435079,bf449416,,bf449416b87e63de98691106b19e71d49fa89804f380962c8103df88bb057dbd,16586c461e57039abdce31626319b19132c55c2ff96f9b22a1a755c61807d4f4;f11a04ca5ede5f998d7bd6ff9ac44b9c26d1e013343e4dfe95f90e75d9a5cb9a;30537449e8fba418e7c4f4424716164ecf67ae9586a6aa8cf1eee03628e03322
23,2025-04-08,2025-04-14,bs_delta_vix,7,4.428571428571429,0.022866636742395113,bf449416,,bf449416b87e63de98691106b19e71d49fa89804f380962c8103df88bb057dbd,16586c461e57039abdce31626319b19132c55c2ff96f9b22a1a755c61807d4f4;f11a04ca5ede5f998d7bd6ff9ac44b9c26d1e013343e4dfe95f90e75d9a5cb9a;30537449e8fba418e7c4f4424716164ecf67ae9586a6aa8cf1eee03628e03322
23,2025-04-08,2025-04-14,bs_delta_vix,7,4.571428571428571,0.025737098546272163,bf449416,,bf449416b87e63de98691106b19e71d49fa89804f380962c8103df88bb057dbd,16586c461e57039abdce31626319b19132c55c2ff96f9b22a1a755c61807d4f4;f11a04ca5ede5f998d7bd6ff9ac44b9c26d1e013343e4dfe95f90e75d9a5cb9a;30537449e8fba418e7c4f4424716164ecf67ae9586a6aa8cf1eee03628e03322
23,2025-04-08,2025-04-14,bs_delta_vix,7,4.714285714285714,0.03145034300439289,bf449416,,bf449416b87e63de98691106b19e71d49fa89804f380962c8103df88bb057dbd,16586c461e57039abdce31626319b19132c55c2ff96f9b22a1a755c61807d4f4;f11a04ca5ede5f998d7bd6ff9ac44b9c26d1e013343e4dfe95f90e75d9a5cb9a;30537449e8fba418e7c4f4424716164ecf67ae9586a6aa8cf1eee03628e03322
23,2025-04-08,2025-04-14,bs_delta_vix,7,4.857142857142857,0.03342422507629632,bf449416,,bf449416b87e63de98691106b19e71d49fa89804f380962c8103df88bb057dbd,16586c461e57039abdce31626319b19132c55c2ff96f9b22a1a755c61807d4f4;f11a04ca5ede5f998d7bd6ff9ac44b9c26d1e013343e4dfe95f90e75d9a5cb9a;30537449e8fba418e7c4f4424716164ecf67ae9586a6aa8cf1eee03628e03322
23,2025-04-08,2025-04-14,bs_delta_vix,7,5.0,-0.013504183778440863,bf449416,,bf449416b87e63de98691106b19e71d49fa89804f380962c8103df88bb057dbd,16586c461e57039abdce31626319b19132c55c2ff96f9b22a1a755c61807d4f4;f11a04ca5ede5f998d7bd6ff9ac44b9c26d1e013343e4dfe95f90e75d9a5cb9a;30537449e8fba418e7c4f4424716164ecf67ae9586a6aa8cf1eee03628e03322
23,2025-04-08,2025-04-14,ww_band,7,0.0,0.02939999360512141,bf449416,,bf449416b87e63de98691106b19e71d49fa89804f380962c8103df88bb057dbd,16586c461e57039abdce31626319b19132c55c2ff96f9b22a1a755c61807d4f4;f11a04ca5ede5f998d7bd6ff9ac44b9c26d1e013343e4dfe95f90e75d9a5cb9a;30537449e8fba418e7c4f4424716164ecf67ae9586a6aa8cf1eee03628e03322
23,2025-04-08,2025-04-14,ww_band,7,0.14285714285714285,0.033066020028691086,bf449416,,bf449416b87e63de98691106b19e71d49fa89804f380962c8103df88bb057dbd,16586c461e57039abdce31626319b19132c55c2ff96f9b22a1a755c61807d4f4;f11a04ca5ede5f998d7bd6ff9ac44b9c26d1e013343e4dfe95f90e75d9a5cb9a;30537449e8fba418e7c4f4424716164ecf67ae9586a6aa8cf1eee03628e03322
23,2025-04-08,2025-04-14,ww_band,7,0.2857142857142857,0.02568694293991688,bf449416,,bf449416b87e63de98691106b19e71d49fa89804f380962c8103df88bb057dbd,16586c461e57039abdce31626319b19132c55c2ff96f9b22a1a755c61807d4f4;f11a04ca5ede5f998d7bd6ff9ac44b9c26d1e013343e4dfe95f90e75d9a5cb9a;30537449e8fba418e7c4f4424716164ecf67ae9586a6aa8cf1eee03628e03322
23,2025-04-08,2025-04-14,ww_band,7,0.42857142857142855,0.02536747300427502,bf449416,,bf449416b87e63de98691106b19e71d49fa89804f380962c8103df88bb057dbd,16586c461e57039abdce31626319b19132c55c2ff96f9b22a1a755c61807d4f4;f11a04ca5ede5f998d7bd6ff9ac44b9c26d1e013343e4dfe95f90e75d9a5cb9a;30537449e8fba418e7c4f4424716164ecf67ae9586a6aa8cf1eee03628e03322
23,2025-04-08,2025-04-14,ww_band,7,0.5714285714285714,0.016236942881883362,bf449416,,bf449416b87e63de98691106b19e71d49fa89804f380962c8103df88bb057dbd,16586c461e57039abdce31626319b19132c55c2ff96f9b22a1a755c61807d4f4;f11a04ca5ede5f998d7bd6ff9ac44b9c26d1e013343e4dfe95f90e75d9a5cb9a;30537449e8fba418e7c4f4424716164ecf67ae9586a6aa8cf1eee03628e03322
23,2025-04-08,2025-04-14,ww_band,7,0.7142857142857143,0.01620189144349888,bf449416,,bf449416b87e63de98691106b19e71d49fa89804f380962c8103df88bb057dbd,16586c461e57039abdce31626319b19132c55c2ff96f9b22a1a755c61807d4f4;f11a04ca5ede5f998d7bd6ff9ac44b9c26d1e013343e4dfe95f90e75d9a5cb9a;30537449e8fba418e7c4f4424716164ecf67ae9586a6aa8cf1eee03628e03322
23,2025-04-08,2025-04-14,ww_band,7,0.8571428571428571,0.012314644133561443,bf449416,,bf449416b87e63de98691106b19e71d49fa89804f380962c8103df88bb057dbd,16586c461e57039abdce31626319b19132c55c2ff96f9b22a1a755c61807d4f4;f11a04ca5ede5f998d7bd6ff9ac44b9c26d1e013343e4dfe95f90e75d9a5cb9a;30537449e8fba418e7c4f4424716164ecf67ae9586a6aa8cf1eee03628e03322
23,2025-04-08,2025-04-14,ww_band,7,1.0,0.010078198972799258,bf449416,,bf449416b87e63de98691106b19e71d49fa89804f380962c8103df88bb057dbd,16586c461e57039abdce31626319b19132c55c2ff96f9b22a1a755c61807d4f4;f11a04ca5ede5f998d7bd6ff9ac44b9c26d1e013343e4dfe95f90e75d9a5cb9a;30537449e8fba418e7c4f4424716164ecf67ae9586a6aa8cf1eee03628e03322
23,2025-04-08,2025-04-14,ww_band,7,1.1428571428571428,0.012585939062155684,bf449416,,bf449416b87e63de98691106b19e71d49fa89804f380962c8103df88bb057dbd,16586c461e57039abdce31626319b19132c55c2ff96f9b22a1a755c61807d4f4;f11a04ca5ede5f998d7bd6ff9ac44b9c26d1e013343e4dfe95f90e75d9a5cb9a;30537449e8fba418e7c4f4424716164ecf67ae9586a6aa8cf1eee03628e03322
23,2025-04-08,2025-04-14,ww_band,7,1.2857142857142858,0.012102719062907052,bf449416,,bf449416b87e63de98691106b19e71d49fa89804f380962c8103df88bb057dbd,16586c461e57039abdce31626319b19132c55c2ff96f9b22a1a755c61807d4f4;f11a04ca5ede5f998d7bd6ff9ac44b9c26d1e013343e4dfe95f90e75d9a5cb9a;30537449e8fba418e7c4f4424716164ecf67ae9586a6aa8cf1eee03628e03322
23,2025-04-08,2025-04-14,ww_band,7,1.4285714285714286,0.012731143394852228,bf449416,,bf449416b87e63de98691106b19e71d49fa89804f380962c8103df88bb057dbd,16586c461e57039abdce31626319b19132c55c2ff96f9b22a1a755c61807d4f4;f11a04ca5ede5f998d7bd6ff9ac44b9c26d1e013343e4dfe95f90e75d9a5cb9a;30537449e8fba418e7c4f4424716164ecf67ae9586a6aa8cf1eee03628e03322
23,2025-04-08,2025-04-14,ww_band,7,1.5714285714285714,0.02777456847010451,bf449416,,bf449416b87e63de98691106b19e71d49fa89804f380962c8103df88bb057dbd,16586c461e57039abdce31626319b19132c55c2ff96f9b22a1a755c61807d4f4;f11a04ca5ede5f998d7bd6ff9ac44b9c26d1e013343e4dfe95f90e75d9a5cb9a;30537449e8fba418e7c4f4424716164ecf67ae9586a6aa8cf1eee03628e03322
23,2025-04-08,2025-04-14,ww_band,7,1.7142857142857142,0.038609511199375515,bf449416,,bf449416b87e63de98691106b19e71d49fa89804f380962c8103df88bb057dbd,16586c461e57039abdce31626319b19132c55c2ff96f9b22a1a755c61807d4f4;f11a04ca5ede5f998d7bd6ff9ac44b9c26d1e013343e4dfe95f90e75d9a5cb9a;30537449e8fba418e7c4f4424716164ecf67ae9586a6aa8cf1eee03628e03322
23,2025-04-08,2025-04-14,ww_band,7,1.8571428571428572,0.04109372827173329,bf449416,,bf449416b87e63de98691106b19e71d49fa89804f380962c8103df88bb057dbd,16586c461e57039abdce31626319b19132c55c2ff96f9b22a1a755c61807d4f4;f11a04ca5ede5f998d7bd6ff9ac44b9c26d1e013343e4dfe95f90e75d9a5cb9a;30537449e8fba418e7c4f4424716164ecf67ae9586a6aa8cf1eee03628e03322
23,2025-04-08,2025-04-14,ww_band,7,2.0,0.03126063821488366,bf449416,,bf449416b87e63de98691106b19e71d49fa89804f380962c8103df88bb057dbd,16586c461e57039abdce31626319b19132c55c2ff96f9b22a1a755c61807d4f4;f11a04ca5ede5f998d7bd6ff9ac44b9c26d1e013343e4dfe95f90e75d9a5cb9a;30537449e8fba418e7c4f4424716164ecf67ae9586a6aa8cf1eee03628e03322
23,2025-04-08,2025-04-14,ww_band,7,2.142857142857143,0.0238045518128858,bf449416,,bf449416b87e63de98691106b19e71d49fa89804f380962c8103df88bb057dbd,16586c461e57039abdce31626319b19132c55c2ff96f9b22a1a755c61807d4f4;f11a04ca5ede5f998d7bd6ff9ac44b9c26d1e013343e4dfe95f90e75d9a5cb9a;30537449e8fba418e7c4f4424716164ecf67ae9586a6aa8cf1eee03628e03322
23,2025-04-08,2025-04-14,ww_band,7,2.2857142857142856,0.017711058060304534,bf449416,,bf449416b87e63de98691106b19e71d49fa89804f380962c8103df88bb057dbd,16586c461e57039abdce31626319b19132c55c2ff96f9b22a1a755c61807d4f4;f11a04ca5ede5f998d7bd6ff9ac44b9c26d1e013343e4dfe95f90e75d9a5cb9a;30537449e8fba418e7c4f4424716164ecf67ae9586a6aa8cf1eee03628e03322
23,2025-04-08,2025-04-14,ww_band,7,2.4285714285714284,0.0012366956605817311,bf449416,,bf449416b87e63de98691106b19e71d49fa89804f380962c8103df88bb057dbd,16586c461e57039abdce31626319b19132c55c2ff96f9b22a1a755c61807d4f4;f11a04ca5ede5f998d7bd6ff9ac44b9c26d1e013343e4dfe95f90e75d9a5cb9a;30537449e8fba418e7c4f4424716164ecf67ae9586a6aa8cf1eee03628e03322
23,2025-04-08,2025-04-14,ww_band,7,2.5714285714285716,0.010215053889015339,bf449416,,bf449416b87e63de98691106b19e71d49fa89804f380962c8103df88bb057dbd,16586c461e57039abdce31626319b19132c55c2ff96f9b22a1a755c61807d4f4;f11a04ca5ede5f998d7bd6ff9ac44b9c26d1e013343e4dfe95f90e75d9a5cb9a;30537449e8fba418e7c4f4424716164ecf67ae9586a6aa8cf1eee03628e03322
23,2025-04-08,2025-04-14,ww_band,7,2.7142857142857144,0.02142217593688152,bf449416,,bf449416b87e63de98691106b19e71d49fa89804f380962c8103df88bb057dbd,16586c461e57039abdce31626319b19132c55c2ff96f9b22a1a755c61807d4f4;f11a04ca5ede5f998d7bd6ff9ac44b9c26d1e013343e4dfe95f90e75d9a5cb9a;30537449e8fba418e7c4f4424716164ecf67ae9586a6aa8cf1eee03628e03322
23,2025-04-08,2025-04-14,ww_band,7,2.857142857142857,0.014361388910197009,bf449416,,bf449416b87e63de98691106b19e71d49fa89804f380962c8103df88bb057dbd,16586c461e57039abdce31626319b19132c55c2ff96f9b22a1a755c61807d4f4;f11a04ca5ede5f998d7bd6ff9ac44b9c26d1e013343e4dfe95f90e75d9a5cb9a;30537449e8fba418e7c4f4424716164ecf67ae9586a6aa8cf1eee03628e03322
23,2025-04-08,2025-04-14,ww_band,7,3.0,0.01581738188712838,bf449416,,bf449416b87e63de98691106b19e71d49fa89804f380962c8103df88bb057dbd,16586c461e57039abdce31626319b19132c55c2ff96f9b22a1a755c61807d4f4;f11a04ca5ede5f998d7bd6ff9ac44b9c26d1e013343e4dfe95f90e75d9a5cb9a;30537449e8fba418e7c4f4424716164ecf67ae9586a6aa8cf1eee03628e03322
23,2025-04-08,2025-04-14,ww_band,7,3.142857142857143,0.012040593726370119,bf449416,,bf449416b87e63de98691106b19e71d49fa89804f380962c8103df88bb057dbd,16586c461e57039abdce31626319b19132c55c2ff96f9b22a1a755c61807d4f4;f11a04ca5ede5f998d7bd6ff9ac44b9c26d1e013343e4dfe95f90e75d9a5cb9a;30537449e8fba418e7c4f4424716164ecf67ae9586a6aa8cf1eee03628e03322
23,2025-04-08,2025-04-14,ww_band,7,3.2857142857142856,0.014892251636449593,bf449416,,bf449416b87e63de98691106b19e71d49fa89804f380962c8103df88bb057dbd,16586c461e57039abdce31626319b19132c55c2ff96f9b22a1a755c61807d4f4;f11a04ca5ede5f998d7bd6ff9ac44b9c26d1e013343e4dfe95f90e75d9a5cb9a;30537449e8fba418e7c4f4424716164ecf67ae9586a6aa8cf1eee03628e03322
23,2025-04-08,2025-04-14,ww_band,7,3.4285714285714284,0.02024334310526749,bf449416,,bf449416b87e63de98691106b19e71d49fa89804f380962c8103df88bb057dbd,16586c461e57039abdce31626319b19132c55c2ff96f9b22a1a755c61807d4f4;f11a04ca5ede5f998d7bd6ff9ac44b9c26d1e013343e4dfe95f90e75d9a5cb9a;30537449e8fba418e7c4f4424716164ecf67ae9586a6aa8cf1eee03628e03322
23,2025-04-08,2025-04-14,ww_band,7,3.5714285714285716,0.023255113929156725,bf449416,,bf449416b87e63de98691106b19e71d49fa89804f380962c8103df88bb057dbd,16586c461e57039abdce31626319b19132c55c2ff96f9b22a1a755c61807d4f4;f11a04ca5ede5f998d7bd6ff9ac44b9c26d1e013343e4dfe95f90e75d9a5cb9a;30537449e8fba418e7c4f4424716164ecf67ae9586a6aa8cf1eee03628e03322
23,2025-04-08,2025-04-14,ww_band,7,3.7142857142857144,0.027306596183592234,bf449416,,bf449416b87e63de98691106b19e71d49fa89804f380962c8103df88bb057dbd,16586c461e57039abdce31626319b19132c55c2ff96f9b22a1a755c61807d4f4;f11a04ca5ede5f998d7bd6ff9ac44b9c26d1e013343e4dfe95f90e75d9a5cb9a;30537449e8fba418e7c4f4424716164ecf67ae9586a6aa8cf1eee03628e03322
23,2025-04-08,2025-04-14,ww_band,7,3.857142857142857,0.02935507354269872,bf449416,,bf449416b87e63de98691106b19e71d49fa89804f380962c8103df88bb057dbd,16586c461e57039abdce31626319b19132c55c2ff96f9b22a1a755c61807d4f4;f11a04ca5ede5f998d7bd6ff9ac44b9c26d1e013343e4dfe95f90e75d9a5cb9a;30537449e8fba418e7c4f4424716164ecf67ae9586a6aa8cf1eee03628e03322
23,2025-04-08,2025-04-14,ww_band,7,4.0,0.039854741617884375,bf449416,,bf449416b87e63de98691106b19e71d49fa89804f380962c8103df88bb057dbd,16586c461e57039abdce31626319b19132c55c2ff96f9b22a1a755c61807d4f4;f11a04ca5ede5f998d7bd6ff9ac44b9c26d1e013343e4dfe95f90e75d9a5cb9a;30537449e8fba418e7c4f4424716164ecf67ae9586a6aa8cf1eee03628e03322
23,2025-04-08,2025-04-14,ww_band,7,4.142857142857143,0.039075276750979236,bf449416,,bf449416b87e63de98691106b19e71d49fa89804f380962c8103df88bb057dbd,16586c461e57039abdce31626319b19132c55c2ff96f9b22a1a755c61807d4f4;f11a04ca5ede5f998d7bd6ff9ac44b9c26d1e013343e4dfe95f90e75d9a5cb9a;30537449e8fba418e7c4f4424716164ecf67ae9586a6aa8cf1eee03628e03322
23,2025-04-08,2025-04-14,ww_band,7,4.285714285714286,0.03259334450885915,bf449416,,bf449416b87e63de98691106b19e71d49fa89804f380962c8103df88bb057dbd,16586c461e57039abdce31626319b19132c55c2ff96f9b22a1a755c61807d4f4;f11a04ca5ede5f998d7bd6ff9ac44b9c26d1e013343e4dfe95f90e75d9a5cb9a;30537449e8fba418e7c4f4424716164ecf67ae9586a6aa8cf1eee03628e03322
23,2025-04-08,2025-04-14,ww_band,7,4.428571428571429,0.027708885082255733,bf449416,,bf449416b87e63de98691106b19e71d49fa89804f380962c8103df88bb057dbd,16586c461e57039abdce31626319b19132c55c2ff96f9b22a1a755c61807d4f4;f11a04ca5ede5f998d7bd6ff9ac44b9c26d1e013343e4dfe95f90e75d9a5cb9a;30537449e8fba418e7c4f4424716164ecf67ae9586a6aa8cf1eee03628e03322
23,2025-04-08,2025-04-14,ww_band,7,4.571428571428571,0.030460080976234406,bf449416,,bf449416b87e63de98691106b19e71d49fa89804f380962c8103df88bb057dbd,16586c461e57039abdce31626319b19132c55c2ff96f9b22a1a755c61807d4f4;f11a04ca5ede5f998d7bd6ff9ac44b9c26d1e013343e4dfe95f90e75d9a5cb9a;30537449e8fba418e7c4f4424716164ecf67ae9586a6aa8cf1eee03628e03322
23,2025-04-08,2025-04-14,ww_band,7,4.714285714285714,0.035995093321834745,bf449416,,bf449416b87e63de98691106b19e71d49fa89804f380962c8103df88bb057dbd,16586c461e57039abdce31626319b19132c55c2ff96f9b22a1a755c61807d4f4;f11a04ca5ede5f998d7bd6ff9ac44b9c26d1e013343e4dfe95f90e75d9a5cb9a;30537449e8fba418e7c4f4424716164ecf67ae9586a6aa8cf1eee03628e03322
23,2025-04-08,2025-04-14,ww_band,7,4.857142857142857,0.037937079692711255,bf449416,,bf449416b87e63de98691106b19e71d49fa89804f380962c8103df88bb057dbd,16586c461e57039abdce31626319b19132c55c2ff96f9b22a1a755c61807d4f4;f11a04ca5ede5f998d7bd6ff9ac44b9c26d1e013343e4dfe95f90e75d9a5cb9a;30537449e8fba418e7c4f4424716164ecf67ae9586a6aa8cf1eee03628e03322
23,2025-04-08,2025-04-14,ww_band,7,5.0,-0.008993382158998434,bf449416,,bf449416b87e63de98691106b19e71d49fa89804f380962c8103df88bb057dbd,16586c461e57039abdce31626319b19132c55c2ff96f9b22a1a755c61807d4f4;f11a04ca5ede5f998d7bd6ff9ac44b9c26d1e013343e4dfe95f90e75d9a5cb9a;30537449e8fba418e7c4f4424716164ecf67ae9586a6aa8cf1eee03628e03322
23,2025-04-08,2025-04-14,gru,7,0.0,0.02939999360512141,bf449416,0-4,bf449416b87e63de98691106b19e71d49fa89804f380962c8103df88bb057dbd,16586c461e57039abdce31626319b19132c55c2ff96f9b22a1a755c61807d4f4;f11a04ca5ede5f998d7bd6ff9ac44b9c26d1e013343e4dfe95f90e75d9a5cb9a;30537449e8fba418e7c4f4424716164ecf67ae9586a6aa8cf1eee03628e03322
23,2025-04-08,2025-04-14,gru,7,0.14285714285714285,0.03398731292900083,bf449416,0-4,bf449416b87e63de98691106b19e71d49fa89804f380962c8103df88bb057dbd,16586c461e57039abdce31626319b19132c55c2ff96f9b22a1a755c61807d4f4;f11a04ca5ede5f998d7bd6ff9ac44b9c26d1e013343e4dfe95f90e75d9a5cb9a;30537449e8fba418e7c4f4424716164ecf67ae9586a6aa8cf1eee03628e03322
23,2025-04-08,2025-04-14,gru,7,0.2857142857142857,0.024915160502000856,bf449416,0-4,bf449416b87e63de98691106b19e71d49fa89804f380962c8103df88bb057dbd,16586c461e57039abdce31626319b19132c55c2ff96f9b22a1a755c61807d4f4;f11a04ca5ede5f998d7bd6ff9ac44b9c26d1e013343e4dfe95f90e75d9a5cb9a;30537449e8fba418e7c4f4424716164ecf67ae9586a6aa8cf1eee03628e03322
23,2025-04-08,2025-04-14,gru,7,0.42857142857142855,0.024509733818618876,bf449416,0-4,bf449416b87e63de98691106b19e71d49fa89804f380962c8103df88bb057dbd,16586c461e57039abdce31626319b19132c55c2ff96f9b22a1a755c61807d4f4;f11a04ca5ede5f998d7bd6ff9ac44b9c26d1e013343e4dfe95f90e75d9a5cb9a;30537449e8fba418e7c4f4424716164ecf67ae9586a6aa8cf1eee03628e03322
23,2025-04-08,2025-04-14,gru,7,0.5714285714285714,0.014996951178368818,bf449416,0-4,bf449416b87e63de98691106b19e71d49fa89804f380962c8103df88bb057dbd,16586c461e57039abdce31626319b19132c55c2ff96f9b22a1a755c61807d4f4;f11a04ca5ede5f998d7bd6ff9ac44b9c26d1e013343e4dfe95f90e75d9a5cb9a;30537449e8fba418e7c4f4424716164ecf67ae9586a6aa8cf1eee03628e03322
23,2025-04-08,2025-04-14,gru,7,0.7142857142857143,0.014832689327026475,bf449416,0-4,bf449416b87e63de98691106b19e71d49fa89804f380962c8103df88bb057dbd,16586c461e57039abdce31626319b19132c55c2ff96f9b22a1a755c61807d4f4;f11a04ca5ede5f998d7bd6ff9ac44b9c26d1e013343e4dfe95f90e75d9a5cb9a;30537449e8fba418e7c4f4424716164ecf67ae9586a6aa8cf1eee03628e03322
23,2025-04-08,2025-04-14,gru,7,0.8571428571428571,0.012628030406953154,bf449416,0-4,bf449416b87e63de98691106b19e71d49fa89804f380962c8103df88bb057dbd,16586c461e57039abdce31626319b19132c55c2ff96f9b22a1a755c61807d4f4;f11a04ca5ede5f998d7bd6ff9ac44b9c26d1e013343e4dfe95f90e75d9a5cb9a;30537449e8fba418e7c4f4424716164ecf67ae9586a6aa8cf1eee03628e03322
23,2025-04-08,2025-04-14,gru,7,1.0,0.011653582350564243,bf449416,0-4,bf449416b87e63de98691106b19e71d49fa89804f380962c8103df88bb057dbd,16586c461e57039abdce31626319b19132c55c2ff96f9b22a1a755c61807d4f4;f11a04ca5ede5f998d7bd6ff9ac44b9c26d1e013343e4dfe95f90e75d9a5cb9a;30537449e8fba418e7c4f4424716164ecf67ae9586a6aa8cf1eee03628e03322
23,2025-04-08,2025-04-14,gru,7,1.1428571428571428,0.01264821110573724,bf449416,0-4,bf449416b87e63de98691106b19e71d49fa89804f380962c8103df88bb057dbd,16586c461e57039abdce31626319b19132c55c2ff96f9b22a1a755c61807d4f4;f11a04ca5ede5f998d7bd6ff9ac44b9c26d1e013343e4dfe95f90e75d9a5cb9a;30537449e8fba418e7c4f4424716164ecf67ae9586a6aa8cf1eee03628e03322
23,2025-04-08,2025-04-14,gru,7,1.2857142857142858,0.012364787813989527,bf449416,0-4,bf449416b87e63de98691106b19e71d49fa89804f380962c8103df88bb057dbd,16586c461e57039abdce31626319b19132c55c2ff96f9b22a1a755c61807d4f4;f11a04ca5ede5f998d7bd6ff9ac44b9c26d1e013343e4dfe95f90e75d9a5cb9a;30537449e8fba418e7c4f4424716164ecf67ae9586a6aa8cf1eee03628e03322
23,2025-04-08,2025-04-14,gru,7,1.4285714285714286,0.01267953428965326,bf449416,0-4,bf449416b87e63de98691106b19e71d49fa89804f380962c8103df88bb057dbd,16586c461e57039abdce31626319b19132c55c2ff96f9b22a1a755c61807d4f4;f11a04ca5ede5f998d7bd6ff9ac44b9c26d1e013343e4dfe95f90e75d9a5cb9a;30537449e8fba418e7c4f4424716164ecf67ae9586a6aa8cf1eee03628e03322
23,2025-04-08,2025-04-14,gru,7,1.5714285714285714,0.020531737128077904,bf449416,0-4,bf449416b87e63de98691106b19e71d49fa89804f380962c8103df88bb057dbd,16586c461e57039abdce31626319b19132c55c2ff96f9b22a1a755c61807d4f4;f11a04ca5ede5f998d7bd6ff9ac44b9c26d1e013343e4dfe95f90e75d9a5cb9a;30537449e8fba418e7c4f4424716164ecf67ae9586a6aa8cf1eee03628e03322
23,2025-04-08,2025-04-14,gru,7,1.7142857142857142,0.030736947630470062,bf449416,0-4,bf449416b87e63de98691106b19e71d49fa89804f380962c8103df88bb057dbd,16586c461e57039abdce31626319b19132c55c2ff96f9b22a1a755c61807d4f4;f11a04ca5ede5f998d7bd6ff9ac44b9c26d1e013343e4dfe95f90e75d9a5cb9a;30537449e8fba418e7c4f4424716164ecf67ae9586a6aa8cf1eee03628e03322
23,2025-04-08,2025-04-14,gru,7,1.8571428571428572,0.03297681179880595,bf449416,0-4,bf449416b87e63de98691106b19e71d49fa89804f380962c8103df88bb057dbd,16586c461e57039abdce31626319b19132c55c2ff96f9b22a1a755c61807d4f4;f11a04ca5ede5f998d7bd6ff9ac44b9c26d1e013343e4dfe95f90e75d9a5cb9a;30537449e8fba418e7c4f4424716164ecf67ae9586a6aa8cf1eee03628e03322
23,2025-04-08,2025-04-14,gru,7,2.0,0.021884425464636974,bf449416,0-4,bf449416b87e63de98691106b19e71d49fa89804f380962c8103df88bb057dbd,16586c461e57039abdce31626319b19132c55c2ff96f9b22a1a755c61807d4f4;f11a04ca5ede5f998d7bd6ff9ac44b9c26d1e013343e4dfe95f90e75d9a5cb9a;30537449e8fba418e7c4f4424716164ecf67ae9586a6aa8cf1eee03628e03322
23,2025-04-08,2025-04-14,gru,7,2.142857142857143,0.013424957771890424,bf449416,0-4,bf449416b87e63de98691106b19e71d49fa89804f380962c8103df88bb057dbd,16586c461e57039abdce31626319b19132c55c2ff96f9b22a1a755c61807d4f4;f11a04ca5ede5f998d7bd6ff9ac44b9c26d1e013343e4dfe95f90e75d9a5cb9a;30537449e8fba418e7c4f4424716164ecf67ae9586a6aa8cf1eee03628e03322
23,2025-04-08,2025-04-14,gru,7,2.2857142857142856,0.00694800452392549,bf449416,0-4,bf449416b87e63de98691106b19e71d49fa89804f380962c8103df88bb057dbd,16586c461e57039abdce31626319b19132c55c2ff96f9b22a1a755c61807d4f4;f11a04ca5ede5f998d7bd6ff9ac44b9c26d1e013343e4dfe95f90e75d9a5cb9a;30537449e8fba418e7c4f4424716164ecf67ae9586a6aa8cf1eee03628e03322
23,2025-04-08,2025-04-14,gru,7,2.4285714285714284,-0.008944734713611725,bf449416,0-4,bf449416b87e63de98691106b19e71d49fa89804f380962c8103df88bb057dbd,16586c461e57039abdce31626319b19132c55c2ff96f9b22a1a755c61807d4f4;f11a04ca5ede5f998d7bd6ff9ac44b9c26d1e013343e4dfe95f90e75d9a5cb9a;30537449e8fba418e7c4f4424716164ecf67ae9586a6aa8cf1eee03628e03322
23,2025-04-08,2025-04-14,gru,7,2.5714285714285716,-0.0016961140651656867,bf449416,0-4,bf449416b87e63de98691106b19e71d49fa89804f380962c8103df88bb057dbd,16586c461e57039abdce31626319b19132c55c2ff96f9b22a1a755c61807d4f4;f11a04ca5ede5f998d7bd6ff9ac44b9c26d1e013343e4dfe95f90e75d9a5cb9a;30537449e8fba418e7c4f4424716164ecf67ae9586a6aa8cf1eee03628e03322
23,2025-04-08,2025-04-14,gru,7,2.7142857142857144,0.007400655240302355,bf449416,0-4,bf449416b87e63de98691106b19e71d49fa89804f380962c8103df88bb057dbd,16586c461e57039abdce31626319b19132c55c2ff96f9b22a1a755c61807d4f4;f11a04ca5ede5f998d7bd6ff9ac44b9c26d1e013343e4dfe95f90e75d9a5cb9a;30537449e8fba418e7c4f4424716164ecf67ae9586a6aa8cf1eee03628e03322
23,2025-04-08,2025-04-14,gru,7,2.857142857142857,0.00016336662137229478,bf449416,0-4,bf449416b87e63de98691106b19e71d49fa89804f380962c8103df88bb057dbd,16586c461e57039abdce31626319b19132c55c2ff96f9b22a1a755c61807d4f4;f11a04ca5ede5f998d7bd6ff9ac44b9c26d1e013343e4dfe95f90e75d9a5cb9a;30537449e8fba418e7c4f4424716164ecf67ae9586a6aa8cf1eee03628e03322
23,2025-04-08,2025-04-14,gru,7,3.0,0.0016010230175622232,bf449416,0-4,bf449416b87e63de98691106b19e71d49fa89804f380962c8103df88bb057dbd,16586c461e57039abdce31626319b19132c55c2ff96f9b22a1a755c61807d4f4;f11a04ca5ede5f998d7bd6ff9ac44b9c26d1e013343e4dfe95f90e75d9a5cb9a;30537449e8fba418e7c4f4424716164ecf67ae9586a6aa8cf1eee03628e03322
23,2025-04-08,2025-04-14,gru,7,3.142857142857143,-0.0021649125562446967,bf449416,0-4,bf449416b87e63de98691106b19e71d49fa89804f380962c8103df88bb057dbd,16586c461e57039abdce31626319b19132c55c2ff96f9b22a1a755c61807d4f4;f11a04ca5ede5f998d7bd6ff9ac44b9c26d1e013343e4dfe95f90e75d9a5cb9a;30537449e8fba418e7c4f4424716164ecf67ae9586a6aa8cf1eee03628e03322
23,2025-04-08,2025-04-14,gru,7,3.2857142857142856,0.0004953007215304089,bf449416,0-4,bf449416b87e63de98691106b19e71d49fa89804f380962c8103df88bb057dbd,16586c461e57039abdce31626319b19132c55c2ff96f9b22a1a755c61807d4f4;f11a04ca5ede5f998d7bd6ff9ac44b9c26d1e013343e4dfe95f90e75d9a5cb9a;30537449e8fba418e7c4f4424716164ecf67ae9586a6aa8cf1eee03628e03322
23,2025-04-08,2025-04-14,gru,7,3.4285714285714284,0.005621629276968625,bf449416,0-4,bf449416b87e63de98691106b19e71d49fa89804f380962c8103df88bb057dbd,16586c461e57039abdce31626319b19132c55c2ff96f9b22a1a755c61807d4f4;f11a04ca5ede5f998d7bd6ff9ac44b9c26d1e013343e4dfe95f90e75d9a5cb9a;30537449e8fba418e7c4f4424716164ecf67ae9586a6aa8cf1eee03628e03322
23,2025-04-08,2025-04-14,gru,7,3.5714285714285716,0.008744524288465585,bf449416,0-4,bf449416b87e63de98691106b19e71d49fa89804f380962c8103df88bb057dbd,16586c461e57039abdce31626319b19132c55c2ff96f9b22a1a755c61807d4f4;f11a04ca5ede5f998d7bd6ff9ac44b9c26d1e013343e4dfe95f90e75d9a5cb9a;30537449e8fba418e7c4f4424716164ecf67ae9586a6aa8cf1eee03628e03322
23,2025-04-08,2025-04-14,gru,7,3.7142857142857144,0.01337946784191294,bf449416,0-4,bf449416b87e63de98691106b19e71d49fa89804f380962c8103df88bb057dbd,16586c461e57039abdce31626319b19132c55c2ff96f9b22a1a755c61807d4f4;f11a04ca5ede5f998d7bd6ff9ac44b9c26d1e013343e4dfe95f90e75d9a5cb9a;30537449e8fba418e7c4f4424716164ecf67ae9586a6aa8cf1eee03628e03322
23,2025-04-08,2025-04-14,gru,7,3.857142857142857,0.01586304036304268,bf449416,0-4,bf449416b87e63de98691106b19e71d49fa89804f380962c8103df88bb057dbd,16586c461e57039abdce31626319b19132c55c2ff96f9b22a1a755c61807d4f4;f11a04ca5ede5f998d7bd6ff9ac44b9c26d1e013343e4dfe95f90e75d9a5cb9a;30537449e8fba418e7c4f4424716164ecf67ae9586a6aa8cf1eee03628e03322
23,2025-04-08,2025-04-14,gru,7,4.0,0.028527780599457996,bf449416,0-4,bf449416b87e63de98691106b19e71d49fa89804f380962c8103df88bb057dbd,16586c461e57039abdce31626319b19132c55c2ff96f9b22a1a755c61807d4f4;f11a04ca5ede5f998d7bd6ff9ac44b9c26d1e013343e4dfe95f90e75d9a5cb9a;30537449e8fba418e7c4f4424716164ecf67ae9586a6aa8cf1eee03628e03322
23,2025-04-08,2025-04-14,gru,7,4.142857142857143,0.02786221269291217,bf449416,0-4,bf449416b87e63de98691106b19e71d49fa89804f380962c8103df88bb057dbd,16586c461e57039abdce31626319b19132c55c2ff96f9b22a1a755c61807d4f4;f11a04ca5ede5f998d7bd6ff9ac44b9c26d1e013343e4dfe95f90e75d9a5cb9a;30537449e8fba418e7c4f4424716164ecf67ae9586a6aa8cf1eee03628e03322
23,2025-04-08,2025-04-14,gru,7,4.285714285714286,0.021087143646071248,bf449416,0-4,bf449416b87e63de98691106b19e71d49fa89804f380962c8103df88bb057dbd,16586c461e57039abdce31626319b19132c55c2ff96f9b22a1a755c61807d4f4;f11a04ca5ede5f998d7bd6ff9ac44b9c26d1e013343e4dfe95f90e75d9a5cb9a;30537449e8fba418e7c4f4424716164ecf67ae9586a6aa8cf1eee03628e03322
23,2025-04-08,2025-04-14,gru,7,4.428571428571429,0.01609960713513295,bf449416,0-4,bf449416b87e63de98691106b19e71d49fa89804f380962c8103df88bb057dbd,16586c461e57039abdce31626319b19132c55c2ff96f9b22a1a755c61807d4f4;f11a04ca5ede5f998d7bd6ff9ac44b9c26d1e013343e4dfe95f90e75d9a5cb9a;30537449e8fba418e7c4f4424716164ecf67ae9586a6aa8cf1eee03628e03322
23,2025-04-08,2025-04-14,gru,7,4.571428571428571,0.018763957297724704,bf449416,0-4,bf449416b87e63de98691106b19e71d49fa89804f380962c8103df88bb057dbd,16586c461e57039abdce31626319b19132c55c2ff96f9b22a1a755c61807d4f4;f11a04ca5ede5f998d7bd6ff9ac44b9c26d1e013343e4dfe95f90e75d9a5cb9a;30537449e8fba418e7c4f4424716164ecf67ae9586a6aa8cf1eee03628e03322
23,2025-04-08,2025-04-14,gru,7,4.714285714285714,0.024127317533704055,bf449416,0-4,bf449416b87e63de98691106b19e71d49fa89804f380962c8103df88bb057dbd,16586c461e57039abdce31626319b19132c55c2ff96f9b22a1a755c61807d4f4;f11a04ca5ede5f998d7bd6ff9ac44b9c26d1e013343e4dfe95f90e75d9a5cb9a;30537449e8fba418e7c4f4424716164ecf67ae9586a6aa8cf1eee03628e03322
23,2025-04-08,2025-04-14,gru,7,4.857142857142857,0.026012183443001068,bf449416,0-4,bf449416b87e63de98691106b19e71d49fa89804f380962c8103df88bb057dbd,16586c461e57039abdce31626319b19132c55c2ff96f9b22a1a755c61807d4f4;f11a04ca5ede5f998d7bd6ff9ac44b9c26d1e013343e4dfe95f90e75d9a5cb9a;30537449e8fba418e7c4f4424716164ecf67ae9586a6aa8cf1eee03628e03322
23,2025-04-08,2025-04-14,gru,7,5.0,-0.020902920047194462,bf449416,0-4,bf449416b87e63de98691106b19e71d49fa89804f380962c8103df88bb057dbd,16586c461e57039abdce31626319b19132c55c2ff96f9b22a1a755c61807d4f4;f11a04ca5ede5f998d7bd6ff9ac44b9c26d1e013343e4dfe95f90e75d9a5cb9a;30537449e8fba418e7c4f4424716164ecf67ae9586a6aa8cf1eee03628e03322
18,2025-03-04,2025-03-10,bs_delta_vix,7,0.0,0.01321075341929756,bf449416,,bf449416b87e63de98691106b19e71d49fa89804f380962c8103df88bb057dbd,16586c461e57039abdce31626319b19132c55c2ff96f9b22a1a755c61807d4f4;f11a04ca5ede5f998d7bd6ff9ac44b9c26d1e013343e4dfe95f90e75d9a5cb9a;30537449e8fba418e7c4f4424716164ecf67ae9586a6aa8cf1eee03628e03322
18,2025-03-04,2025-03-10,bs_delta_vix,7,0.14285714285714285,0.007859470925548659,bf449416,,bf449416b87e63de98691106b19e71d49fa89804f380962c8103df88bb057dbd,16586c461e57039abdce31626319b19132c55c2ff96f9b22a1a755c61807d4f4;f11a04ca5ede5f998d7bd6ff9ac44b9c26d1e013343e4dfe95f90e75d9a5cb9a;30537449e8fba418e7c4f4424716164ecf67ae9586a6aa8cf1eee03628e03322
18,2025-03-04,2025-03-10,bs_delta_vix,7,0.2857142857142857,0.00666815306565948,bf449416,,bf449416b87e63de98691106b19e71d49fa89804f380962c8103df88bb057dbd,16586c461e57039abdce31626319b19132c55c2ff96f9b22a1a755c61807d4f4;f11a04ca5ede5f998d7bd6ff9ac44b9c26d1e013343e4dfe95f90e75d9a5cb9a;30537449e8fba418e7c4f4424716164ecf67ae9586a6aa8cf1eee03628e03322
18,2025-03-04,2025-03-10,bs_delta_vix,7,0.42857142857142855,0.009692187819308456,bf449416,,bf449416b87e63de98691106b19e71d49fa89804f380962c8103df88bb057dbd,16586c461e57039abdce31626319b19132c55c2ff96f9b22a1a755c61807d4f4;f11a04ca5ede5f998d7bd6ff9ac44b9c26d1e013343e4dfe95f90e75d9a5cb9a;30537449e8fba418e7c4f4424716164ecf67ae9586a6aa8cf1eee03628e03322
18,2025-03-04,2025-03-10,bs_delta_vix,7,0.5714285714285714,0.009303061758533977,bf449416,,bf449416b87e63de98691106b19e71d49fa89804f380962c8103df88bb057dbd,16586c461e57039abdce31626319b19132c55c2ff96f9b22a1a755c61807d4f4;f11a04ca5ede5f998d7bd6ff9ac44b9c26d1e013343e4dfe95f90e75d9a5cb9a;30537449e8fba418e7c4f4424716164ecf67ae9586a6aa8cf1eee03628e03322
18,2025-03-04,2025-03-10,bs_delta_vix,7,0.7142857142857143,0.012363312246665335,bf449416,,bf449416b87e63de98691106b19e71d49fa89804f380962c8103df88bb057dbd,16586c461e57039abdce31626319b19132c55c2ff96f9b22a1a755c61807d4f4;f11a04ca5ede5f998d7bd6ff9ac44b9c26d1e013343e4dfe95f90e75d9a5cb9a;30537449e8fba418e7c4f4424716164ecf67ae9586a6aa8cf1eee03628e03322
18,2025-03-04,2025-03-10,bs_delta_vix,7,0.8571428571428571,0.014552991961643995,bf449416,,bf449416b87e63de98691106b19e71d49fa89804f380962c8103df88bb057dbd,16586c461e57039abdce31626319b19132c55c2ff96f9b22a1a755c61807d4f4;f11a04ca5ede5f998d7bd6ff9ac44b9c26d1e013343e4dfe95f90e75d9a5cb9a;30537449e8fba418e7c4f4424716164ecf67ae9586a6aa8cf1eee03628e03322
18,2025-03-04,2025-03-10,bs_delta_vix,7,1.0,0.007397641012205192,bf449416,,bf449416b87e63de98691106b19e71d49fa89804f380962c8103df88bb057dbd,16586c461e57039abdce31626319b19132c55c2ff96f9b22a1a755c61807d4f4;f11a04ca5ede5f998d7bd6ff9ac44b9c26d1e013343e4dfe95f90e75d9a5cb9a;30537449e8fba418e7c4f4424716164ecf67ae9586a6aa8cf1eee03628e03322
18,2025-03-04,2025-03-10,bs_delta_vix,7,1.1428571428571428,0.0064563266119204155,bf449416,,bf449416b87e63de98691106b19e71d49fa89804f380962c8103df88bb057dbd,16586c461e57039abdce31626319b19132c55c2ff96f9b22a1a755c61807d4f4;f11a04ca5ede5f998d7bd6ff9ac44b9c26d1e013343e4dfe95f90e75d9a5cb9a;30537449e8fba418e7c4f4424716164ecf67ae9586a6aa8cf1eee03628e03322
18,2025-03-04,2025-03-10,bs_delta_vix,7,1.2857142857142858,0.005660526131842984,bf449416,,bf449416b87e63de98691106b19e71d49fa89804f380962c8103df88bb057dbd,16586c461e57039abdce31626319b19132c55c2ff96f9b22a1a755c61807d4f4;f11a04ca5ede5f998d7bd6ff9ac44b9c26d1e013343e4dfe95f90e75d9a5cb9a;30537449e8fba418e7c4f4424716164ecf67ae9586a6aa8cf1eee03628e03322
18,2025-03-04,2025-03-10,bs_delta_vix,7,1.4285714285714286,0.008115395916371712,bf449416,,bf449416b87e63de98691106b19e71d49fa89804f380962c8103df88bb057dbd,16586c461e57039abdce31626319b19132c55c2ff96f9b22a1a755c61807d4f4;f11a04ca5ede5f998d7bd6ff9ac44b9c26d1e013343e4dfe95f90e75d9a5cb9a;30537449e8fba418e7c4f4424716164ecf67ae9586a6aa8cf1eee03628e03322
18,2025-03-04,2025-03-10,bs_delta_vix,7,1.5714285714285714,0.008456994448407409,bf449416,,bf449416b87e63de98691106b19e71d49fa89804f380962c8103df88bb057dbd,16586c461e57039abdce31626319b19132c55c2ff96f9b22a1a755c61807d4f4;f11a04ca5ede5f998d7bd6ff9ac44b9c26d1e013343e4dfe95f90e75d9a5cb9a;30537449e8fba418e7c4f4424716164ecf67ae9586a6aa8cf1eee03628e03322
18,2025-03-04,2025-03-10,bs_delta_vix,7,1.7142857142857142,0.011425760091714629,bf449416,,bf449416b87e63de98691106b19e71d49fa89804f380962c8103df88bb057dbd,16586c461e57039abdce31626319b19132c55c2ff96f9b22a1a755c61807d4f4;f11a04ca5ede5f998d7bd6ff9ac44b9c26d1e013343e4dfe95f90e75d9a5cb9a;30537449e8fba418e7c4f4424716164ecf67ae9586a6aa8cf1eee03628e03322
18,2025-03-04,2025-03-10,bs_delta_vix,7,1.8571428571428572,0.012693651205472866,bf449416,,bf449416b87e63de98691106b19e71d49fa89804f380962c8103df88bb057dbd,16586c461e57039abdce31626319b19132c55c2ff96f9b22a1a755c61807d4f4;f11a04ca5ede5f998d7bd6ff9ac44b9c26d1e013343e4dfe95f90e75d9a5cb9a;30537449e8fba418e7c4f4424716164ecf67ae9586a6aa8cf1eee03628e03322
18,2025-03-04,2025-03-10,bs_delta_vix,7,2.0,0.0054573703154598705,bf449416,,bf449416b87e63de98691106b19e71d49fa89804f380962c8103df88bb057dbd,16586c461e57039abdce31626319b19132c55c2ff96f9b22a1a755c61807d4f4;f11a04ca5ede5f998d7bd6ff9ac44b9c26d1e013343e4dfe95f90e75d9a5cb9a;30537449e8fba418e7c4f4424716164ecf67ae9586a6aa8cf1eee03628e03322
18,2025-03-04,2025-03-10,bs_delta_vix,7,2.142857142857143,0.006055243875264784,bf449416,,bf449416b87e63de98691106b19e71d49fa89804f380962c8103df88bb057dbd,16586c461e57039abdce31626319b19132c55c2ff96f9b22a1a755c61807d4f4;f11a04ca5ede5f998d7bd6ff9ac44b9c26d1e013343e4dfe95f90e75d9a5cb9a;30537449e8fba418e7c4f4424716164ecf67ae9586a6aa8cf1eee03628e03322
18,2025-03-04,2025-03-10,bs_delta_vix,7,2.2857142857142856,0.006100005188796996,bf449416,,bf449416b87e63de98691106b19e71d49fa89804f380962c8103df88bb057dbd,16586c461e57039abdce31626319b19132c55c2ff96f9b22a1a755c61807d4f4;f11a04ca5ede5f998d7bd6ff9ac44b9c26d1e013343e4dfe95f90e75d9a5cb9a;30537449e8fba418e7c4f4424716164ecf67ae9586a6aa8cf1eee03628e03322
18,2025-03-04,2025-03-10,bs_delta_vix,7,2.4285714285714284,0.0012718845403011346,bf449416,,bf449416b87e63de98691106b19e71d49fa89804f380962c8103df88bb057dbd,16586c461e57039abdce31626319b19132c55c2ff96f9b22a1a755c61807d4f4;f11a04ca5ede5f998d7bd6ff9ac44b9c26d1e013343e4dfe95f90e75d9a5cb9a;30537449e8fba418e7c4f4424716164ecf67ae9586a6aa8cf1eee03628e03322
18,2025-03-04,2025-03-10,bs_delta_vix,7,2.5714285714285716,0.0010817310460028307,bf449416,,bf449416b87e63de98691106b19e71d49fa89804f380962c8103df88bb057dbd,16586c461e57039abdce31626319b19132c55c2ff96f9b22a1a755c61807d4f4;f11a04ca5ede5f998d7bd6ff9ac44b9c26d1e013343e4dfe95f90e75d9a5cb9a;30537449e8fba418e7c4f4424716164ecf67ae9586a6aa8cf1eee03628e03322
18,2025-03-04,2025-03-10,bs_delta_vix,7,2.7142857142857144,7.035927283200946e-05,bf449416,,bf449416b87e63de98691106b19e71d49fa89804f380962c8103df88bb057dbd,16586c461e57039abdce31626319b19132c55c2ff96f9b22a1a755c61807d4f4;f11a04ca5ede5f998d7bd6ff9ac44b9c26d1e013343e4dfe95f90e75d9a5cb9a;30537449e8fba418e7c4f4424716164ecf67ae9586a6aa8cf1eee03628e03322
18,2025-03-04,2025-03-10,bs_delta_vix,7,2.857142857142857,0.0010388106762798891,bf449416,,bf449416b87e63de98691106b19e71d49fa89804f380962c8103df88bb057dbd,16586c461e57039abdce31626319b19132c55c2ff96f9b22a1a755c61807d4f4;f11a04ca5ede5f998d7bd6ff9ac44b9c26d1e013343e4dfe95f90e75d9a5cb9a;30537449e8fba418e7c4f4424716164ecf67ae9586a6aa8cf1eee03628e03322
18,2025-03-04,2025-03-10,bs_delta_vix,7,3.0,0.00022998249552431266,bf449416,,bf449416b87e63de98691106b19e71d49fa89804f380962c8103df88bb057dbd,16586c461e57039abdce31626319b19132c55c2ff96f9b22a1a755c61807d4f4;f11a04ca5ede5f998d7bd6ff9ac44b9c26d1e013343e4dfe95f90e75d9a5cb9a;30537449e8fba418e7c4f4424716164ecf67ae9586a6aa8cf1eee03628e03322
18,2025-03-04,2025-03-10,bs_delta_vix,7,3.142857142857143,0.00046008592480735987,bf449416,,bf449416b87e63de98691106b19e71d49fa89804f380962c8103df88bb057dbd,16586c461e57039abdce31626319b19132c55c2ff96f9b22a1a755c61807d4f4;f11a04ca5ede5f998d7bd6ff9ac44b9c26d1e013343e4dfe95f90e75d9a5cb9a;30537449e8fba418e7c4f4424716164ecf67ae9586a6aa8cf1eee03628e03322
18,2025-03-04,2025-03-10,bs_delta_vix,7,3.2857142857142856,-0.001603000418849445,bf449416,,bf449416b87e63de98691106b19e71d49fa89804f380962c8103df88bb057dbd,16586c461e57039abdce31626319b19132c55c2ff96f9b22a1a755c61807d4f4;f11a04ca5ede5f998d7bd6ff9ac44b9c26d1e013343e4dfe95f90e75d9a5cb9a;30537449e8fba418e7c4f4424716164ecf67ae9586a6aa8cf1eee03628e03322
18,2025-03-04,2025-03-10,bs_delta_vix,7,3.4285714285714284,-0.0016270194040025644,bf449416,,bf449416b87e63de98691106b19e71d49fa89804f380962c8103df88bb057dbd,16586c461e57039abdce31626319b19132c55c2ff96f9b22a1a755c61807d4f4;f11a04ca5ede5f998d7bd6ff9ac44b9c26d1e013343e4dfe95f90e75d9a5cb9a;30537449e8fba418e7c4f4424716164ecf67ae9586a6aa8cf1eee03628e03322
18,2025-03-04,2025-03-10,bs_delta_vix,7,3.5714285714285716,-0.0006269024029019916,bf449416,,bf449416b87e63de98691106b19e71d49fa89804f380962c8103df88bb057dbd,16586c461e57039abdce31626319b19132c55c2ff96f9b22a1a755c61807d4f4;f11a04ca5ede5f998d7bd6ff9ac44b9c26d1e013343e4dfe95f90e75d9a5cb9a;30537449e8fba418e7c4f4424716164ecf67ae9586a6aa8cf1eee03628e03322
18,2025-03-04,2025-03-10,bs_delta_vix,7,3.7142857142857144,0.000859188376146458,bf449416,,bf449416b87e63de98691106b19e71d49fa89804f380962c8103df88bb057dbd,16586c461e57039abdce31626319b19132c55c2ff96f9b22a1a755c61807d4f4;f11a04ca5ede5f998d7bd6ff9ac44b9c26d1e013343e4dfe95f90e75d9a5cb9a;30537449e8fba418e7c4f4424716164ecf67ae9586a6aa8cf1eee03628e03322
18,2025-03-04,2025-03-10,bs_delta_vix,7,3.857142857142857,0.00034357932573955696,bf449416,,bf449416b87e63de98691106b19e71d49fa89804f380962c8103df88bb057dbd,16586c461e57039abdce31626319b19132c55c2ff96f9b22a1a755c61807d4f4;f11a04ca5ede5f998d7bd6ff9ac44b9c26d1e013343e4dfe95f90e75d9a5cb9a;30537449e8fba418e7c4f4424716164ecf67ae9586a6aa8cf1eee03628e03322
18,2025-03-04,2025-03-10,bs_delta_vix,7,4.0,-0.003279163393953455,bf449416,,bf449416b87e63de98691106b19e71d49fa89804f380962c8103df88bb057dbd,16586c461e57039abdce31626319b19132c55c2ff96f9b22a1a755c61807d4f4;f11a04ca5ede5f998d7bd6ff9ac44b9c26d1e013343e4dfe95f90e75d9a5cb9a;30537449e8fba418e7c4f4424716164ecf67ae9586a6aa8cf1eee03628e03322
18,2025-03-04,2025-03-10,bs_delta_vix,7,4.142857142857143,-0.004526745916319731,bf449416,,bf449416b87e63de98691106b19e71d49fa89804f380962c8103df88bb057dbd,16586c461e57039abdce31626319b19132c55c2ff96f9b22a1a755c61807d4f4;f11a04ca5ede5f998d7bd6ff9ac44b9c26d1e013343e4dfe95f90e75d9a5cb9a;30537449e8fba418e7c4f4424716164ecf67ae9586a6aa8cf1eee03628e03322
18,2025-03-04,2025-03-10,bs_delta_vix,7,4.285714285714286,-0.0046546777769610435,bf449416,,bf449416b87e63de98691106b19e71d49fa89804f380962c8103df88bb057dbd,16586c461e57039abdce31626319b19132c55c2ff96f9b22a1a755c61807d4f4;f11a04ca5ede5f998d7bd6ff9ac44b9c26d1e013343e4dfe95f90e75d9a5cb9a;30537449e8fba418e7c4f4424716164ecf67ae9586a6aa8cf1eee03628e03322
18,2025-03-04,2025-03-10,bs_delta_vix,7,4.428571428571429,-0.004760547514691769,bf449416,,bf449416b87e63de98691106b19e71d49fa89804f380962c8103df88bb057dbd,16586c461e57039abdce31626319b19132c55c2ff96f9b22a1a755c61807d4f4;f11a04ca5ede5f998d7bd6ff9ac44b9c26d1e013343e4dfe95f90e75d9a5cb9a;30537449e8fba418e7c4f4424716164ecf67ae9586a6aa8cf1eee03628e03322
18,2025-03-04,2025-03-10,bs_delta_vix,7,4.571428571428571,-0.004829493491305542,bf449416,,bf449416b87e63de98691106b19e71d49fa89804f380962c8103df88bb057dbd,16586c461e57039abdce31626319b19132c55c2ff96f9b22a1a755c61807d4f4;f11a04ca5ede5f998d7bd6ff9ac44b9c26d1e013343e4dfe95f90e75d9a5cb9a;30537449e8fba418e7c4f4424716164ecf67ae9586a6aa8cf1eee03628e03322
18,2025-03-04,2025-03-10,bs_delta_vix,7,4.714285714285714,-0.004849515070745127,bf449416,,bf449416b87e63de98691106b19e71d49fa89804f380962c8103df88bb057dbd,16586c461e57039abdce31626319b19132c55c2ff96f9b22a1a755c61807d4f4;f11a04ca5ede5f998d7bd6ff9ac44b9c26d1e013343e4dfe95f90e75d9a5cb9a;30537449e8fba418e7c4f4424716164ecf67ae9586a6aa8cf1eee03628e03322
18,2025-03-04,2025-03-10,bs_delta_vix,7,4.857142857142857,-0.004851775148862227,bf449416,,bf449416b87e63de98691106b19e71d49fa89804f380962c8103df88bb057dbd,16586c461e57039abdce31626319b19132c55c2ff96f9b22a1a755c61807d4f4;f11a04ca5ede5f998d7bd6ff9ac44b9c26d1e013343e4dfe95f90e75d9a5cb9a;30537449e8fba418e7c4f4424716164ecf67ae9586a6aa8cf1eee03628e03322
18,2025-03-04,2025-03-10,bs_delta_vix,7,5.0,-0.004851833592085842,bf449416,,bf449416b87e63de98691106b19e71d49fa89804f380962c8103df88bb057dbd,16586c461e57039abdce31626319b19132c55c2ff96f9b22a1a755c61807d4f4;f11a04ca5ede5f998d7bd6ff9ac44b9c26d1e013343e4dfe95f90e75d9a5cb9a;30537449e8fba418e7c4f4424716164ecf67ae9586a6aa8cf1eee03628e03322
18,2025-03-04,2025-03-10,ww_band,7,0.0,0.01321075341929756,bf449416,,bf449416b87e63de98691106b19e71d49fa89804f380962c8103df88bb057dbd,16586c461e57039abdce31626319b19132c55c2ff96f9b22a1a755c61807d4f4;f11a04ca5ede5f998d7bd6ff9ac44b9c26d1e013343e4dfe95f90e75d9a5cb9a;30537449e8fba418e7c4f4424716164ecf67ae9586a6aa8cf1eee03628e03322
18,2025-03-04,2025-03-10,ww_band,7,0.14285714285714285,0.010808601129069053,bf449416,,bf449416b87e63de98691106b19e71d49fa89804f380962c8103df88bb057dbd,16586c461e57039abdce31626319b19132c55c2ff96f9b22a1a755c61807d4f4;f11a04ca5ede5f998d7bd6ff9ac44b9c26d1e013343e4dfe95f90e75d9a5cb9a;30537449e8fba418e7c4f4424716164ecf67ae9586a6aa8cf1eee03628e03322
18,2025-03-04,2025-03-10,ww_band,7,0.2857142857142857,0.01018176880264033,bf449416,,bf449416b87e63de98691106b19e71d49fa89804f380962c8103df88bb057dbd,16586c461e57039abdce31626319b19132c55c2ff96f9b22a1a755c61807d4f4;f11a04ca5ede5f998d7bd6ff9ac44b9c26d1e013343e4dfe95f90e75d9a5cb9a;30537449e8fba418e7c4f4424716164ecf67ae9586a6aa8cf1eee03628e03322
18,2025-03-04,2025-03-10,ww_band,7,0.42857142857142855,0.012135821954219164,bf449416,,bf449416b87e63de98691106b19e71d49fa89804f380962c8103df88bb057dbd,16586c461e57039abdce31626319b19132c55c2ff96f9b22a1a755c61807d4f4;f11a04ca5ede5f998d7bd6ff9ac44b9c26d1e013343e4dfe95f90e75d9a5cb9a;30537449e8fba418e7c4f4424716164ecf67ae9586a6aa8cf1eee03628e03322
18,2025-03-04,2025-03-10,ww_band,7,0.5714285714285714,0.011994192887931984,bf449416,,bf449416b87e63de98691106b19e71d49fa89804f380962c8103df88bb057dbd,16586c461e57039abdce31626319b19132c55c2ff96f9b22a1a755c61807d4f4;f11a04ca5ede5f998d7bd6ff9ac44b9c26d1e013343e4dfe95f90e75d9a5cb9a;30537449e8fba418e7c4f4424716164ecf67ae9586a6aa8cf1eee03628e03322
18,2025-03-04,2025-03-10,ww_band,7,0.7142857142857143,0.013543266770916548,bf449416,,bf449416b87e63de98691106b19e71d49fa89804f380962c8103df88bb057dbd,16586c461e57039abdce31626319b19132c55c2ff96f9b22a1a755c61807d4f4;f11a04ca5ede5f998d7bd6ff9ac44b9c26d1e013343e4dfe95f90e75d9a5cb9a;30537449e8fba418e7c4f4424716164ecf67ae9586a6aa8cf1eee03628e03322
18,2025-03-04,2025-03-10,ww_band,7,0.8571428571428571,0.014563435074344357,bf449416,,bf449416b87e63de98691106b19e71d49fa89804f380962c8103df88bb057dbd,16586c461e57039abdce31626319b19132c55c2ff96f9b22a1a755c61807d4f4;f11a04ca5ede5f998d7bd6ff9ac44b9c26d1e013343e4dfe95f90e75d9a5cb9a;30537449e8fba418e7c4f4424716164ecf67ae9586a6aa8cf1eee03628e03322
18,2025-03-04,2025-03-10,ww_band,7,1.0,0.010889469651030671,bf449416,,bf449416b87e63de98691106b19e71d49fa89804f380962c8103df88bb057dbd,16586c461e57039abdce31626319b19132c55c2ff96f9b22a1a755c61807d4f4;f11a04ca5ede5f998d7bd6ff9ac44b9c26d1e013343e4dfe95f90e75d9a5cb9a;30537449e8fba418e7c4f4424716164ecf67ae9586a6aa8cf1eee03628e03322
18,2025-03-04,2025-03-10,ww_band,7,1.1428571428571428,0.010341776321815505,bf449416,,bf449416b87e63de98691106b19e71d49fa89804f380962c8103df88bb057dbd,16586c461e57039abdce31626319b19132c55c2ff96f9b22a1a755c61807d4f4;f11a04ca5ede5f998d7bd6ff9ac44b9c26d1e013343e4dfe95f90e75d9a5cb9a;30537449e8fba418e7c4f4424716164ecf67ae9586a6aa8cf1eee03628e03322
18,2025-03-04,2025-03-10,ww_band,7,1.2857142857142858,0.00976391096964149,bf449416,,bf449416b87e63de98691106b19e71d49fa89804f380962c8103df88bb057dbd,16586c461e57039abdce31626319b19132c55c2ff96f9b22a1a755c61807d4f4;f11a04ca5ede5f998d7bd6ff9ac44b9c26d1e013343e4dfe95f90e75d9a5cb9a;30537449e8fba418e7c4f4424716164ecf67ae9586a6aa8cf1eee03628e03322
18,2025-03-04,2025-03-10,ww_band,7,1.4285714285714286,0.01178149992239742,bf449416,,bf449416b87e63de98691106b19e71d49fa89804f380962c8103df88bb057dbd,16586c461e57039abdce31626319b19132c55c2ff96f9b22a1a755c61807d4f4;f11a04ca5ede5f998d7bd6ff9ac44b9c26d1e013343e4dfe95f90e75d9a5cb9a;30537449e8fba418e7c4f4424716164ecf67ae9586a6aa8cf1eee03628e03322
18,2025-03-04,2025-03-10,ww_band,7,1.5714285714285714,0.012063943581762228,bf449416,,bf449416b87e63de98691106b19e71d49fa89804f380962c8103df88bb057dbd,16586c461e57039abdce31626319b19132c55c2ff96f9b22a1a755c61807d4f4;f11a04ca5ede5f998d7bd6ff9ac44b9c26d1e013343e4dfe95f90e75d9a5cb9a;30537449e8fba418e7c4f4424716164ecf67ae9586a6aa8cf1eee03628e03322
18,2025-03-04,2025-03-10,ww_band,7,1.7142857142857142,0.013928640633666058,bf449416,,bf449416b87e63de98691106b19e71d49fa89804f380962c8103df88bb057dbd,16586c461e57039abdce31626319b19132c55c2ff96f9b22a1a755c61807d4f4;f11a04ca5ede5f998d7bd6ff9ac44b9c26d1e013343e4dfe95f90e75d9a5cb9a;30537449e8fba418e7c4f4424716164ecf67ae9586a6aa8cf1eee03628e03322
18,2025-03-04,2025-03-10,ww_band,7,1.8571428571428572,0.014639664164605404,bf449416,,bf449416b87e63de98691106b19e71d49fa89804f380962c8103df88bb057dbd,16586c461e57039abdce31626319b19132c55c2ff96f9b22a1a755c61807d4f4;f11a04ca5ede5f998d7bd6ff9ac44b9c26d1e013343e4dfe95f90e75d9a5cb9a;30537449e8fba418e7c4f4424716164ecf67ae9586a6aa8cf1eee03628e03322
18,2025-03-04,2025-03-10,ww_band,7,2.0,0.01112406474873344,bf449416,,bf449416b87e63de98691106b19e71d49fa89804f380962c8103df88bb057dbd,16586c461e57039abdce31626319b19132c55c2ff96f9b22a1a755c61807d4f4;f11a04ca5ede5f998d7bd6ff9ac44b9c26d1e013343e4dfe95f90e75d9a5cb9a;30537449e8fba418e7c4f4424716164ecf67ae9586a6aa8cf1eee03628e03322
18,2025-03-04,2025-03-10,ww_band,7,2.142857142857143,0.011658246700664003,bf449416,,bf449416b87e63de98691106b19e71d49fa89804f380962c8103df88bb057dbd,16586c461e57039abdce31626319b19132c55c2ff96f9b22a1a755c61807d4f4;f11a04ca5ede5f998d7bd6ff9ac44b9c26d1e013343e4dfe95f90e75d9a5cb9a;30537449e8fba418e7c4f4424716164ecf67ae9586a6aa8cf1eee03628e03322
18,2025-03-04,2025-03-10,ww_band,7,2.2857142857142856,0.011703479337776563,bf449416,,bf449416b87e63de98691106b19e71d49fa89804f380962c8103df88bb057dbd,16586c461e57039abdce31626319b19132c55c2ff96f9b22a1a755c61807d4f4;f11a04ca5ede5f998d7bd6ff9ac44b9c26d1e013343e4dfe95f90e75d9a5cb9a;30537449e8fba418e7c4f4424716164ecf67ae9586a6aa8cf1eee03628e03322
18,2025-03-04,2025-03-10,ww_band,7,2.4285714285714284,0.008567595338788224,bf449416,,bf449416b87e63de98691106b19e71d49fa89804f380962c8103df88bb057dbd,16586c461e57039abdce31626319b19132c55c2ff96f9b22a1a755c61807d4f4;f11a04ca5ede5f998d7bd6ff9ac44b9c26d1e013343e4dfe95f90e75d9a5cb9a;30537449e8fba418e7c4f4424716164ecf67ae9586a6aa8cf1eee03628e03322
18,2025-03-04,2025-03-10,ww_band,7,2.5714285714285716,0.008534807391279896,bf449416,,bf449416b87e63de98691106b19e71d49fa89804f380962c8103df88bb057dbd,16586c461e57039abdce31626319b19132c55c2ff96f9b22a1a755c61807d4f4;f11a04ca5ede5f998d7bd6ff9ac44b9c26d1e013343e4dfe95f90e75d9a5cb9a;30537449e8fba418e7c4f4424716164ecf67ae9586a6aa8cf1eee03628e03322
18,2025-03-04,2025-03-10,ww_band,7,2.7142857142857144,0.007520539791208638,bf449416,,bf449416b87e63de98691106b19e71d49fa89804f380962c8103df88bb057dbd,16586c461e57039abdce31626319b19132c55c2ff96f9b22a1a755c61807d4f4;f11a04ca5ede5f998d7bd6ff9ac44b9c26d1e013343e4dfe95f90e75d9a5cb9a;30537449e8fba418e7c4f4424716164ecf67ae9586a6aa8cf1eee03628e03322
18,2025-03-04,2025-03-10,ww_band,7,2.857142857142857,0.00877460894075589,bf449416,,bf449416b87e63de98691106b19e71d49fa89804f380962c8103df88bb057dbd,16586c461e57039abdce31626319b19132c55c2ff96f9b22a1a755c61807d4f4;f11a04ca5ede5f998d7bd6ff9ac44b9c26d1e013343e4dfe95f90e75d9a5cb9a;30537449e8fba418e7c4f4424716164ecf67ae9586a6aa8cf1eee03628e03322
18,2025-03-04,2025-03-10,ww_band,7,3.0,0.008010504999055583,bf449416,,bf449416b87e63de98691106b19e71d49fa89804f380962c8103df88bb057dbd,16586c461e57039abdce31626319b19132c55c2ff96f9b22a1a755c61807d4f4;f11a04ca5ede5f998d7bd6ff9ac44b9c26d1e013343e4dfe95f90e75d9a5cb9a;30537449e8fba418e7c4f4424716164ecf67ae9586a6aa8cf1eee03628e03322
18,2025-03-04,2025-03-10,ww_band,7,3.142857142857143,0.008373051823750522,bf449416,,bf449416b87e63de98691106b19e71d49fa89804f380962c8103df88bb057dbd,16586c461e57039abdce31626319b19132c55c2ff96f9b22a1a755c61807d4f4;f11a04ca5ede5f998d7bd6ff9ac44b9c26d1e013343e4dfe95f90e75d9a5cb9a;30537449e8fba418e7c4f4424716164ecf67ae9586a6aa8cf1eee03628e03322
18,2025-03-04,2025-03-10,ww_band,7,3.2857142857142856,0.005898234816004549,bf449416,,bf449416b87e63de98691106b19e71d49fa89804f380962c8103df88bb057dbd,16586c461e57039abdce31626319b19132c55c2ff96f9b22a1a755c61807d4f4;f11a04ca5ede5f998d7bd6ff9ac44b9c26d1e013343e4dfe95f90e75d9a5cb9a;30537449e8fba418e7c4f4424716164ecf67ae9586a6aa8cf1eee03628e03322
18,2025-03-04,2025-03-10,ww_band,7,3.4285714285714284,0.0061224170101609,bf449416,,bf449416b87e63de98691106b19e71d49fa89804f380962c8103df88bb057dbd,16586c461e57039abdce31626319b19132c55c2ff96f9b22a1a755c61807d4f4;f11a04ca5ede5f998d7bd6ff9ac44b9c26d1e013343e4dfe95f90e75d9a5cb9a;30537449e8fba418e7c4f4424716164ecf67ae9586a6aa8cf1eee03628e03322
18,2025-03-04,2025-03-10,ww_band,7,3.5714285714285716,0.00851662290606227,bf449416,,bf449416b87e63de98691106b19e71d49fa89804f380962c8103df88bb057dbd,16586c461e57039abdce31626319b19132c55c2ff96f9b22a1a755c61807d4f4;f11a04ca5ede5f998d7bd6ff9ac44b9c26d1e013343e4dfe95f90e75d9a5cb9a;30537449e8fba418e7c4f4424716164ecf67ae9586a6aa8cf1eee03628e03322
18,2025-03-04,2025-03-10,ww_band,7,3.7142857142857144,0.01061068320656998,bf449416,,bf449416b87e63de98691106b19e71d49fa89804f380962c8103df88bb057dbd,16586c461e57039abdce31626319b19132c55c2ff96f9b22a1a755c61807d4f4;f11a04ca5ede5f998d7bd6ff9ac44b9c26d1e013343e4dfe95f90e75d9a5cb9a;30537449e8fba418e7c4f4424716164ecf67ae9586a6aa8cf1eee03628e03322
18,2025-03-04,2025-03-10,ww_band,7,3.857142857142857,0.010283514856607083,bf449416,,bf449416b87e63de98691106b19e71d49fa89804f380962c8103df88bb057dbd,16586c461e57039abdce31626319b19132c55c2ff96f9b22a1a755c61807d4f4;f11a04ca5ede5f998d7bd6ff9ac44b9c26d1e013343e4dfe95f90e75d9a5cb9a;30537449e8fba418e7c4f4424716164ecf67ae9586a6aa8cf1eee03628e03322
18,2025-03-04,2025-03-10,ww_band,7,4.0,0.006936960040746994,bf449416,,bf449416b87e63de98691106b19e71d49fa89804f380962c8103df88bb057dbd,16586c461e57039abdce31626319b19132c55c2ff96f9b22a1a755c61807d4f4;f11a04ca5ede5f998d7bd6ff9ac44b9c26d1e013343e4dfe95f90e75d9a5cb9a;30537449e8fba418e7c4f4424716164ecf67ae9586a6aa8cf1eee03628e03322
18,2025-03-04,2025-03-10,ww_band,7,4.142857142857143,0.004738846896752401,bf449416,,bf449416b87e63de98691106b19e71d49fa89804f380962c8103df88bb057dbd,16586c461e57039abdce31626319b19132c55c2ff96f9b22a1a755c61807d4f4;f11a04ca5ede5f998d7bd6ff9ac44b9c26d1e013343e4dfe95f90e75d9a5cb9a;30537449e8fba418e7c4f4424716164ecf67ae9586a6aa8cf1eee03628e03322
18,2025-03-04,2025-03-10,ww_band,7,4.285714285714286,0.0045161724992944345,bf449416,,bf449416b87e63de98691106b19e71d49fa89804f380962c8103df88bb057dbd,16586c461e57039abdce31626319b19132c55c2ff96f9b22a1a755c61807d4f4;f11a04ca5ede5f998d7bd6ff9ac44b9c26d1e013343e4dfe95f90e75d9a5cb9a;30537449e8fba418e7c4f4424716164ecf67ae9586a6aa8cf1eee03628e03322
18,2025-03-04,2025-03-10,ww_band,7,4.428571428571429,0.003989355023481548,bf449416,,bf449416b87e63de98691106b19e71d49fa89804f380962c8103df88bb057dbd,16586c461e57039abdce31626319b19132c55c2ff96f9b22a1a755c61807d4f4;f11a04ca5ede5f998d7bd6ff9ac44b9c26d1e013343e4dfe95f90e75d9a5cb9a;30537449e8fba418e7c4f4424716164ecf67ae9586a6aa8cf1eee03628e03322
18,2025-03-04,2025-03-10,ww_band,7,4.571428571428571,0.003516244260828926,bf449416,,bf449416b87e63de98691106b19e71d49fa89804f380962c8103df88bb057dbd,16586c461e57039abdce31626319b19132c55c2ff96f9b22a1a755c61807d4f4;f11a04ca5ede5f998d7bd6ff9ac44b9c26d1e013343e4dfe95f90e75d9a5cb9a;30537449e8fba418e7c4f4424716164ecf67ae9586a6aa8cf1eee03628e03322
18,2025-03-04,2025-03-10,ww_band,7,4.714285714285714,0.003291865512029691,bf449416,,bf449416b87e63de98691106b19e71d49fa89804f380962c8103df88bb057dbd,16586c461e57039abdce31626319b19132c55c2ff96f9b22a1a755c61807d4f4;f11a04ca5ede5f998d7bd6ff9ac44b9c26d1e013343e4dfe95f90e75d9a5cb9a;30537449e8fba418e7c4f4424716164ecf67ae9586a6aa8cf1eee03628e03322
18,2025-03-04,2025-03-10,ww_band,7,4.857142857142857,0.0032547693754857946,bf449416,,bf449416b87e63de98691106b19e71d49fa89804f380962c8103df88bb057dbd,16586c461e57039abdce31626319b19132c55c2ff96f9b22a1a755c61807d4f4;f11a04ca5ede5f998d7bd6ff9ac44b9c26d1e013343e4dfe95f90e75d9a5cb9a;30537449e8fba418e7c4f4424716164ecf67ae9586a6aa8cf1eee03628e03322
18,2025-03-04,2025-03-10,ww_band,7,5.0,0.0032501858649162875,bf449416,,bf449416b87e63de98691106b19e71d49fa89804f380962c8103df88bb057dbd,16586c461e57039abdce31626319b19132c55c2ff96f9b22a1a755c61807d4f4;f11a04ca5ede5f998d7bd6ff9ac44b9c26d1e013343e4dfe95f90e75d9a5cb9a;30537449e8fba418e7c4f4424716164ecf67ae9586a6aa8cf1eee03628e03322
18,2025-03-04,2025-03-10,gru,7,0.0,0.01321075341929756,bf449416,0-4,bf449416b87e63de98691106b19e71d49fa89804f380962c8103df88bb057dbd,16586c461e57039abdce31626319b19132c55c2ff96f9b22a1a755c61807d4f4;f11a04ca5ede5f998d7bd6ff9ac44b9c26d1e013343e4dfe95f90e75d9a5cb9a;30537449e8fba418e7c4f4424716164ecf67ae9586a6aa8cf1eee03628e03322
18,2025-03-04,2025-03-10,gru,7,0.14285714285714285,0.008571561535097935,bf449416,0-4,bf449416b87e63de98691106b19e71d49fa89804f380962c8103df88bb057dbd,16586c461e57039abdce31626319b19132c55c2ff96f9b22a1a755c61807d4f4;f11a04ca5ede5f998d7bd6ff9ac44b9c26d1e013343e4dfe95f90e75d9a5cb9a;30537449e8fba418e7c4f4424716164ecf67ae9586a6aa8cf1eee03628e03322
18,2025-03-04,2025-03-10,gru,7,0.2857142857142857,0.007407060325448631,bf449416,0-4,bf449416b87e63de98691106b19e71d49fa89804f380962c8103df88bb057dbd,16586c461e57039abdce31626319b19132c55c2ff96f9b22a1a755c61807d4f4;f11a04ca5ede5f998d7bd6ff9ac44b9c26d1e013343e4dfe95f90e75d9a5cb9a;30537449e8fba418e7c4f4424716164ecf67ae9586a6aa8cf1eee03628e03322
18,2025-03-04,2025-03-10,gru,7,0.42857142857142855,0.01072454708609211,bf449416,0-4,bf449416b87e63de98691106b19e71d49fa89804f380962c8103df88bb057dbd,16586c461e57039abdce31626319b19132c55c2ff96f9b22a1a755c61807d4f4;f11a04ca5ede5f998d7bd6ff9ac44b9c26d1e013343e4dfe95f90e75d9a5cb9a;30537449e8fba418e7c4f4424716164ecf67ae9586a6aa8cf1eee03628e03322
18,2025-03-04,2025-03-10,gru,7,0.5714285714285714,0.010419360371635423,bf449416,0-4,bf449416b87e63de98691106b19e71d49fa89804f380962c8103df88bb057dbd,16586c461e57039abdce31626319b19132c55c2ff96f9b22a1a755c61807d4f4;f11a04ca5ede5f998d7bd6ff9ac44b9c26d1e013343e4dfe95f90e75d9a5cb9a;30537449e8fba418e7c4f4424716164ecf67ae9586a6aa8cf1eee03628e03322
18,2025-03-04,2025-03-10,gru,7,0.7142857142857143,0.013415588980118742,bf449416,0-4,bf449416b87e63de98691106b19e71d49fa89804f380962c8103df88bb057dbd,16586c461e57039abdce31626319b19132c55c2ff96f9b22a1a755c61807d4f4;f11a04ca5ede5f998d7bd6ff9ac44b9c26d1e013343e4dfe95f90e75d9a5cb9a;30537449e8fba418e7c4f4424716164ecf67ae9586a6aa8cf1eee03628e03322
18,2025-03-04,2025-03-10,gru,7,0.8571428571428571,0.015432160415487678,bf449416,0-4,bf449416b87e63de98691106b19e71d49fa89804f380962c8103df88bb057dbd,16586c461e57039abdce31626319b19132c55c2ff96f9b22a1a755c61807d4f4;f11a04ca5ede5f998d7bd6ff9ac44b9c26d1e013343e4dfe95f90e75d9a5cb9a;30537449e8fba418e7c4f4424716164ecf67ae9586a6aa8cf1eee03628e03322
18,2025-03-04,2025-03-10,gru,7,1.0,0.00903053359639515,bf449416,0-4,bf449416b87e63de98691106b19e71d49fa89804f380962c8103df88bb057dbd,16586c461e57039abdce31626319b19132c55c2ff96f9b22a1a755c61807d4f4;f11a04ca5ede5f998d7bd6ff9ac44b9c26d1e013343e4dfe95f90e75d9a5cb9a;30537449e8fba418e7c4f4424716164ecf67ae9586a6aa8cf1eee03628e03322
18,2025-03-04,2025-03-10,gru,7,1.1428571428571428,0.008116686580095466,bf449416,0-4,bf449416b87e63de98691106b19e71d49fa89804f380962c8103df88bb057dbd,16586c461e57039abdce31626319b19132c55c2ff96f9b22a1a755c61807d4f4;f11a04ca5ede5f998d7bd6ff9ac44b9c26d1e013343e4dfe95f90e75d9a5cb9a;30537449e8fba418e7c4f4424716164ecf67ae9586a6aa8cf1eee03628e03322
18,2025-03-04,2025-03-10,gru,7,1.2857142857142858,0.007253200434777345,bf449416,0-4,bf449416b87e63de98691106b19e71d49fa89804f380962c8103df88bb057dbd,16586c461e57039abdce31626319b19132c55c2ff96f9b22a1a755c61807d4f4;f11a04ca5ede5f998d7bd6ff9ac44b9c26d1e013343e4dfe95f90e75d9a5cb9a;30537449e8fba418e7c4f4424716164ecf67ae9586a6aa8cf1eee03628e03322
18,2025-03-04,2025-03-10,gru,7,1.4285714285714286,0.009938851866099382,bf449416,0-4,bf449416b87e63de98691106b19e71d49fa89804f380962c8103df88bb057dbd,16586c461e57039abdce31626319b19132c55c2ff96f9b22a1a755c61807d4f4;f11a04ca5ede5f998d7bd6ff9ac44b9c26d1e013343e4dfe95f90e75d9a5cb9a;30537449e8fba418e7c4f4424716164ecf67ae9586a6aa8cf1eee03628e03322
18,2025-03-04,2025-03-10,gru,7,1.5714285714285714,0.010316057019144498,bf449416,0-4,bf449416b87e63de98691106b19e71d49fa89804f380962c8103df88bb057dbd,16586c461e57039abdce31626319b19132c55c2ff96f9b22a1a755c61807d4f4;f11a04ca5ede5f998d7bd6ff9ac44b9c26d1e013343e4dfe95f90e75d9a5cb9a;30537449e8fba418e7c4f4424716164ecf67ae9586a6aa8cf1eee03628e03322
18,2025-03-04,2025-03-10,gru,7,1.7142857142857142,0.013140717684903153,bf449416,0-4,bf449416b87e63de98691106b19e71d49fa89804f380962c8103df88bb057dbd,16586c461e57039abdce31626319b19132c55c2ff96f9b22a1a755c61807d4f4;f11a04ca5ede5f998d7bd6ff9ac44b9c26d1e013343e4dfe95f90e75d9a5cb9a;30537449e8fba418e7c4f4424716164ecf67ae9586a6aa8cf1eee03628e03322
18,2025-03-04,2025-03-10,gru,7,1.8571428571428572,0.014288039271621603,bf449416,0-4,bf449416b87e63de98691106b19e71d49fa89804f380962c8103df88bb057dbd,16586c461e57039abdce31626319b19132c55c2ff96f9b22a1a755c61807d4f4;f11a04ca5ede5f998d7bd6ff9ac44b9c26d1e013343e4dfe95f90e75d9a5cb9a;30537449e8fba418e7c4f4424716164ecf67ae9586a6aa8cf1eee03628e03322
18,2025-03-04,2025-03-10,gru,7,2.0,0.007916792743313679,bf449416,0-4,bf449416b87e63de98691106b19e71d49fa89804f380962c8103df88bb057dbd,16586c461e57039abdce31626319b19132c55c2ff96f9b22a1a755c61807d4f4;f11a04ca5ede5f998d7bd6ff9ac44b9c26d1e013343e4dfe95f90e75d9a5cb9a;30537449e8fba418e7c4f4424716164ecf67ae9586a6aa8cf1eee03628e03322
18,2025-03-04,2025-03-10,gru,7,2.142857142857143,0.008721180213818378,bf449416,0-4,bf449416b87e63de98691106b19e71d49fa89804f380962c8103df88bb057dbd,16586c461e57039abdce31626319b19132c55c2ff96f9b22a1a755c61807d4f4;f11a04ca5ede5f998d7bd6ff9ac44b9c26d1e013343e4dfe95f90e75d9a5cb9a;30537449e8fba418e7c4f4424716164ecf67ae9586a6aa8cf1eee03628e03322
18,2025-03-04,2025-03-10,gru,7,2.2857142857142856,0.008771266526361557,bf449416,0-4,bf449416b87e63de98691106b19e71d49fa89804f380962c8103df88bb057dbd,16586c461e57039abdce31626319b19132c55c2ff96f9b22a1a755c61807d4f4;f11a04ca5ede5f998d7bd6ff9ac44b9c26d1e013343e4dfe95f90e75d9a5cb9a;30537449e8fba418e7c4f4424716164ecf67ae9586a6aa8cf1eee03628e03322
18,2025-03-04,2025-03-10,gru,7,2.4285714285714284,0.003942847703627499,bf449416,0-4,bf449416b87e63de98691106b19e71d49fa89804f380962c8103df88bb057dbd,16586c461e57039abdce31626319b19132c55c2ff96f9b22a1a755c61807d4f4;f11a04ca5ede5f998d7bd6ff9ac44b9c26d1e013343e4dfe95f90e75d9a5cb9a;30537449e8fba418e7c4f4424716164ecf67ae9586a6aa8cf1eee03628e03322
18,2025-03-04,2025-03-10,gru,7,2.5714285714285716,0.003831532782808873,bf449416,0-4,bf449416b87e63de98691106b19e71d49fa89804f380962c8103df88bb057dbd,16586c461e57039abdce31626319b19132c55c2ff96f9b22a1a755c61807d4f4;f11a04ca5ede5f998d7bd6ff9ac44b9c26d1e013343e4dfe95f90e75d9a5cb9a;30537449e8fba418e7c4f4424716164ecf67ae9586a6aa8cf1eee03628e03322
18,2025-03-04,2025-03-10,gru,7,2.7142857142857144,0.002598446636539309,bf449416,0-4,bf449416b87e63de98691106b19e71d49fa89804f380962c8103df88bb057dbd,16586c461e57039abdce31626319b19132c55c2ff96f9b22a1a755c61807d4f4;f11a04ca5ede5f998d7bd6ff9ac44b9c26d1e013343e4dfe95f90e75d9a5cb9a;30537449e8fba418e7c4f4424716164ecf67ae9586a6aa8cf1eee03628e03322
18,2025-03-04,2025-03-10,gru,7,2.857142857142857,0.003884400561966067,bf449416,0-4,bf449416b87e63de98691106b19e71d49fa89804f380962c8103df88bb057dbd,16586c461e57039abdce31626319b19132c55c2ff96f9b22a1a755c61807d4f4;f11a04ca5ede5f998d7bd6ff9ac44b9c26d1e013343e4dfe95f90e75d9a5cb9a;30537449e8fba418e7c4f4424716164ecf67ae9586a6aa8cf1eee03628e03322
18,2025-03-04,2025-03-10,gru,7,3.0,0.0030548036989257185,bf449416,0-4,bf449416b87e63de98691106b19e71d49fa89804f380962c8103df88bb057dbd,16586c461e57039abdce31626319b19132c55c2ff96f9b22a1a755c61807d4f4;f11a04ca5ede5f998d7bd6ff9ac44b9c26d1e013343e4dfe95f90e75d9a5cb9a;30537449e8fba418e7c4f4424716164ecf67ae9586a6aa8cf1eee03628e03322
18,2025-03-04,2025-03-10,gru,7,3.142857142857143,0.0034172065461411357,bf449416,0-4,bf449416b87e63de98691106b19e71d49fa89804f380962c8103df88bb057dbd,16586c461e57039abdce31626319b19132c55c2ff96f9b22a1a755c61807d4f4;f11a04ca5ede5f998d7bd6ff9ac44b9c26d1e013343e4dfe95f90e75d9a5cb9a;30537449e8fba418e7c4f4424716164ecf67ae9586a6aa8cf1eee03628e03322
18,2025-03-04,2025-03-10,gru,7,3.2857142857142856,0.0008842938310384515,bf449416,0-4,bf449416b87e63de98691106b19e71d49fa89804f380962c8103df88bb057dbd,16586c461e57039abdce31626319b19132c55c2ff96f9b22a1a755c61807d4f4;f11a04ca5ede5f998d7bd6ff9ac44b9c26d1e013343e4dfe95f90e75d9a5cb9a;30537449e8fba418e7c4f4424716164ecf67ae9586a6aa8cf1eee03628e03322
18,2025-03-04,2025-03-10,gru,7,3.4285714285714284,0.001021075048383278,bf449416,0-4,bf449416b87e63de98691106b19e71d49fa89804f380962c8103df88bb057dbd,16586c461e57039abdce31626319b19132c55c2ff96f9b22a1a755c61807d4f4;f11a04ca5ede5f998d7bd6ff9ac44b9c26d1e013343e4dfe95f90e75d9a5cb9a;30537449e8fba418e7c4f4424716164ecf67ae9586a6aa8cf1eee03628e03322
18,2025-03-04,2025-03-10,gru,7,3.5714285714285716,0.002809225246631714,bf449416,0-4,bf449416b87e63de98691106b19e71d49fa89804f380962c8103df88bb057dbd,16586c461e57039abdce31626319b19132c55c2ff96f9b22a1a755c61807d4f4;f11a04ca5ede5f998d7bd6ff9ac44b9c26d1e013343e4dfe95f90e75d9a5cb9a;30537449e8fba418e7c4f4424716164ecf67ae9586a6aa8cf1eee03628e03322
18,2025-03-04,2025-03-10,gru,7,3.7142857142857144,0.0045985917044648415,bf449416,0-4,bf449416b87e63de98691106b19e71d49fa89804f380962c8103df88bb057dbd,16586c461e57039abdce31626319b19132c55c2ff96f9b22a1a755c61807d4f4;f11a04ca5ede5f998d7bd6ff9ac44b9c26d1e013343e4dfe95f90e75d9a5cb9a;30537449e8fba418e7c4f4424716164ecf67ae9586a6aa8cf1eee03628e03322
18,2025-03-04,2025-03-10,gru,7,3.857142857142857,0.004203443348605565,bf449416,0-4,bf449416b87e63de98691106b19e71d49fa89804f380962c8103df88bb057dbd,16586c461e57039abdce31626319b19132c55c2ff96f9b22a1a755c61807d4f4;f11a04ca5ede5f998d7bd6ff9ac44b9c26d1e013343e4dfe95f90e75d9a5cb9a;30537449e8fba418e7c4f4424716164ecf67ae9586a6aa8cf1eee03628e03322
18,2025-03-04,2025-03-10,gru,7,4.0,0.0004649955477307753,bf449416,0-4,bf449416b87e63de98691106b19e71d49fa89804f380962c8103df88bb057dbd,16586c461e57039abdce31626319b19132c55c2ff96f9b22a1a755c61807d4f4;f11a04ca5ede5f998d7bd6ff9ac44b9c26d1e013343e4dfe95f90e75d9a5cb9a;30537449e8fba418e7c4f4424716164ecf67ae9586a6aa8cf1eee03628e03322
18,2025-03-04,2025-03-10,gru,7,4.142857142857143,-0.0016192763753537086,bf449416,0-4,bf449416b87e63de98691106b19e71d49fa89804f380962c8103df88bb057dbd,16586c461e57039abdce31626319b19132c55c2ff96f9b22a1a755c61807d4f4;f11a04ca5ede5f998d7bd6ff9ac44b9c26d1e013343e4dfe95f90e75d9a5cb9a;30537449e8fba418e7c4f4424716164ecf67ae9586a6aa8cf1eee03628e03322
18,2025-03-04,2025-03-10,gru,7,4.285714285714286,-0.0018340408902189533,bf449416,0-4,bf449416b87e63de98691106b19e71d49fa89804f380962c8103df88bb057dbd,16586c461e57039abdce31626319b19132c55c2ff96f9b22a1a755c61807d4f4;f11a04ca5ede5f998d7bd6ff9ac44b9c26d1e013343e4dfe95f90e75d9a5cb9a;30537449e8fba418e7c4f4424716164ecf67ae9586a6aa8cf1eee03628e03322
18,2025-03-04,2025-03-10,gru,7,4.428571428571429,-0.0022449115884349774,bf449416,0-4,bf449416b87e63de98691106b19e71d49fa89804f380962c8103df88bb057dbd,16586c461e57039abdce31626319b19132c55c2ff96f9b22a1a755c61807d4f4;f11a04ca5ede5f998d7bd6ff9ac44b9c26d1e013343e4dfe95f90e75d9a5cb9a;30537449e8fba418e7c4f4424716164ecf67ae9586a6aa8cf1eee03628e03322
18,2025-03-04,2025-03-10,gru,7,4.571428571428571,-0.0026781636933173414,bf449416,0-4,bf449416b87e63de98691106b19e71d49fa89804f380962c8103df88bb057dbd,16586c461e57039abdce31626319b19132c55c2ff96f9b22a1a755c61807d4f4;f11a04ca5ede5f998d7bd6ff9ac44b9c26d1e013343e4dfe95f90e75d9a5cb9a;30537449e8fba418e7c4f4424716164ecf67ae9586a6aa8cf1eee03628e03322
18,2025-03-04,2025-03-10,gru,7,4.714285714285714,-0.0030212590526330326,bf449416,0-4,bf449416b87e63de98691106b19e71d49fa89804f380962c8103df88bb057dbd,16586c461e57039abdce31626319b19132c55c2ff96f9b22a1a755c61807d4f4;f11a04ca5ede5f998d7bd6ff9ac44b9c26d1e013343e4dfe95f90e75d9a5cb9a;30537449e8fba418e7c4f4424716164ecf67ae9586a6aa8cf1eee03628e03322
18,2025-03-04,2025-03-10,gru,7,4.857142857142857,-0.0030569238318812484,bf449416,0-4,bf449416b87e63de98691106b19e71d49fa89804f380962c8103df88bb057dbd,16586c461e57039abdce31626319b19132c55c2ff96f9b22a1a755c61807d4f4;f11a04ca5ede5f998d7bd6ff9ac44b9c26d1e013343e4dfe95f90e75d9a5cb9a;30537449e8fba418e7c4f4424716164ecf67ae9586a6aa8cf1eee03628e03322
18,2025-03-04,2025-03-10,gru,7,5.0,-0.003033631681613378,bf449416,0-4,bf449416b87e63de98691106b19e71d49fa89804f380962c8103df88bb057dbd,16586c461e57039abdce31626319b19132c55c2ff96f9b22a1a755c61807d4f4;f11a04ca5ede5f998d7bd6ff9ac44b9c26d1e013343e4dfe95f90e75d9a5cb9a;30537449e8fba418e7c4f4424716164ecf67ae9586a6aa8cf1eee03628e03322
