profile,recipe,arm,seed,snapshot_epoch,loss,survival
large,R-HOR,FFN,0,0,0.0020599365234375,1.0
large,R-HOR,FFN,0,0,0.005008697509765625,0.998046875
large,R-HOR,FFN,0,0,0.006317138671875,0.99609375
large,R-HOR,FFN,0,0,0.007568359375,0.994140625
large,R-HOR,FFN,0,0,0.00799560546875,0.9921875
large,R-HOR,FFN,0,0,0.008575439453125,0.990234375
large,R-HOR,FFN,0,0,0.00897979736328125,0.98828125
large,R-HOR,FFN,0,0,0.00936126708984375,0.986328125
large,R-HOR,FFN,0,0,0.0097503662109375,0.984375
large,R-HOR,FFN,0,0,0.00995635986328125,0.982421875
large,R-HOR,FFN,0,0,0.01021575927734375,0.98046875
large,R-HOR,FFN,0,0,0.0107269287109375,0.978515625
large,R-HOR,FFN,0,0,0.01087188720703125,0.9765625
large,R-HOR,FFN,0,0,0.01126861572265625,0.974609375
large,R-HOR,FFN,0,0,0.01148223876953125,0.97265625
large,R-HOR,FFN,0,0,0.011688232421875,0.970703125
large,R-HOR,FFN,0,0,0.0118255615234375,0.96875
large,R-HOR,FFN,0,0,0.01203155517578125,0.966796875
large,R-HOR,FFN,0,0,0.012176513671875,0.96484375
large,R-HOR,FFN,0,0,0.0125274658203125,0.962890625
large,R-HOR,FFN,0,0,0.012786865234375,0.9609375
large,R-HOR,FFN,0,0,0.01291656494140625,0.958984375
large,R-HOR,FFN,0,0,0.0130615234375,0.95703125
large,R-HOR,FFN,0,0,0.01319122314453125,0.955078125
large,R-HOR,FFN,0,0,0.01334381103515625,0.953125
large,R-HOR,FFN,0,0,0.0135345458984375,0.951171875
large,R-HOR,FFN,0,0,0.01373291015625,0.94921875
large,R-HOR,FFN,0,0,0.01390838623046875,0.947265625
large,R-HOR,FFN,0,0,0.01410675048828125,0.9453125
large,R-HOR,FFN,0,0,0.01428985595703125,0.943359375
large,R-HOR,FFN,0,0,0.0144500732421875,0.94140625
large,R-HOR,FFN,0,0,0.01465606689453125,0.939453125
large,R-HOR,FFN,0,0,0.0147705078125,0.9375
large,R-HOR,FFN,0,0,0.01488494873046875,0.935546875
large,R-HOR,FFN,0,0,0.01509857177734375,0.93359375
large,R-HOR,FFN,0,0,0.0152435302734375,0.931640625
large,R-HOR,FFN,0,0,0.015380859375,0.9296875
large,R-HOR,FFN,0,0,0.01546478271484375,0.927734375
large,R-HOR,FFN,0,0,0.015655517578125,0.92578125
large,R-HOR,FFN,0,0,0.015869140625,0.923828125
large,R-HOR,FFN,0,0,0.0160675048828125,0.921875
large,R-HOR,FFN,0,0,0.0162353515625,0.919921875
large,R-HOR,FFN,0,0,0.0163726806640625,0.91796875
large,R-HOR,FFN,0,0,0.0164642333984375,0.916015625
large,R-HOR,FFN,0,0,0.0166168212890625,0.9140625
large,R-HOR,FFN,0,0,0.0167083740234375,0.912109375
large,R-HOR,FFN,0,0,0.0167999267578125,0.91015625
large,R-HOR,FFN,0,0,0.01690673828125,0.908203125
large,R-HOR,FFN,0,0,0.0171051025390625,0.90625
large,R-HOR,FFN,0,0,0.0172119140625,0.904296875
large,R-HOR,FFN,0,0,0.017364501953125,0.90234375
large,R-HOR,FFN,0,0,0.017486572265625,0.900390625
large,R-HOR,FFN,0,0,0.0175933837890625,0.8984375
large,R-HOR,FFN,0,0,0.0176849365234375,0.896484375
large,R-HOR,FFN,0,0,0.017822265625,0.89453125
large,R-HOR,FFN,0,0,0.0178680419921875,0.892578125
large,R-HOR,FFN,0,0,0.0179595947265625,0.890625
large,R-HOR,FFN,0,0,0.0181427001953125,0.888671875
large,R-HOR,FFN,0,0,0.01824951171875,0.88671875
large,R-HOR,FFN,0,0,0.0183258056640625,0.884765625
large,R-HOR,FFN,0,0,0.0184173583984375,0.8828125
large,R-HOR,FFN,0,0,0.0186309814453125,0.880859375
large,R-HOR,FFN,0,0,0.018768310546875,0.87890625
large,R-HOR,FFN,0,0,0.0189361572265625,0.876953125
large,R-HOR,FFN,0,0,0.0190277099609375,0.875
large,R-HOR,FFN,0,0,0.0191192626953125,0.873046875
large,R-HOR,FFN,0,0,0.019256591796875,0.87109375
large,R-HOR,FFN,0,0,0.0193634033203125,0.869140625
large,R-HOR,FFN,0,0,0.0194549560546875,0.8671875
large,R-HOR,FFN,0,0,0.0195465087890625,0.865234375
large,R-HOR,FFN,0,0,0.0196685791015625,0.86328125
large,R-HOR,FFN,0,0,0.019805908203125,0.861328125
large,R-HOR,FFN,0,0,0.0198974609375,0.859375
large,R-HOR,FFN,0,0,0.019989013671875,0.857421875
large,R-HOR,FFN,0,0,0.0201568603515625,0.85546875
large,R-HOR,FFN,0,0,0.0202178955078125,0.853515625
large,R-HOR,FFN,0,0,0.0203857421875,0.8515625
large,R-HOR,FFN,0,0,0.020477294921875,0.849609375
large,R-HOR,FFN,0,0,0.02056884765625,0.84765625
large,R-HOR,FFN,0,0,0.0207061767578125,0.845703125
large,R-HOR,FFN,0,0,0.02081298828125,0.84375
large,R-HOR,FFN,0,0,0.0209503173828125,0.841796875
large,R-HOR,FFN,0,0,0.0211181640625,0.83984375
large,R-HOR,FFN,0,0,0.0212554931640625,0.837890625
large,R-HOR,FFN,0,0,0.0213165283203125,0.8359375
large,R-HOR,FFN,0,0,0.021453857421875,0.833984375
large,R-HOR,FFN,0,0,0.021575927734375,0.83203125
large,R-HOR,FFN,0,0,0.02166748046875,0.830078125
large,R-HOR,FFN,0,0,0.021759033203125,0.828125
large,R-HOR,FFN,0,0,0.0218505859375,0.826171875
large,R-HOR,FFN,0,0,0.02191162109375,0.82421875
large,R-HOR,FFN,0,0,0.0220184326171875,0.822265625
large,R-HOR,FFN,0,0,0.0220947265625,0.8203125
large,R-HOR,FFN,0,0,0.022216796875,0.818359375
large,R-HOR,FFN,0,0,0.022308349609375,0.81640625
large,R-HOR,FFN,0,0,0.0224151611328125,0.814453125
large,R-HOR,FFN,0,0,0.0225372314453125,0.8125
large,R-HOR,FFN,0,0,0.0226287841796875,0.810546875
large,R-HOR,FFN,0,0,0.0226898193359375,0.80859375
large,R-HOR,FFN,0,0,0.02276611328125,0.806640625
large,R-HOR,FFN,0,0,0.02288818359375,0.8046875
large,R-HOR,FFN,0,0,0.0229644775390625,0.802734375
large,R-HOR,FFN,0,0,0.0231170654296875,0.80078125
large,R-HOR,FFN,0,0,0.023162841796875,0.798828125
large,R-HOR,FFN,0,0,0.02325439453125,0.796875
large,R-HOR,FFN,0,0,0.0233154296875,0.794921875
large,R-HOR,FFN,0,0,0.023468017578125,0.79296875
large,R-HOR,FFN,0,0,0.0235748291015625,0.791015625
large,R-HOR,FFN,0,0,0.02362060546875,0.7890625
large,R-HOR,FFN,0,0,0.023681640625,0.787109375
large,R-HOR,FFN,0,0,0.023773193359375,0.78515625
large,R-HOR,FFN,0,0,0.02386474609375,0.783203125
large,R-HOR,FFN,0,0,0.02392578125,0.78125
large,R-HOR,FFN,0,0,0.0240020751953125,0.779296875
large,R-HOR,FFN,0,0,0.024078369140625,0.77734375
large,R-HOR,FFN,0,0,0.024200439453125,0.775390625
large,R-HOR,FFN,0,0,0.0242767333984375,0.7734375
large,R-HOR,FFN,0,0,0.0245208740234375,0.771484375
large,R-HOR,FFN,0,0,0.0245819091796875,0.76953125
large,R-HOR,FFN,0,0,0.0247039794921875,0.767578125
large,R-HOR,FFN,0,0,0.0247650146484375,0.765625
large,R-HOR,FFN,0,0,0.0248565673828125,0.763671875
large,R-HOR,FFN,0,0,0.0249481201171875,0.76171875
large,R-HOR,FFN,0,0,0.0250244140625,0.759765625
large,R-HOR,FFN,0,0,0.0251007080078125,0.7578125
large,R-HOR,FFN,0,0,0.0251617431640625,0.755859375
large,R-HOR,FFN,0,0,0.0253143310546875,0.75390625
large,R-HOR,FFN,0,0,0.0254058837890625,0.751953125
large,R-HOR,FFN,0,0,0.0255279541015625,0.75
large,R-HOR,FFN,0,0,0.025634765625,0.748046875
large,R-HOR,FFN,0,0,0.0257110595703125,0.74609375
large,R-HOR,FFN,0,0,0.0257720947265625,0.744140625
large,R-HOR,FFN,0,0,0.0258636474609375,0.7421875
large,R-HOR,FFN,0,0,0.0259552001953125,0.740234375
large,R-HOR,FFN,0,0,0.026153564453125,0.73828125
large,R-HOR,FFN,0,0,0.0262603759765625,0.736328125
large,R-HOR,FFN,0,0,0.0263519287109375,0.734375
large,R-HOR,FFN,0,0,0.026458740234375,0.732421875
large,R-HOR,FFN,0,0,0.02655029296875,0.73046875
large,R-HOR,FFN,0,0,0.026611328125,0.728515625
large,R-HOR,FFN,0,0,0.0266876220703125,0.7265625
large,R-HOR,FFN,0,0,0.026763916015625,0.724609375
large,R-HOR,FFN,0,0,0.026947021484375,0.72265625
large,R-HOR,FFN,0,0,0.027069091796875,0.720703125
large,R-HOR,FFN,0,0,0.0271759033203125,0.71875
large,R-HOR,FFN,0,0,0.027252197265625,0.716796875
large,R-HOR,FFN,0,0,0.0273590087890625,0.71484375
large,R-HOR,FFN,0,0,0.0274658203125,0.712890625
large,R-HOR,FFN,0,0,0.0275726318359375,0.7109375
large,R-HOR,FFN,0,0,0.0276336669921875,0.708984375
large,R-HOR,FFN,0,0,0.0276947021484375,0.70703125
large,R-HOR,FFN,0,0,0.0277862548828125,0.705078125
large,R-HOR,FFN,0,0,0.02783203125,0.703125
large,R-HOR,FFN,0,0,0.02789306640625,0.701171875
large,R-HOR,FFN,0,0,0.0279693603515625,0.69921875
large,R-HOR,FFN,0,0,0.0280609130859375,0.697265625
large,R-HOR,FFN,0,0,0.028167724609375,0.6953125
large,R-HOR,FFN,0,0,0.0282440185546875,0.693359375
large,R-HOR,FFN,0,0,0.028289794921875,0.69140625
large,R-HOR,FFN,0,0,0.028350830078125,0.689453125
large,R-HOR,FFN,0,0,0.028411865234375,0.6875
large,R-HOR,FFN,0,0,0.0285186767578125,0.685546875
large,R-HOR,FFN,0,0,0.0286407470703125,0.68359375
large,R-HOR,FFN,0,0,0.0287017822265625,0.681640625
large,R-HOR,FFN,0,0,0.02880859375,0.6796875
large,R-HOR,FFN,0,0,0.028900146484375,0.677734375
large,R-HOR,FFN,0,0,0.028961181640625,0.67578125
large,R-HOR,FFN,0,0,0.029052734375,0.673828125
large,R-HOR,FFN,0,0,0.0291595458984375,0.671875
large,R-HOR,FFN,0,0,0.029296875,0.669921875
large,R-HOR,FFN,0,0,0.02935791015625,0.66796875
large,R-HOR,FFN,0,0,0.0294342041015625,0.666015625
large,R-HOR,FFN,0,0,0.0294952392578125,0.6640625
large,R-HOR,FFN,0,0,0.0296173095703125,0.662109375
large,R-HOR,FFN,0,0,0.02972412109375,0.66015625
large,R-HOR,FFN,0,0,0.029815673828125,0.658203125
large,R-HOR,FFN,0,0,0.0298919677734375,0.65625
large,R-HOR,FFN,0,0,0.0299530029296875,0.654296875
large,R-HOR,FFN,0,0,0.0300750732421875,0.65234375
large,R-HOR,FFN,0,0,0.03021240234375,0.650390625
large,R-HOR,FFN,0,0,0.0302734375,0.6484375
large,R-HOR,FFN,0,0,0.0303192138671875,0.646484375
large,R-HOR,FFN,0,0,0.030426025390625,0.64453125
large,R-HOR,FFN,0,0,0.030487060546875,0.642578125
large,R-HOR,FFN,0,0,0.030609130859375,0.640625
large,R-HOR,FFN,0,0,0.030731201171875,0.638671875
large,R-HOR,FFN,0,0,0.030792236328125,0.63671875
large,R-HOR,FFN,0,0,0.0308685302734375,0.634765625
large,R-HOR,FFN,0,0,0.030914306640625,0.6328125
large,R-HOR,FFN,0,0,0.030975341796875,0.630859375
large,R-HOR,FFN,0,0,0.03106689453125,0.62890625
large,R-HOR,FFN,0,0,0.0311737060546875,0.626953125
large,R-HOR,FFN,0,0,0.031280517578125,0.625
large,R-HOR,FFN,0,0,0.031341552734375,0.623046875
large,R-HOR,FFN,0,0,0.031463623046875,0.62109375
large,R-HOR,FFN,0,0,0.03155517578125,0.619140625
large,R-HOR,FFN,0,0,0.031585693359375,0.6171875
large,R-HOR,FFN,0,0,0.03173828125,0.615234375
large,R-HOR,FFN,0,0,0.03179931640625,0.61328125
large,R-HOR,FFN,0,0,0.031890869140625,0.611328125
large,R-HOR,FFN,0,0,0.03192138671875,0.609375
large,R-HOR,FFN,0,0,0.032012939453125,0.607421875
large,R-HOR,FFN,0,0,0.032073974609375,0.60546875
large,R-HOR,FFN,0,0,0.032135009765625,0.603515625
large,R-HOR,FFN,0,0,0.032196044921875,0.6015625
large,R-HOR,FFN,0,0,0.032257080078125,0.599609375
large,R-HOR,FFN,0,0,0.032318115234375,0.59765625
large,R-HOR,FFN,0,0,0.032379150390625,0.595703125
large,R-HOR,FFN,0,0,0.032440185546875,0.59375
large,R-HOR,FFN,0,0,0.03253173828125,0.591796875
large,R-HOR,FFN,0,0,0.03265380859375,0.58984375
large,R-HOR,FFN,0,0,0.032745361328125,0.587890625
large,R-HOR,FFN,0,0,0.03277587890625,0.5859375
large,R-HOR,FFN,0,0,0.0328369140625,0.583984375
large,R-HOR,FFN,0,0,0.03289794921875,0.58203125
large,R-HOR,FFN,0,0,0.032958984375,0.580078125
large,R-HOR,FFN,0,0,0.03302001953125,0.578125
large,R-HOR,FFN,0,0,0.0330810546875,0.576171875
large,R-HOR,FFN,0,0,0.033203125,0.57421875
large,R-HOR,FFN,0,0,0.033233642578125,0.572265625
large,R-HOR,FFN,0,0,0.033294677734375,0.5703125
large,R-HOR,FFN,0,0,0.03338623046875,0.568359375
large,R-HOR,FFN,0,0,0.03350830078125,0.56640625
large,R-HOR,FFN,0,0,0.033538818359375,0.564453125
large,R-HOR,FFN,0,0,0.033599853515625,0.5625
large,R-HOR,FFN,0,0,0.03363037109375,0.560546875
large,R-HOR,FFN,0,0,0.03369140625,0.55859375
large,R-HOR,FFN,0,0,0.0338134765625,0.556640625
large,R-HOR,FFN,0,0,0.03387451171875,0.5546875
large,R-HOR,FFN,0,0,0.033935546875,0.552734375
large,R-HOR,FFN,0,0,0.034027099609375,0.55078125
large,R-HOR,FFN,0,0,0.034088134765625,0.548828125
large,R-HOR,FFN,0,0,0.034149169921875,0.546875
large,R-HOR,FFN,0,0,0.034210205078125,0.544921875
large,R-HOR,FFN,0,0,0.034271240234375,0.54296875
large,R-HOR,FFN,0,0,0.034332275390625,0.541015625
large,R-HOR,FFN,0,0,0.034454345703125,0.5390625
large,R-HOR,FFN,0,0,0.034515380859375,0.537109375
large,R-HOR,FFN,0,0,0.034576416015625,0.53515625
large,R-HOR,FFN,0,0,0.034637451171875,0.533203125
large,R-HOR,FFN,0,0,0.034698486328125,0.53125
large,R-HOR,FFN,0,0,0.0347900390625,0.529296875
large,R-HOR,FFN,0,0,0.034820556640625,0.52734375
large,R-HOR,FFN,0,0,0.034881591796875,0.525390625
large,R-HOR,FFN,0,0,0.034912109375,0.5234375
large,R-HOR,FFN,0,0,0.035003662109375,0.521484375
large,R-HOR,FFN,0,0,0.0350341796875,0.51953125
large,R-HOR,FFN,0,0,0.03509521484375,0.517578125
large,R-HOR,FFN,0,0,0.035186767578125,0.515625
large,R-HOR,FFN,0,0,0.0352783203125,0.513671875
large,R-HOR,FFN,0,0,0.035369873046875,0.51171875
large,R-HOR,FFN,0,0,0.035491943359375,0.509765625
large,R-HOR,FFN,0,0,0.03558349609375,0.5078125
large,R-HOR,FFN,0,0,0.035675048828125,0.505859375
large,R-HOR,FFN,0,0,0.035797119140625,0.50390625
large,R-HOR,FFN,0,0,0.035858154296875,0.501953125
large,R-HOR,FFN,0,0,0.035919189453125,0.5
large,R-HOR,FFN,0,0,0.035980224609375,0.498046875
large,R-HOR,FFN,0,0,0.03607177734375,0.49609375
large,R-HOR,FFN,0,0,0.036163330078125,0.494140625
large,R-HOR,FFN,0,0,0.036224365234375,0.4921875
large,R-HOR,FFN,0,0,0.03631591796875,0.490234375
large,R-HOR,FFN,0,0,0.036346435546875,0.48828125
large,R-HOR,FFN,0,0,0.03643798828125,0.486328125
large,R-HOR,FFN,0,0,0.0364990234375,0.484375
large,R-HOR,FFN,0,0,0.03656005859375,0.482421875
large,R-HOR,FFN,0,0,0.03662109375,0.48046875
large,R-HOR,FFN,0,0,0.03668212890625,0.478515625
large,R-HOR,FFN,0,0,0.0367431640625,0.4765625
large,R-HOR,FFN,0,0,0.036773681640625,0.474609375
large,R-HOR,FFN,0,0,0.036834716796875,0.47265625
large,R-HOR,FFN,0,0,0.036895751953125,0.470703125
large,R-HOR,FFN,0,0,0.036956787109375,0.46875
large,R-HOR,FFN,0,0,0.037017822265625,0.466796875
large,R-HOR,FFN,0,0,0.037139892578125,0.46484375
large,R-HOR,FFN,0,0,0.0372314453125,0.462890625
large,R-HOR,FFN,0,0,0.03729248046875,0.4609375
large,R-HOR,FFN,0,0,0.037322998046875,0.458984375
large,R-HOR,FFN,0,0,0.03741455078125,0.45703125
large,R-HOR,FFN,0,0,0.0374755859375,0.455078125
large,R-HOR,FFN,0,0,0.03753662109375,0.453125
large,R-HOR,FFN,0,0,0.03759765625,0.451171875
large,R-HOR,FFN,0,0,0.037689208984375,0.44921875
large,R-HOR,FFN,0,0,0.03778076171875,0.447265625
large,R-HOR,FFN,0,0,0.03790283203125,0.4453125
large,R-HOR,FFN,0,0,0.037994384765625,0.443359375
large,R-HOR,FFN,0,0,0.038055419921875,0.44140625
large,R-HOR,FFN,0,0,0.038116455078125,0.439453125
large,R-HOR,FFN,0,0,0.0382080078125,0.4375
large,R-HOR,FFN,0,0,0.038238525390625,0.435546875
large,R-HOR,FFN,0,0,0.038299560546875,0.43359375
large,R-HOR,FFN,0,0,0.038360595703125,0.431640625
large,R-HOR,FFN,0,0,0.038421630859375,0.4296875
large,R-HOR,FFN,0,0,0.03851318359375,0.427734375
large,R-HOR,FFN,0,0,0.038604736328125,0.42578125
large,R-HOR,FFN,0,0,0.038665771484375,0.423828125
large,R-HOR,FFN,0,0,0.03875732421875,0.421875
large,R-HOR,FFN,0,0,0.038818359375,0.419921875
large,R-HOR,FFN,0,0,0.03887939453125,0.41796875
large,R-HOR,FFN,0,0,0.038970947265625,0.416015625
large,R-HOR,FFN,0,0,0.03900146484375,0.4140625
large,R-HOR,FFN,0,0,0.039093017578125,0.412109375
large,R-HOR,FFN,0,0,0.039154052734375,0.41015625
large,R-HOR,FFN,0,0,0.03924560546875,0.408203125
large,R-HOR,FFN,0,0,0.039337158203125,0.40625
large,R-HOR,FFN,0,0,0.039398193359375,0.404296875
large,R-HOR,FFN,0,0,0.039459228515625,0.40234375
large,R-HOR,FFN,0,0,0.03955078125,0.400390625
large,R-HOR,FFN,0,0,0.039642333984375,0.3984375
large,R-HOR,FFN,0,0,0.039703369140625,0.396484375
large,R-HOR,FFN,0,0,0.039825439453125,0.39453125
large,R-HOR,FFN,0,0,0.039886474609375,0.392578125
large,R-HOR,FFN,0,0,0.03997802734375,0.390625
large,R-HOR,FFN,0,0,0.0400390625,0.388671875
large,R-HOR,FFN,0,0,0.0401611328125,0.38671875
large,R-HOR,FFN,0,0,0.040191650390625,0.384765625
large,R-HOR,FFN,0,0,0.04022216796875,0.3828125
large,R-HOR,FFN,0,0,0.04034423828125,0.380859375
large,R-HOR,FFN,0,0,0.040435791015625,0.37890625
large,R-HOR,FFN,0,0,0.04052734375,0.376953125
large,R-HOR,FFN,0,0,0.040618896484375,0.375
large,R-HOR,FFN,0,0,0.040679931640625,0.373046875
large,R-HOR,FFN,0,0,0.040771484375,0.37109375
large,R-HOR,FFN,0,0,0.0408935546875,0.369140625
large,R-HOR,FFN,0,0,0.04095458984375,0.3671875
large,R-HOR,FFN,0,0,0.04107666015625,0.365234375
large,R-HOR,FFN,0,0,0.0411376953125,0.36328125
large,R-HOR,FFN,0,0,0.041259765625,0.361328125
large,R-HOR,FFN,0,0,0.04132080078125,0.359375
large,R-HOR,FFN,0,0,0.04144287109375,0.357421875
large,R-HOR,FFN,0,0,0.041534423828125,0.35546875
large,R-HOR,FFN,0,0,0.041595458984375,0.353515625
large,R-HOR,FFN,0,0,0.041656494140625,0.3515625
large,R-HOR,FFN,0,0,0.04180908203125,0.349609375
large,R-HOR,FFN,0,0,0.041839599609375,0.34765625
large,R-HOR,FFN,0,0,0.0419921875,0.345703125
large,R-HOR,FFN,0,0,0.04205322265625,0.34375
large,R-HOR,FFN,0,0,0.042144775390625,0.341796875
large,R-HOR,FFN,0,0,0.042266845703125,0.33984375
large,R-HOR,FFN,0,0,0.042388916015625,0.337890625
large,R-HOR,FFN,0,0,0.042449951171875,0.3359375
large,R-HOR,FFN,0,0,0.042510986328125,0.333984375
large,R-HOR,FFN,0,0,0.0426025390625,0.33203125
large,R-HOR,FFN,0,0,0.042724609375,0.330078125
large,R-HOR,FFN,0,0,0.042816162109375,0.328125
large,R-HOR,FFN,0,0,0.0428466796875,0.326171875
large,R-HOR,FFN,0,0,0.04290771484375,0.32421875
large,R-HOR,FFN,0,0,0.042999267578125,0.322265625
large,R-HOR,FFN,0,0,0.04315185546875,0.3203125
large,R-HOR,FFN,0,0,0.043212890625,0.318359375
large,R-HOR,FFN,0,0,0.043243408203125,0.31640625
large,R-HOR,FFN,0,0,0.0433349609375,0.314453125
large,R-HOR,FFN,0,0,0.043426513671875,0.3125
large,R-HOR,FFN,0,0,0.043548583984375,0.310546875
large,R-HOR,FFN,0,0,0.043609619140625,0.30859375
large,R-HOR,FFN,0,0,0.043670654296875,0.306640625
large,R-HOR,FFN,0,0,0.04376220703125,0.3046875
large,R-HOR,FFN,0,0,0.0438232421875,0.302734375
large,R-HOR,FFN,0,0,0.043975830078125,0.30078125
large,R-HOR,FFN,0,0,0.044036865234375,0.298828125
large,R-HOR,FFN,0,0,0.044158935546875,0.296875
large,R-HOR,FFN,0,0,0.044219970703125,0.294921875
large,R-HOR,FFN,0,0,0.044342041015625,0.29296875
large,R-HOR,FFN,0,0,0.044464111328125,0.291015625
large,R-HOR,FFN,0,0,0.044586181640625,0.2890625
large,R-HOR,FFN,0,0,0.044708251953125,0.287109375
large,R-HOR,FFN,0,0,0.044830322265625,0.28515625
large,R-HOR,FFN,0,0,0.044921875,0.283203125
large,R-HOR,FFN,0,0,0.0450439453125,0.28125
large,R-HOR,FFN,0,0,0.045135498046875,0.279296875
large,R-HOR,FFN,0,0,0.04522705078125,0.27734375
large,R-HOR,FFN,0,0,0.045318603515625,0.275390625
large,R-HOR,FFN,0,0,0.045501708984375,0.2734375
large,R-HOR,FFN,0,0,0.04571533203125,0.271484375
large,R-HOR,FFN,0,0,0.045806884765625,0.26953125
large,R-HOR,FFN,0,0,0.04595947265625,0.267578125
large,R-HOR,FFN,0,0,0.04608154296875,0.265625
large,R-HOR,FFN,0,0,0.046234130859375,0.263671875
large,R-HOR,FFN,0,0,0.046295166015625,0.26171875
large,R-HOR,FFN,0,0,0.04638671875,0.259765625
large,R-HOR,FFN,0,0,0.046478271484375,0.2578125
large,R-HOR,FFN,0,0,0.046600341796875,0.255859375
large,R-HOR,FFN,0,0,0.046722412109375,0.25390625
large,R-HOR,FFN,0,0,0.04681396484375,0.251953125
large,R-HOR,FFN,0,0,0.046905517578125,0.25
large,R-HOR,FFN,0,0,0.047027587890625,0.248046875
large,R-HOR,FFN,0,0,0.047119140625,0.24609375
large,R-HOR,FFN,0,0,0.047210693359375,0.244140625
large,R-HOR,FFN,0,0,0.047393798828125,0.2421875
large,R-HOR,FFN,0,0,0.0474853515625,0.240234375
large,R-HOR,FFN,0,0,0.047576904296875,0.23828125
large,R-HOR,FFN,0,0,0.047698974609375,0.236328125
large,R-HOR,FFN,0,0,0.047821044921875,0.234375
large,R-HOR,FFN,0,0,0.047943115234375,0.232421875
large,R-HOR,FFN,0,0,0.048004150390625,0.23046875
large,R-HOR,FFN,0,0,0.048126220703125,0.228515625
large,R-HOR,FFN,0,0,0.0482177734375,0.2265625
large,R-HOR,FFN,0,0,0.048370361328125,0.224609375
large,R-HOR,FFN,0,0,0.0484619140625,0.22265625
large,R-HOR,FFN,0,0,0.04864501953125,0.220703125
large,R-HOR,FFN,0,0,0.048736572265625,0.21875
large,R-HOR,FFN,0,0,0.048828125,0.216796875
large,R-HOR,FFN,0,0,0.04901123046875,0.21484375
large,R-HOR,FFN,0,0,0.049163818359375,0.212890625
large,R-HOR,FFN,0,0,0.04925537109375,0.2109375
large,R-HOR,FFN,0,0,0.04937744140625,0.208984375
large,R-HOR,FFN,0,0,0.049468994140625,0.20703125
large,R-HOR,FFN,0,0,0.049591064453125,0.205078125
large,R-HOR,FFN,0,0,0.049774169921875,0.203125
large,R-HOR,FFN,0,0,0.049957275390625,0.201171875
large,R-HOR,FFN,0,0,0.05010986328125,0.19921875
large,R-HOR,FFN,0,0,0.05023193359375,0.197265625
large,R-HOR,FFN,0,0,0.0504150390625,0.1953125
large,R-HOR,FFN,0,0,0.050567626953125,0.193359375
large,R-HOR,FFN,0,0,0.050689697265625,0.19140625
large,R-HOR,FFN,0,0,0.050811767578125,0.189453125
large,R-HOR,FFN,0,0,0.0509033203125,0.1875
large,R-HOR,FFN,0,0,0.051025390625,0.185546875
large,R-HOR,FFN,0,0,0.05126953125,0.18359375
large,R-HOR,FFN,0,0,0.05145263671875,0.181640625
large,R-HOR,FFN,0,0,0.051544189453125,0.1796875
large,R-HOR,FFN,0,0,0.051666259765625,0.177734375
large,R-HOR,FFN,0,0,0.0518798828125,0.17578125
large,R-HOR,FFN,0,0,0.052032470703125,0.173828125
large,R-HOR,FFN,0,0,0.0521240234375,0.171875
large,R-HOR,FFN,0,0,0.05224609375,0.169921875
large,R-HOR,FFN,0,0,0.052490234375,0.16796875
large,R-HOR,FFN,0,0,0.052642822265625,0.166015625
large,R-HOR,FFN,0,0,0.052734375,0.1640625
large,R-HOR,FFN,0,0,0.0528564453125,0.162109375
large,R-HOR,FFN,0,0,0.052978515625,0.16015625
large,R-HOR,FFN,0,0,0.0531005859375,0.158203125
large,R-HOR,FFN,0,0,0.05316162109375,0.15625
large,R-HOR,FFN,0,0,0.053314208984375,0.154296875
large,R-HOR,FFN,0,0,0.053497314453125,0.15234375
large,R-HOR,FFN,0,0,0.053680419921875,0.150390625
large,R-HOR,FFN,0,0,0.0538330078125,0.1484375
large,R-HOR,FFN,0,0,0.053985595703125,0.146484375
large,R-HOR,FFN,0,0,0.05413818359375,0.14453125
large,R-HOR,FFN,0,0,0.054229736328125,0.142578125
large,R-HOR,FFN,0,0,0.054412841796875,0.140625
large,R-HOR,FFN,0,0,0.054595947265625,0.138671875
large,R-HOR,FFN,0,0,0.0548095703125,0.13671875
large,R-HOR,FFN,0,0,0.055023193359375,0.134765625
large,R-HOR,FFN,0,0,0.05517578125,0.1328125
large,R-HOR,FFN,0,0,0.055389404296875,0.130859375
large,R-HOR,FFN,0,0,0.055572509765625,0.12890625
large,R-HOR,FFN,0,0,0.055816650390625,0.126953125
large,R-HOR,FFN,0,0,0.05615234375,0.125
large,R-HOR,FFN,0,0,0.056427001953125,0.123046875
large,R-HOR,FFN,0,0,0.05670166015625,0.12109375
large,R-HOR,FFN,0,0,0.057037353515625,0.119140625
large,R-HOR,FFN,0,0,0.057220458984375,0.1171875
large,R-HOR,FFN,0,0,0.057403564453125,0.115234375
large,R-HOR,FFN,0,0,0.05767822265625,0.11328125
large,R-HOR,FFN,0,0,0.057952880859375,0.111328125
large,R-HOR,FFN,0,0,0.058135986328125,0.109375
large,R-HOR,FFN,0,0,0.05828857421875,0.107421875
large,R-HOR,FFN,0,0,0.05865478515625,0.10546875
large,R-HOR,FFN,0,0,0.058868408203125,0.103515625
large,R-HOR,FFN,0,0,0.059051513671875,0.1015625
large,R-HOR,FFN,0,0,0.059173583984375,0.099609375
large,R-HOR,FFN,0,0,0.0594482421875,0.09765625
large,R-HOR,FFN,0,0,0.059661865234375,0.095703125
large,R-HOR,FFN,0,0,0.059783935546875,0.09375
large,R-HOR,FFN,0,0,0.05999755859375,0.091796875
large,R-HOR,FFN,0,0,0.06011962890625,0.08984375
large,R-HOR,FFN,0,0,0.060272216796875,0.087890625
large,R-HOR,FFN,0,0,0.0604248046875,0.0859375
large,R-HOR,FFN,0,0,0.060882568359375,0.083984375
large,R-HOR,FFN,0,0,0.061065673828125,0.08203125
large,R-HOR,FFN,0,0,0.0615234375,0.080078125
large,R-HOR,FFN,0,0,0.0616455078125,0.078125
large,R-HOR,FFN,0,0,0.061981201171875,0.076171875
large,R-HOR,FFN,0,0,0.062408447265625,0.07421875
large,R-HOR,FFN,0,0,0.06280517578125,0.072265625
large,R-HOR,FFN,0,0,0.06304931640625,0.0703125
large,R-HOR,FFN,0,0,0.06329345703125,0.068359375
large,R-HOR,FFN,0,0,0.0634765625,0.06640625
large,R-HOR,FFN,0,0,0.0635986328125,0.064453125
large,R-HOR,FFN,0,0,0.06402587890625,0.0625
large,R-HOR,FFN,0,0,0.0643310546875,0.060546875
large,R-HOR,FFN,0,0,0.06463623046875,0.05859375
large,R-HOR,FFN,0,0,0.06494140625,0.056640625
large,R-HOR,FFN,0,0,0.06512451171875,0.0546875
large,R-HOR,FFN,0,0,0.0654296875,0.052734375
large,R-HOR,FFN,0,0,0.065673828125,0.05078125
large,R-HOR,FFN,0,0,0.066162109375,0.048828125
large,R-HOR,FFN,0,0,0.0665283203125,0.046875
large,R-HOR,FFN,0,0,0.0667724609375,0.044921875
large,R-HOR,FFN,0,0,0.06719970703125,0.04296875
large,R-HOR,FFN,0,0,0.06768798828125,0.041015625
large,R-HOR,FFN,0,0,0.06805419921875,0.0390625
large,R-HOR,FFN,0,0,0.06854248046875,0.037109375
large,R-HOR,FFN,0,0,0.06884765625,0.03515625
large,R-HOR,FFN,0,0,0.069091796875,0.033203125
large,R-HOR,FFN,0,0,0.06951904296875,0.03125
large,R-HOR,FFN,0,0,0.070068359375,0.029296875
large,R-HOR,FFN,0,0,0.070556640625,0.02734375
large,R-HOR,FFN,0,0,0.07098388671875,0.025390625
large,R-HOR,FFN,0,0,0.0716552734375,0.0234375
large,R-HOR,FFN,0,0,0.07220458984375,0.021484375
large,R-HOR,FFN,0,0,0.0728759765625,0.01953125
large,R-HOR,FFN,0,0,0.07342529296875,0.017578125
large,R-HOR,FFN,0,0,0.07489013671875,0.015625
large,R-HOR,FFN,0,0,0.0755615234375,0.013671875
large,R-HOR,FFN,0,0,0.0762939453125,0.01171875
large,R-HOR,FFN,0,0,0.07720947265625,0.009765625
large,R-HOR,FFN,0,0,0.07904052734375,0.0078125
large,R-HOR,FFN,0,0,0.07977294921875,0.005859375
large,R-HOR,FFN,0,0,0.08111572265625,0.00390625
large,R-HOR,FFN,0,0,0.0836181640625,0.001953125
large,R-HOR,FFN,0,18,0.0080108642578125,1.0
large,R-HOR,FFN,0,18,0.0121307373046875,0.998046875
large,R-HOR,FFN,0,18,0.01360321044921875,0.99609375
large,R-HOR,FFN,0,18,0.01413726806640625,0.994140625
large,R-HOR,FFN,0,18,0.0146026611328125,0.9921875
large,R-HOR,FFN,0,18,0.015289306640625,0.990234375
large,R-HOR,FFN,0,18,0.01552581787109375,0.98828125
large,R-HOR,FFN,0,18,0.0157623291015625,0.986328125
large,R-HOR,FFN,0,18,0.0161895751953125,0.984375
large,R-HOR,FFN,0,18,0.0165863037109375,0.982421875
large,R-HOR,FFN,0,18,0.0168914794921875,0.98046875
large,R-HOR,FFN,0,18,0.0172576904296875,0.978515625
large,R-HOR,FFN,0,18,0.0178070068359375,0.9765625
large,R-HOR,FFN,0,18,0.0181121826171875,0.974609375
large,R-HOR,FFN,0,18,0.018341064453125,0.97265625
large,R-HOR,FFN,0,18,0.0186309814453125,0.970703125
large,R-HOR,FFN,0,18,0.01873779296875,0.96875
large,R-HOR,FFN,0,18,0.0188751220703125,0.966796875
large,R-HOR,FFN,0,18,0.01910400390625,0.96484375
large,R-HOR,FFN,0,18,0.019287109375,0.962890625
large,R-HOR,FFN,0,18,0.019561767578125,0.9609375
large,R-HOR,FFN,0,18,0.01971435546875,0.958984375
large,R-HOR,FFN,0,18,0.0200042724609375,0.95703125
large,R-HOR,FFN,0,18,0.020111083984375,0.955078125
large,R-HOR,FFN,0,18,0.020355224609375,0.953125
large,R-HOR,FFN,0,18,0.02044677734375,0.951171875
large,R-HOR,FFN,0,18,0.020538330078125,0.94921875
large,R-HOR,FFN,0,18,0.020751953125,0.947265625
large,R-HOR,FFN,0,18,0.020843505859375,0.9453125
large,R-HOR,FFN,0,18,0.0209197998046875,0.943359375
large,R-HOR,FFN,0,18,0.0210723876953125,0.94140625
large,R-HOR,FFN,0,18,0.0212554931640625,0.939453125
large,R-HOR,FFN,0,18,0.0213470458984375,0.9375
large,R-HOR,FFN,0,18,0.0214691162109375,0.935546875
large,R-HOR,FFN,0,18,0.0216522216796875,0.93359375
large,R-HOR,FFN,0,18,0.0218353271484375,0.931640625
large,R-HOR,FFN,0,18,0.0219879150390625,0.9296875
large,R-HOR,FFN,0,18,0.0222625732421875,0.927734375
large,R-HOR,FFN,0,18,0.0224151611328125,0.92578125
large,R-HOR,FFN,0,18,0.0225067138671875,0.923828125
large,R-HOR,FFN,0,18,0.0226287841796875,0.921875
large,R-HOR,FFN,0,18,0.0227203369140625,0.919921875
large,R-HOR,FFN,0,18,0.0228271484375,0.91796875
large,R-HOR,FFN,0,18,0.023040771484375,0.916015625
large,R-HOR,FFN,0,18,0.0231475830078125,0.9140625
large,R-HOR,FFN,0,18,0.0233001708984375,0.912109375
large,R-HOR,FFN,0,18,0.023468017578125,0.91015625
large,R-HOR,FFN,0,18,0.0236053466796875,0.908203125
large,R-HOR,FFN,0,18,0.0236968994140625,0.90625
large,R-HOR,FFN,0,18,0.0237884521484375,0.904296875
large,R-HOR,FFN,0,18,0.023895263671875,0.90234375
large,R-HOR,FFN,0,18,0.0240325927734375,0.900390625
large,R-HOR,FFN,0,18,0.02410888671875,0.8984375
large,R-HOR,FFN,0,18,0.0242156982421875,0.896484375
large,R-HOR,FFN,0,18,0.024322509765625,0.89453125
large,R-HOR,FFN,0,18,0.0244140625,0.892578125
large,R-HOR,FFN,0,18,0.0245513916015625,0.890625
large,R-HOR,FFN,0,18,0.0246734619140625,0.888671875
large,R-HOR,FFN,0,18,0.0247650146484375,0.88671875
large,R-HOR,FFN,0,18,0.02490234375,0.884765625
large,R-HOR,FFN,0,18,0.0250244140625,0.8828125
large,R-HOR,FFN,0,18,0.0251007080078125,0.880859375
large,R-HOR,FFN,0,18,0.02520751953125,0.87890625
large,R-HOR,FFN,0,18,0.0254364013671875,0.876953125
large,R-HOR,FFN,0,18,0.0254974365234375,0.875
large,R-HOR,FFN,0,18,0.02557373046875,0.873046875
large,R-HOR,FFN,0,18,0.02569580078125,0.87109375
large,R-HOR,FFN,0,18,0.0257720947265625,0.869140625
large,R-HOR,FFN,0,18,0.0258331298828125,0.8671875
large,R-HOR,FFN,0,18,0.0258941650390625,0.865234375
large,R-HOR,FFN,0,18,0.026031494140625,0.86328125
large,R-HOR,FFN,0,18,0.0261077880859375,0.861328125
large,R-HOR,FFN,0,18,0.02618408203125,0.859375
large,R-HOR,FFN,0,18,0.0262908935546875,0.857421875
large,R-HOR,FFN,0,18,0.0264129638671875,0.85546875
large,R-HOR,FFN,0,18,0.0265045166015625,0.853515625
large,R-HOR,FFN,0,18,0.026580810546875,0.8515625
large,R-HOR,FFN,0,18,0.0266265869140625,0.849609375
large,R-HOR,FFN,0,18,0.026702880859375,0.84765625
large,R-HOR,FFN,0,18,0.026763916015625,0.845703125
large,R-HOR,FFN,0,18,0.02685546875,0.84375
large,R-HOR,FFN,0,18,0.0269317626953125,0.841796875
large,R-HOR,FFN,0,18,0.027008056640625,0.83984375
large,R-HOR,FFN,0,18,0.0271148681640625,0.837890625
large,R-HOR,FFN,0,18,0.02716064453125,0.8359375
large,R-HOR,FFN,0,18,0.0272674560546875,0.833984375
large,R-HOR,FFN,0,18,0.0273284912109375,0.83203125
large,R-HOR,FFN,0,18,0.0274505615234375,0.830078125
large,R-HOR,FFN,0,18,0.02752685546875,0.828125
large,R-HOR,FFN,0,18,0.027679443359375,0.826171875
large,R-HOR,FFN,0,18,0.0277557373046875,0.82421875
large,R-HOR,FFN,0,18,0.0278167724609375,0.822265625
large,R-HOR,FFN,0,18,0.0279693603515625,0.8203125
large,R-HOR,FFN,0,18,0.02801513671875,0.818359375
large,R-HOR,FFN,0,18,0.028076171875,0.81640625
large,R-HOR,FFN,0,18,0.0282135009765625,0.814453125
large,R-HOR,FFN,0,18,0.0283050537109375,0.8125
large,R-HOR,FFN,0,18,0.028411865234375,0.810546875
large,R-HOR,FFN,0,18,0.028472900390625,0.80859375
large,R-HOR,FFN,0,18,0.028594970703125,0.806640625
large,R-HOR,FFN,0,18,0.0287017822265625,0.8046875
large,R-HOR,FFN,0,18,0.0287933349609375,0.802734375
large,R-HOR,FFN,0,18,0.0288543701171875,0.80078125
large,R-HOR,FFN,0,18,0.0289306640625,0.798828125
large,R-HOR,FFN,0,18,0.02899169921875,0.796875
large,R-HOR,FFN,0,18,0.029052734375,0.794921875
large,R-HOR,FFN,0,18,0.029144287109375,0.79296875
large,R-HOR,FFN,0,18,0.029266357421875,0.791015625
large,R-HOR,FFN,0,18,0.0293426513671875,0.7890625
large,R-HOR,FFN,0,18,0.0294342041015625,0.787109375
large,R-HOR,FFN,0,18,0.029541015625,0.78515625
large,R-HOR,FFN,0,18,0.0296783447265625,0.783203125
large,R-HOR,FFN,0,18,0.0297698974609375,0.78125
large,R-HOR,FFN,0,18,0.029815673828125,0.779296875
large,R-HOR,FFN,0,18,0.0299530029296875,0.77734375
large,R-HOR,FFN,0,18,0.03009033203125,0.775390625
large,R-HOR,FFN,0,18,0.0301361083984375,0.7734375
large,R-HOR,FFN,0,18,0.03021240234375,0.771484375
large,R-HOR,FFN,0,18,0.03033447265625,0.76953125
large,R-HOR,FFN,0,18,0.03045654296875,0.767578125
large,R-HOR,FFN,0,18,0.030548095703125,0.765625
large,R-HOR,FFN,0,18,0.030609130859375,0.763671875
large,R-HOR,FFN,0,18,0.0306549072265625,0.76171875
large,R-HOR,FFN,0,18,0.03070068359375,0.759765625
large,R-HOR,FFN,0,18,0.03076171875,0.7578125
large,R-HOR,FFN,0,18,0.0308380126953125,0.755859375
large,R-HOR,FFN,0,18,0.030914306640625,0.75390625
large,R-HOR,FFN,0,18,0.0309600830078125,0.751953125
large,R-HOR,FFN,0,18,0.0309906005859375,0.75
large,R-HOR,FFN,0,18,0.031036376953125,0.748046875
large,R-HOR,FFN,0,18,0.031097412109375,0.74609375
large,R-HOR,FFN,0,18,0.03118896484375,0.744140625
large,R-HOR,FFN,0,18,0.031341552734375,0.7421875
large,R-HOR,FFN,0,18,0.031402587890625,0.740234375
large,R-HOR,FFN,0,18,0.031524658203125,0.73828125
large,R-HOR,FFN,0,18,0.031585693359375,0.736328125
large,R-HOR,FFN,0,18,0.0316162109375,0.734375
large,R-HOR,FFN,0,18,0.031707763671875,0.732421875
large,R-HOR,FFN,0,18,0.031829833984375,0.73046875
large,R-HOR,FFN,0,18,0.0318603515625,0.728515625
large,R-HOR,FFN,0,18,0.03192138671875,0.7265625
large,R-HOR,FFN,0,18,0.032012939453125,0.724609375
large,R-HOR,FFN,0,18,0.03204345703125,0.72265625
large,R-HOR,FFN,0,18,0.0321044921875,0.720703125
large,R-HOR,FFN,0,18,0.03216552734375,0.71875
large,R-HOR,FFN,0,18,0.03228759765625,0.716796875
large,R-HOR,FFN,0,18,0.0323486328125,0.71484375
large,R-HOR,FFN,0,18,0.032379150390625,0.712890625
large,R-HOR,FFN,0,18,0.032440185546875,0.7109375
large,R-HOR,FFN,0,18,0.032501220703125,0.708984375
large,R-HOR,FFN,0,18,0.032562255859375,0.70703125
large,R-HOR,FFN,0,18,0.032623291015625,0.705078125
large,R-HOR,FFN,0,18,0.032684326171875,0.703125
large,R-HOR,FFN,0,18,0.032745361328125,0.701171875
large,R-HOR,FFN,0,18,0.032806396484375,0.69921875
large,R-HOR,FFN,0,18,0.0328369140625,0.697265625
large,R-HOR,FFN,0,18,0.032867431640625,0.6953125
large,R-HOR,FFN,0,18,0.03289794921875,0.693359375
large,R-HOR,FFN,0,18,0.032958984375,0.69140625
large,R-HOR,FFN,0,18,0.032989501953125,0.689453125
large,R-HOR,FFN,0,18,0.03302001953125,0.6875
large,R-HOR,FFN,0,18,0.033050537109375,0.685546875
large,R-HOR,FFN,0,18,0.03314208984375,0.68359375
large,R-HOR,FFN,0,18,0.033233642578125,0.681640625
large,R-HOR,FFN,0,18,0.03326416015625,0.6796875
large,R-HOR,FFN,0,18,0.033355712890625,0.677734375
large,R-HOR,FFN,0,18,0.03338623046875,0.67578125
large,R-HOR,FFN,0,18,0.033477783203125,0.673828125
large,R-HOR,FFN,0,18,0.0335693359375,0.671875
large,R-HOR,FFN,0,18,0.033660888671875,0.669921875
large,R-HOR,FFN,0,18,0.033721923828125,0.66796875
large,R-HOR,FFN,0,18,0.033782958984375,0.666015625
large,R-HOR,FFN,0,18,0.0338134765625,0.6640625
large,R-HOR,FFN,0,18,0.03387451171875,0.662109375
large,R-HOR,FFN,0,18,0.033935546875,0.66015625
large,R-HOR,FFN,0,18,0.033966064453125,0.658203125
large,R-HOR,FFN,0,18,0.0340576171875,0.65625
large,R-HOR,FFN,0,18,0.03411865234375,0.654296875
large,R-HOR,FFN,0,18,0.0341796875,0.65234375
large,R-HOR,FFN,0,18,0.034210205078125,0.650390625
large,R-HOR,FFN,0,18,0.034271240234375,0.6484375
large,R-HOR,FFN,0,18,0.0343017578125,0.646484375
large,R-HOR,FFN,0,18,0.034393310546875,0.64453125
large,R-HOR,FFN,0,18,0.034454345703125,0.642578125
large,R-HOR,FFN,0,18,0.034515380859375,0.640625
large,R-HOR,FFN,0,18,0.0345458984375,0.638671875
large,R-HOR,FFN,0,18,0.03460693359375,0.63671875
large,R-HOR,FFN,0,18,0.034637451171875,0.634765625
large,R-HOR,FFN,0,18,0.034698486328125,0.6328125
large,R-HOR,FFN,0,18,0.034759521484375,0.630859375
large,R-HOR,FFN,0,18,0.034820556640625,0.62890625
large,R-HOR,FFN,0,18,0.034881591796875,0.626953125
large,R-HOR,FFN,0,18,0.034912109375,0.625
large,R-HOR,FFN,0,18,0.03497314453125,0.623046875
large,R-HOR,FFN,0,18,0.0350341796875,0.62109375
large,R-HOR,FFN,0,18,0.035064697265625,0.619140625
large,R-HOR,FFN,0,18,0.03509521484375,0.6171875
large,R-HOR,FFN,0,18,0.035186767578125,0.615234375
large,R-HOR,FFN,0,18,0.035247802734375,0.61328125
large,R-HOR,FFN,0,18,0.035308837890625,0.611328125
large,R-HOR,FFN,0,18,0.035369873046875,0.609375
large,R-HOR,FFN,0,18,0.035430908203125,0.607421875
large,R-HOR,FFN,0,18,0.03546142578125,0.60546875
large,R-HOR,FFN,0,18,0.035491943359375,0.603515625
large,R-HOR,FFN,0,18,0.035552978515625,0.6015625
large,R-HOR,FFN,0,18,0.035614013671875,0.599609375
large,R-HOR,FFN,0,18,0.03564453125,0.59765625
large,R-HOR,FFN,0,18,0.0357666015625,0.595703125
large,R-HOR,FFN,0,18,0.035797119140625,0.59375
large,R-HOR,FFN,0,18,0.035919189453125,0.591796875
large,R-HOR,FFN,0,18,0.035980224609375,0.58984375
large,R-HOR,FFN,0,18,0.03607177734375,0.587890625
large,R-HOR,FFN,0,18,0.0361328125,0.5859375
large,R-HOR,FFN,0,18,0.03619384765625,0.583984375
large,R-HOR,FFN,0,18,0.036224365234375,0.58203125
large,R-HOR,FFN,0,18,0.036285400390625,0.580078125
large,R-HOR,FFN,0,18,0.036376953125,0.578125
large,R-HOR,FFN,0,18,0.036407470703125,0.576171875
large,R-HOR,FFN,0,18,0.036468505859375,0.57421875
large,R-HOR,FFN,0,18,0.0364990234375,0.572265625
large,R-HOR,FFN,0,18,0.03656005859375,0.5703125
large,R-HOR,FFN,0,18,0.036651611328125,0.568359375
large,R-HOR,FFN,0,18,0.036712646484375,0.56640625
large,R-HOR,FFN,0,18,0.0367431640625,0.564453125
large,R-HOR,FFN,0,18,0.036773681640625,0.5625
large,R-HOR,FFN,0,18,0.036834716796875,0.560546875
large,R-HOR,FFN,0,18,0.036865234375,0.55859375
large,R-HOR,FFN,0,18,0.036895751953125,0.556640625
large,R-HOR,FFN,0,18,0.036956787109375,0.5546875
large,R-HOR,FFN,0,18,0.0369873046875,0.552734375
large,R-HOR,FFN,0,18,0.03704833984375,0.55078125
large,R-HOR,FFN,0,18,0.037109375,0.548828125
large,R-HOR,FFN,0,18,0.03717041015625,0.546875
large,R-HOR,FFN,0,18,0.03717041015625,0.544921875
large,R-HOR,FFN,0,18,0.037261962890625,0.54296875
large,R-HOR,FFN,0,18,0.037322998046875,0.541015625
large,R-HOR,FFN,0,18,0.037384033203125,0.5390625
large,R-HOR,FFN,0,18,0.03741455078125,0.537109375
large,R-HOR,FFN,0,18,0.0374755859375,0.53515625
large,R-HOR,FFN,0,18,0.037506103515625,0.533203125
large,R-HOR,FFN,0,18,0.037567138671875,0.53125
large,R-HOR,FFN,0,18,0.03759765625,0.529296875
large,R-HOR,FFN,0,18,0.03765869140625,0.52734375
large,R-HOR,FFN,0,18,0.037750244140625,0.525390625
large,R-HOR,FFN,0,18,0.03778076171875,0.5234375
large,R-HOR,FFN,0,18,0.037811279296875,0.521484375
large,R-HOR,FFN,0,18,0.037841796875,0.51953125
large,R-HOR,FFN,0,18,0.03790283203125,0.517578125
large,R-HOR,FFN,0,18,0.0379638671875,0.515625
large,R-HOR,FFN,0,18,0.037994384765625,0.513671875
large,R-HOR,FFN,0,18,0.038055419921875,0.51171875
large,R-HOR,FFN,0,18,0.0380859375,0.509765625
large,R-HOR,FFN,0,18,0.038116455078125,0.5078125
large,R-HOR,FFN,0,18,0.03814697265625,0.505859375
large,R-HOR,FFN,0,18,0.038177490234375,0.50390625
large,R-HOR,FFN,0,18,0.038238525390625,0.501953125
large,R-HOR,FFN,0,18,0.038299560546875,0.5
large,R-HOR,FFN,0,18,0.038330078125,0.498046875
large,R-HOR,FFN,0,18,0.03839111328125,0.49609375
large,R-HOR,FFN,0,18,0.038421630859375,0.494140625
large,R-HOR,FFN,0,18,0.0384521484375,0.4921875
large,R-HOR,FFN,0,18,0.038543701171875,0.490234375
large,R-HOR,FFN,0,18,0.038543701171875,0.48828125
large,R-HOR,FFN,0,18,0.038604736328125,0.486328125
large,R-HOR,FFN,0,18,0.038665771484375,0.484375
large,R-HOR,FFN,0,18,0.038726806640625,0.482421875
large,R-HOR,FFN,0,18,0.038787841796875,0.48046875
large,R-HOR,FFN,0,18,0.038818359375,0.478515625
large,R-HOR,FFN,0,18,0.038848876953125,0.4765625
large,R-HOR,FFN,0,18,0.0389404296875,0.474609375
large,R-HOR,FFN,0,18,0.038970947265625,0.47265625
large,R-HOR,FFN,0,18,0.03900146484375,0.470703125
large,R-HOR,FFN,0,18,0.039093017578125,0.46875
large,R-HOR,FFN,0,18,0.03912353515625,0.466796875
large,R-HOR,FFN,0,18,0.0391845703125,0.46484375
large,R-HOR,FFN,0,18,0.03924560546875,0.462890625
large,R-HOR,FFN,0,18,0.039276123046875,0.4609375
large,R-HOR,FFN,0,18,0.03936767578125,0.458984375
large,R-HOR,FFN,0,18,0.0394287109375,0.45703125
large,R-HOR,FFN,0,18,0.039459228515625,0.455078125
large,R-HOR,FFN,0,18,0.039520263671875,0.453125
large,R-HOR,FFN,0,18,0.03961181640625,0.451171875
large,R-HOR,FFN,0,18,0.039642333984375,0.44921875
large,R-HOR,FFN,0,18,0.039703369140625,0.447265625
large,R-HOR,FFN,0,18,0.039764404296875,0.4453125
large,R-HOR,FFN,0,18,0.039794921875,0.443359375
large,R-HOR,FFN,0,18,0.039825439453125,0.44140625
large,R-HOR,FFN,0,18,0.039886474609375,0.439453125
large,R-HOR,FFN,0,18,0.039947509765625,0.4375
large,R-HOR,FFN,0,18,0.03997802734375,0.435546875
large,R-HOR,FFN,0,18,0.040008544921875,0.43359375
large,R-HOR,FFN,0,18,0.040069580078125,0.431640625
large,R-HOR,FFN,0,18,0.040130615234375,0.4296875
large,R-HOR,FFN,0,18,0.0401611328125,0.427734375
large,R-HOR,FFN,0,18,0.040191650390625,0.42578125
large,R-HOR,FFN,0,18,0.040252685546875,0.423828125
large,R-HOR,FFN,0,18,0.040283203125,0.421875
large,R-HOR,FFN,0,18,0.04034423828125,0.419921875
large,R-HOR,FFN,0,18,0.040374755859375,0.41796875
large,R-HOR,FFN,0,18,0.040435791015625,0.416015625
large,R-HOR,FFN,0,18,0.040496826171875,0.4140625
large,R-HOR,FFN,0,18,0.04052734375,0.412109375
large,R-HOR,FFN,0,18,0.040557861328125,0.41015625
large,R-HOR,FFN,0,18,0.040618896484375,0.408203125
large,R-HOR,FFN,0,18,0.0406494140625,0.40625
large,R-HOR,FFN,0,18,0.04071044921875,0.404296875
large,R-HOR,FFN,0,18,0.040771484375,0.40234375
large,R-HOR,FFN,0,18,0.04083251953125,0.400390625
large,R-HOR,FFN,0,18,0.04083251953125,0.3984375
large,R-HOR,FFN,0,18,0.040863037109375,0.396484375
large,R-HOR,FFN,0,18,0.0408935546875,0.39453125
large,R-HOR,FFN,0,18,0.04095458984375,0.392578125
large,R-HOR,FFN,0,18,0.040985107421875,0.390625
large,R-HOR,FFN,0,18,0.041046142578125,0.388671875
large,R-HOR,FFN,0,18,0.041107177734375,0.38671875
large,R-HOR,FFN,0,18,0.0411376953125,0.384765625
large,R-HOR,FFN,0,18,0.04119873046875,0.3828125
large,R-HOR,FFN,0,18,0.041229248046875,0.380859375
large,R-HOR,FFN,0,18,0.041259765625,0.37890625
large,R-HOR,FFN,0,18,0.041290283203125,0.376953125
large,R-HOR,FFN,0,18,0.041351318359375,0.375
large,R-HOR,FFN,0,18,0.0413818359375,0.373046875
large,R-HOR,FFN,0,18,0.041473388671875,0.37109375
large,R-HOR,FFN,0,18,0.041534423828125,0.369140625
large,R-HOR,FFN,0,18,0.04156494140625,0.3671875
large,R-HOR,FFN,0,18,0.0416259765625,0.365234375
large,R-HOR,FFN,0,18,0.04168701171875,0.36328125
large,R-HOR,FFN,0,18,0.041717529296875,0.361328125
large,R-HOR,FFN,0,18,0.041778564453125,0.359375
large,R-HOR,FFN,0,18,0.041839599609375,0.357421875
large,R-HOR,FFN,0,18,0.0418701171875,0.35546875
large,R-HOR,FFN,0,18,0.04193115234375,0.353515625
large,R-HOR,FFN,0,18,0.041961669921875,0.3515625
large,R-HOR,FFN,0,18,0.042022705078125,0.349609375
large,R-HOR,FFN,0,18,0.04205322265625,0.34765625
large,R-HOR,FFN,0,18,0.0421142578125,0.345703125
large,R-HOR,FFN,0,18,0.04217529296875,0.34375
large,R-HOR,FFN,0,18,0.042205810546875,0.341796875
large,R-HOR,FFN,0,18,0.042266845703125,0.33984375
large,R-HOR,FFN,0,18,0.04229736328125,0.337890625
large,R-HOR,FFN,0,18,0.042327880859375,0.3359375
large,R-HOR,FFN,0,18,0.0423583984375,0.333984375
large,R-HOR,FFN,0,18,0.042388916015625,0.33203125
large,R-HOR,FFN,0,18,0.04241943359375,0.330078125
large,R-HOR,FFN,0,18,0.04248046875,0.328125
large,R-HOR,FFN,0,18,0.04254150390625,0.326171875
large,R-HOR,FFN,0,18,0.042572021484375,0.32421875
large,R-HOR,FFN,0,18,0.042633056640625,0.322265625
large,R-HOR,FFN,0,18,0.042724609375,0.3203125
large,R-HOR,FFN,0,18,0.042755126953125,0.318359375
large,R-HOR,FFN,0,18,0.0428466796875,0.31640625
large,R-HOR,FFN,0,18,0.04290771484375,0.314453125
large,R-HOR,FFN,0,18,0.04296875,0.3125
large,R-HOR,FFN,0,18,0.042999267578125,0.310546875
large,R-HOR,FFN,0,18,0.04302978515625,0.30859375
large,R-HOR,FFN,0,18,0.0430908203125,0.306640625
large,R-HOR,FFN,0,18,0.04315185546875,0.3046875
large,R-HOR,FFN,0,18,0.043182373046875,0.302734375
large,R-HOR,FFN,0,18,0.043243408203125,0.30078125
large,R-HOR,FFN,0,18,0.04327392578125,0.298828125
large,R-HOR,FFN,0,18,0.043304443359375,0.296875
large,R-HOR,FFN,0,18,0.043365478515625,0.294921875
large,R-HOR,FFN,0,18,0.043426513671875,0.29296875
large,R-HOR,FFN,0,18,0.043487548828125,0.291015625
large,R-HOR,FFN,0,18,0.043548583984375,0.2890625
large,R-HOR,FFN,0,18,0.0435791015625,0.287109375
large,R-HOR,FFN,0,18,0.043609619140625,0.28515625
large,R-HOR,FFN,0,18,0.043670654296875,0.283203125
large,R-HOR,FFN,0,18,0.043701171875,0.28125
large,R-HOR,FFN,0,18,0.04376220703125,0.279296875
large,R-HOR,FFN,0,18,0.043853759765625,0.27734375
large,R-HOR,FFN,0,18,0.04388427734375,0.275390625
large,R-HOR,FFN,0,18,0.0439453125,0.2734375
large,R-HOR,FFN,0,18,0.043975830078125,0.271484375
large,R-HOR,FFN,0,18,0.0440673828125,0.26953125
large,R-HOR,FFN,0,18,0.044097900390625,0.267578125
large,R-HOR,FFN,0,18,0.04412841796875,0.265625
large,R-HOR,FFN,0,18,0.044158935546875,0.263671875
large,R-HOR,FFN,0,18,0.04425048828125,0.26171875
large,R-HOR,FFN,0,18,0.04425048828125,0.259765625
large,R-HOR,FFN,0,18,0.0443115234375,0.2578125
large,R-HOR,FFN,0,18,0.04437255859375,0.255859375
large,R-HOR,FFN,0,18,0.044403076171875,0.25390625
large,R-HOR,FFN,0,18,0.044464111328125,0.251953125
large,R-HOR,FFN,0,18,0.04449462890625,0.25
large,R-HOR,FFN,0,18,0.044525146484375,0.248046875
large,R-HOR,FFN,0,18,0.044586181640625,0.24609375
large,R-HOR,FFN,0,18,0.04461669921875,0.244140625
large,R-HOR,FFN,0,18,0.044647216796875,0.2421875
large,R-HOR,FFN,0,18,0.044708251953125,0.240234375
large,R-HOR,FFN,0,18,0.044769287109375,0.23828125
large,R-HOR,FFN,0,18,0.044830322265625,0.236328125
large,R-HOR,FFN,0,18,0.044921875,0.234375
large,R-HOR,FFN,0,18,0.044952392578125,0.232421875
large,R-HOR,FFN,0,18,0.045013427734375,0.23046875
large,R-HOR,FFN,0,18,0.0450439453125,0.228515625
large,R-HOR,FFN,0,18,0.045135498046875,0.2265625
large,R-HOR,FFN,0,18,0.045196533203125,0.224609375
large,R-HOR,FFN,0,18,0.045257568359375,0.22265625
large,R-HOR,FFN,0,18,0.045379638671875,0.220703125
large,R-HOR,FFN,0,18,0.045501708984375,0.21875
large,R-HOR,FFN,0,18,0.0455322265625,0.216796875
large,R-HOR,FFN,0,18,0.04559326171875,0.21484375
large,R-HOR,FFN,0,18,0.045654296875,0.212890625
large,R-HOR,FFN,0,18,0.04571533203125,0.2109375
large,R-HOR,FFN,0,18,0.0457763671875,0.208984375
large,R-HOR,FFN,0,18,0.045806884765625,0.20703125
large,R-HOR,FFN,0,18,0.0458984375,0.205078125
large,R-HOR,FFN,0,18,0.045989990234375,0.203125
large,R-HOR,FFN,0,18,0.046051025390625,0.201171875
large,R-HOR,FFN,0,18,0.046112060546875,0.19921875
large,R-HOR,FFN,0,18,0.046173095703125,0.197265625
large,R-HOR,FFN,0,18,0.046234130859375,0.1953125
large,R-HOR,FFN,0,18,0.04632568359375,0.193359375
large,R-HOR,FFN,0,18,0.04638671875,0.19140625
large,R-HOR,FFN,0,18,0.04644775390625,0.189453125
large,R-HOR,FFN,0,18,0.0465087890625,0.1875
large,R-HOR,FFN,0,18,0.04656982421875,0.185546875
large,R-HOR,FFN,0,18,0.046630859375,0.18359375
large,R-HOR,FFN,0,18,0.04669189453125,0.181640625
large,R-HOR,FFN,0,18,0.0467529296875,0.1796875
large,R-HOR,FFN,0,18,0.04681396484375,0.177734375
large,R-HOR,FFN,0,18,0.046875,0.17578125
large,R-HOR,FFN,0,18,0.04693603515625,0.173828125
large,R-HOR,FFN,0,18,0.0469970703125,0.171875
large,R-HOR,FFN,0,18,0.047088623046875,0.169921875
large,R-HOR,FFN,0,18,0.047149658203125,0.16796875
large,R-HOR,FFN,0,18,0.0472412109375,0.166015625
large,R-HOR,FFN,0,18,0.047332763671875,0.1640625
large,R-HOR,FFN,0,18,0.047393798828125,0.162109375
large,R-HOR,FFN,0,18,0.047454833984375,0.16015625
large,R-HOR,FFN,0,18,0.047515869140625,0.158203125
large,R-HOR,FFN,0,18,0.047637939453125,0.15625
large,R-HOR,FFN,0,18,0.047698974609375,0.154296875
large,R-HOR,FFN,0,18,0.04779052734375,0.15234375
large,R-HOR,FFN,0,18,0.0478515625,0.150390625
large,R-HOR,FFN,0,18,0.047882080078125,0.1484375
large,R-HOR,FFN,0,18,0.048004150390625,0.146484375
large,R-HOR,FFN,0,18,0.048065185546875,0.14453125
large,R-HOR,FFN,0,18,0.04815673828125,0.142578125
large,R-HOR,FFN,0,18,0.048248291015625,0.140625
large,R-HOR,FFN,0,18,0.04833984375,0.138671875
large,R-HOR,FFN,0,18,0.048370361328125,0.13671875
large,R-HOR,FFN,0,18,0.048492431640625,0.134765625
large,R-HOR,FFN,0,18,0.04852294921875,0.1328125
large,R-HOR,FFN,0,18,0.048614501953125,0.130859375
large,R-HOR,FFN,0,18,0.04864501953125,0.12890625
large,R-HOR,FFN,0,18,0.04876708984375,0.126953125
large,R-HOR,FFN,0,18,0.048858642578125,0.125
large,R-HOR,FFN,0,18,0.0489501953125,0.123046875
large,R-HOR,FFN,0,18,0.04901123046875,0.12109375
large,R-HOR,FFN,0,18,0.049041748046875,0.119140625
large,R-HOR,FFN,0,18,0.04913330078125,0.1171875
large,R-HOR,FFN,0,18,0.04925537109375,0.115234375
large,R-HOR,FFN,0,18,0.04931640625,0.11328125
large,R-HOR,FFN,0,18,0.04937744140625,0.111328125
large,R-HOR,FFN,0,18,0.049407958984375,0.109375
large,R-HOR,FFN,0,18,0.049468994140625,0.107421875
large,R-HOR,FFN,0,18,0.049530029296875,0.10546875
large,R-HOR,FFN,0,18,0.049560546875,0.103515625
large,R-HOR,FFN,0,18,0.04962158203125,0.1015625
large,R-HOR,FFN,0,18,0.049713134765625,0.099609375
large,R-HOR,FFN,0,18,0.0498046875,0.09765625
large,R-HOR,FFN,0,18,0.049896240234375,0.095703125
large,R-HOR,FFN,0,18,0.049957275390625,0.09375
large,R-HOR,FFN,0,18,0.050079345703125,0.091796875
large,R-HOR,FFN,0,18,0.050140380859375,0.08984375
large,R-HOR,FFN,0,18,0.05023193359375,0.087890625
large,R-HOR,FFN,0,18,0.050323486328125,0.0859375
large,R-HOR,FFN,0,18,0.0504150390625,0.083984375
large,R-HOR,FFN,0,18,0.050567626953125,0.08203125
large,R-HOR,FFN,0,18,0.0506591796875,0.080078125
large,R-HOR,FFN,0,18,0.05072021484375,0.078125
large,R-HOR,FFN,0,18,0.05084228515625,0.076171875
large,R-HOR,FFN,0,18,0.050933837890625,0.07421875
large,R-HOR,FFN,0,18,0.051055908203125,0.072265625
large,R-HOR,FFN,0,18,0.05108642578125,0.0703125
large,R-HOR,FFN,0,18,0.05133056640625,0.068359375
large,R-HOR,FFN,0,18,0.051483154296875,0.06640625
large,R-HOR,FFN,0,18,0.0516357421875,0.064453125
large,R-HOR,FFN,0,18,0.051727294921875,0.0625
large,R-HOR,FFN,0,18,0.0518798828125,0.060546875
large,R-HOR,FFN,0,18,0.052001953125,0.05859375
large,R-HOR,FFN,0,18,0.05224609375,0.056640625
large,R-HOR,FFN,0,18,0.052398681640625,0.0546875
large,R-HOR,FFN,0,18,0.0526123046875,0.052734375
large,R-HOR,FFN,0,18,0.052886962890625,0.05078125
large,R-HOR,FFN,0,18,0.052978515625,0.048828125
large,R-HOR,FFN,0,18,0.053131103515625,0.046875
large,R-HOR,FFN,0,18,0.0533447265625,0.044921875
large,R-HOR,FFN,0,18,0.05364990234375,0.04296875
large,R-HOR,FFN,0,18,0.053863525390625,0.041015625
large,R-HOR,FFN,0,18,0.054046630859375,0.0390625
large,R-HOR,FFN,0,18,0.054168701171875,0.037109375
large,R-HOR,FFN,0,18,0.05450439453125,0.03515625
large,R-HOR,FFN,0,18,0.054840087890625,0.033203125
large,R-HOR,FFN,0,18,0.055267333984375,0.03125
large,R-HOR,FFN,0,18,0.055694580078125,0.029296875
large,R-HOR,FFN,0,18,0.056182861328125,0.02734375
large,R-HOR,FFN,0,18,0.05645751953125,0.025390625
large,R-HOR,FFN,0,18,0.05682373046875,0.0234375
large,R-HOR,FFN,0,18,0.057403564453125,0.021484375
large,R-HOR,FFN,0,18,0.057861328125,0.01953125
large,R-HOR,FFN,0,18,0.058502197265625,0.017578125
large,R-HOR,FFN,0,18,0.058868408203125,0.015625
large,R-HOR,FFN,0,18,0.0596923828125,0.013671875
large,R-HOR,FFN,0,18,0.06072998046875,0.01171875
large,R-HOR,FFN,0,18,0.061370849609375,0.009765625
large,R-HOR,FFN,0,18,0.06243896484375,0.0078125
large,R-HOR,FFN,0,18,0.06494140625,0.005859375
large,R-HOR,FFN,0,18,0.06683349609375,0.00390625
large,R-HOR,FFN,0,18,0.0689697265625,0.001953125
large,R-HOR,FFN,0,37,0.007785797119140625,1.0
large,R-HOR,FFN,0,37,0.01274871826171875,0.998046875
large,R-HOR,FFN,0,37,0.0137481689453125,0.99609375
large,R-HOR,FFN,0,37,0.01430511474609375,0.994140625
large,R-HOR,FFN,0,37,0.014984130859375,0.9921875
large,R-HOR,FFN,0,37,0.0157012939453125,0.990234375
large,R-HOR,FFN,0,37,0.0160064697265625,0.98828125
large,R-HOR,FFN,0,37,0.0164794921875,0.986328125
large,R-HOR,FFN,0,37,0.01690673828125,0.984375
large,R-HOR,FFN,0,37,0.0171356201171875,0.982421875
large,R-HOR,FFN,0,37,0.01763916015625,0.98046875
large,R-HOR,FFN,0,37,0.0178070068359375,0.978515625
large,R-HOR,FFN,0,37,0.0179290771484375,0.9765625
large,R-HOR,FFN,0,37,0.0182037353515625,0.974609375
large,R-HOR,FFN,0,37,0.0183868408203125,0.97265625
large,R-HOR,FFN,0,37,0.018798828125,0.970703125
large,R-HOR,FFN,0,37,0.019256591796875,0.96875
large,R-HOR,FFN,0,37,0.019439697265625,0.966796875
large,R-HOR,FFN,0,37,0.0196533203125,0.96484375
large,R-HOR,FFN,0,37,0.019744873046875,0.962890625
large,R-HOR,FFN,0,37,0.0198974609375,0.9609375
large,R-HOR,FFN,0,37,0.0200958251953125,0.958984375
large,R-HOR,FFN,0,37,0.0202789306640625,0.95703125
large,R-HOR,FFN,0,37,0.0205078125,0.955078125
large,R-HOR,FFN,0,37,0.0206298828125,0.953125
large,R-HOR,FFN,0,37,0.0208282470703125,0.951171875
large,R-HOR,FFN,0,37,0.02099609375,0.94921875
large,R-HOR,FFN,0,37,0.021087646484375,0.947265625
large,R-HOR,FFN,0,37,0.021209716796875,0.9453125
large,R-HOR,FFN,0,37,0.0214385986328125,0.943359375
large,R-HOR,FFN,0,37,0.0216522216796875,0.94140625
large,R-HOR,FFN,0,37,0.0217742919921875,0.939453125
large,R-HOR,FFN,0,37,0.02191162109375,0.9375
large,R-HOR,FFN,0,37,0.022064208984375,0.935546875
large,R-HOR,FFN,0,37,0.022247314453125,0.93359375
large,R-HOR,FFN,0,37,0.02239990234375,0.931640625
large,R-HOR,FFN,0,37,0.0224609375,0.9296875
large,R-HOR,FFN,0,37,0.0225677490234375,0.927734375
large,R-HOR,FFN,0,37,0.0226593017578125,0.92578125
large,R-HOR,FFN,0,37,0.0229034423828125,0.923828125
large,R-HOR,FFN,0,37,0.023040771484375,0.921875
large,R-HOR,FFN,0,37,0.023193359375,0.919921875
large,R-HOR,FFN,0,37,0.0233612060546875,0.91796875
large,R-HOR,FFN,0,37,0.0234527587890625,0.916015625
large,R-HOR,FFN,0,37,0.0236358642578125,0.9140625
large,R-HOR,FFN,0,37,0.0238189697265625,0.912109375
large,R-HOR,FFN,0,37,0.0238800048828125,0.91015625
large,R-HOR,FFN,0,37,0.0240020751953125,0.908203125
large,R-HOR,FFN,0,37,0.0241546630859375,0.90625
large,R-HOR,FFN,0,37,0.024261474609375,0.904296875
large,R-HOR,FFN,0,37,0.02435302734375,0.90234375
large,R-HOR,FFN,0,37,0.024444580078125,0.900390625
large,R-HOR,FFN,0,37,0.024566650390625,0.8984375
large,R-HOR,FFN,0,37,0.024627685546875,0.896484375
large,R-HOR,FFN,0,37,0.0247344970703125,0.89453125
large,R-HOR,FFN,0,37,0.0248260498046875,0.892578125
large,R-HOR,FFN,0,37,0.0248870849609375,0.890625
large,R-HOR,FFN,0,37,0.0250244140625,0.888671875
large,R-HOR,FFN,0,37,0.0251007080078125,0.88671875
large,R-HOR,FFN,0,37,0.025177001953125,0.884765625
large,R-HOR,FFN,0,37,0.0253143310546875,0.8828125
large,R-HOR,FFN,0,37,0.025421142578125,0.880859375
large,R-HOR,FFN,0,37,0.0255279541015625,0.87890625
large,R-HOR,FFN,0,37,0.0255889892578125,0.876953125
large,R-HOR,FFN,0,37,0.025726318359375,0.875
large,R-HOR,FFN,0,37,0.0258636474609375,0.873046875
large,R-HOR,FFN,0,37,0.0259552001953125,0.87109375
large,R-HOR,FFN,0,37,0.026092529296875,0.869140625
large,R-HOR,FFN,0,37,0.0261688232421875,0.8671875
large,R-HOR,FFN,0,37,0.0263214111328125,0.865234375
large,R-HOR,FFN,0,37,0.0265045166015625,0.86328125
large,R-HOR,FFN,0,37,0.0265960693359375,0.861328125
large,R-HOR,FFN,0,37,0.02667236328125,0.859375
large,R-HOR,FFN,0,37,0.026763916015625,0.857421875
large,R-HOR,FFN,0,37,0.0268402099609375,0.85546875
large,R-HOR,FFN,0,37,0.026947021484375,0.853515625
large,R-HOR,FFN,0,37,0.02703857421875,0.8515625
large,R-HOR,FFN,0,37,0.0270843505859375,0.849609375
large,R-HOR,FFN,0,37,0.0271148681640625,0.84765625
large,R-HOR,FFN,0,37,0.0271759033203125,0.845703125
large,R-HOR,FFN,0,37,0.0272216796875,0.84375
large,R-HOR,FFN,0,37,0.02728271484375,0.841796875
large,R-HOR,FFN,0,37,0.027374267578125,0.83984375
large,R-HOR,FFN,0,37,0.027496337890625,0.837890625
large,R-HOR,FFN,0,37,0.027557373046875,0.8359375
large,R-HOR,FFN,0,37,0.0276336669921875,0.833984375
large,R-HOR,FFN,0,37,0.027679443359375,0.83203125
large,R-HOR,FFN,0,37,0.027740478515625,0.830078125
large,R-HOR,FFN,0,37,0.02783203125,0.828125
large,R-HOR,FFN,0,37,0.0279541015625,0.826171875
large,R-HOR,FFN,0,37,0.028045654296875,0.82421875
large,R-HOR,FFN,0,37,0.0282745361328125,0.822265625
large,R-HOR,FFN,0,37,0.0283050537109375,0.8203125
large,R-HOR,FFN,0,37,0.0283966064453125,0.818359375
large,R-HOR,FFN,0,37,0.028472900390625,0.81640625
large,R-HOR,FFN,0,37,0.0285491943359375,0.814453125
large,R-HOR,FFN,0,37,0.0286407470703125,0.8125
large,R-HOR,FFN,0,37,0.0287017822265625,0.810546875
large,R-HOR,FFN,0,37,0.0287628173828125,0.80859375
large,R-HOR,FFN,0,37,0.0288848876953125,0.806640625
large,R-HOR,FFN,0,37,0.0290374755859375,0.8046875
large,R-HOR,FFN,0,37,0.0291290283203125,0.802734375
large,R-HOR,FFN,0,37,0.0292205810546875,0.80078125
large,R-HOR,FFN,0,37,0.029296875,0.798828125
large,R-HOR,FFN,0,37,0.029327392578125,0.796875
large,R-HOR,FFN,0,37,0.029388427734375,0.794921875
large,R-HOR,FFN,0,37,0.0294952392578125,0.79296875
large,R-HOR,FFN,0,37,0.0295562744140625,0.791015625
large,R-HOR,FFN,0,37,0.02960205078125,0.7890625
large,R-HOR,FFN,0,37,0.0296478271484375,0.787109375
large,R-HOR,FFN,0,37,0.0297393798828125,0.78515625
large,R-HOR,FFN,0,37,0.02978515625,0.783203125
large,R-HOR,FFN,0,37,0.0298309326171875,0.78125
large,R-HOR,FFN,0,37,0.0299224853515625,0.779296875
large,R-HOR,FFN,0,37,0.0299530029296875,0.77734375
large,R-HOR,FFN,0,37,0.0300140380859375,0.775390625
large,R-HOR,FFN,0,37,0.0301361083984375,0.7734375
large,R-HOR,FFN,0,37,0.0302276611328125,0.771484375
large,R-HOR,FFN,0,37,0.0303192138671875,0.76953125
large,R-HOR,FFN,0,37,0.0303955078125,0.767578125
large,R-HOR,FFN,0,37,0.03045654296875,0.765625
large,R-HOR,FFN,0,37,0.030548095703125,0.763671875
large,R-HOR,FFN,0,37,0.0306549072265625,0.76171875
large,R-HOR,FFN,0,37,0.0307464599609375,0.759765625
large,R-HOR,FFN,0,37,0.0307769775390625,0.7578125
large,R-HOR,FFN,0,37,0.0308685302734375,0.755859375
large,R-HOR,FFN,0,37,0.0310211181640625,0.75390625
large,R-HOR,FFN,0,37,0.031036376953125,0.751953125
large,R-HOR,FFN,0,37,0.0311279296875,0.75
large,R-HOR,FFN,0,37,0.03118896484375,0.748046875
large,R-HOR,FFN,0,37,0.03125,0.74609375
large,R-HOR,FFN,0,37,0.031341552734375,0.744140625
large,R-HOR,FFN,0,37,0.03143310546875,0.7421875
large,R-HOR,FFN,0,37,0.031524658203125,0.740234375
large,R-HOR,FFN,0,37,0.031524658203125,0.73828125
large,R-HOR,FFN,0,37,0.0316162109375,0.736328125
large,R-HOR,FFN,0,37,0.031707763671875,0.734375
large,R-HOR,FFN,0,37,0.031768798828125,0.732421875
large,R-HOR,FFN,0,37,0.031829833984375,0.73046875
large,R-HOR,FFN,0,37,0.03192138671875,0.728515625
large,R-HOR,FFN,0,37,0.031982421875,0.7265625
large,R-HOR,FFN,0,37,0.03204345703125,0.724609375
large,R-HOR,FFN,0,37,0.032073974609375,0.72265625
large,R-HOR,FFN,0,37,0.032135009765625,0.720703125
large,R-HOR,FFN,0,37,0.032196044921875,0.71875
large,R-HOR,FFN,0,37,0.032257080078125,0.716796875
large,R-HOR,FFN,0,37,0.03228759765625,0.71484375
large,R-HOR,FFN,0,37,0.0323486328125,0.712890625
large,R-HOR,FFN,0,37,0.03240966796875,0.7109375
large,R-HOR,FFN,0,37,0.032440185546875,0.708984375
large,R-HOR,FFN,0,37,0.032470703125,0.70703125
large,R-HOR,FFN,0,37,0.03253173828125,0.705078125
large,R-HOR,FFN,0,37,0.03265380859375,0.703125
large,R-HOR,FFN,0,37,0.032745361328125,0.701171875
large,R-HOR,FFN,0,37,0.032806396484375,0.69921875
large,R-HOR,FFN,0,37,0.03289794921875,0.697265625
large,R-HOR,FFN,0,37,0.032958984375,0.6953125
large,R-HOR,FFN,0,37,0.03302001953125,0.693359375
large,R-HOR,FFN,0,37,0.033111572265625,0.69140625
large,R-HOR,FFN,0,37,0.033172607421875,0.689453125
large,R-HOR,FFN,0,37,0.033203125,0.6875
large,R-HOR,FFN,0,37,0.03326416015625,0.685546875
large,R-HOR,FFN,0,37,0.0333251953125,0.68359375
large,R-HOR,FFN,0,37,0.033416748046875,0.681640625
large,R-HOR,FFN,0,37,0.033538818359375,0.6796875
large,R-HOR,FFN,0,37,0.0335693359375,0.677734375
large,R-HOR,FFN,0,37,0.03363037109375,0.67578125
large,R-HOR,FFN,0,37,0.03369140625,0.673828125
large,R-HOR,FFN,0,37,0.033721923828125,0.671875
large,R-HOR,FFN,0,37,0.033782958984375,0.669921875
large,R-HOR,FFN,0,37,0.0338134765625,0.66796875
large,R-HOR,FFN,0,37,0.033843994140625,0.666015625
large,R-HOR,FFN,0,37,0.033935546875,0.6640625
large,R-HOR,FFN,0,37,0.03399658203125,0.662109375
large,R-HOR,FFN,0,37,0.0340576171875,0.66015625
large,R-HOR,FFN,0,37,0.03411865234375,0.658203125
large,R-HOR,FFN,0,37,0.034149169921875,0.65625
large,R-HOR,FFN,0,37,0.034210205078125,0.654296875
large,R-HOR,FFN,0,37,0.034271240234375,0.65234375
large,R-HOR,FFN,0,37,0.0343017578125,0.650390625
large,R-HOR,FFN,0,37,0.03436279296875,0.6484375
large,R-HOR,FFN,0,37,0.034454345703125,0.646484375
large,R-HOR,FFN,0,37,0.034515380859375,0.64453125
large,R-HOR,FFN,0,37,0.0345458984375,0.642578125
large,R-HOR,FFN,0,37,0.03460693359375,0.640625
large,R-HOR,FFN,0,37,0.03466796875,0.638671875
large,R-HOR,FFN,0,37,0.03472900390625,0.63671875
large,R-HOR,FFN,0,37,0.0347900390625,0.634765625
large,R-HOR,FFN,0,37,0.034881591796875,0.6328125
large,R-HOR,FFN,0,37,0.034912109375,0.630859375
large,R-HOR,FFN,0,37,0.034942626953125,0.62890625
large,R-HOR,FFN,0,37,0.035003662109375,0.626953125
large,R-HOR,FFN,0,37,0.035064697265625,0.625
large,R-HOR,FFN,0,37,0.03515625,0.623046875
large,R-HOR,FFN,0,37,0.035186767578125,0.62109375
large,R-HOR,FFN,0,37,0.035247802734375,0.619140625
large,R-HOR,FFN,0,37,0.035308837890625,0.6171875
large,R-HOR,FFN,0,37,0.035369873046875,0.615234375
large,R-HOR,FFN,0,37,0.035400390625,0.61328125
large,R-HOR,FFN,0,37,0.03546142578125,0.611328125
large,R-HOR,FFN,0,37,0.0355224609375,0.609375
large,R-HOR,FFN,0,37,0.035552978515625,0.607421875
large,R-HOR,FFN,0,37,0.03558349609375,0.60546875
large,R-HOR,FFN,0,37,0.035614013671875,0.603515625
large,R-HOR,FFN,0,37,0.03564453125,0.6015625
large,R-HOR,FFN,0,37,0.035736083984375,0.599609375
large,R-HOR,FFN,0,37,0.0357666015625,0.59765625
large,R-HOR,FFN,0,37,0.035797119140625,0.595703125
large,R-HOR,FFN,0,37,0.035858154296875,0.59375
large,R-HOR,FFN,0,37,0.035919189453125,0.591796875
large,R-HOR,FFN,0,37,0.03594970703125,0.58984375
large,R-HOR,FFN,0,37,0.0360107421875,0.587890625
large,R-HOR,FFN,0,37,0.03607177734375,0.5859375
large,R-HOR,FFN,0,37,0.0361328125,0.583984375
large,R-HOR,FFN,0,37,0.036163330078125,0.58203125
large,R-HOR,FFN,0,37,0.036224365234375,0.580078125
large,R-HOR,FFN,0,37,0.0362548828125,0.578125
large,R-HOR,FFN,0,37,0.036285400390625,0.576171875
large,R-HOR,FFN,0,37,0.03631591796875,0.57421875
large,R-HOR,FFN,0,37,0.036407470703125,0.572265625
large,R-HOR,FFN,0,37,0.03643798828125,0.5703125
large,R-HOR,FFN,0,37,0.036468505859375,0.568359375
large,R-HOR,FFN,0,37,0.0364990234375,0.56640625
large,R-HOR,FFN,0,37,0.036529541015625,0.564453125
large,R-HOR,FFN,0,37,0.03656005859375,0.5625
large,R-HOR,FFN,0,37,0.03662109375,0.560546875
large,R-HOR,FFN,0,37,0.036712646484375,0.55859375
large,R-HOR,FFN,0,37,0.036773681640625,0.556640625
large,R-HOR,FFN,0,37,0.036834716796875,0.5546875
large,R-HOR,FFN,0,37,0.036895751953125,0.552734375
large,R-HOR,FFN,0,37,0.03692626953125,0.55078125
large,R-HOR,FFN,0,37,0.0369873046875,0.548828125
large,R-HOR,FFN,0,37,0.037078857421875,0.546875
large,R-HOR,FFN,0,37,0.037109375,0.544921875
large,R-HOR,FFN,0,37,0.03717041015625,0.54296875
large,R-HOR,FFN,0,37,0.037200927734375,0.541015625
large,R-HOR,FFN,0,37,0.0372314453125,0.5390625
large,R-HOR,FFN,0,37,0.037261962890625,0.537109375
large,R-HOR,FFN,0,37,0.037322998046875,0.53515625
large,R-HOR,FFN,0,37,0.037353515625,0.533203125
large,R-HOR,FFN,0,37,0.037384033203125,0.53125
large,R-HOR,FFN,0,37,0.03741455078125,0.529296875
large,R-HOR,FFN,0,37,0.0374755859375,0.52734375
large,R-HOR,FFN,0,37,0.03753662109375,0.525390625
large,R-HOR,FFN,0,37,0.037567138671875,0.5234375
large,R-HOR,FFN,0,37,0.037628173828125,0.521484375
large,R-HOR,FFN,0,37,0.0377197265625,0.51953125
large,R-HOR,FFN,0,37,0.03778076171875,0.517578125
large,R-HOR,FFN,0,37,0.037811279296875,0.515625
large,R-HOR,FFN,0,37,0.03790283203125,0.513671875
large,R-HOR,FFN,0,37,0.037933349609375,0.51171875
large,R-HOR,FFN,0,37,0.0379638671875,0.509765625
large,R-HOR,FFN,0,37,0.037994384765625,0.5078125
large,R-HOR,FFN,0,37,0.038055419921875,0.505859375
large,R-HOR,FFN,0,37,0.03814697265625,0.50390625
large,R-HOR,FFN,0,37,0.038177490234375,0.501953125
large,R-HOR,FFN,0,37,0.0382080078125,0.5
large,R-HOR,FFN,0,37,0.038238525390625,0.498046875
large,R-HOR,FFN,0,37,0.038330078125,0.49609375
large,R-HOR,FFN,0,37,0.03839111328125,0.494140625
large,R-HOR,FFN,0,37,0.0384521484375,0.4921875
large,R-HOR,FFN,0,37,0.038482666015625,0.490234375
large,R-HOR,FFN,0,37,0.038543701171875,0.48828125
large,R-HOR,FFN,0,37,0.03857421875,0.486328125
large,R-HOR,FFN,0,37,0.03863525390625,0.484375
large,R-HOR,FFN,0,37,0.038665771484375,0.482421875
large,R-HOR,FFN,0,37,0.0386962890625,0.48046875
large,R-HOR,FFN,0,37,0.038726806640625,0.478515625
large,R-HOR,FFN,0,37,0.038787841796875,0.4765625
large,R-HOR,FFN,0,37,0.038818359375,0.474609375
large,R-HOR,FFN,0,37,0.038848876953125,0.47265625
large,R-HOR,FFN,0,37,0.038909912109375,0.470703125
large,R-HOR,FFN,0,37,0.038970947265625,0.46875
large,R-HOR,FFN,0,37,0.03900146484375,0.466796875
large,R-HOR,FFN,0,37,0.0390625,0.46484375
large,R-HOR,FFN,0,37,0.03912353515625,0.462890625
large,R-HOR,FFN,0,37,0.039154052734375,0.4609375
large,R-HOR,FFN,0,37,0.0391845703125,0.458984375
large,R-HOR,FFN,0,37,0.039276123046875,0.45703125
large,R-HOR,FFN,0,37,0.039306640625,0.455078125
large,R-HOR,FFN,0,37,0.03936767578125,0.453125
large,R-HOR,FFN,0,37,0.039398193359375,0.451171875
large,R-HOR,FFN,0,37,0.0394287109375,0.44921875
large,R-HOR,FFN,0,37,0.039459228515625,0.447265625
large,R-HOR,FFN,0,37,0.03948974609375,0.4453125
large,R-HOR,FFN,0,37,0.039520263671875,0.443359375
large,R-HOR,FFN,0,37,0.039581298828125,0.44140625
large,R-HOR,FFN,0,37,0.03961181640625,0.439453125
large,R-HOR,FFN,0,37,0.039703369140625,0.4375
large,R-HOR,FFN,0,37,0.03973388671875,0.435546875
large,R-HOR,FFN,0,37,0.039794921875,0.43359375
large,R-HOR,FFN,0,37,0.03985595703125,0.431640625
large,R-HOR,FFN,0,37,0.039886474609375,0.4296875
large,R-HOR,FFN,0,37,0.039947509765625,0.427734375
large,R-HOR,FFN,0,37,0.040008544921875,0.42578125
large,R-HOR,FFN,0,37,0.0400390625,0.423828125
large,R-HOR,FFN,0,37,0.04010009765625,0.421875
large,R-HOR,FFN,0,37,0.040130615234375,0.419921875
large,R-HOR,FFN,0,37,0.0401611328125,0.41796875
large,R-HOR,FFN,0,37,0.04022216796875,0.416015625
large,R-HOR,FFN,0,37,0.040283203125,0.4140625
large,R-HOR,FFN,0,37,0.040313720703125,0.412109375
large,R-HOR,FFN,0,37,0.04034423828125,0.41015625
large,R-HOR,FFN,0,37,0.0404052734375,0.408203125
large,R-HOR,FFN,0,37,0.040435791015625,0.40625
large,R-HOR,FFN,0,37,0.040496826171875,0.404296875
large,R-HOR,FFN,0,37,0.040557861328125,0.40234375
large,R-HOR,FFN,0,37,0.04058837890625,0.400390625
large,R-HOR,FFN,0,37,0.040679931640625,0.3984375
large,R-HOR,FFN,0,37,0.040740966796875,0.396484375
large,R-HOR,FFN,0,37,0.040802001953125,0.39453125
large,R-HOR,FFN,0,37,0.04083251953125,0.392578125
large,R-HOR,FFN,0,37,0.040863037109375,0.390625
large,R-HOR,FFN,0,37,0.040924072265625,0.388671875
large,R-HOR,FFN,0,37,0.04095458984375,0.38671875
large,R-HOR,FFN,0,37,0.040985107421875,0.384765625
large,R-HOR,FFN,0,37,0.041015625,0.3828125
large,R-HOR,FFN,0,37,0.04107666015625,0.380859375
large,R-HOR,FFN,0,37,0.0411376953125,0.37890625
large,R-HOR,FFN,0,37,0.041168212890625,0.376953125
large,R-HOR,FFN,0,37,0.041229248046875,0.375
large,R-HOR,FFN,0,37,0.04132080078125,0.373046875
large,R-HOR,FFN,0,37,0.04132080078125,0.37109375
large,R-HOR,FFN,0,37,0.0413818359375,0.369140625
large,R-HOR,FFN,0,37,0.041473388671875,0.3671875
large,R-HOR,FFN,0,37,0.04150390625,0.365234375
large,R-HOR,FFN,0,37,0.041534423828125,0.36328125
large,R-HOR,FFN,0,37,0.0416259765625,0.361328125
large,R-HOR,FFN,0,37,0.041656494140625,0.359375
large,R-HOR,FFN,0,37,0.041717529296875,0.357421875
large,R-HOR,FFN,0,37,0.041748046875,0.35546875
large,R-HOR,FFN,0,37,0.041778564453125,0.353515625
large,R-HOR,FFN,0,37,0.041839599609375,0.3515625
large,R-HOR,FFN,0,37,0.04193115234375,0.349609375
large,R-HOR,FFN,0,37,0.041961669921875,0.34765625
large,R-HOR,FFN,0,37,0.0419921875,0.345703125
large,R-HOR,FFN,0,37,0.04205322265625,0.34375
large,R-HOR,FFN,0,37,0.0421142578125,0.341796875
large,R-HOR,FFN,0,37,0.0421142578125,0.33984375
large,R-HOR,FFN,0,37,0.042205810546875,0.337890625
large,R-HOR,FFN,0,37,0.042236328125,0.3359375
large,R-HOR,FFN,0,37,0.042266845703125,0.333984375
large,R-HOR,FFN,0,37,0.042327880859375,0.33203125
large,R-HOR,FFN,0,37,0.042388916015625,0.330078125
large,R-HOR,FFN,0,37,0.04241943359375,0.328125
large,R-HOR,FFN,0,37,0.04248046875,0.326171875
large,R-HOR,FFN,0,37,0.04254150390625,0.32421875
large,R-HOR,FFN,0,37,0.0426025390625,0.322265625
large,R-HOR,FFN,0,37,0.042633056640625,0.3203125
large,R-HOR,FFN,0,37,0.04266357421875,0.318359375
large,R-HOR,FFN,0,37,0.042724609375,0.31640625
large,R-HOR,FFN,0,37,0.04278564453125,0.314453125
large,R-HOR,FFN,0,37,0.042816162109375,0.3125
large,R-HOR,FFN,0,37,0.0428466796875,0.310546875
large,R-HOR,FFN,0,37,0.04290771484375,0.30859375
large,R-HOR,FFN,0,37,0.042938232421875,0.306640625
large,R-HOR,FFN,0,37,0.04296875,0.3046875
large,R-HOR,FFN,0,37,0.04302978515625,0.302734375
large,R-HOR,FFN,0,37,0.0430908203125,0.30078125
large,R-HOR,FFN,0,37,0.04315185546875,0.298828125
large,R-HOR,FFN,0,37,0.043182373046875,0.296875
large,R-HOR,FFN,0,37,0.043243408203125,0.294921875
large,R-HOR,FFN,0,37,0.043243408203125,0.29296875
large,R-HOR,FFN,0,37,0.043304443359375,0.291015625
large,R-HOR,FFN,0,37,0.043365478515625,0.2890625
large,R-HOR,FFN,0,37,0.04339599609375,0.287109375
large,R-HOR,FFN,0,37,0.043426513671875,0.28515625
large,R-HOR,FFN,0,37,0.04345703125,0.283203125
large,R-HOR,FFN,0,37,0.04351806640625,0.28125
large,R-HOR,FFN,0,37,0.0435791015625,0.279296875
large,R-HOR,FFN,0,37,0.04364013671875,0.27734375
large,R-HOR,FFN,0,37,0.043701171875,0.275390625
large,R-HOR,FFN,0,37,0.04376220703125,0.2734375
large,R-HOR,FFN,0,37,0.04376220703125,0.271484375
large,R-HOR,FFN,0,37,0.0438232421875,0.26953125
large,R-HOR,FFN,0,37,0.043853759765625,0.267578125
large,R-HOR,FFN,0,37,0.043914794921875,0.265625
large,R-HOR,FFN,0,37,0.0439453125,0.263671875
large,R-HOR,FFN,0,37,0.04400634765625,0.26171875
large,R-HOR,FFN,0,37,0.044036865234375,0.259765625
large,R-HOR,FFN,0,37,0.044097900390625,0.2578125
large,R-HOR,FFN,0,37,0.04412841796875,0.255859375
large,R-HOR,FFN,0,37,0.044189453125,0.25390625
large,R-HOR,FFN,0,37,0.044281005859375,0.251953125
large,R-HOR,FFN,0,37,0.044342041015625,0.25
large,R-HOR,FFN,0,37,0.044403076171875,0.248046875
large,R-HOR,FFN,0,37,0.044525146484375,0.24609375
large,R-HOR,FFN,0,37,0.044586181640625,0.244140625
large,R-HOR,FFN,0,37,0.04461669921875,0.2421875
large,R-HOR,FFN,0,37,0.044677734375,0.240234375
large,R-HOR,FFN,0,37,0.04473876953125,0.23828125
large,R-HOR,FFN,0,37,0.0447998046875,0.236328125
large,R-HOR,FFN,0,37,0.044830322265625,0.234375
large,R-HOR,FFN,0,37,0.044921875,0.232421875
large,R-HOR,FFN,0,37,0.044952392578125,0.23046875
large,R-HOR,FFN,0,37,0.045013427734375,0.228515625
large,R-HOR,FFN,0,37,0.04510498046875,0.2265625
large,R-HOR,FFN,0,37,0.045135498046875,0.224609375
large,R-HOR,FFN,0,37,0.045196533203125,0.22265625
large,R-HOR,FFN,0,37,0.045257568359375,0.220703125
large,R-HOR,FFN,0,37,0.045318603515625,0.21875
large,R-HOR,FFN,0,37,0.04541015625,0.216796875
large,R-HOR,FFN,0,37,0.04547119140625,0.21484375
large,R-HOR,FFN,0,37,0.0455322265625,0.212890625
large,R-HOR,FFN,0,37,0.04559326171875,0.2109375
large,R-HOR,FFN,0,37,0.045623779296875,0.208984375
large,R-HOR,FFN,0,37,0.045654296875,0.20703125
large,R-HOR,FFN,0,37,0.045745849609375,0.205078125
large,R-HOR,FFN,0,37,0.0457763671875,0.203125
large,R-HOR,FFN,0,37,0.045867919921875,0.201171875
large,R-HOR,FFN,0,37,0.0458984375,0.19921875
large,R-HOR,FFN,0,37,0.04595947265625,0.197265625
large,R-HOR,FFN,0,37,0.045989990234375,0.1953125
large,R-HOR,FFN,0,37,0.046051025390625,0.193359375
large,R-HOR,FFN,0,37,0.046112060546875,0.19140625
large,R-HOR,FFN,0,37,0.046173095703125,0.189453125
large,R-HOR,FFN,0,37,0.046234130859375,0.1875
large,R-HOR,FFN,0,37,0.046295166015625,0.185546875
large,R-HOR,FFN,0,37,0.046356201171875,0.18359375
large,R-HOR,FFN,0,37,0.046417236328125,0.181640625
large,R-HOR,FFN,0,37,0.046539306640625,0.1796875
large,R-HOR,FFN,0,37,0.046630859375,0.177734375
large,R-HOR,FFN,0,37,0.046661376953125,0.17578125
large,R-HOR,FFN,0,37,0.046722412109375,0.173828125
large,R-HOR,FFN,0,37,0.046783447265625,0.171875
large,R-HOR,FFN,0,37,0.046875,0.169921875
large,R-HOR,FFN,0,37,0.04693603515625,0.16796875
large,R-HOR,FFN,0,37,0.046966552734375,0.166015625
large,R-HOR,FFN,0,37,0.04705810546875,0.1640625
large,R-HOR,FFN,0,37,0.047119140625,0.162109375
large,R-HOR,FFN,0,37,0.04718017578125,0.16015625
large,R-HOR,FFN,0,37,0.047210693359375,0.158203125
large,R-HOR,FFN,0,37,0.0472412109375,0.15625
large,R-HOR,FFN,0,37,0.04730224609375,0.154296875
large,R-HOR,FFN,0,37,0.047454833984375,0.15234375
large,R-HOR,FFN,0,37,0.047515869140625,0.150390625
large,R-HOR,FFN,0,37,0.047576904296875,0.1484375
large,R-HOR,FFN,0,37,0.047607421875,0.146484375
large,R-HOR,FFN,0,37,0.047698974609375,0.14453125
large,R-HOR,FFN,0,37,0.04779052734375,0.142578125
large,R-HOR,FFN,0,37,0.04791259765625,0.140625
large,R-HOR,FFN,0,37,0.048004150390625,0.138671875
large,R-HOR,FFN,0,37,0.048095703125,0.13671875
large,R-HOR,FFN,0,37,0.048187255859375,0.134765625
large,R-HOR,FFN,0,37,0.0482177734375,0.1328125
large,R-HOR,FFN,0,37,0.04833984375,0.130859375
large,R-HOR,FFN,0,37,0.04840087890625,0.12890625
large,R-HOR,FFN,0,37,0.048492431640625,0.126953125
large,R-HOR,FFN,0,37,0.048583984375,0.125
large,R-HOR,FFN,0,37,0.04864501953125,0.123046875
large,R-HOR,FFN,0,37,0.0487060546875,0.12109375
large,R-HOR,FFN,0,37,0.048797607421875,0.119140625
large,R-HOR,FFN,0,37,0.048919677734375,0.1171875
large,R-HOR,FFN,0,37,0.048980712890625,0.115234375
large,R-HOR,FFN,0,37,0.049072265625,0.11328125
large,R-HOR,FFN,0,37,0.049102783203125,0.111328125
large,R-HOR,FFN,0,37,0.0491943359375,0.109375
large,R-HOR,FFN,0,37,0.049285888671875,0.107421875
large,R-HOR,FFN,0,37,0.049346923828125,0.10546875
large,R-HOR,FFN,0,37,0.049407958984375,0.103515625
large,R-HOR,FFN,0,37,0.04949951171875,0.1015625
large,R-HOR,FFN,0,37,0.049591064453125,0.099609375
large,R-HOR,FFN,0,37,0.049652099609375,0.09765625
large,R-HOR,FFN,0,37,0.04974365234375,0.095703125
large,R-HOR,FFN,0,37,0.049896240234375,0.09375
large,R-HOR,FFN,0,37,0.0499267578125,0.091796875
large,R-HOR,FFN,0,37,0.04998779296875,0.08984375
large,R-HOR,FFN,0,37,0.050048828125,0.087890625
large,R-HOR,FFN,0,37,0.050140380859375,0.0859375
large,R-HOR,FFN,0,37,0.05023193359375,0.083984375
large,R-HOR,FFN,0,37,0.050384521484375,0.08203125
large,R-HOR,FFN,0,37,0.05047607421875,0.080078125
large,R-HOR,FFN,0,37,0.050567626953125,0.078125
large,R-HOR,FFN,0,37,0.0506591796875,0.076171875
large,R-HOR,FFN,0,37,0.050750732421875,0.07421875
large,R-HOR,FFN,0,37,0.050933837890625,0.072265625
large,R-HOR,FFN,0,37,0.05096435546875,0.0703125
large,R-HOR,FFN,0,37,0.051116943359375,0.068359375
large,R-HOR,FFN,0,37,0.05120849609375,0.06640625
large,R-HOR,FFN,0,37,0.051361083984375,0.064453125
large,R-HOR,FFN,0,37,0.051483154296875,0.0625
large,R-HOR,FFN,0,37,0.051605224609375,0.060546875
large,R-HOR,FFN,0,37,0.05169677734375,0.05859375
large,R-HOR,FFN,0,37,0.051849365234375,0.056640625
large,R-HOR,FFN,0,37,0.052001953125,0.0546875
large,R-HOR,FFN,0,37,0.052215576171875,0.052734375
large,R-HOR,FFN,0,37,0.052490234375,0.05078125
large,R-HOR,FFN,0,37,0.052642822265625,0.048828125
large,R-HOR,FFN,0,37,0.0528564453125,0.046875
large,R-HOR,FFN,0,37,0.0531005859375,0.044921875
large,R-HOR,FFN,0,37,0.053436279296875,0.04296875
large,R-HOR,FFN,0,37,0.053741455078125,0.041015625
large,R-HOR,FFN,0,37,0.054046630859375,0.0390625
large,R-HOR,FFN,0,37,0.054351806640625,0.037109375
large,R-HOR,FFN,0,37,0.05450439453125,0.03515625
large,R-HOR,FFN,0,37,0.0548095703125,0.033203125
large,R-HOR,FFN,0,37,0.0552978515625,0.03125
large,R-HOR,FFN,0,37,0.0555419921875,0.029296875
large,R-HOR,FFN,0,37,0.055816650390625,0.02734375
large,R-HOR,FFN,0,37,0.05621337890625,0.025390625
large,R-HOR,FFN,0,37,0.056671142578125,0.0234375
large,R-HOR,FFN,0,37,0.057281494140625,0.021484375
large,R-HOR,FFN,0,37,0.05780029296875,0.01953125
large,R-HOR,FFN,0,37,0.05816650390625,0.017578125
large,R-HOR,FFN,0,37,0.05865478515625,0.015625
large,R-HOR,FFN,0,37,0.0596923828125,0.013671875
large,R-HOR,FFN,0,37,0.060211181640625,0.01171875
large,R-HOR,FFN,0,37,0.0616455078125,0.009765625
large,R-HOR,FFN,0,37,0.0625,0.0078125
large,R-HOR,FFN,0,37,0.06414794921875,0.005859375
large,R-HOR,FFN,0,37,0.06597900390625,0.00390625
large,R-HOR,FFN,0,37,0.06915283203125,0.001953125
large,R-HOR,FFN,0,56,0.007781982421875,1.0
large,R-HOR,FFN,0,56,0.01267242431640625,0.998046875
large,R-HOR,FFN,0,56,0.0138092041015625,0.99609375
large,R-HOR,FFN,0,56,0.01436614990234375,0.994140625
large,R-HOR,FFN,0,56,0.01509857177734375,0.9921875
large,R-HOR,FFN,0,56,0.01557159423828125,0.990234375
large,R-HOR,FFN,0,56,0.0160064697265625,0.98828125
large,R-HOR,FFN,0,56,0.0164947509765625,0.986328125
large,R-HOR,FFN,0,56,0.01678466796875,0.984375
large,R-HOR,FFN,0,56,0.0172882080078125,0.982421875
large,R-HOR,FFN,0,56,0.0174560546875,0.98046875
large,R-HOR,FFN,0,56,0.0177154541015625,0.978515625
large,R-HOR,FFN,0,56,0.01806640625,0.9765625
large,R-HOR,FFN,0,56,0.0182342529296875,0.974609375
large,R-HOR,FFN,0,56,0.018341064453125,0.97265625
large,R-HOR,FFN,0,56,0.018524169921875,0.970703125
large,R-HOR,FFN,0,56,0.01910400390625,0.96875
large,R-HOR,FFN,0,56,0.019317626953125,0.966796875
large,R-HOR,FFN,0,56,0.019683837890625,0.96484375
large,R-HOR,FFN,0,56,0.019866943359375,0.962890625
large,R-HOR,FFN,0,56,0.020111083984375,0.9609375
large,R-HOR,FFN,0,56,0.020233154296875,0.958984375
large,R-HOR,FFN,0,56,0.0203704833984375,0.95703125
large,R-HOR,FFN,0,56,0.020477294921875,0.955078125
large,R-HOR,FFN,0,56,0.0206756591796875,0.953125
large,R-HOR,FFN,0,56,0.0207977294921875,0.951171875
large,R-HOR,FFN,0,56,0.0209808349609375,0.94921875
large,R-HOR,FFN,0,56,0.021148681640625,0.947265625
large,R-HOR,FFN,0,56,0.021392822265625,0.9453125
large,R-HOR,FFN,0,56,0.0215911865234375,0.943359375
large,R-HOR,FFN,0,56,0.0218048095703125,0.94140625
large,R-HOR,FFN,0,56,0.0218658447265625,0.939453125
large,R-HOR,FFN,0,56,0.02197265625,0.9375
large,R-HOR,FFN,0,56,0.0220947265625,0.935546875
large,R-HOR,FFN,0,56,0.0222625732421875,0.93359375
large,R-HOR,FFN,0,56,0.0223388671875,0.931640625
large,R-HOR,FFN,0,56,0.0224761962890625,0.9296875
large,R-HOR,FFN,0,56,0.0225982666015625,0.927734375
large,R-HOR,FFN,0,56,0.0227508544921875,0.92578125
large,R-HOR,FFN,0,56,0.0229034423828125,0.923828125
large,R-HOR,FFN,0,56,0.0229949951171875,0.921875
large,R-HOR,FFN,0,56,0.0232391357421875,0.919921875
large,R-HOR,FFN,0,56,0.0233917236328125,0.91796875
large,R-HOR,FFN,0,56,0.0235443115234375,0.916015625
large,R-HOR,FFN,0,56,0.023651123046875,0.9140625
large,R-HOR,FFN,0,56,0.0237274169921875,0.912109375
large,R-HOR,FFN,0,56,0.0238189697265625,0.91015625
large,R-HOR,FFN,0,56,0.023895263671875,0.908203125
large,R-HOR,FFN,0,56,0.0239715576171875,0.90625
large,R-HOR,FFN,0,56,0.0240936279296875,0.904296875
large,R-HOR,FFN,0,56,0.024200439453125,0.90234375
large,R-HOR,FFN,0,56,0.0243377685546875,0.900390625
large,R-HOR,FFN,0,56,0.0244903564453125,0.8984375
large,R-HOR,FFN,0,56,0.024627685546875,0.896484375
large,R-HOR,FFN,0,56,0.02471923828125,0.89453125
large,R-HOR,FFN,0,56,0.0247650146484375,0.892578125
large,R-HOR,FFN,0,56,0.02484130859375,0.890625
large,R-HOR,FFN,0,56,0.0250244140625,0.888671875
large,R-HOR,FFN,0,56,0.025115966796875,0.88671875
large,R-HOR,FFN,0,56,0.0251922607421875,0.884765625
large,R-HOR,FFN,0,56,0.02532958984375,0.8828125
large,R-HOR,FFN,0,56,0.0254364013671875,0.880859375
large,R-HOR,FFN,0,56,0.02557373046875,0.87890625
large,R-HOR,FFN,0,56,0.0256805419921875,0.876953125
large,R-HOR,FFN,0,56,0.025787353515625,0.875
large,R-HOR,FFN,0,56,0.0258941650390625,0.873046875
large,R-HOR,FFN,0,56,0.0260162353515625,0.87109375
large,R-HOR,FFN,0,56,0.0261383056640625,0.869140625
large,R-HOR,FFN,0,56,0.026275634765625,0.8671875
large,R-HOR,FFN,0,56,0.0263214111328125,0.865234375
large,R-HOR,FFN,0,56,0.0264739990234375,0.86328125
large,R-HOR,FFN,0,56,0.0265960693359375,0.861328125
large,R-HOR,FFN,0,56,0.0266876220703125,0.859375
large,R-HOR,FFN,0,56,0.0267486572265625,0.857421875
large,R-HOR,FFN,0,56,0.02679443359375,0.85546875
large,R-HOR,FFN,0,56,0.026885986328125,0.853515625
large,R-HOR,FFN,0,56,0.0269622802734375,0.8515625
large,R-HOR,FFN,0,56,0.027069091796875,0.849609375
large,R-HOR,FFN,0,56,0.0271453857421875,0.84765625
large,R-HOR,FFN,0,56,0.0272216796875,0.845703125
large,R-HOR,FFN,0,56,0.027313232421875,0.84375
large,R-HOR,FFN,0,56,0.0273590087890625,0.841796875
large,R-HOR,FFN,0,56,0.0274505615234375,0.83984375
large,R-HOR,FFN,0,56,0.0275421142578125,0.837890625
large,R-HOR,FFN,0,56,0.02764892578125,0.8359375
large,R-HOR,FFN,0,56,0.0277557373046875,0.833984375
large,R-HOR,FFN,0,56,0.0278167724609375,0.83203125
large,R-HOR,FFN,0,56,0.0278778076171875,0.830078125
large,R-HOR,FFN,0,56,0.0279998779296875,0.828125
large,R-HOR,FFN,0,56,0.0280609130859375,0.826171875
large,R-HOR,FFN,0,56,0.02813720703125,0.82421875
large,R-HOR,FFN,0,56,0.0282135009765625,0.822265625
large,R-HOR,FFN,0,56,0.0282745361328125,0.8203125
large,R-HOR,FFN,0,56,0.02838134765625,0.818359375
large,R-HOR,FFN,0,56,0.0284423828125,0.81640625
large,R-HOR,FFN,0,56,0.0285797119140625,0.814453125
large,R-HOR,FFN,0,56,0.0286865234375,0.8125
large,R-HOR,FFN,0,56,0.02880859375,0.810546875
large,R-HOR,FFN,0,56,0.0288543701171875,0.80859375
large,R-HOR,FFN,0,56,0.0289459228515625,0.806640625
large,R-HOR,FFN,0,56,0.029022216796875,0.8046875
large,R-HOR,FFN,0,56,0.029144287109375,0.802734375
large,R-HOR,FFN,0,56,0.0291900634765625,0.80078125
large,R-HOR,FFN,0,56,0.0292816162109375,0.798828125
large,R-HOR,FFN,0,56,0.029327392578125,0.796875
large,R-HOR,FFN,0,56,0.0293731689453125,0.794921875
large,R-HOR,FFN,0,56,0.0294342041015625,0.79296875
large,R-HOR,FFN,0,56,0.0294952392578125,0.791015625
large,R-HOR,FFN,0,56,0.0295867919921875,0.7890625
large,R-HOR,FFN,0,56,0.0297088623046875,0.787109375
large,R-HOR,FFN,0,56,0.029815673828125,0.78515625
large,R-HOR,FFN,0,56,0.0299072265625,0.783203125
large,R-HOR,FFN,0,56,0.02996826171875,0.78125
large,R-HOR,FFN,0,56,0.0300140380859375,0.779296875
large,R-HOR,FFN,0,56,0.030059814453125,0.77734375
large,R-HOR,FFN,0,56,0.030120849609375,0.775390625
large,R-HOR,FFN,0,56,0.03021240234375,0.7734375
large,R-HOR,FFN,0,56,0.0302581787109375,0.771484375
large,R-HOR,FFN,0,56,0.03033447265625,0.76953125
large,R-HOR,FFN,0,56,0.0304412841796875,0.767578125
large,R-HOR,FFN,0,56,0.030517578125,0.765625
large,R-HOR,FFN,0,56,0.03057861328125,0.763671875
large,R-HOR,FFN,0,56,0.0306243896484375,0.76171875
large,R-HOR,FFN,0,56,0.0307159423828125,0.759765625
large,R-HOR,FFN,0,56,0.0308380126953125,0.7578125
large,R-HOR,FFN,0,56,0.0308990478515625,0.755859375
large,R-HOR,FFN,0,56,0.0309600830078125,0.75390625
large,R-HOR,FFN,0,56,0.0310211181640625,0.751953125
large,R-HOR,FFN,0,56,0.0310821533203125,0.75
large,R-HOR,FFN,0,56,0.031158447265625,0.748046875
large,R-HOR,FFN,0,56,0.031219482421875,0.74609375
large,R-HOR,FFN,0,56,0.0312347412109375,0.744140625
large,R-HOR,FFN,0,56,0.03131103515625,0.7421875
large,R-HOR,FFN,0,56,0.0313720703125,0.740234375
large,R-HOR,FFN,0,56,0.031402587890625,0.73828125
large,R-HOR,FFN,0,56,0.031463623046875,0.736328125
large,R-HOR,FFN,0,56,0.03155517578125,0.734375
large,R-HOR,FFN,0,56,0.0316162109375,0.732421875
large,R-HOR,FFN,0,56,0.031707763671875,0.73046875
large,R-HOR,FFN,0,56,0.031768798828125,0.728515625
large,R-HOR,FFN,0,56,0.031829833984375,0.7265625
large,R-HOR,FFN,0,56,0.03192138671875,0.724609375
large,R-HOR,FFN,0,56,0.031982421875,0.72265625
large,R-HOR,FFN,0,56,0.0321044921875,0.720703125
large,R-HOR,FFN,0,56,0.032196044921875,0.71875
large,R-HOR,FFN,0,56,0.032257080078125,0.716796875
large,R-HOR,FFN,0,56,0.0323486328125,0.71484375
large,R-HOR,FFN,0,56,0.03240966796875,0.712890625
large,R-HOR,FFN,0,56,0.032440185546875,0.7109375
large,R-HOR,FFN,0,56,0.032470703125,0.708984375
large,R-HOR,FFN,0,56,0.03253173828125,0.70703125
large,R-HOR,FFN,0,56,0.032623291015625,0.705078125
large,R-HOR,FFN,0,56,0.032684326171875,0.703125
large,R-HOR,FFN,0,56,0.032745361328125,0.701171875
large,R-HOR,FFN,0,56,0.032806396484375,0.69921875
large,R-HOR,FFN,0,56,0.032867431640625,0.697265625
large,R-HOR,FFN,0,56,0.03289794921875,0.6953125
large,R-HOR,FFN,0,56,0.032958984375,0.693359375
large,R-HOR,FFN,0,56,0.03302001953125,0.69140625
large,R-HOR,FFN,0,56,0.033111572265625,0.689453125
large,R-HOR,FFN,0,56,0.03314208984375,0.6875
large,R-HOR,FFN,0,56,0.033233642578125,0.685546875
large,R-HOR,FFN,0,56,0.03326416015625,0.68359375
large,R-HOR,FFN,0,56,0.033355712890625,0.681640625
large,R-HOR,FFN,0,56,0.033416748046875,0.6796875
large,R-HOR,FFN,0,56,0.033477783203125,0.677734375
large,R-HOR,FFN,0,56,0.033538818359375,0.67578125
large,R-HOR,FFN,0,56,0.033599853515625,0.673828125
large,R-HOR,FFN,0,56,0.03363037109375,0.671875
large,R-HOR,FFN,0,56,0.03369140625,0.669921875
large,R-HOR,FFN,0,56,0.033721923828125,0.66796875
large,R-HOR,FFN,0,56,0.0338134765625,0.666015625
large,R-HOR,FFN,0,56,0.033905029296875,0.6640625
large,R-HOR,FFN,0,56,0.033966064453125,0.662109375
large,R-HOR,FFN,0,56,0.03399658203125,0.66015625
large,R-HOR,FFN,0,56,0.0340576171875,0.658203125
large,R-HOR,FFN,0,56,0.034088134765625,0.65625
large,R-HOR,FFN,0,56,0.034149169921875,0.654296875
large,R-HOR,FFN,0,56,0.034271240234375,0.65234375
large,R-HOR,FFN,0,56,0.034332275390625,0.650390625
large,R-HOR,FFN,0,56,0.03436279296875,0.6484375
large,R-HOR,FFN,0,56,0.034454345703125,0.646484375
large,R-HOR,FFN,0,56,0.03448486328125,0.64453125
large,R-HOR,FFN,0,56,0.034515380859375,0.642578125
large,R-HOR,FFN,0,56,0.0345458984375,0.640625
large,R-HOR,FFN,0,56,0.034576416015625,0.638671875
large,R-HOR,FFN,0,56,0.034637451171875,0.63671875
large,R-HOR,FFN,0,56,0.034698486328125,0.634765625
large,R-HOR,FFN,0,56,0.0347900390625,0.6328125
large,R-HOR,FFN,0,56,0.03485107421875,0.630859375
large,R-HOR,FFN,0,56,0.034912109375,0.62890625
large,R-HOR,FFN,0,56,0.034942626953125,0.626953125
large,R-HOR,FFN,0,56,0.035003662109375,0.625
large,R-HOR,FFN,0,56,0.035064697265625,0.623046875
large,R-HOR,FFN,0,56,0.03509521484375,0.62109375
large,R-HOR,FFN,0,56,0.035125732421875,0.619140625
large,R-HOR,FFN,0,56,0.035186767578125,0.6171875
large,R-HOR,FFN,0,56,0.03521728515625,0.615234375
large,R-HOR,FFN,0,56,0.0352783203125,0.61328125
large,R-HOR,FFN,0,56,0.035308837890625,0.611328125
large,R-HOR,FFN,0,56,0.03533935546875,0.609375
large,R-HOR,FFN,0,56,0.035400390625,0.607421875
large,R-HOR,FFN,0,56,0.03546142578125,0.60546875
large,R-HOR,FFN,0,56,0.035491943359375,0.603515625
large,R-HOR,FFN,0,56,0.035552978515625,0.6015625
large,R-HOR,FFN,0,56,0.035614013671875,0.599609375
large,R-HOR,FFN,0,56,0.03570556640625,0.59765625
large,R-HOR,FFN,0,56,0.035736083984375,0.595703125
large,R-HOR,FFN,0,56,0.0357666015625,0.59375
large,R-HOR,FFN,0,56,0.03582763671875,0.591796875
large,R-HOR,FFN,0,56,0.035858154296875,0.58984375
large,R-HOR,FFN,0,56,0.035919189453125,0.587890625
large,R-HOR,FFN,0,56,0.03594970703125,0.5859375
large,R-HOR,FFN,0,56,0.035980224609375,0.583984375
large,R-HOR,FFN,0,56,0.03607177734375,0.58203125
large,R-HOR,FFN,0,56,0.0361328125,0.580078125
large,R-HOR,FFN,0,56,0.036163330078125,0.578125
large,R-HOR,FFN,0,56,0.036224365234375,0.576171875
large,R-HOR,FFN,0,56,0.036285400390625,0.57421875
large,R-HOR,FFN,0,56,0.036346435546875,0.572265625
large,R-HOR,FFN,0,56,0.036407470703125,0.5703125
large,R-HOR,FFN,0,56,0.036468505859375,0.568359375
large,R-HOR,FFN,0,56,0.0364990234375,0.56640625
large,R-HOR,FFN,0,56,0.036529541015625,0.564453125
large,R-HOR,FFN,0,56,0.03662109375,0.5625
large,R-HOR,FFN,0,56,0.03668212890625,0.560546875
large,R-HOR,FFN,0,56,0.036712646484375,0.55859375
large,R-HOR,FFN,0,56,0.0367431640625,0.556640625
large,R-HOR,FFN,0,56,0.03680419921875,0.5546875
large,R-HOR,FFN,0,56,0.036895751953125,0.552734375
large,R-HOR,FFN,0,56,0.036956787109375,0.55078125
large,R-HOR,FFN,0,56,0.0369873046875,0.548828125
large,R-HOR,FFN,0,56,0.037078857421875,0.546875
large,R-HOR,FFN,0,56,0.037109375,0.544921875
large,R-HOR,FFN,0,56,0.03717041015625,0.54296875
large,R-HOR,FFN,0,56,0.037200927734375,0.541015625
large,R-HOR,FFN,0,56,0.037200927734375,0.5390625
large,R-HOR,FFN,0,56,0.0372314453125,0.537109375
large,R-HOR,FFN,0,56,0.03729248046875,0.53515625
large,R-HOR,FFN,0,56,0.037322998046875,0.533203125
large,R-HOR,FFN,0,56,0.037353515625,0.53125
large,R-HOR,FFN,0,56,0.03741455078125,0.529296875
large,R-HOR,FFN,0,56,0.0374755859375,0.52734375
large,R-HOR,FFN,0,56,0.03753662109375,0.525390625
large,R-HOR,FFN,0,56,0.03759765625,0.5234375
large,R-HOR,FFN,0,56,0.037628173828125,0.521484375
large,R-HOR,FFN,0,56,0.037689208984375,0.51953125
large,R-HOR,FFN,0,56,0.037750244140625,0.517578125
large,R-HOR,FFN,0,56,0.037811279296875,0.515625
large,R-HOR,FFN,0,56,0.037872314453125,0.513671875
large,R-HOR,FFN,0,56,0.03790283203125,0.51171875
large,R-HOR,FFN,0,56,0.037994384765625,0.509765625
large,R-HOR,FFN,0,56,0.038055419921875,0.5078125
large,R-HOR,FFN,0,56,0.0380859375,0.505859375
large,R-HOR,FFN,0,56,0.038116455078125,0.50390625
large,R-HOR,FFN,0,56,0.038177490234375,0.501953125
large,R-HOR,FFN,0,56,0.038238525390625,0.5
large,R-HOR,FFN,0,56,0.03826904296875,0.498046875
large,R-HOR,FFN,0,56,0.038299560546875,0.49609375
large,R-HOR,FFN,0,56,0.038360595703125,0.494140625
large,R-HOR,FFN,0,56,0.03839111328125,0.4921875
large,R-HOR,FFN,0,56,0.0384521484375,0.490234375
large,R-HOR,FFN,0,56,0.03851318359375,0.48828125
large,R-HOR,FFN,0,56,0.03851318359375,0.486328125
large,R-HOR,FFN,0,56,0.038543701171875,0.484375
large,R-HOR,FFN,0,56,0.03857421875,0.482421875
large,R-HOR,FFN,0,56,0.038604736328125,0.48046875
large,R-HOR,FFN,0,56,0.038665771484375,0.478515625
large,R-HOR,FFN,0,56,0.0386962890625,0.4765625
large,R-HOR,FFN,0,56,0.03875732421875,0.474609375
large,R-HOR,FFN,0,56,0.038818359375,0.47265625
large,R-HOR,FFN,0,56,0.03887939453125,0.470703125
large,R-HOR,FFN,0,56,0.038909912109375,0.46875
large,R-HOR,FFN,0,56,0.038970947265625,0.466796875
large,R-HOR,FFN,0,56,0.03900146484375,0.46484375
large,R-HOR,FFN,0,56,0.039031982421875,0.462890625
large,R-HOR,FFN,0,56,0.039093017578125,0.4609375
large,R-HOR,FFN,0,56,0.03912353515625,0.458984375
large,R-HOR,FFN,0,56,0.039154052734375,0.45703125
large,R-HOR,FFN,0,56,0.039215087890625,0.455078125
large,R-HOR,FFN,0,56,0.039306640625,0.453125
large,R-HOR,FFN,0,56,0.03936767578125,0.451171875
large,R-HOR,FFN,0,56,0.039398193359375,0.44921875
large,R-HOR,FFN,0,56,0.03948974609375,0.447265625
large,R-HOR,FFN,0,56,0.039520263671875,0.4453125
large,R-HOR,FFN,0,56,0.03955078125,0.443359375
large,R-HOR,FFN,0,56,0.039581298828125,0.44140625
large,R-HOR,FFN,0,56,0.039642333984375,0.439453125
large,R-HOR,FFN,0,56,0.0396728515625,0.4375
large,R-HOR,FFN,0,56,0.03973388671875,0.435546875
large,R-HOR,FFN,0,56,0.039764404296875,0.43359375
large,R-HOR,FFN,0,56,0.039825439453125,0.431640625
large,R-HOR,FFN,0,56,0.03985595703125,0.4296875
large,R-HOR,FFN,0,56,0.0399169921875,0.427734375
large,R-HOR,FFN,0,56,0.039947509765625,0.42578125
large,R-HOR,FFN,0,56,0.03997802734375,0.423828125
large,R-HOR,FFN,0,56,0.0400390625,0.421875
large,R-HOR,FFN,0,56,0.040069580078125,0.419921875
large,R-HOR,FFN,0,56,0.04010009765625,0.41796875
large,R-HOR,FFN,0,56,0.0401611328125,0.416015625
large,R-HOR,FFN,0,56,0.04022216796875,0.4140625
large,R-HOR,FFN,0,56,0.040283203125,0.412109375
large,R-HOR,FFN,0,56,0.040313720703125,0.41015625
large,R-HOR,FFN,0,56,0.040374755859375,0.408203125
large,R-HOR,FFN,0,56,0.040435791015625,0.40625
large,R-HOR,FFN,0,56,0.040496826171875,0.404296875
large,R-HOR,FFN,0,56,0.040557861328125,0.40234375
large,R-HOR,FFN,0,56,0.040618896484375,0.400390625
large,R-HOR,FFN,0,56,0.040679931640625,0.3984375
large,R-HOR,FFN,0,56,0.04071044921875,0.396484375
large,R-HOR,FFN,0,56,0.040740966796875,0.39453125
large,R-HOR,FFN,0,56,0.040802001953125,0.392578125
large,R-HOR,FFN,0,56,0.04083251953125,0.390625
large,R-HOR,FFN,0,56,0.040924072265625,0.388671875
large,R-HOR,FFN,0,56,0.04095458984375,0.38671875
large,R-HOR,FFN,0,56,0.040985107421875,0.384765625
large,R-HOR,FFN,0,56,0.041015625,0.3828125
large,R-HOR,FFN,0,56,0.04107666015625,0.380859375
large,R-HOR,FFN,0,56,0.0411376953125,0.37890625
large,R-HOR,FFN,0,56,0.041168212890625,0.376953125
large,R-HOR,FFN,0,56,0.04119873046875,0.375
large,R-HOR,FFN,0,56,0.041259765625,0.373046875
large,R-HOR,FFN,0,56,0.041290283203125,0.37109375
large,R-HOR,FFN,0,56,0.041351318359375,0.369140625
large,R-HOR,FFN,0,56,0.0413818359375,0.3671875
large,R-HOR,FFN,0,56,0.04144287109375,0.365234375
large,R-HOR,FFN,0,56,0.04150390625,0.36328125
large,R-HOR,FFN,0,56,0.04156494140625,0.361328125
large,R-HOR,FFN,0,56,0.0416259765625,0.359375
large,R-HOR,FFN,0,56,0.04168701171875,0.357421875
large,R-HOR,FFN,0,56,0.041717529296875,0.35546875
large,R-HOR,FFN,0,56,0.04180908203125,0.353515625
large,R-HOR,FFN,0,56,0.041839599609375,0.3515625
large,R-HOR,FFN,0,56,0.04193115234375,0.349609375
large,R-HOR,FFN,0,56,0.041961669921875,0.34765625
large,R-HOR,FFN,0,56,0.042022705078125,0.345703125
large,R-HOR,FFN,0,56,0.042083740234375,0.34375
large,R-HOR,FFN,0,56,0.0421142578125,0.341796875
large,R-HOR,FFN,0,56,0.042205810546875,0.33984375
large,R-HOR,FFN,0,56,0.04229736328125,0.337890625
large,R-HOR,FFN,0,56,0.04229736328125,0.3359375
large,R-HOR,FFN,0,56,0.0423583984375,0.333984375
large,R-HOR,FFN,0,56,0.04241943359375,0.33203125
large,R-HOR,FFN,0,56,0.04248046875,0.330078125
large,R-HOR,FFN,0,56,0.04254150390625,0.328125
large,R-HOR,FFN,0,56,0.042572021484375,0.326171875
large,R-HOR,FFN,0,56,0.0426025390625,0.32421875
large,R-HOR,FFN,0,56,0.04266357421875,0.322265625
large,R-HOR,FFN,0,56,0.042724609375,0.3203125
large,R-HOR,FFN,0,56,0.042755126953125,0.318359375
large,R-HOR,FFN,0,56,0.04278564453125,0.31640625
large,R-HOR,FFN,0,56,0.042816162109375,0.314453125
large,R-HOR,FFN,0,56,0.042877197265625,0.3125
large,R-HOR,FFN,0,56,0.04290771484375,0.310546875
large,R-HOR,FFN,0,56,0.04296875,0.30859375
large,R-HOR,FFN,0,56,0.04302978515625,0.306640625
large,R-HOR,FFN,0,56,0.043060302734375,0.3046875
large,R-HOR,FFN,0,56,0.0430908203125,0.302734375
large,R-HOR,FFN,0,56,0.04315185546875,0.30078125
large,R-HOR,FFN,0,56,0.043212890625,0.298828125
large,R-HOR,FFN,0,56,0.04327392578125,0.296875
large,R-HOR,FFN,0,56,0.043304443359375,0.294921875
large,R-HOR,FFN,0,56,0.0433349609375,0.29296875
large,R-HOR,FFN,0,56,0.04339599609375,0.291015625
large,R-HOR,FFN,0,56,0.043426513671875,0.2890625
large,R-HOR,FFN,0,56,0.043487548828125,0.287109375
large,R-HOR,FFN,0,56,0.0435791015625,0.28515625
large,R-HOR,FFN,0,56,0.043609619140625,0.283203125
large,R-HOR,FFN,0,56,0.043670654296875,0.28125
large,R-HOR,FFN,0,56,0.04376220703125,0.279296875
large,R-HOR,FFN,0,56,0.043792724609375,0.27734375
large,R-HOR,FFN,0,56,0.043853759765625,0.275390625
large,R-HOR,FFN,0,56,0.043914794921875,0.2734375
large,R-HOR,FFN,0,56,0.0439453125,0.271484375
large,R-HOR,FFN,0,56,0.04400634765625,0.26953125
large,R-HOR,FFN,0,56,0.044036865234375,0.267578125
large,R-HOR,FFN,0,56,0.0440673828125,0.265625
large,R-HOR,FFN,0,56,0.044097900390625,0.263671875
large,R-HOR,FFN,0,56,0.044158935546875,0.26171875
large,R-HOR,FFN,0,56,0.044189453125,0.259765625
large,R-HOR,FFN,0,56,0.04425048828125,0.2578125
large,R-HOR,FFN,0,56,0.0443115234375,0.255859375
large,R-HOR,FFN,0,56,0.04437255859375,0.25390625
large,R-HOR,FFN,0,56,0.04443359375,0.251953125
large,R-HOR,FFN,0,56,0.044464111328125,0.25
large,R-HOR,FFN,0,56,0.0445556640625,0.248046875
large,R-HOR,FFN,0,56,0.044647216796875,0.24609375
large,R-HOR,FFN,0,56,0.044708251953125,0.244140625
large,R-HOR,FFN,0,56,0.044769287109375,0.2421875
large,R-HOR,FFN,0,56,0.044830322265625,0.240234375
large,R-HOR,FFN,0,56,0.044891357421875,0.23828125
large,R-HOR,FFN,0,56,0.044952392578125,0.236328125
large,R-HOR,FFN,0,56,0.0450439453125,0.234375
large,R-HOR,FFN,0,56,0.045074462890625,0.232421875
large,R-HOR,FFN,0,56,0.045135498046875,0.23046875
large,R-HOR,FFN,0,56,0.045196533203125,0.228515625
large,R-HOR,FFN,0,56,0.045257568359375,0.2265625
large,R-HOR,FFN,0,56,0.0452880859375,0.224609375
large,R-HOR,FFN,0,56,0.04534912109375,0.22265625
large,R-HOR,FFN,0,56,0.04541015625,0.220703125
large,R-HOR,FFN,0,56,0.045440673828125,0.21875
large,R-HOR,FFN,0,56,0.045501708984375,0.216796875
large,R-HOR,FFN,0,56,0.0455322265625,0.21484375
large,R-HOR,FFN,0,56,0.04559326171875,0.212890625
large,R-HOR,FFN,0,56,0.045654296875,0.2109375
large,R-HOR,FFN,0,56,0.045745849609375,0.208984375
large,R-HOR,FFN,0,56,0.0457763671875,0.20703125
large,R-HOR,FFN,0,56,0.045806884765625,0.205078125
large,R-HOR,FFN,0,56,0.045867919921875,0.203125
large,R-HOR,FFN,0,56,0.0458984375,0.201171875
large,R-HOR,FFN,0,56,0.045989990234375,0.19921875
large,R-HOR,FFN,0,56,0.046051025390625,0.197265625
large,R-HOR,FFN,0,56,0.046142578125,0.1953125
large,R-HOR,FFN,0,56,0.04620361328125,0.193359375
large,R-HOR,FFN,0,56,0.0462646484375,0.19140625
large,R-HOR,FFN,0,56,0.04632568359375,0.189453125
large,R-HOR,FFN,0,56,0.04638671875,0.1875
large,R-HOR,FFN,0,56,0.04644775390625,0.185546875
large,R-HOR,FFN,0,56,0.046478271484375,0.18359375
large,R-HOR,FFN,0,56,0.0465087890625,0.181640625
large,R-HOR,FFN,0,56,0.04656982421875,0.1796875
large,R-HOR,FFN,0,56,0.046630859375,0.177734375
large,R-HOR,FFN,0,56,0.046722412109375,0.17578125
large,R-HOR,FFN,0,56,0.04681396484375,0.173828125
large,R-HOR,FFN,0,56,0.046875,0.171875
large,R-HOR,FFN,0,56,0.04693603515625,0.169921875
large,R-HOR,FFN,0,56,0.0469970703125,0.16796875
large,R-HOR,FFN,0,56,0.047088623046875,0.166015625
large,R-HOR,FFN,0,56,0.047119140625,0.1640625
large,R-HOR,FFN,0,56,0.047210693359375,0.162109375
large,R-HOR,FFN,0,56,0.0472412109375,0.16015625
large,R-HOR,FFN,0,56,0.04730224609375,0.158203125
large,R-HOR,FFN,0,56,0.04736328125,0.15625
large,R-HOR,FFN,0,56,0.04742431640625,0.154296875
large,R-HOR,FFN,0,56,0.047515869140625,0.15234375
large,R-HOR,FFN,0,56,0.047576904296875,0.150390625
large,R-HOR,FFN,0,56,0.04766845703125,0.1484375
large,R-HOR,FFN,0,56,0.0477294921875,0.146484375
large,R-HOR,FFN,0,56,0.047821044921875,0.14453125
large,R-HOR,FFN,0,56,0.047882080078125,0.142578125
large,R-HOR,FFN,0,56,0.0479736328125,0.140625
large,R-HOR,FFN,0,56,0.04803466796875,0.138671875
large,R-HOR,FFN,0,56,0.048095703125,0.13671875
large,R-HOR,FFN,0,56,0.048187255859375,0.134765625
large,R-HOR,FFN,0,56,0.048248291015625,0.1328125
large,R-HOR,FFN,0,56,0.04833984375,0.130859375
large,R-HOR,FFN,0,56,0.04840087890625,0.12890625
large,R-HOR,FFN,0,56,0.048492431640625,0.126953125
large,R-HOR,FFN,0,56,0.04852294921875,0.125
large,R-HOR,FFN,0,56,0.048583984375,0.123046875
large,R-HOR,FFN,0,56,0.04864501953125,0.12109375
large,R-HOR,FFN,0,56,0.0487060546875,0.119140625
large,R-HOR,FFN,0,56,0.04876708984375,0.1171875
large,R-HOR,FFN,0,56,0.048858642578125,0.115234375
large,R-HOR,FFN,0,56,0.04888916015625,0.11328125
large,R-HOR,FFN,0,56,0.04901123046875,0.111328125
large,R-HOR,FFN,0,56,0.049102783203125,0.109375
large,R-HOR,FFN,0,56,0.0491943359375,0.107421875
large,R-HOR,FFN,0,56,0.04925537109375,0.10546875
large,R-HOR,FFN,0,56,0.049346923828125,0.103515625
large,R-HOR,FFN,0,56,0.04949951171875,0.1015625
large,R-HOR,FFN,0,56,0.049560546875,0.099609375
large,R-HOR,FFN,0,56,0.04962158203125,0.09765625
large,R-HOR,FFN,0,56,0.0496826171875,0.095703125
large,R-HOR,FFN,0,56,0.049774169921875,0.09375
large,R-HOR,FFN,0,56,0.04986572265625,0.091796875
large,R-HOR,FFN,0,56,0.04998779296875,0.08984375
large,R-HOR,FFN,0,56,0.050140380859375,0.087890625
large,R-HOR,FFN,0,56,0.05029296875,0.0859375
large,R-HOR,FFN,0,56,0.050384521484375,0.083984375
large,R-HOR,FFN,0,56,0.050445556640625,0.08203125
large,R-HOR,FFN,0,56,0.050567626953125,0.080078125
large,R-HOR,FFN,0,56,0.050628662109375,0.078125
large,R-HOR,FFN,0,56,0.050750732421875,0.076171875
large,R-HOR,FFN,0,56,0.050872802734375,0.07421875
large,R-HOR,FFN,0,56,0.05096435546875,0.072265625
large,R-HOR,FFN,0,56,0.05108642578125,0.0703125
large,R-HOR,FFN,0,56,0.05120849609375,0.068359375
large,R-HOR,FFN,0,56,0.051361083984375,0.06640625
large,R-HOR,FFN,0,56,0.05145263671875,0.064453125
large,R-HOR,FFN,0,56,0.051544189453125,0.0625
large,R-HOR,FFN,0,56,0.0517578125,0.060546875
large,R-HOR,FFN,0,56,0.0518798828125,0.05859375
large,R-HOR,FFN,0,56,0.051971435546875,0.056640625
large,R-HOR,FFN,0,56,0.052154541015625,0.0546875
large,R-HOR,FFN,0,56,0.0523681640625,0.052734375
large,R-HOR,FFN,0,56,0.05255126953125,0.05078125
large,R-HOR,FFN,0,56,0.052764892578125,0.048828125
large,R-HOR,FFN,0,56,0.052978515625,0.046875
large,R-HOR,FFN,0,56,0.0531005859375,0.044921875
large,R-HOR,FFN,0,56,0.053436279296875,0.04296875
large,R-HOR,FFN,0,56,0.053680419921875,0.041015625
large,R-HOR,FFN,0,56,0.053955078125,0.0390625
large,R-HOR,FFN,0,56,0.05413818359375,0.037109375
large,R-HOR,FFN,0,56,0.054443359375,0.03515625
large,R-HOR,FFN,0,56,0.05462646484375,0.033203125
large,R-HOR,FFN,0,56,0.05474853515625,0.03125
large,R-HOR,FFN,0,56,0.05511474609375,0.029296875
large,R-HOR,FFN,0,56,0.055511474609375,0.02734375
large,R-HOR,FFN,0,56,0.055816650390625,0.025390625
large,R-HOR,FFN,0,56,0.05615234375,0.0234375
large,R-HOR,FFN,0,56,0.056671142578125,0.021484375
large,R-HOR,FFN,0,56,0.057037353515625,0.01953125
large,R-HOR,FFN,0,56,0.057403564453125,0.017578125
large,R-HOR,FFN,0,56,0.05810546875,0.015625
large,R-HOR,FFN,0,56,0.0594482421875,0.013671875
large,R-HOR,FFN,0,56,0.0599365234375,0.01171875
large,R-HOR,FFN,0,56,0.060943603515625,0.009765625
large,R-HOR,FFN,0,56,0.062225341796875,0.0078125
large,R-HOR,FFN,0,56,0.0638427734375,0.005859375
large,R-HOR,FFN,0,56,0.0657958984375,0.00390625
large,R-HOR,FFN,0,56,0.06903076171875,0.001953125
large,R-HOR,FFN,0,74,0.0080718994140625,1.0
large,R-HOR,FFN,0,74,0.01328277587890625,0.998046875
large,R-HOR,FFN,0,74,0.01395416259765625,0.99609375
large,R-HOR,FFN,0,74,0.014678955078125,0.994140625
large,R-HOR,FFN,0,74,0.015106201171875,0.9921875
large,R-HOR,FFN,0,74,0.015716552734375,0.990234375
large,R-HOR,FFN,0,74,0.01611328125,0.98828125
large,R-HOR,FFN,0,74,0.0165557861328125,0.986328125
large,R-HOR,FFN,0,74,0.017181396484375,0.984375
large,R-HOR,FFN,0,74,0.0174407958984375,0.982421875
large,R-HOR,FFN,0,74,0.0177154541015625,0.98046875
large,R-HOR,FFN,0,74,0.017913818359375,0.978515625
large,R-HOR,FFN,0,74,0.0182342529296875,0.9765625
large,R-HOR,FFN,0,74,0.01849365234375,0.974609375
large,R-HOR,FFN,0,74,0.0187225341796875,0.97265625
large,R-HOR,FFN,0,74,0.018890380859375,0.970703125
large,R-HOR,FFN,0,74,0.0192108154296875,0.96875
large,R-HOR,FFN,0,74,0.0193939208984375,0.966796875
large,R-HOR,FFN,0,74,0.019683837890625,0.96484375
large,R-HOR,FFN,0,74,0.019927978515625,0.962890625
large,R-HOR,FFN,0,74,0.020233154296875,0.9609375
large,R-HOR,FFN,0,74,0.020477294921875,0.958984375
large,R-HOR,FFN,0,74,0.02069091796875,0.95703125
large,R-HOR,FFN,0,74,0.02081298828125,0.955078125
large,R-HOR,FFN,0,74,0.020904541015625,0.953125
large,R-HOR,FFN,0,74,0.0211334228515625,0.951171875
large,R-HOR,FFN,0,74,0.021331787109375,0.94921875
large,R-HOR,FFN,0,74,0.0214996337890625,0.947265625
large,R-HOR,FFN,0,74,0.0216217041015625,0.9453125
large,R-HOR,FFN,0,74,0.0217742919921875,0.943359375
large,R-HOR,FFN,0,74,0.0219573974609375,0.94140625
large,R-HOR,FFN,0,74,0.0220489501953125,0.939453125
large,R-HOR,FFN,0,74,0.0222320556640625,0.9375
large,R-HOR,FFN,0,74,0.022308349609375,0.935546875
large,R-HOR,FFN,0,74,0.0224151611328125,0.93359375
large,R-HOR,FFN,0,74,0.02264404296875,0.931640625
large,R-HOR,FFN,0,74,0.022735595703125,0.9296875
large,R-HOR,FFN,0,74,0.0228271484375,0.927734375
large,R-HOR,FFN,0,74,0.022918701171875,0.92578125
large,R-HOR,FFN,0,74,0.0231170654296875,0.923828125
large,R-HOR,FFN,0,74,0.0232696533203125,0.921875
large,R-HOR,FFN,0,74,0.023406982421875,0.919921875
large,R-HOR,FFN,0,74,0.0236053466796875,0.91796875
large,R-HOR,FFN,0,74,0.02374267578125,0.916015625
large,R-HOR,FFN,0,74,0.0238800048828125,0.9140625
large,R-HOR,FFN,0,74,0.024017333984375,0.912109375
large,R-HOR,FFN,0,74,0.0241546630859375,0.91015625
large,R-HOR,FFN,0,74,0.024261474609375,0.908203125
large,R-HOR,FFN,0,74,0.02435302734375,0.90625
large,R-HOR,FFN,0,74,0.0244598388671875,0.904296875
large,R-HOR,FFN,0,74,0.0245819091796875,0.90234375
large,R-HOR,FFN,0,74,0.0247650146484375,0.900390625
large,R-HOR,FFN,0,74,0.02484130859375,0.8984375
large,R-HOR,FFN,0,74,0.02490234375,0.896484375
large,R-HOR,FFN,0,74,0.0249481201171875,0.89453125
large,R-HOR,FFN,0,74,0.025054931640625,0.892578125
large,R-HOR,FFN,0,74,0.0251617431640625,0.890625
large,R-HOR,FFN,0,74,0.0252227783203125,0.888671875
large,R-HOR,FFN,0,74,0.02532958984375,0.88671875
large,R-HOR,FFN,0,74,0.0254364013671875,0.884765625
large,R-HOR,FFN,0,74,0.0255584716796875,0.8828125
large,R-HOR,FFN,0,74,0.025665283203125,0.880859375
large,R-HOR,FFN,0,74,0.0258026123046875,0.87890625
large,R-HOR,FFN,0,74,0.02587890625,0.876953125
large,R-HOR,FFN,0,74,0.0259552001953125,0.875
large,R-HOR,FFN,0,74,0.026123046875,0.873046875
large,R-HOR,FFN,0,74,0.0261993408203125,0.87109375
large,R-HOR,FFN,0,74,0.0262908935546875,0.869140625
large,R-HOR,FFN,0,74,0.0263671875,0.8671875
large,R-HOR,FFN,0,74,0.0264739990234375,0.865234375
large,R-HOR,FFN,0,74,0.0265960693359375,0.86328125
large,R-HOR,FFN,0,74,0.026641845703125,0.861328125
large,R-HOR,FFN,0,74,0.02679443359375,0.859375
large,R-HOR,FFN,0,74,0.026885986328125,0.857421875
large,R-HOR,FFN,0,74,0.0270538330078125,0.85546875
large,R-HOR,FFN,0,74,0.02716064453125,0.853515625
large,R-HOR,FFN,0,74,0.0272216796875,0.8515625
large,R-HOR,FFN,0,74,0.0272674560546875,0.849609375
large,R-HOR,FFN,0,74,0.0273590087890625,0.84765625
large,R-HOR,FFN,0,74,0.0274810791015625,0.845703125
large,R-HOR,FFN,0,74,0.027557373046875,0.84375
large,R-HOR,FFN,0,74,0.0276031494140625,0.841796875
large,R-HOR,FFN,0,74,0.027679443359375,0.83984375
large,R-HOR,FFN,0,74,0.027801513671875,0.837890625
large,R-HOR,FFN,0,74,0.027862548828125,0.8359375
large,R-HOR,FFN,0,74,0.0279541015625,0.833984375
large,R-HOR,FFN,0,74,0.02801513671875,0.83203125
large,R-HOR,FFN,0,74,0.028106689453125,0.830078125
large,R-HOR,FFN,0,74,0.0281829833984375,0.828125
large,R-HOR,FFN,0,74,0.0282440185546875,0.826171875
large,R-HOR,FFN,0,74,0.0283050537109375,0.82421875
large,R-HOR,FFN,0,74,0.02838134765625,0.822265625
large,R-HOR,FFN,0,74,0.028411865234375,0.8203125
large,R-HOR,FFN,0,74,0.0284881591796875,0.818359375
large,R-HOR,FFN,0,74,0.0286102294921875,0.81640625
large,R-HOR,FFN,0,74,0.02874755859375,0.814453125
large,R-HOR,FFN,0,74,0.0287933349609375,0.8125
large,R-HOR,FFN,0,74,0.028839111328125,0.810546875
large,R-HOR,FFN,0,74,0.028961181640625,0.80859375
large,R-HOR,FFN,0,74,0.0290985107421875,0.806640625
large,R-HOR,FFN,0,74,0.0291595458984375,0.8046875
large,R-HOR,FFN,0,74,0.02923583984375,0.802734375
large,R-HOR,FFN,0,74,0.029327392578125,0.80078125
large,R-HOR,FFN,0,74,0.029388427734375,0.798828125
large,R-HOR,FFN,0,74,0.0294647216796875,0.796875
large,R-HOR,FFN,0,74,0.0295562744140625,0.794921875
large,R-HOR,FFN,0,74,0.0296478271484375,0.79296875
large,R-HOR,FFN,0,74,0.02972412109375,0.791015625
large,R-HOR,FFN,0,74,0.0297393798828125,0.7890625
large,R-HOR,FFN,0,74,0.0298004150390625,0.787109375
large,R-HOR,FFN,0,74,0.0298919677734375,0.78515625
large,R-HOR,FFN,0,74,0.030029296875,0.783203125
large,R-HOR,FFN,0,74,0.03009033203125,0.78125
large,R-HOR,FFN,0,74,0.030181884765625,0.779296875
large,R-HOR,FFN,0,74,0.030242919921875,0.77734375
large,R-HOR,FFN,0,74,0.0302886962890625,0.775390625
large,R-HOR,FFN,0,74,0.0303497314453125,0.7734375
large,R-HOR,FFN,0,74,0.030426025390625,0.771484375
large,R-HOR,FFN,0,74,0.030517578125,0.76953125
large,R-HOR,FFN,0,74,0.030609130859375,0.767578125
large,R-HOR,FFN,0,74,0.030670166015625,0.765625
large,R-HOR,FFN,0,74,0.030731201171875,0.763671875
large,R-HOR,FFN,0,74,0.0307769775390625,0.76171875
large,R-HOR,FFN,0,74,0.0308074951171875,0.759765625
large,R-HOR,FFN,0,74,0.0308990478515625,0.7578125
large,R-HOR,FFN,0,74,0.030975341796875,0.755859375
large,R-HOR,FFN,0,74,0.0310516357421875,0.75390625
large,R-HOR,FFN,0,74,0.031097412109375,0.751953125
large,R-HOR,FFN,0,74,0.03118896484375,0.75
large,R-HOR,FFN,0,74,0.031219482421875,0.748046875
large,R-HOR,FFN,0,74,0.03131103515625,0.74609375
large,R-HOR,FFN,0,74,0.031402587890625,0.744140625
large,R-HOR,FFN,0,74,0.031463623046875,0.7421875
large,R-HOR,FFN,0,74,0.031524658203125,0.740234375
large,R-HOR,FFN,0,74,0.03155517578125,0.73828125
large,R-HOR,FFN,0,74,0.0316162109375,0.736328125
large,R-HOR,FFN,0,74,0.03167724609375,0.734375
large,R-HOR,FFN,0,74,0.03173828125,0.732421875
large,R-HOR,FFN,0,74,0.03179931640625,0.73046875
large,R-HOR,FFN,0,74,0.0318603515625,0.728515625
large,R-HOR,FFN,0,74,0.03192138671875,0.7265625
large,R-HOR,FFN,0,74,0.032012939453125,0.724609375
large,R-HOR,FFN,0,74,0.0321044921875,0.72265625
large,R-HOR,FFN,0,74,0.03216552734375,0.720703125
large,R-HOR,FFN,0,74,0.03228759765625,0.71875
large,R-HOR,FFN,0,74,0.0323486328125,0.716796875
large,R-HOR,FFN,0,74,0.03240966796875,0.71484375
large,R-HOR,FFN,0,74,0.032501220703125,0.712890625
large,R-HOR,FFN,0,74,0.0325927734375,0.7109375
large,R-HOR,FFN,0,74,0.03265380859375,0.708984375
large,R-HOR,FFN,0,74,0.032684326171875,0.70703125
large,R-HOR,FFN,0,74,0.032745361328125,0.705078125
large,R-HOR,FFN,0,74,0.032806396484375,0.703125
large,R-HOR,FFN,0,74,0.0328369140625,0.701171875
large,R-HOR,FFN,0,74,0.032958984375,0.69921875
large,R-HOR,FFN,0,74,0.032989501953125,0.697265625
large,R-HOR,FFN,0,74,0.0330810546875,0.6953125
large,R-HOR,FFN,0,74,0.03314208984375,0.693359375
large,R-HOR,FFN,0,74,0.033172607421875,0.69140625
large,R-HOR,FFN,0,74,0.033233642578125,0.689453125
large,R-HOR,FFN,0,74,0.033294677734375,0.6875
large,R-HOR,FFN,0,74,0.033355712890625,0.685546875
large,R-HOR,FFN,0,74,0.03338623046875,0.68359375
large,R-HOR,FFN,0,74,0.03338623046875,0.681640625
large,R-HOR,FFN,0,74,0.033447265625,0.6796875
large,R-HOR,FFN,0,74,0.03350830078125,0.677734375
large,R-HOR,FFN,0,74,0.033599853515625,0.67578125
large,R-HOR,FFN,0,74,0.033660888671875,0.673828125
large,R-HOR,FFN,0,74,0.033721923828125,0.671875
large,R-HOR,FFN,0,74,0.03375244140625,0.669921875
large,R-HOR,FFN,0,74,0.0338134765625,0.66796875
large,R-HOR,FFN,0,74,0.03387451171875,0.666015625
large,R-HOR,FFN,0,74,0.033905029296875,0.6640625
large,R-HOR,FFN,0,74,0.03399658203125,0.662109375
large,R-HOR,FFN,0,74,0.034088134765625,0.66015625
large,R-HOR,FFN,0,74,0.03411865234375,0.658203125
large,R-HOR,FFN,0,74,0.0341796875,0.65625
large,R-HOR,FFN,0,74,0.03424072265625,0.654296875
large,R-HOR,FFN,0,74,0.0343017578125,0.65234375
large,R-HOR,FFN,0,74,0.0343017578125,0.650390625
large,R-HOR,FFN,0,74,0.034393310546875,0.6484375
large,R-HOR,FFN,0,74,0.034454345703125,0.646484375
large,R-HOR,FFN,0,74,0.034515380859375,0.64453125
large,R-HOR,FFN,0,74,0.0345458984375,0.642578125
large,R-HOR,FFN,0,74,0.03460693359375,0.640625
large,R-HOR,FFN,0,74,0.03466796875,0.638671875
large,R-HOR,FFN,0,74,0.034759521484375,0.63671875
large,R-HOR,FFN,0,74,0.0347900390625,0.634765625
large,R-HOR,FFN,0,74,0.03485107421875,0.6328125
large,R-HOR,FFN,0,74,0.034881591796875,0.630859375
large,R-HOR,FFN,0,74,0.03497314453125,0.62890625
large,R-HOR,FFN,0,74,0.035003662109375,0.626953125
large,R-HOR,FFN,0,74,0.035064697265625,0.625
large,R-HOR,FFN,0,74,0.03509521484375,0.623046875
large,R-HOR,FFN,0,74,0.03515625,0.62109375
large,R-HOR,FFN,0,74,0.03521728515625,0.619140625
large,R-HOR,FFN,0,74,0.035247802734375,0.6171875
large,R-HOR,FFN,0,74,0.035308837890625,0.615234375
large,R-HOR,FFN,0,74,0.03533935546875,0.61328125
large,R-HOR,FFN,0,74,0.035400390625,0.611328125
large,R-HOR,FFN,0,74,0.03546142578125,0.609375
large,R-HOR,FFN,0,74,0.035491943359375,0.607421875
large,R-HOR,FFN,0,74,0.035552978515625,0.60546875
large,R-HOR,FFN,0,74,0.03558349609375,0.603515625
large,R-HOR,FFN,0,74,0.03564453125,0.6015625
large,R-HOR,FFN,0,74,0.03570556640625,0.599609375
large,R-HOR,FFN,0,74,0.0357666015625,0.59765625
large,R-HOR,FFN,0,74,0.035797119140625,0.595703125
large,R-HOR,FFN,0,74,0.035858154296875,0.59375
large,R-HOR,FFN,0,74,0.035919189453125,0.591796875
large,R-HOR,FFN,0,74,0.035980224609375,0.58984375
large,R-HOR,FFN,0,74,0.0360107421875,0.587890625
large,R-HOR,FFN,0,74,0.03607177734375,0.5859375
large,R-HOR,FFN,0,74,0.036102294921875,0.583984375
large,R-HOR,FFN,0,74,0.036163330078125,0.58203125
large,R-HOR,FFN,0,74,0.036224365234375,0.580078125
large,R-HOR,FFN,0,74,0.036285400390625,0.578125
large,R-HOR,FFN,0,74,0.036407470703125,0.576171875
large,R-HOR,FFN,0,74,0.03643798828125,0.57421875
large,R-HOR,FFN,0,74,0.0364990234375,0.572265625
large,R-HOR,FFN,0,74,0.03656005859375,0.5703125
large,R-HOR,FFN,0,74,0.03662109375,0.568359375
large,R-HOR,FFN,0,74,0.036651611328125,0.56640625
large,R-HOR,FFN,0,74,0.03668212890625,0.564453125
large,R-HOR,FFN,0,74,0.0367431640625,0.5625
large,R-HOR,FFN,0,74,0.036773681640625,0.560546875
large,R-HOR,FFN,0,74,0.036834716796875,0.55859375
large,R-HOR,FFN,0,74,0.036895751953125,0.556640625
large,R-HOR,FFN,0,74,0.03692626953125,0.5546875
large,R-HOR,FFN,0,74,0.0369873046875,0.552734375
large,R-HOR,FFN,0,74,0.03704833984375,0.55078125
large,R-HOR,FFN,0,74,0.037109375,0.548828125
large,R-HOR,FFN,0,74,0.037139892578125,0.546875
large,R-HOR,FFN,0,74,0.037200927734375,0.544921875
large,R-HOR,FFN,0,74,0.0372314453125,0.54296875
large,R-HOR,FFN,0,74,0.037261962890625,0.541015625
large,R-HOR,FFN,0,74,0.037322998046875,0.5390625
large,R-HOR,FFN,0,74,0.037384033203125,0.537109375
large,R-HOR,FFN,0,74,0.037445068359375,0.53515625
large,R-HOR,FFN,0,74,0.0374755859375,0.533203125
large,R-HOR,FFN,0,74,0.03753662109375,0.53125
large,R-HOR,FFN,0,74,0.03759765625,0.529296875
large,R-HOR,FFN,0,74,0.037628173828125,0.52734375
large,R-HOR,FFN,0,74,0.03765869140625,0.525390625
large,R-HOR,FFN,0,74,0.037689208984375,0.5234375
large,R-HOR,FFN,0,74,0.0377197265625,0.521484375
large,R-HOR,FFN,0,74,0.037750244140625,0.51953125
large,R-HOR,FFN,0,74,0.03778076171875,0.517578125
large,R-HOR,FFN,0,74,0.037872314453125,0.515625
large,R-HOR,FFN,0,74,0.03790283203125,0.513671875
large,R-HOR,FFN,0,74,0.0379638671875,0.51171875
large,R-HOR,FFN,0,74,0.03802490234375,0.509765625
large,R-HOR,FFN,0,74,0.0380859375,0.5078125
large,R-HOR,FFN,0,74,0.038116455078125,0.505859375
large,R-HOR,FFN,0,74,0.038177490234375,0.50390625
large,R-HOR,FFN,0,74,0.0382080078125,0.501953125
large,R-HOR,FFN,0,74,0.03826904296875,0.5
large,R-HOR,FFN,0,74,0.038299560546875,0.498046875
large,R-HOR,FFN,0,74,0.038330078125,0.49609375
large,R-HOR,FFN,0,74,0.038421630859375,0.494140625
large,R-HOR,FFN,0,74,0.038421630859375,0.4921875
large,R-HOR,FFN,0,74,0.0384521484375,0.490234375
large,R-HOR,FFN,0,74,0.038482666015625,0.48828125
large,R-HOR,FFN,0,74,0.03851318359375,0.486328125
large,R-HOR,FFN,0,74,0.038543701171875,0.484375
large,R-HOR,FFN,0,74,0.038604736328125,0.482421875
large,R-HOR,FFN,0,74,0.03863525390625,0.48046875
large,R-HOR,FFN,0,74,0.0386962890625,0.478515625
large,R-HOR,FFN,0,74,0.038726806640625,0.4765625
large,R-HOR,FFN,0,74,0.038787841796875,0.474609375
large,R-HOR,FFN,0,74,0.038818359375,0.47265625
large,R-HOR,FFN,0,74,0.038848876953125,0.470703125
large,R-HOR,FFN,0,74,0.03887939453125,0.46875
large,R-HOR,FFN,0,74,0.038909912109375,0.466796875
large,R-HOR,FFN,0,74,0.038970947265625,0.46484375
large,R-HOR,FFN,0,74,0.0390625,0.462890625
large,R-HOR,FFN,0,74,0.039093017578125,0.4609375
large,R-HOR,FFN,0,74,0.039154052734375,0.458984375
large,R-HOR,FFN,0,74,0.0391845703125,0.45703125
large,R-HOR,FFN,0,74,0.03924560546875,0.455078125
large,R-HOR,FFN,0,74,0.039276123046875,0.453125
large,R-HOR,FFN,0,74,0.039337158203125,0.451171875
large,R-HOR,FFN,0,74,0.03936767578125,0.44921875
large,R-HOR,FFN,0,74,0.039398193359375,0.447265625
large,R-HOR,FFN,0,74,0.0394287109375,0.4453125
large,R-HOR,FFN,0,74,0.039520263671875,0.443359375
large,R-HOR,FFN,0,74,0.03955078125,0.44140625
large,R-HOR,FFN,0,74,0.03961181640625,0.439453125
large,R-HOR,FFN,0,74,0.039642333984375,0.4375
large,R-HOR,FFN,0,74,0.039703369140625,0.435546875
large,R-HOR,FFN,0,74,0.039764404296875,0.43359375
large,R-HOR,FFN,0,74,0.039825439453125,0.431640625
large,R-HOR,FFN,0,74,0.03985595703125,0.4296875
large,R-HOR,FFN,0,74,0.039886474609375,0.427734375
large,R-HOR,FFN,0,74,0.039947509765625,0.42578125
large,R-HOR,FFN,0,74,0.03997802734375,0.423828125
large,R-HOR,FFN,0,74,0.040069580078125,0.421875
large,R-HOR,FFN,0,74,0.04010009765625,0.419921875
large,R-HOR,FFN,0,74,0.0401611328125,0.41796875
large,R-HOR,FFN,0,74,0.040191650390625,0.416015625
large,R-HOR,FFN,0,74,0.04022216796875,0.4140625
large,R-HOR,FFN,0,74,0.040252685546875,0.412109375
large,R-HOR,FFN,0,74,0.040313720703125,0.41015625
large,R-HOR,FFN,0,74,0.04034423828125,0.408203125
large,R-HOR,FFN,0,74,0.040374755859375,0.40625
large,R-HOR,FFN,0,74,0.040435791015625,0.404296875
large,R-HOR,FFN,0,74,0.040496826171875,0.40234375
large,R-HOR,FFN,0,74,0.040557861328125,0.400390625
large,R-HOR,FFN,0,74,0.040618896484375,0.3984375
large,R-HOR,FFN,0,74,0.0406494140625,0.396484375
large,R-HOR,FFN,0,74,0.04071044921875,0.39453125
large,R-HOR,FFN,0,74,0.040740966796875,0.392578125
large,R-HOR,FFN,0,74,0.040771484375,0.390625
large,R-HOR,FFN,0,74,0.04083251953125,0.388671875
large,R-HOR,FFN,0,74,0.040863037109375,0.38671875
large,R-HOR,FFN,0,74,0.040924072265625,0.384765625
large,R-HOR,FFN,0,74,0.04095458984375,0.3828125
large,R-HOR,FFN,0,74,0.041015625,0.380859375
large,R-HOR,FFN,0,74,0.041046142578125,0.37890625
large,R-HOR,FFN,0,74,0.04107666015625,0.376953125
large,R-HOR,FFN,0,74,0.0411376953125,0.375
large,R-HOR,FFN,0,74,0.041168212890625,0.373046875
large,R-HOR,FFN,0,74,0.04119873046875,0.37109375
large,R-HOR,FFN,0,74,0.041259765625,0.369140625
large,R-HOR,FFN,0,74,0.041290283203125,0.3671875
large,R-HOR,FFN,0,74,0.04132080078125,0.365234375
large,R-HOR,FFN,0,74,0.041412353515625,0.36328125
large,R-HOR,FFN,0,74,0.041473388671875,0.361328125
large,R-HOR,FFN,0,74,0.04150390625,0.359375
large,R-HOR,FFN,0,74,0.04156494140625,0.357421875
large,R-HOR,FFN,0,74,0.0416259765625,0.35546875
large,R-HOR,FFN,0,74,0.041656494140625,0.353515625
large,R-HOR,FFN,0,74,0.04168701171875,0.3515625
large,R-HOR,FFN,0,74,0.041748046875,0.349609375
large,R-HOR,FFN,0,74,0.041778564453125,0.34765625
large,R-HOR,FFN,0,74,0.041839599609375,0.345703125
large,R-HOR,FFN,0,74,0.041900634765625,0.34375
large,R-HOR,FFN,0,74,0.04193115234375,0.341796875
large,R-HOR,FFN,0,74,0.041961669921875,0.33984375
large,R-HOR,FFN,0,74,0.042022705078125,0.337890625
large,R-HOR,FFN,0,74,0.042083740234375,0.3359375
large,R-HOR,FFN,0,74,0.042144775390625,0.333984375
large,R-HOR,FFN,0,74,0.042236328125,0.33203125
large,R-HOR,FFN,0,74,0.042266845703125,0.330078125
large,R-HOR,FFN,0,74,0.04229736328125,0.328125
large,R-HOR,FFN,0,74,0.0423583984375,0.326171875
large,R-HOR,FFN,0,74,0.042388916015625,0.32421875
large,R-HOR,FFN,0,74,0.042449951171875,0.322265625
large,R-HOR,FFN,0,74,0.042510986328125,0.3203125
large,R-HOR,FFN,0,74,0.04254150390625,0.318359375
large,R-HOR,FFN,0,74,0.0426025390625,0.31640625
large,R-HOR,FFN,0,74,0.042633056640625,0.314453125
large,R-HOR,FFN,0,74,0.042694091796875,0.3125
large,R-HOR,FFN,0,74,0.042755126953125,0.310546875
large,R-HOR,FFN,0,74,0.04278564453125,0.30859375
large,R-HOR,FFN,0,74,0.0428466796875,0.306640625
large,R-HOR,FFN,0,74,0.042877197265625,0.3046875
large,R-HOR,FFN,0,74,0.04290771484375,0.302734375
large,R-HOR,FFN,0,74,0.042999267578125,0.30078125
large,R-HOR,FFN,0,74,0.04302978515625,0.298828125
large,R-HOR,FFN,0,74,0.043060302734375,0.296875
large,R-HOR,FFN,0,74,0.043121337890625,0.294921875
large,R-HOR,FFN,0,74,0.043182373046875,0.29296875
large,R-HOR,FFN,0,74,0.043243408203125,0.291015625
large,R-HOR,FFN,0,74,0.043304443359375,0.2890625
large,R-HOR,FFN,0,74,0.043365478515625,0.287109375
large,R-HOR,FFN,0,74,0.04339599609375,0.28515625
large,R-HOR,FFN,0,74,0.04345703125,0.283203125
large,R-HOR,FFN,0,74,0.043487548828125,0.28125
large,R-HOR,FFN,0,74,0.0435791015625,0.279296875
large,R-HOR,FFN,0,74,0.04364013671875,0.27734375
large,R-HOR,FFN,0,74,0.043731689453125,0.275390625
large,R-HOR,FFN,0,74,0.043792724609375,0.2734375
large,R-HOR,FFN,0,74,0.043792724609375,0.271484375
large,R-HOR,FFN,0,74,0.0438232421875,0.26953125
large,R-HOR,FFN,0,74,0.043914794921875,0.267578125
large,R-HOR,FFN,0,74,0.043975830078125,0.265625
large,R-HOR,FFN,0,74,0.04400634765625,0.263671875
large,R-HOR,FFN,0,74,0.0440673828125,0.26171875
large,R-HOR,FFN,0,74,0.04412841796875,0.259765625
large,R-HOR,FFN,0,74,0.044189453125,0.2578125
large,R-HOR,FFN,0,74,0.044219970703125,0.255859375
large,R-HOR,FFN,0,74,0.04425048828125,0.25390625
large,R-HOR,FFN,0,74,0.0443115234375,0.251953125
large,R-HOR,FFN,0,74,0.04437255859375,0.25
large,R-HOR,FFN,0,74,0.04443359375,0.248046875
large,R-HOR,FFN,0,74,0.044464111328125,0.24609375
large,R-HOR,FFN,0,74,0.04449462890625,0.244140625
large,R-HOR,FFN,0,74,0.044525146484375,0.2421875
large,R-HOR,FFN,0,74,0.04461669921875,0.240234375
large,R-HOR,FFN,0,74,0.044647216796875,0.23828125
large,R-HOR,FFN,0,74,0.044708251953125,0.236328125
large,R-HOR,FFN,0,74,0.0447998046875,0.234375
large,R-HOR,FFN,0,74,0.044830322265625,0.232421875
large,R-HOR,FFN,0,74,0.04486083984375,0.23046875
large,R-HOR,FFN,0,74,0.044952392578125,0.228515625
large,R-HOR,FFN,0,74,0.045013427734375,0.2265625
large,R-HOR,FFN,0,74,0.045074462890625,0.224609375
large,R-HOR,FFN,0,74,0.045135498046875,0.22265625
large,R-HOR,FFN,0,74,0.04522705078125,0.220703125
large,R-HOR,FFN,0,74,0.045257568359375,0.21875
large,R-HOR,FFN,0,74,0.04534912109375,0.216796875
large,R-HOR,FFN,0,74,0.045379638671875,0.21484375
large,R-HOR,FFN,0,74,0.045379638671875,0.212890625
large,R-HOR,FFN,0,74,0.045440673828125,0.2109375
large,R-HOR,FFN,0,74,0.045501708984375,0.208984375
large,R-HOR,FFN,0,74,0.045562744140625,0.20703125
large,R-HOR,FFN,0,74,0.045623779296875,0.205078125
large,R-HOR,FFN,0,74,0.045684814453125,0.203125
large,R-HOR,FFN,0,74,0.045745849609375,0.201171875
large,R-HOR,FFN,0,74,0.045806884765625,0.19921875
large,R-HOR,FFN,0,74,0.04583740234375,0.197265625
large,R-HOR,FFN,0,74,0.0458984375,0.1953125
large,R-HOR,FFN,0,74,0.04595947265625,0.193359375
large,R-HOR,FFN,0,74,0.0460205078125,0.19140625
large,R-HOR,FFN,0,74,0.046112060546875,0.189453125
large,R-HOR,FFN,0,74,0.046173095703125,0.1875
large,R-HOR,FFN,0,74,0.04620361328125,0.185546875
large,R-HOR,FFN,0,74,0.046295166015625,0.18359375
large,R-HOR,FFN,0,74,0.046356201171875,0.181640625
large,R-HOR,FFN,0,74,0.04638671875,0.1796875
large,R-HOR,FFN,0,74,0.046417236328125,0.177734375
large,R-HOR,FFN,0,74,0.0465087890625,0.17578125
large,R-HOR,FFN,0,74,0.04656982421875,0.173828125
large,R-HOR,FFN,0,74,0.046661376953125,0.171875
large,R-HOR,FFN,0,74,0.0467529296875,0.169921875
large,R-HOR,FFN,0,74,0.0467529296875,0.16796875
large,R-HOR,FFN,0,74,0.04681396484375,0.166015625
large,R-HOR,FFN,0,74,0.046844482421875,0.1640625
large,R-HOR,FFN,0,74,0.046905517578125,0.162109375
large,R-HOR,FFN,0,74,0.0469970703125,0.16015625
large,R-HOR,FFN,0,74,0.04705810546875,0.158203125
large,R-HOR,FFN,0,74,0.047119140625,0.15625
large,R-HOR,FFN,0,74,0.047210693359375,0.154296875
large,R-HOR,FFN,0,74,0.04730224609375,0.15234375
large,R-HOR,FFN,0,74,0.04736328125,0.150390625
large,R-HOR,FFN,0,74,0.04742431640625,0.1484375
large,R-HOR,FFN,0,74,0.0474853515625,0.146484375
large,R-HOR,FFN,0,74,0.047576904296875,0.14453125
large,R-HOR,FFN,0,74,0.047637939453125,0.142578125
large,R-HOR,FFN,0,74,0.047637939453125,0.140625
large,R-HOR,FFN,0,74,0.047698974609375,0.138671875
large,R-HOR,FFN,0,74,0.047760009765625,0.13671875
large,R-HOR,FFN,0,74,0.047821044921875,0.134765625
large,R-HOR,FFN,0,74,0.04791259765625,0.1328125
large,R-HOR,FFN,0,74,0.04803466796875,0.130859375
large,R-HOR,FFN,0,74,0.048126220703125,0.12890625
large,R-HOR,FFN,0,74,0.0482177734375,0.126953125
large,R-HOR,FFN,0,74,0.04827880859375,0.125
large,R-HOR,FFN,0,74,0.04833984375,0.123046875
large,R-HOR,FFN,0,74,0.04840087890625,0.12109375
large,R-HOR,FFN,0,74,0.0484619140625,0.119140625
large,R-HOR,FFN,0,74,0.04852294921875,0.1171875
large,R-HOR,FFN,0,74,0.048614501953125,0.115234375
large,R-HOR,FFN,0,74,0.0487060546875,0.11328125
large,R-HOR,FFN,0,74,0.04876708984375,0.111328125
large,R-HOR,FFN,0,74,0.048797607421875,0.109375
large,R-HOR,FFN,0,74,0.048919677734375,0.107421875
large,R-HOR,FFN,0,74,0.048980712890625,0.10546875
large,R-HOR,FFN,0,74,0.049072265625,0.103515625
large,R-HOR,FFN,0,74,0.049102783203125,0.1015625
large,R-HOR,FFN,0,74,0.0491943359375,0.099609375
large,R-HOR,FFN,0,74,0.049285888671875,0.09765625
large,R-HOR,FFN,0,74,0.0494384765625,0.095703125
large,R-HOR,FFN,0,74,0.049560546875,0.09375
large,R-HOR,FFN,0,74,0.04962158203125,0.091796875
large,R-HOR,FFN,0,74,0.049652099609375,0.08984375
large,R-HOR,FFN,0,74,0.04974365234375,0.087890625
large,R-HOR,FFN,0,74,0.0498046875,0.0859375
large,R-HOR,FFN,0,74,0.0499267578125,0.083984375
large,R-HOR,FFN,0,74,0.049957275390625,0.08203125
large,R-HOR,FFN,0,74,0.050079345703125,0.080078125
large,R-HOR,FFN,0,74,0.050262451171875,0.078125
large,R-HOR,FFN,0,74,0.0504150390625,0.076171875
large,R-HOR,FFN,0,74,0.050537109375,0.07421875
large,R-HOR,FFN,0,74,0.050689697265625,0.072265625
large,R-HOR,FFN,0,74,0.05084228515625,0.0703125
large,R-HOR,FFN,0,74,0.050933837890625,0.068359375
large,R-HOR,FFN,0,74,0.05108642578125,0.06640625
large,R-HOR,FFN,0,74,0.05126953125,0.064453125
large,R-HOR,FFN,0,74,0.0513916015625,0.0625
large,R-HOR,FFN,0,74,0.051544189453125,0.060546875
large,R-HOR,FFN,0,74,0.051666259765625,0.05859375
large,R-HOR,FFN,0,74,0.051788330078125,0.056640625
large,R-HOR,FFN,0,74,0.05194091796875,0.0546875
large,R-HOR,FFN,0,74,0.0521240234375,0.052734375
large,R-HOR,FFN,0,74,0.05224609375,0.05078125
large,R-HOR,FFN,0,74,0.052520751953125,0.048828125
large,R-HOR,FFN,0,74,0.052764892578125,0.046875
large,R-HOR,FFN,0,74,0.053070068359375,0.044921875
large,R-HOR,FFN,0,74,0.053314208984375,0.04296875
large,R-HOR,FFN,0,74,0.053466796875,0.041015625
large,R-HOR,FFN,0,74,0.05364990234375,0.0390625
large,R-HOR,FFN,0,74,0.053985595703125,0.037109375
large,R-HOR,FFN,0,74,0.05413818359375,0.03515625
large,R-HOR,FFN,0,74,0.054443359375,0.033203125
large,R-HOR,FFN,0,74,0.05462646484375,0.03125
large,R-HOR,FFN,0,74,0.054931640625,0.029296875
large,R-HOR,FFN,0,74,0.055084228515625,0.02734375
large,R-HOR,FFN,0,74,0.055389404296875,0.025390625
large,R-HOR,FFN,0,74,0.055877685546875,0.0234375
large,R-HOR,FFN,0,74,0.05657958984375,0.021484375
large,R-HOR,FFN,0,74,0.057525634765625,0.01953125
large,R-HOR,FFN,0,74,0.057861328125,0.017578125
large,R-HOR,FFN,0,74,0.05841064453125,0.015625
large,R-HOR,FFN,0,74,0.059112548828125,0.013671875
large,R-HOR,FFN,0,74,0.05963134765625,0.01171875
large,R-HOR,FFN,0,74,0.06146240234375,0.009765625
large,R-HOR,FFN,0,74,0.0626220703125,0.0078125
large,R-HOR,FFN,0,74,0.063720703125,0.005859375
large,R-HOR,FFN,0,74,0.06622314453125,0.00390625
large,R-HOR,FFN,0,74,0.0693359375,0.001953125
large,R-HOR,GRU,0,0,-0.03778076171875,1.0
large,R-HOR,GRU,0,0,-0.0089111328125,0.998046875
large,R-HOR,GRU,0,0,0.0022678375244140625,0.99609375
large,R-HOR,GRU,0,0,0.005077362060546875,0.994140625
large,R-HOR,GRU,0,0,0.006107330322265625,0.9921875
large,R-HOR,GRU,0,0,0.0074920654296875,0.990234375
large,R-HOR,GRU,0,0,0.00807952880859375,0.98828125
large,R-HOR,GRU,0,0,0.008514404296875,0.986328125
large,R-HOR,GRU,0,0,0.00933074951171875,0.984375
large,R-HOR,GRU,0,0,0.0095977783203125,0.982421875
large,R-HOR,GRU,0,0,0.01001739501953125,0.98046875
large,R-HOR,GRU,0,0,0.01031494140625,0.978515625
large,R-HOR,GRU,0,0,0.010589599609375,0.9765625
large,R-HOR,GRU,0,0,0.01080322265625,0.974609375
large,R-HOR,GRU,0,0,0.0110321044921875,0.97265625
large,R-HOR,GRU,0,0,0.011322021484375,0.970703125
large,R-HOR,GRU,0,0,0.01154327392578125,0.96875
large,R-HOR,GRU,0,0,0.01168060302734375,0.966796875
large,R-HOR,GRU,0,0,0.0118865966796875,0.96484375
large,R-HOR,GRU,0,0,0.01219940185546875,0.962890625
large,R-HOR,GRU,0,0,0.01242828369140625,0.9609375
large,R-HOR,GRU,0,0,0.01276397705078125,0.958984375
large,R-HOR,GRU,0,0,0.01288604736328125,0.95703125
large,R-HOR,GRU,0,0,0.01303863525390625,0.955078125
large,R-HOR,GRU,0,0,0.01320648193359375,0.953125
large,R-HOR,GRU,0,0,0.0134124755859375,0.951171875
large,R-HOR,GRU,0,0,0.01357269287109375,0.94921875
large,R-HOR,GRU,0,0,0.0137481689453125,0.947265625
large,R-HOR,GRU,0,0,0.01390838623046875,0.9453125
large,R-HOR,GRU,0,0,0.0140380859375,0.943359375
large,R-HOR,GRU,0,0,0.0142364501953125,0.94140625
large,R-HOR,GRU,0,0,0.01445770263671875,0.939453125
large,R-HOR,GRU,0,0,0.0145416259765625,0.9375
large,R-HOR,GRU,0,0,0.0148162841796875,0.935546875
large,R-HOR,GRU,0,0,0.01500701904296875,0.93359375
large,R-HOR,GRU,0,0,0.0150909423828125,0.931640625
large,R-HOR,GRU,0,0,0.0151824951171875,0.9296875
large,R-HOR,GRU,0,0,0.01529693603515625,0.927734375
large,R-HOR,GRU,0,0,0.015472412109375,0.92578125
large,R-HOR,GRU,0,0,0.0156402587890625,0.923828125
large,R-HOR,GRU,0,0,0.0157012939453125,0.921875
large,R-HOR,GRU,0,0,0.0158538818359375,0.919921875
large,R-HOR,GRU,0,0,0.0160675048828125,0.91796875
large,R-HOR,GRU,0,0,0.016082763671875,0.916015625
large,R-HOR,GRU,0,0,0.0161285400390625,0.9140625
large,R-HOR,GRU,0,0,0.016265869140625,0.912109375
large,R-HOR,GRU,0,0,0.0163726806640625,0.91015625
large,R-HOR,GRU,0,0,0.0164794921875,0.908203125
large,R-HOR,GRU,0,0,0.016632080078125,0.90625
large,R-HOR,GRU,0,0,0.0167999267578125,0.904296875
large,R-HOR,GRU,0,0,0.0169830322265625,0.90234375
large,R-HOR,GRU,0,0,0.0171356201171875,0.900390625
large,R-HOR,GRU,0,0,0.01727294921875,0.8984375
large,R-HOR,GRU,0,0,0.0173797607421875,0.896484375
large,R-HOR,GRU,0,0,0.017486572265625,0.89453125
large,R-HOR,GRU,0,0,0.017608642578125,0.892578125
large,R-HOR,GRU,0,0,0.01776123046875,0.890625
large,R-HOR,GRU,0,0,0.0178985595703125,0.888671875
large,R-HOR,GRU,0,0,0.018035888671875,0.88671875
large,R-HOR,GRU,0,0,0.01812744140625,0.884765625
large,R-HOR,GRU,0,0,0.0182037353515625,0.8828125
large,R-HOR,GRU,0,0,0.018310546875,0.880859375
large,R-HOR,GRU,0,0,0.0184173583984375,0.87890625
large,R-HOR,GRU,0,0,0.0186004638671875,0.876953125
large,R-HOR,GRU,0,0,0.018768310546875,0.875
large,R-HOR,GRU,0,0,0.0189208984375,0.873046875
large,R-HOR,GRU,0,0,0.019073486328125,0.87109375
large,R-HOR,GRU,0,0,0.019134521484375,0.869140625
large,R-HOR,GRU,0,0,0.0192413330078125,0.8671875
large,R-HOR,GRU,0,0,0.0193023681640625,0.865234375
large,R-HOR,GRU,0,0,0.0194854736328125,0.86328125
large,R-HOR,GRU,0,0,0.0195770263671875,0.861328125
large,R-HOR,GRU,0,0,0.0196685791015625,0.859375
large,R-HOR,GRU,0,0,0.0198516845703125,0.857421875
large,R-HOR,GRU,0,0,0.0199432373046875,0.85546875
large,R-HOR,GRU,0,0,0.02008056640625,0.853515625
large,R-HOR,GRU,0,0,0.0201568603515625,0.8515625
large,R-HOR,GRU,0,0,0.0203399658203125,0.849609375
large,R-HOR,GRU,0,0,0.0205078125,0.84765625
large,R-HOR,GRU,0,0,0.020599365234375,0.845703125
large,R-HOR,GRU,0,0,0.020721435546875,0.84375
large,R-HOR,GRU,0,0,0.0208587646484375,0.841796875
large,R-HOR,GRU,0,0,0.0209503173828125,0.83984375
large,R-HOR,GRU,0,0,0.0211181640625,0.837890625
large,R-HOR,GRU,0,0,0.02117919921875,0.8359375
large,R-HOR,GRU,0,0,0.02130126953125,0.833984375
large,R-HOR,GRU,0,0,0.02142333984375,0.83203125
large,R-HOR,GRU,0,0,0.02154541015625,0.830078125
large,R-HOR,GRU,0,0,0.021697998046875,0.828125
large,R-HOR,GRU,0,0,0.02191162109375,0.826171875
large,R-HOR,GRU,0,0,0.0219879150390625,0.82421875
large,R-HOR,GRU,0,0,0.02203369140625,0.822265625
large,R-HOR,GRU,0,0,0.02215576171875,0.8203125
large,R-HOR,GRU,0,0,0.02227783203125,0.818359375
large,R-HOR,GRU,0,0,0.0223541259765625,0.81640625
large,R-HOR,GRU,0,0,0.0224151611328125,0.814453125
large,R-HOR,GRU,0,0,0.0224761962890625,0.8125
large,R-HOR,GRU,0,0,0.0225677490234375,0.810546875
large,R-HOR,GRU,0,0,0.0226593017578125,0.80859375
large,R-HOR,GRU,0,0,0.0227508544921875,0.806640625
large,R-HOR,GRU,0,0,0.0228424072265625,0.8046875
large,R-HOR,GRU,0,0,0.023040771484375,0.802734375
large,R-HOR,GRU,0,0,0.023101806640625,0.80078125
large,R-HOR,GRU,0,0,0.023223876953125,0.798828125
large,R-HOR,GRU,0,0,0.0232696533203125,0.796875
large,R-HOR,GRU,0,0,0.0233612060546875,0.794921875
large,R-HOR,GRU,0,0,0.0234527587890625,0.79296875
large,R-HOR,GRU,0,0,0.023529052734375,0.791015625
large,R-HOR,GRU,0,0,0.02362060546875,0.7890625
large,R-HOR,GRU,0,0,0.0237274169921875,0.787109375
large,R-HOR,GRU,0,0,0.0238494873046875,0.78515625
large,R-HOR,GRU,0,0,0.023956298828125,0.783203125
large,R-HOR,GRU,0,0,0.0240478515625,0.78125
large,R-HOR,GRU,0,0,0.02410888671875,0.779296875
large,R-HOR,GRU,0,0,0.02423095703125,0.77734375
large,R-HOR,GRU,0,0,0.024322509765625,0.775390625
large,R-HOR,GRU,0,0,0.024383544921875,0.7734375
large,R-HOR,GRU,0,0,0.0244293212890625,0.771484375
large,R-HOR,GRU,0,0,0.0245819091796875,0.76953125
large,R-HOR,GRU,0,0,0.024658203125,0.767578125
large,R-HOR,GRU,0,0,0.02471923828125,0.765625
large,R-HOR,GRU,0,0,0.0247955322265625,0.763671875
large,R-HOR,GRU,0,0,0.0248260498046875,0.76171875
large,R-HOR,GRU,0,0,0.0248870849609375,0.759765625
large,R-HOR,GRU,0,0,0.0250091552734375,0.7578125
large,R-HOR,GRU,0,0,0.02508544921875,0.755859375
large,R-HOR,GRU,0,0,0.0251617431640625,0.75390625
large,R-HOR,GRU,0,0,0.02520751953125,0.751953125
large,R-HOR,GRU,0,0,0.0252685546875,0.75
large,R-HOR,GRU,0,0,0.025421142578125,0.748046875
large,R-HOR,GRU,0,0,0.02545166015625,0.74609375
large,R-HOR,GRU,0,0,0.0255279541015625,0.744140625
large,R-HOR,GRU,0,0,0.025634765625,0.7421875
large,R-HOR,GRU,0,0,0.025726318359375,0.740234375
large,R-HOR,GRU,0,0,0.025787353515625,0.73828125
large,R-HOR,GRU,0,0,0.025848388671875,0.736328125
large,R-HOR,GRU,0,0,0.025909423828125,0.734375
large,R-HOR,GRU,0,0,0.026031494140625,0.732421875
large,R-HOR,GRU,0,0,0.026123046875,0.73046875
large,R-HOR,GRU,0,0,0.0261993408203125,0.728515625
large,R-HOR,GRU,0,0,0.026275634765625,0.7265625
large,R-HOR,GRU,0,0,0.0263214111328125,0.724609375
large,R-HOR,GRU,0,0,0.0263824462890625,0.72265625
large,R-HOR,GRU,0,0,0.0264434814453125,0.720703125
large,R-HOR,GRU,0,0,0.0265045166015625,0.71875
large,R-HOR,GRU,0,0,0.0265655517578125,0.716796875
large,R-HOR,GRU,0,0,0.0266571044921875,0.71484375
large,R-HOR,GRU,0,0,0.0267333984375,0.712890625
large,R-HOR,GRU,0,0,0.026824951171875,0.7109375
large,R-HOR,GRU,0,0,0.0269012451171875,0.708984375
large,R-HOR,GRU,0,0,0.0269927978515625,0.70703125
large,R-HOR,GRU,0,0,0.02703857421875,0.705078125
large,R-HOR,GRU,0,0,0.02716064453125,0.703125
large,R-HOR,GRU,0,0,0.027252197265625,0.701171875
large,R-HOR,GRU,0,0,0.0273590087890625,0.69921875
large,R-HOR,GRU,0,0,0.027435302734375,0.697265625
large,R-HOR,GRU,0,0,0.027496337890625,0.6953125
large,R-HOR,GRU,0,0,0.027557373046875,0.693359375
large,R-HOR,GRU,0,0,0.027587890625,0.69140625
large,R-HOR,GRU,0,0,0.027679443359375,0.689453125
large,R-HOR,GRU,0,0,0.02777099609375,0.6875
large,R-HOR,GRU,0,0,0.0278472900390625,0.685546875
large,R-HOR,GRU,0,0,0.0279083251953125,0.68359375
large,R-HOR,GRU,0,0,0.0279541015625,0.681640625
large,R-HOR,GRU,0,0,0.0281219482421875,0.6796875
large,R-HOR,GRU,0,0,0.0281982421875,0.677734375
large,R-HOR,GRU,0,0,0.028228759765625,0.67578125
large,R-HOR,GRU,0,0,0.028289794921875,0.673828125
large,R-HOR,GRU,0,0,0.028350830078125,0.671875
large,R-HOR,GRU,0,0,0.0284271240234375,0.669921875
large,R-HOR,GRU,0,0,0.02850341796875,0.66796875
large,R-HOR,GRU,0,0,0.028594970703125,0.666015625
large,R-HOR,GRU,0,0,0.0286712646484375,0.6640625
large,R-HOR,GRU,0,0,0.028717041015625,0.662109375
large,R-HOR,GRU,0,0,0.02880859375,0.66015625
large,R-HOR,GRU,0,0,0.0288848876953125,0.658203125
large,R-HOR,GRU,0,0,0.02899169921875,0.65625
large,R-HOR,GRU,0,0,0.029052734375,0.654296875
large,R-HOR,GRU,0,0,0.029144287109375,0.65234375
large,R-HOR,GRU,0,0,0.0291900634765625,0.650390625
large,R-HOR,GRU,0,0,0.0292510986328125,0.6484375
large,R-HOR,GRU,0,0,0.02935791015625,0.646484375
large,R-HOR,GRU,0,0,0.0294647216796875,0.64453125
large,R-HOR,GRU,0,0,0.0295562744140625,0.642578125
large,R-HOR,GRU,0,0,0.029632568359375,0.640625
large,R-HOR,GRU,0,0,0.029693603515625,0.638671875
large,R-HOR,GRU,0,0,0.0297698974609375,0.63671875
large,R-HOR,GRU,0,0,0.029876708984375,0.634765625
large,R-HOR,GRU,0,0,0.0299530029296875,0.6328125
large,R-HOR,GRU,0,0,0.0300140380859375,0.630859375
large,R-HOR,GRU,0,0,0.0300750732421875,0.62890625
large,R-HOR,GRU,0,0,0.030120849609375,0.626953125
large,R-HOR,GRU,0,0,0.0301971435546875,0.625
large,R-HOR,GRU,0,0,0.0302581787109375,0.623046875
large,R-HOR,GRU,0,0,0.0303192138671875,0.62109375
large,R-HOR,GRU,0,0,0.0304107666015625,0.619140625
large,R-HOR,GRU,0,0,0.030487060546875,0.6171875
large,R-HOR,GRU,0,0,0.0305633544921875,0.615234375
large,R-HOR,GRU,0,0,0.030609130859375,0.61328125
large,R-HOR,GRU,0,0,0.0307159423828125,0.611328125
large,R-HOR,GRU,0,0,0.0308074951171875,0.609375
large,R-HOR,GRU,0,0,0.0309295654296875,0.607421875
large,R-HOR,GRU,0,0,0.031036376953125,0.60546875
large,R-HOR,GRU,0,0,0.03106689453125,0.603515625
large,R-HOR,GRU,0,0,0.0311431884765625,0.6015625
large,R-HOR,GRU,0,0,0.0312042236328125,0.599609375
large,R-HOR,GRU,0,0,0.031280517578125,0.59765625
large,R-HOR,GRU,0,0,0.0313720703125,0.595703125
large,R-HOR,GRU,0,0,0.031463623046875,0.59375
large,R-HOR,GRU,0,0,0.031524658203125,0.591796875
large,R-HOR,GRU,0,0,0.0316162109375,0.58984375
large,R-HOR,GRU,0,0,0.03167724609375,0.587890625
large,R-HOR,GRU,0,0,0.03173828125,0.5859375
large,R-HOR,GRU,0,0,0.031829833984375,0.583984375
large,R-HOR,GRU,0,0,0.03192138671875,0.58203125
large,R-HOR,GRU,0,0,0.031951904296875,0.580078125
large,R-HOR,GRU,0,0,0.032073974609375,0.578125
large,R-HOR,GRU,0,0,0.03216552734375,0.576171875
large,R-HOR,GRU,0,0,0.032318115234375,0.57421875
large,R-HOR,GRU,0,0,0.03240966796875,0.572265625
large,R-HOR,GRU,0,0,0.032470703125,0.5703125
large,R-HOR,GRU,0,0,0.0325927734375,0.568359375
large,R-HOR,GRU,0,0,0.032623291015625,0.56640625
large,R-HOR,GRU,0,0,0.03271484375,0.564453125
large,R-HOR,GRU,0,0,0.0328369140625,0.5625
large,R-HOR,GRU,0,0,0.03289794921875,0.560546875
large,R-HOR,GRU,0,0,0.03302001953125,0.55859375
large,R-HOR,GRU,0,0,0.0330810546875,0.556640625
large,R-HOR,GRU,0,0,0.033203125,0.5546875
large,R-HOR,GRU,0,0,0.033294677734375,0.552734375
large,R-HOR,GRU,0,0,0.033416748046875,0.55078125
large,R-HOR,GRU,0,0,0.033447265625,0.548828125
large,R-HOR,GRU,0,0,0.03350830078125,0.546875
large,R-HOR,GRU,0,0,0.033538818359375,0.544921875
large,R-HOR,GRU,0,0,0.03363037109375,0.54296875
large,R-HOR,GRU,0,0,0.033660888671875,0.541015625
large,R-HOR,GRU,0,0,0.03375244140625,0.5390625
large,R-HOR,GRU,0,0,0.0338134765625,0.537109375
large,R-HOR,GRU,0,0,0.03387451171875,0.53515625
large,R-HOR,GRU,0,0,0.033966064453125,0.533203125
large,R-HOR,GRU,0,0,0.0340576171875,0.53125
large,R-HOR,GRU,0,0,0.034149169921875,0.529296875
large,R-HOR,GRU,0,0,0.034210205078125,0.52734375
large,R-HOR,GRU,0,0,0.034271240234375,0.525390625
large,R-HOR,GRU,0,0,0.03436279296875,0.5234375
large,R-HOR,GRU,0,0,0.034423828125,0.521484375
large,R-HOR,GRU,0,0,0.03448486328125,0.51953125
large,R-HOR,GRU,0,0,0.034515380859375,0.517578125
large,R-HOR,GRU,0,0,0.03460693359375,0.515625
large,R-HOR,GRU,0,0,0.034637451171875,0.513671875
large,R-HOR,GRU,0,0,0.034698486328125,0.51171875
large,R-HOR,GRU,0,0,0.03472900390625,0.509765625
large,R-HOR,GRU,0,0,0.034820556640625,0.5078125
large,R-HOR,GRU,0,0,0.03485107421875,0.505859375
large,R-HOR,GRU,0,0,0.034942626953125,0.50390625
large,R-HOR,GRU,0,0,0.035064697265625,0.501953125
large,R-HOR,GRU,0,0,0.035186767578125,0.5
large,R-HOR,GRU,0,0,0.03521728515625,0.498046875
large,R-HOR,GRU,0,0,0.035308837890625,0.49609375
large,R-HOR,GRU,0,0,0.035369873046875,0.494140625
large,R-HOR,GRU,0,0,0.035430908203125,0.4921875
large,R-HOR,GRU,0,0,0.035552978515625,0.490234375
large,R-HOR,GRU,0,0,0.035614013671875,0.48828125
large,R-HOR,GRU,0,0,0.03564453125,0.486328125
large,R-HOR,GRU,0,0,0.0357666015625,0.484375
large,R-HOR,GRU,0,0,0.035888671875,0.482421875
large,R-HOR,GRU,0,0,0.0360107421875,0.48046875
large,R-HOR,GRU,0,0,0.03607177734375,0.478515625
large,R-HOR,GRU,0,0,0.036102294921875,0.4765625
large,R-HOR,GRU,0,0,0.036163330078125,0.474609375
large,R-HOR,GRU,0,0,0.036224365234375,0.47265625
large,R-HOR,GRU,0,0,0.036285400390625,0.470703125
large,R-HOR,GRU,0,0,0.036376953125,0.46875
large,R-HOR,GRU,0,0,0.036407470703125,0.466796875
large,R-HOR,GRU,0,0,0.03656005859375,0.46484375
large,R-HOR,GRU,0,0,0.03662109375,0.462890625
large,R-HOR,GRU,0,0,0.03668212890625,0.4609375
large,R-HOR,GRU,0,0,0.036773681640625,0.458984375
large,R-HOR,GRU,0,0,0.036865234375,0.45703125
large,R-HOR,GRU,0,0,0.036956787109375,0.455078125
large,R-HOR,GRU,0,0,0.03704833984375,0.453125
large,R-HOR,GRU,0,0,0.037109375,0.451171875
large,R-HOR,GRU,0,0,0.03717041015625,0.44921875
large,R-HOR,GRU,0,0,0.03729248046875,0.447265625
large,R-HOR,GRU,0,0,0.037384033203125,0.4453125
large,R-HOR,GRU,0,0,0.037445068359375,0.443359375
large,R-HOR,GRU,0,0,0.0374755859375,0.44140625
large,R-HOR,GRU,0,0,0.03753662109375,0.439453125
large,R-HOR,GRU,0,0,0.037567138671875,0.4375
large,R-HOR,GRU,0,0,0.037689208984375,0.435546875
large,R-HOR,GRU,0,0,0.03778076171875,0.43359375
large,R-HOR,GRU,0,0,0.037841796875,0.431640625
large,R-HOR,GRU,0,0,0.037933349609375,0.4296875
large,R-HOR,GRU,0,0,0.03802490234375,0.427734375
large,R-HOR,GRU,0,0,0.038116455078125,0.42578125
large,R-HOR,GRU,0,0,0.038238525390625,0.423828125
large,R-HOR,GRU,0,0,0.038330078125,0.421875
large,R-HOR,GRU,0,0,0.038421630859375,0.419921875
large,R-HOR,GRU,0,0,0.03851318359375,0.41796875
large,R-HOR,GRU,0,0,0.0386962890625,0.416015625
large,R-HOR,GRU,0,0,0.03875732421875,0.4140625
large,R-HOR,GRU,0,0,0.038818359375,0.412109375
large,R-HOR,GRU,0,0,0.03887939453125,0.41015625
large,R-HOR,GRU,0,0,0.038909912109375,0.408203125
large,R-HOR,GRU,0,0,0.03900146484375,0.40625
large,R-HOR,GRU,0,0,0.0390625,0.404296875
large,R-HOR,GRU,0,0,0.039154052734375,0.40234375
large,R-HOR,GRU,0,0,0.039337158203125,0.400390625
large,R-HOR,GRU,0,0,0.039398193359375,0.3984375
large,R-HOR,GRU,0,0,0.03948974609375,0.396484375
large,R-HOR,GRU,0,0,0.03955078125,0.39453125
large,R-HOR,GRU,0,0,0.039581298828125,0.392578125
large,R-HOR,GRU,0,0,0.03973388671875,0.390625
large,R-HOR,GRU,0,0,0.039825439453125,0.388671875
large,R-HOR,GRU,0,0,0.0399169921875,0.38671875
large,R-HOR,GRU,0,0,0.03997802734375,0.384765625
large,R-HOR,GRU,0,0,0.040069580078125,0.3828125
large,R-HOR,GRU,0,0,0.040191650390625,0.380859375
large,R-HOR,GRU,0,0,0.040283203125,0.37890625
large,R-HOR,GRU,0,0,0.04034423828125,0.376953125
large,R-HOR,GRU,0,0,0.040435791015625,0.375
large,R-HOR,GRU,0,0,0.040557861328125,0.373046875
large,R-HOR,GRU,0,0,0.0406494140625,0.37109375
large,R-HOR,GRU,0,0,0.04071044921875,0.369140625
large,R-HOR,GRU,0,0,0.04083251953125,0.3671875
large,R-HOR,GRU,0,0,0.04095458984375,0.365234375
large,R-HOR,GRU,0,0,0.041046142578125,0.36328125
large,R-HOR,GRU,0,0,0.04119873046875,0.361328125
large,R-HOR,GRU,0,0,0.041259765625,0.359375
large,R-HOR,GRU,0,0,0.0413818359375,0.357421875
large,R-HOR,GRU,0,0,0.041534423828125,0.35546875
large,R-HOR,GRU,0,0,0.041656494140625,0.353515625
large,R-HOR,GRU,0,0,0.041748046875,0.3515625
large,R-HOR,GRU,0,0,0.041839599609375,0.349609375
large,R-HOR,GRU,0,0,0.041961669921875,0.34765625
large,R-HOR,GRU,0,0,0.042083740234375,0.345703125
large,R-HOR,GRU,0,0,0.042205810546875,0.34375
large,R-HOR,GRU,0,0,0.042266845703125,0.341796875
large,R-HOR,GRU,0,0,0.0423583984375,0.33984375
large,R-HOR,GRU,0,0,0.042449951171875,0.337890625
large,R-HOR,GRU,0,0,0.04254150390625,0.3359375
large,R-HOR,GRU,0,0,0.042724609375,0.333984375
large,R-HOR,GRU,0,0,0.04278564453125,0.33203125
large,R-HOR,GRU,0,0,0.042877197265625,0.330078125
large,R-HOR,GRU,0,0,0.04302978515625,0.328125
large,R-HOR,GRU,0,0,0.043121337890625,0.326171875
large,R-HOR,GRU,0,0,0.043243408203125,0.32421875
large,R-HOR,GRU,0,0,0.04339599609375,0.322265625
large,R-HOR,GRU,0,0,0.043548583984375,0.3203125
large,R-HOR,GRU,0,0,0.04364013671875,0.318359375
large,R-HOR,GRU,0,0,0.043731689453125,0.31640625
large,R-HOR,GRU,0,0,0.0439453125,0.314453125
large,R-HOR,GRU,0,0,0.0440673828125,0.3125
large,R-HOR,GRU,0,0,0.044189453125,0.310546875
large,R-HOR,GRU,0,0,0.044281005859375,0.30859375
large,R-HOR,GRU,0,0,0.04443359375,0.306640625
large,R-HOR,GRU,0,0,0.044586181640625,0.3046875
large,R-HOR,GRU,0,0,0.044677734375,0.302734375
large,R-HOR,GRU,0,0,0.0447998046875,0.30078125
large,R-HOR,GRU,0,0,0.044921875,0.298828125
large,R-HOR,GRU,0,0,0.0450439453125,0.296875
large,R-HOR,GRU,0,0,0.045166015625,0.294921875
large,R-HOR,GRU,0,0,0.04522705078125,0.29296875
large,R-HOR,GRU,0,0,0.045318603515625,0.291015625
large,R-HOR,GRU,0,0,0.045440673828125,0.2890625
large,R-HOR,GRU,0,0,0.04559326171875,0.287109375
large,R-HOR,GRU,0,0,0.045654296875,0.28515625
large,R-HOR,GRU,0,0,0.045806884765625,0.283203125
large,R-HOR,GRU,0,0,0.045928955078125,0.28125
large,R-HOR,GRU,0,0,0.045989990234375,0.279296875
large,R-HOR,GRU,0,0,0.04608154296875,0.27734375
large,R-HOR,GRU,0,0,0.04620361328125,0.275390625
large,R-HOR,GRU,0,0,0.0465087890625,0.2734375
large,R-HOR,GRU,0,0,0.046600341796875,0.271484375
large,R-HOR,GRU,0,0,0.046875,0.26953125
large,R-HOR,GRU,0,0,0.04705810546875,0.267578125
large,R-HOR,GRU,0,0,0.047119140625,0.265625
large,R-HOR,GRU,0,0,0.047210693359375,0.263671875
large,R-HOR,GRU,0,0,0.047332763671875,0.26171875
large,R-HOR,GRU,0,0,0.047393798828125,0.259765625
large,R-HOR,GRU,0,0,0.047576904296875,0.2578125
large,R-HOR,GRU,0,0,0.0477294921875,0.255859375
large,R-HOR,GRU,0,0,0.047821044921875,0.25390625
large,R-HOR,GRU,0,0,0.0479736328125,0.251953125
large,R-HOR,GRU,0,0,0.048065185546875,0.25
large,R-HOR,GRU,0,0,0.0482177734375,0.248046875
large,R-HOR,GRU,0,0,0.04840087890625,0.24609375
large,R-HOR,GRU,0,0,0.048492431640625,0.244140625
large,R-HOR,GRU,0,0,0.048583984375,0.2421875
large,R-HOR,GRU,0,0,0.04876708984375,0.240234375
large,R-HOR,GRU,0,0,0.048980712890625,0.23828125
large,R-HOR,GRU,0,0,0.049102783203125,0.236328125
large,R-HOR,GRU,0,0,0.049224853515625,0.234375
large,R-HOR,GRU,0,0,0.04937744140625,0.232421875
large,R-HOR,GRU,0,0,0.04949951171875,0.23046875
large,R-HOR,GRU,0,0,0.0496826171875,0.228515625
large,R-HOR,GRU,0,0,0.0498046875,0.2265625
large,R-HOR,GRU,0,0,0.050018310546875,0.224609375
large,R-HOR,GRU,0,0,0.050201416015625,0.22265625
large,R-HOR,GRU,0,0,0.05035400390625,0.220703125
large,R-HOR,GRU,0,0,0.0504150390625,0.21875
large,R-HOR,GRU,0,0,0.050567626953125,0.216796875
large,R-HOR,GRU,0,0,0.05072021484375,0.21484375
large,R-HOR,GRU,0,0,0.05084228515625,0.212890625
large,R-HOR,GRU,0,0,0.05108642578125,0.2109375
large,R-HOR,GRU,0,0,0.05126953125,0.208984375
large,R-HOR,GRU,0,0,0.05133056640625,0.20703125
large,R-HOR,GRU,0,0,0.051513671875,0.205078125
large,R-HOR,GRU,0,0,0.051666259765625,0.203125
large,R-HOR,GRU,0,0,0.0517578125,0.201171875
large,R-HOR,GRU,0,0,0.05181884765625,0.19921875
large,R-HOR,GRU,0,0,0.052001953125,0.197265625
large,R-HOR,GRU,0,0,0.052093505859375,0.1953125
large,R-HOR,GRU,0,0,0.052398681640625,0.193359375
large,R-HOR,GRU,0,0,0.052490234375,0.19140625
large,R-HOR,GRU,0,0,0.052581787109375,0.189453125
large,R-HOR,GRU,0,0,0.052886962890625,0.1875
large,R-HOR,GRU,0,0,0.052978515625,0.185546875
large,R-HOR,GRU,0,0,0.05303955078125,0.18359375
large,R-HOR,GRU,0,0,0.05322265625,0.181640625
large,R-HOR,GRU,0,0,0.053466796875,0.1796875
large,R-HOR,GRU,0,0,0.0535888671875,0.177734375
large,R-HOR,GRU,0,0,0.05377197265625,0.17578125
large,R-HOR,GRU,0,0,0.053863525390625,0.173828125
large,R-HOR,GRU,0,0,0.05401611328125,0.171875
large,R-HOR,GRU,0,0,0.054168701171875,0.169921875
large,R-HOR,GRU,0,0,0.0543212890625,0.16796875
large,R-HOR,GRU,0,0,0.054473876953125,0.166015625
large,R-HOR,GRU,0,0,0.05462646484375,0.1640625
large,R-HOR,GRU,0,0,0.054718017578125,0.162109375
large,R-HOR,GRU,0,0,0.054779052734375,0.16015625
large,R-HOR,GRU,0,0,0.054962158203125,0.158203125
large,R-HOR,GRU,0,0,0.05511474609375,0.15625
large,R-HOR,GRU,0,0,0.05523681640625,0.154296875
large,R-HOR,GRU,0,0,0.05535888671875,0.15234375
large,R-HOR,GRU,0,0,0.05548095703125,0.150390625
large,R-HOR,GRU,0,0,0.05572509765625,0.1484375
large,R-HOR,GRU,0,0,0.055938720703125,0.146484375
large,R-HOR,GRU,0,0,0.05615234375,0.14453125
large,R-HOR,GRU,0,0,0.056243896484375,0.142578125
large,R-HOR,GRU,0,0,0.056396484375,0.140625
large,R-HOR,GRU,0,0,0.056610107421875,0.138671875
large,R-HOR,GRU,0,0,0.056854248046875,0.13671875
large,R-HOR,GRU,0,0,0.057098388671875,0.134765625
large,R-HOR,GRU,0,0,0.05731201171875,0.1328125
large,R-HOR,GRU,0,0,0.057525634765625,0.130859375
large,R-HOR,GRU,0,0,0.05780029296875,0.12890625
large,R-HOR,GRU,0,0,0.0579833984375,0.126953125
large,R-HOR,GRU,0,0,0.05816650390625,0.125
large,R-HOR,GRU,0,0,0.05828857421875,0.123046875
large,R-HOR,GRU,0,0,0.058502197265625,0.12109375
large,R-HOR,GRU,0,0,0.0587158203125,0.119140625
large,R-HOR,GRU,0,0,0.05889892578125,0.1171875
large,R-HOR,GRU,0,0,0.05908203125,0.115234375
large,R-HOR,GRU,0,0,0.05926513671875,0.11328125
large,R-HOR,GRU,0,0,0.0595703125,0.111328125
large,R-HOR,GRU,0,0,0.05975341796875,0.109375
large,R-HOR,GRU,0,0,0.059967041015625,0.107421875
large,R-HOR,GRU,0,0,0.06005859375,0.10546875
large,R-HOR,GRU,0,0,0.060211181640625,0.103515625
large,R-HOR,GRU,0,0,0.0604248046875,0.1015625
large,R-HOR,GRU,0,0,0.06060791015625,0.099609375
large,R-HOR,GRU,0,0,0.060760498046875,0.09765625
large,R-HOR,GRU,0,0,0.061004638671875,0.095703125
large,R-HOR,GRU,0,0,0.06121826171875,0.09375
large,R-HOR,GRU,0,0,0.061370849609375,0.091796875
large,R-HOR,GRU,0,0,0.061614990234375,0.08984375
large,R-HOR,GRU,0,0,0.061767578125,0.087890625
large,R-HOR,GRU,0,0,0.06195068359375,0.0859375
large,R-HOR,GRU,0,0,0.062286376953125,0.083984375
large,R-HOR,GRU,0,0,0.06243896484375,0.08203125
large,R-HOR,GRU,0,0,0.06268310546875,0.080078125
large,R-HOR,GRU,0,0,0.06298828125,0.078125
large,R-HOR,GRU,0,0,0.06317138671875,0.076171875
large,R-HOR,GRU,0,0,0.0633544921875,0.07421875
large,R-HOR,GRU,0,0,0.0634765625,0.072265625
large,R-HOR,GRU,0,0,0.063720703125,0.0703125
large,R-HOR,GRU,0,0,0.06396484375,0.068359375
large,R-HOR,GRU,0,0,0.06427001953125,0.06640625
large,R-HOR,GRU,0,0,0.06463623046875,0.064453125
large,R-HOR,GRU,0,0,0.06488037109375,0.0625
large,R-HOR,GRU,0,0,0.06512451171875,0.060546875
large,R-HOR,GRU,0,0,0.06536865234375,0.05859375
large,R-HOR,GRU,0,0,0.06549072265625,0.056640625
large,R-HOR,GRU,0,0,0.06610107421875,0.0546875
large,R-HOR,GRU,0,0,0.0665283203125,0.052734375
large,R-HOR,GRU,0,0,0.06695556640625,0.05078125
large,R-HOR,GRU,0,0,0.0672607421875,0.048828125
large,R-HOR,GRU,0,0,0.0675048828125,0.046875
large,R-HOR,GRU,0,0,0.06781005859375,0.044921875
large,R-HOR,GRU,0,0,0.0679931640625,0.04296875
large,R-HOR,GRU,0,0,0.06842041015625,0.041015625
large,R-HOR,GRU,0,0,0.06884765625,0.0390625
large,R-HOR,GRU,0,0,0.0693359375,0.037109375
large,R-HOR,GRU,0,0,0.06988525390625,0.03515625
large,R-HOR,GRU,0,0,0.07037353515625,0.033203125
large,R-HOR,GRU,0,0,0.07098388671875,0.03125
large,R-HOR,GRU,0,0,0.0714111328125,0.029296875
large,R-HOR,GRU,0,0,0.07220458984375,0.02734375
large,R-HOR,GRU,0,0,0.0728759765625,0.025390625
large,R-HOR,GRU,0,0,0.07366943359375,0.0234375
large,R-HOR,GRU,0,0,0.07452392578125,0.021484375
large,R-HOR,GRU,0,0,0.07513427734375,0.01953125
large,R-HOR,GRU,0,0,0.07568359375,0.017578125
large,R-HOR,GRU,0,0,0.07623291015625,0.015625
large,R-HOR,GRU,0,0,0.07696533203125,0.013671875
large,R-HOR,GRU,0,0,0.0787353515625,0.01171875
large,R-HOR,GRU,0,0,0.080322265625,0.009765625
large,R-HOR,GRU,0,0,0.08111572265625,0.0078125
large,R-HOR,GRU,0,0,0.0841064453125,0.005859375
large,R-HOR,GRU,0,0,0.08709716796875,0.00390625
large,R-HOR,GRU,0,0,0.0916748046875,0.001953125
large,R-HOR,GRU,0,18,0.007965087890625,1.0
large,R-HOR,GRU,0,18,0.0098876953125,0.998046875
large,R-HOR,GRU,0,18,0.01210784912109375,0.99609375
large,R-HOR,GRU,0,18,0.0127105712890625,0.994140625
large,R-HOR,GRU,0,18,0.013031005859375,0.9921875
large,R-HOR,GRU,0,18,0.0135955810546875,0.990234375
large,R-HOR,GRU,0,18,0.01401519775390625,0.98828125
large,R-HOR,GRU,0,18,0.0144195556640625,0.986328125
large,R-HOR,GRU,0,18,0.01486968994140625,0.984375
large,R-HOR,GRU,0,18,0.01507568359375,0.982421875
large,R-HOR,GRU,0,18,0.01544952392578125,0.98046875
large,R-HOR,GRU,0,18,0.0157318115234375,0.978515625
large,R-HOR,GRU,0,18,0.0159759521484375,0.9765625
large,R-HOR,GRU,0,18,0.0162506103515625,0.974609375
large,R-HOR,GRU,0,18,0.0165557861328125,0.97265625
large,R-HOR,GRU,0,18,0.0168914794921875,0.970703125
large,R-HOR,GRU,0,18,0.01702880859375,0.96875
large,R-HOR,GRU,0,18,0.0172119140625,0.966796875
large,R-HOR,GRU,0,18,0.017425537109375,0.96484375
large,R-HOR,GRU,0,18,0.0177001953125,0.962890625
large,R-HOR,GRU,0,18,0.01776123046875,0.9609375
large,R-HOR,GRU,0,18,0.01800537109375,0.958984375
large,R-HOR,GRU,0,18,0.01806640625,0.95703125
large,R-HOR,GRU,0,18,0.01824951171875,0.955078125
large,R-HOR,GRU,0,18,0.0184783935546875,0.953125
large,R-HOR,GRU,0,18,0.0186309814453125,0.951171875
large,R-HOR,GRU,0,18,0.0187835693359375,0.94921875
large,R-HOR,GRU,0,18,0.0189208984375,0.947265625
large,R-HOR,GRU,0,18,0.0192413330078125,0.9453125
large,R-HOR,GRU,0,18,0.01934814453125,0.943359375
large,R-HOR,GRU,0,18,0.0194244384765625,0.94140625
large,R-HOR,GRU,0,18,0.0196075439453125,0.939453125
large,R-HOR,GRU,0,18,0.0197601318359375,0.9375
large,R-HOR,GRU,0,18,0.0199432373046875,0.935546875
large,R-HOR,GRU,0,18,0.0200653076171875,0.93359375
large,R-HOR,GRU,0,18,0.0201416015625,0.931640625
large,R-HOR,GRU,0,18,0.020294189453125,0.9296875
large,R-HOR,GRU,0,18,0.0204315185546875,0.927734375
large,R-HOR,GRU,0,18,0.0205841064453125,0.92578125
large,R-HOR,GRU,0,18,0.0206451416015625,0.923828125
large,R-HOR,GRU,0,18,0.020782470703125,0.921875
large,R-HOR,GRU,0,18,0.020965576171875,0.919921875
large,R-HOR,GRU,0,18,0.0211334228515625,0.91796875
large,R-HOR,GRU,0,18,0.0214080810546875,0.916015625
large,R-HOR,GRU,0,18,0.021514892578125,0.9140625
large,R-HOR,GRU,0,18,0.021575927734375,0.912109375
large,R-HOR,GRU,0,18,0.021697998046875,0.91015625
large,R-HOR,GRU,0,18,0.021881103515625,0.908203125
large,R-HOR,GRU,0,18,0.0221099853515625,0.90625
large,R-HOR,GRU,0,18,0.022186279296875,0.904296875
large,R-HOR,GRU,0,18,0.0223236083984375,0.90234375
large,R-HOR,GRU,0,18,0.022430419921875,0.900390625
large,R-HOR,GRU,0,18,0.022552490234375,0.8984375
large,R-HOR,GRU,0,18,0.022735595703125,0.896484375
large,R-HOR,GRU,0,18,0.0229034423828125,0.89453125
large,R-HOR,GRU,0,18,0.022979736328125,0.892578125
large,R-HOR,GRU,0,18,0.0230865478515625,0.890625
large,R-HOR,GRU,0,18,0.0231781005859375,0.888671875
large,R-HOR,GRU,0,18,0.023284912109375,0.88671875
large,R-HOR,GRU,0,18,0.0234222412109375,0.884765625
large,R-HOR,GRU,0,18,0.0235137939453125,0.8828125
large,R-HOR,GRU,0,18,0.0236358642578125,0.880859375
large,R-HOR,GRU,0,18,0.02374267578125,0.87890625
large,R-HOR,GRU,0,18,0.0238800048828125,0.876953125
large,R-HOR,GRU,0,18,0.0239410400390625,0.875
large,R-HOR,GRU,0,18,0.0240936279296875,0.873046875
large,R-HOR,GRU,0,18,0.0242156982421875,0.87109375
large,R-HOR,GRU,0,18,0.0242919921875,0.869140625
large,R-HOR,GRU,0,18,0.0244140625,0.8671875
large,R-HOR,GRU,0,18,0.024505615234375,0.865234375
large,R-HOR,GRU,0,18,0.024627685546875,0.86328125
large,R-HOR,GRU,0,18,0.024749755859375,0.861328125
large,R-HOR,GRU,0,18,0.024871826171875,0.859375
large,R-HOR,GRU,0,18,0.0249786376953125,0.857421875
large,R-HOR,GRU,0,18,0.025054931640625,0.85546875
large,R-HOR,GRU,0,18,0.0251007080078125,0.853515625
large,R-HOR,GRU,0,18,0.02520751953125,0.8515625
large,R-HOR,GRU,0,18,0.025360107421875,0.849609375
large,R-HOR,GRU,0,18,0.025482177734375,0.84765625
large,R-HOR,GRU,0,18,0.0255584716796875,0.845703125
large,R-HOR,GRU,0,18,0.0256805419921875,0.84375
large,R-HOR,GRU,0,18,0.0257415771484375,0.841796875
large,R-HOR,GRU,0,18,0.02587890625,0.83984375
large,R-HOR,GRU,0,18,0.026123046875,0.837890625
large,R-HOR,GRU,0,18,0.0261993408203125,0.8359375
large,R-HOR,GRU,0,18,0.0262908935546875,0.833984375
large,R-HOR,GRU,0,18,0.0263671875,0.83203125
large,R-HOR,GRU,0,18,0.0264129638671875,0.830078125
large,R-HOR,GRU,0,18,0.0265045166015625,0.828125
large,R-HOR,GRU,0,18,0.02655029296875,0.826171875
large,R-HOR,GRU,0,18,0.0267181396484375,0.82421875
large,R-HOR,GRU,0,18,0.02685546875,0.822265625
large,R-HOR,GRU,0,18,0.0269927978515625,0.8203125
large,R-HOR,GRU,0,18,0.027130126953125,0.818359375
large,R-HOR,GRU,0,18,0.0272216796875,0.81640625
large,R-HOR,GRU,0,18,0.027313232421875,0.814453125
large,R-HOR,GRU,0,18,0.02740478515625,0.8125
large,R-HOR,GRU,0,18,0.0274505615234375,0.810546875
large,R-HOR,GRU,0,18,0.02752685546875,0.80859375
large,R-HOR,GRU,0,18,0.0276031494140625,0.806640625
large,R-HOR,GRU,0,18,0.0276641845703125,0.8046875
large,R-HOR,GRU,0,18,0.027740478515625,0.802734375
large,R-HOR,GRU,0,18,0.0277862548828125,0.80078125
large,R-HOR,GRU,0,18,0.02789306640625,0.798828125
large,R-HOR,GRU,0,18,0.0279693603515625,0.796875
large,R-HOR,GRU,0,18,0.0280303955078125,0.794921875
large,R-HOR,GRU,0,18,0.02813720703125,0.79296875
large,R-HOR,GRU,0,18,0.0282440185546875,0.791015625
large,R-HOR,GRU,0,18,0.0283050537109375,0.7890625
large,R-HOR,GRU,0,18,0.02838134765625,0.787109375
large,R-HOR,GRU,0,18,0.0284576416015625,0.78515625
large,R-HOR,GRU,0,18,0.028594970703125,0.783203125
large,R-HOR,GRU,0,18,0.0286865234375,0.78125
large,R-HOR,GRU,0,18,0.028778076171875,0.779296875
large,R-HOR,GRU,0,18,0.0288238525390625,0.77734375
large,R-HOR,GRU,0,18,0.028961181640625,0.775390625
large,R-HOR,GRU,0,18,0.0290679931640625,0.7734375
large,R-HOR,GRU,0,18,0.029144287109375,0.771484375
large,R-HOR,GRU,0,18,0.0291748046875,0.76953125
large,R-HOR,GRU,0,18,0.0292816162109375,0.767578125
large,R-HOR,GRU,0,18,0.029388427734375,0.765625
large,R-HOR,GRU,0,18,0.02947998046875,0.763671875
large,R-HOR,GRU,0,18,0.029541015625,0.76171875
large,R-HOR,GRU,0,18,0.029632568359375,0.759765625
large,R-HOR,GRU,0,18,0.0297088623046875,0.7578125
large,R-HOR,GRU,0,18,0.0297698974609375,0.755859375
large,R-HOR,GRU,0,18,0.029876708984375,0.75390625
large,R-HOR,GRU,0,18,0.02996826171875,0.751953125
large,R-HOR,GRU,0,18,0.030181884765625,0.75
large,R-HOR,GRU,0,18,0.0303192138671875,0.748046875
large,R-HOR,GRU,0,18,0.0303955078125,0.74609375
large,R-HOR,GRU,0,18,0.030548095703125,0.744140625
large,R-HOR,GRU,0,18,0.030609130859375,0.7421875
large,R-HOR,GRU,0,18,0.030670166015625,0.740234375
large,R-HOR,GRU,0,18,0.03070068359375,0.73828125
large,R-HOR,GRU,0,18,0.030792236328125,0.736328125
large,R-HOR,GRU,0,18,0.030853271484375,0.734375
large,R-HOR,GRU,0,18,0.03094482421875,0.732421875
large,R-HOR,GRU,0,18,0.031005859375,0.73046875
large,R-HOR,GRU,0,18,0.0310821533203125,0.728515625
large,R-HOR,GRU,0,18,0.0311431884765625,0.7265625
large,R-HOR,GRU,0,18,0.031280517578125,0.724609375
large,R-HOR,GRU,0,18,0.031341552734375,0.72265625
large,R-HOR,GRU,0,18,0.031463623046875,0.720703125
large,R-HOR,GRU,0,18,0.031524658203125,0.71875
large,R-HOR,GRU,0,18,0.03155517578125,0.716796875
large,R-HOR,GRU,0,18,0.031646728515625,0.71484375
large,R-HOR,GRU,0,18,0.03167724609375,0.712890625
large,R-HOR,GRU,0,18,0.03173828125,0.7109375
large,R-HOR,GRU,0,18,0.031829833984375,0.708984375
large,R-HOR,GRU,0,18,0.03192138671875,0.70703125
large,R-HOR,GRU,0,18,0.031951904296875,0.705078125
large,R-HOR,GRU,0,18,0.032073974609375,0.703125
large,R-HOR,GRU,0,18,0.03216552734375,0.701171875
large,R-HOR,GRU,0,18,0.032257080078125,0.69921875
large,R-HOR,GRU,0,18,0.032318115234375,0.697265625
large,R-HOR,GRU,0,18,0.032379150390625,0.6953125
large,R-HOR,GRU,0,18,0.032440185546875,0.693359375
large,R-HOR,GRU,0,18,0.032501220703125,0.69140625
large,R-HOR,GRU,0,18,0.032562255859375,0.689453125
large,R-HOR,GRU,0,18,0.0325927734375,0.6875
large,R-HOR,GRU,0,18,0.032684326171875,0.685546875
large,R-HOR,GRU,0,18,0.03277587890625,0.68359375
large,R-HOR,GRU,0,18,0.0328369140625,0.681640625
large,R-HOR,GRU,0,18,0.03289794921875,0.6796875
large,R-HOR,GRU,0,18,0.032958984375,0.677734375
large,R-HOR,GRU,0,18,0.0330810546875,0.67578125
large,R-HOR,GRU,0,18,0.033172607421875,0.673828125
large,R-HOR,GRU,0,18,0.033294677734375,0.671875
large,R-HOR,GRU,0,18,0.033355712890625,0.669921875
large,R-HOR,GRU,0,18,0.03338623046875,0.66796875
large,R-HOR,GRU,0,18,0.033477783203125,0.666015625
large,R-HOR,GRU,0,18,0.03350830078125,0.6640625
large,R-HOR,GRU,0,18,0.033538818359375,0.662109375
large,R-HOR,GRU,0,18,0.033599853515625,0.66015625
large,R-HOR,GRU,0,18,0.033660888671875,0.658203125
large,R-HOR,GRU,0,18,0.03369140625,0.65625
large,R-HOR,GRU,0,18,0.033782958984375,0.654296875
large,R-HOR,GRU,0,18,0.03387451171875,0.65234375
large,R-HOR,GRU,0,18,0.033935546875,0.650390625
large,R-HOR,GRU,0,18,0.0340576171875,0.6484375
large,R-HOR,GRU,0,18,0.03411865234375,0.646484375
large,R-HOR,GRU,0,18,0.03424072265625,0.64453125
large,R-HOR,GRU,0,18,0.0343017578125,0.642578125
large,R-HOR,GRU,0,18,0.03436279296875,0.640625
large,R-HOR,GRU,0,18,0.034423828125,0.638671875
large,R-HOR,GRU,0,18,0.03448486328125,0.63671875
large,R-HOR,GRU,0,18,0.0345458984375,0.634765625
large,R-HOR,GRU,0,18,0.03460693359375,0.6328125
large,R-HOR,GRU,0,18,0.03472900390625,0.630859375
large,R-HOR,GRU,0,18,0.034759521484375,0.62890625
large,R-HOR,GRU,0,18,0.034820556640625,0.626953125
large,R-HOR,GRU,0,18,0.03485107421875,0.625
large,R-HOR,GRU,0,18,0.034912109375,0.623046875
large,R-HOR,GRU,0,18,0.03497314453125,0.62109375
large,R-HOR,GRU,0,18,0.035003662109375,0.619140625
large,R-HOR,GRU,0,18,0.03509521484375,0.6171875
large,R-HOR,GRU,0,18,0.035125732421875,0.615234375
large,R-HOR,GRU,0,18,0.03515625,0.61328125
large,R-HOR,GRU,0,18,0.03521728515625,0.611328125
large,R-HOR,GRU,0,18,0.0352783203125,0.609375
large,R-HOR,GRU,0,18,0.03533935546875,0.607421875
large,R-HOR,GRU,0,18,0.035369873046875,0.60546875
large,R-HOR,GRU,0,18,0.035400390625,0.603515625
large,R-HOR,GRU,0,18,0.035430908203125,0.6015625
large,R-HOR,GRU,0,18,0.0355224609375,0.599609375
large,R-HOR,GRU,0,18,0.035552978515625,0.59765625
large,R-HOR,GRU,0,18,0.03558349609375,0.595703125
large,R-HOR,GRU,0,18,0.03564453125,0.59375
large,R-HOR,GRU,0,18,0.035736083984375,0.591796875
large,R-HOR,GRU,0,18,0.0357666015625,0.58984375
large,R-HOR,GRU,0,18,0.035797119140625,0.587890625
large,R-HOR,GRU,0,18,0.035888671875,0.5859375
large,R-HOR,GRU,0,18,0.03594970703125,0.583984375
large,R-HOR,GRU,0,18,0.035980224609375,0.58203125
large,R-HOR,GRU,0,18,0.0360107421875,0.580078125
large,R-HOR,GRU,0,18,0.036102294921875,0.578125
large,R-HOR,GRU,0,18,0.036163330078125,0.576171875
large,R-HOR,GRU,0,18,0.03619384765625,0.57421875
large,R-HOR,GRU,0,18,0.0362548828125,0.572265625
large,R-HOR,GRU,0,18,0.036285400390625,0.5703125
large,R-HOR,GRU,0,18,0.036346435546875,0.568359375
large,R-HOR,GRU,0,18,0.036407470703125,0.56640625
large,R-HOR,GRU,0,18,0.0364990234375,0.564453125
large,R-HOR,GRU,0,18,0.036529541015625,0.5625
large,R-HOR,GRU,0,18,0.036590576171875,0.560546875
large,R-HOR,GRU,0,18,0.03662109375,0.55859375
large,R-HOR,GRU,0,18,0.03668212890625,0.556640625
large,R-HOR,GRU,0,18,0.0367431640625,0.5546875
large,R-HOR,GRU,0,18,0.036773681640625,0.552734375
large,R-HOR,GRU,0,18,0.036834716796875,0.55078125
large,R-HOR,GRU,0,18,0.036865234375,0.548828125
large,R-HOR,GRU,0,18,0.03692626953125,0.546875
large,R-HOR,GRU,0,18,0.036956787109375,0.544921875
large,R-HOR,GRU,0,18,0.037017822265625,0.54296875
large,R-HOR,GRU,0,18,0.03704833984375,0.541015625
large,R-HOR,GRU,0,18,0.037078857421875,0.5390625
large,R-HOR,GRU,0,18,0.037139892578125,0.537109375
large,R-HOR,GRU,0,18,0.037200927734375,0.53515625
large,R-HOR,GRU,0,18,0.03729248046875,0.533203125
large,R-HOR,GRU,0,18,0.037384033203125,0.53125
large,R-HOR,GRU,0,18,0.037445068359375,0.529296875
large,R-HOR,GRU,0,18,0.03753662109375,0.52734375
large,R-HOR,GRU,0,18,0.03759765625,0.525390625
large,R-HOR,GRU,0,18,0.037689208984375,0.5234375
large,R-HOR,GRU,0,18,0.0377197265625,0.521484375
large,R-HOR,GRU,0,18,0.03778076171875,0.51953125
large,R-HOR,GRU,0,18,0.037872314453125,0.517578125
large,R-HOR,GRU,0,18,0.03790283203125,0.515625
large,R-HOR,GRU,0,18,0.037933349609375,0.513671875
large,R-HOR,GRU,0,18,0.03802490234375,0.51171875
large,R-HOR,GRU,0,18,0.038055419921875,0.509765625
large,R-HOR,GRU,0,18,0.038177490234375,0.5078125
large,R-HOR,GRU,0,18,0.0382080078125,0.505859375
large,R-HOR,GRU,0,18,0.03826904296875,0.50390625
large,R-HOR,GRU,0,18,0.038330078125,0.501953125
large,R-HOR,GRU,0,18,0.038330078125,0.5
large,R-HOR,GRU,0,18,0.03839111328125,0.498046875
large,R-HOR,GRU,0,18,0.0384521484375,0.49609375
large,R-HOR,GRU,0,18,0.03851318359375,0.494140625
large,R-HOR,GRU,0,18,0.038543701171875,0.4921875
large,R-HOR,GRU,0,18,0.03857421875,0.490234375
large,R-HOR,GRU,0,18,0.038665771484375,0.48828125
large,R-HOR,GRU,0,18,0.0386962890625,0.486328125
large,R-HOR,GRU,0,18,0.03875732421875,0.484375
large,R-HOR,GRU,0,18,0.038787841796875,0.482421875
large,R-HOR,GRU,0,18,0.038848876953125,0.48046875
large,R-HOR,GRU,0,18,0.03887939453125,0.478515625
large,R-HOR,GRU,0,18,0.0389404296875,0.4765625
large,R-HOR,GRU,0,18,0.03900146484375,0.474609375
large,R-HOR,GRU,0,18,0.0390625,0.47265625
large,R-HOR,GRU,0,18,0.03912353515625,0.470703125
large,R-HOR,GRU,0,18,0.039154052734375,0.46875
large,R-HOR,GRU,0,18,0.039215087890625,0.466796875
large,R-HOR,GRU,0,18,0.03924560546875,0.46484375
large,R-HOR,GRU,0,18,0.039306640625,0.462890625
large,R-HOR,GRU,0,18,0.03936767578125,0.4609375
large,R-HOR,GRU,0,18,0.039398193359375,0.458984375
large,R-HOR,GRU,0,18,0.039459228515625,0.45703125
large,R-HOR,GRU,0,18,0.03955078125,0.455078125
large,R-HOR,GRU,0,18,0.039581298828125,0.453125
large,R-HOR,GRU,0,18,0.039642333984375,0.451171875
large,R-HOR,GRU,0,18,0.039703369140625,0.44921875
large,R-HOR,GRU,0,18,0.039764404296875,0.447265625
large,R-HOR,GRU,0,18,0.039825439453125,0.4453125
large,R-HOR,GRU,0,18,0.039886474609375,0.443359375
large,R-HOR,GRU,0,18,0.03997802734375,0.44140625
large,R-HOR,GRU,0,18,0.040008544921875,0.439453125
large,R-HOR,GRU,0,18,0.04010009765625,0.4375
large,R-HOR,GRU,0,18,0.040130615234375,0.435546875
large,R-HOR,GRU,0,18,0.0401611328125,0.43359375
large,R-HOR,GRU,0,18,0.04022216796875,0.431640625
large,R-HOR,GRU,0,18,0.040283203125,0.4296875
large,R-HOR,GRU,0,18,0.040313720703125,0.427734375
large,R-HOR,GRU,0,18,0.040374755859375,0.42578125
large,R-HOR,GRU,0,18,0.040435791015625,0.423828125
large,R-HOR,GRU,0,18,0.040496826171875,0.421875
large,R-HOR,GRU,0,18,0.04052734375,0.419921875
large,R-HOR,GRU,0,18,0.040618896484375,0.41796875
large,R-HOR,GRU,0,18,0.0406494140625,0.416015625
large,R-HOR,GRU,0,18,0.04071044921875,0.4140625
large,R-HOR,GRU,0,18,0.04071044921875,0.412109375
large,R-HOR,GRU,0,18,0.040771484375,0.41015625
large,R-HOR,GRU,0,18,0.04083251953125,0.408203125
large,R-HOR,GRU,0,18,0.040924072265625,0.40625
large,R-HOR,GRU,0,18,0.04095458984375,0.404296875
large,R-HOR,GRU,0,18,0.041015625,0.40234375
large,R-HOR,GRU,0,18,0.041046142578125,0.400390625
large,R-HOR,GRU,0,18,0.041107177734375,0.3984375
large,R-HOR,GRU,0,18,0.0411376953125,0.396484375
large,R-HOR,GRU,0,18,0.04119873046875,0.39453125
large,R-HOR,GRU,0,18,0.041290283203125,0.392578125
large,R-HOR,GRU,0,18,0.04132080078125,0.390625
large,R-HOR,GRU,0,18,0.041351318359375,0.388671875
large,R-HOR,GRU,0,18,0.041412353515625,0.38671875
large,R-HOR,GRU,0,18,0.04144287109375,0.384765625
large,R-HOR,GRU,0,18,0.04150390625,0.3828125
large,R-HOR,GRU,0,18,0.041534423828125,0.380859375
large,R-HOR,GRU,0,18,0.041595458984375,0.37890625
large,R-HOR,GRU,0,18,0.0416259765625,0.376953125
large,R-HOR,GRU,0,18,0.04168701171875,0.375
large,R-HOR,GRU,0,18,0.041748046875,0.373046875
large,R-HOR,GRU,0,18,0.041778564453125,0.37109375
large,R-HOR,GRU,0,18,0.04180908203125,0.369140625
large,R-HOR,GRU,0,18,0.0418701171875,0.3671875
large,R-HOR,GRU,0,18,0.041961669921875,0.365234375
large,R-HOR,GRU,0,18,0.042022705078125,0.36328125
large,R-HOR,GRU,0,18,0.042083740234375,0.361328125
large,R-HOR,GRU,0,18,0.042144775390625,0.359375
large,R-HOR,GRU,0,18,0.042144775390625,0.357421875
large,R-HOR,GRU,0,18,0.042205810546875,0.35546875
large,R-HOR,GRU,0,18,0.042266845703125,0.353515625
large,R-HOR,GRU,0,18,0.0423583984375,0.3515625
large,R-HOR,GRU,0,18,0.04241943359375,0.349609375
large,R-HOR,GRU,0,18,0.042510986328125,0.34765625
large,R-HOR,GRU,0,18,0.04254150390625,0.345703125
large,R-HOR,GRU,0,18,0.042572021484375,0.34375
large,R-HOR,GRU,0,18,0.0426025390625,0.341796875
large,R-HOR,GRU,0,18,0.04266357421875,0.33984375
large,R-HOR,GRU,0,18,0.042694091796875,0.337890625
large,R-HOR,GRU,0,18,0.04278564453125,0.3359375
large,R-HOR,GRU,0,18,0.0428466796875,0.333984375
large,R-HOR,GRU,0,18,0.042877197265625,0.33203125
large,R-HOR,GRU,0,18,0.04290771484375,0.330078125
large,R-HOR,GRU,0,18,0.04296875,0.328125
large,R-HOR,GRU,0,18,0.042999267578125,0.326171875
large,R-HOR,GRU,0,18,0.0430908203125,0.32421875
large,R-HOR,GRU,0,18,0.043121337890625,0.322265625
large,R-HOR,GRU,0,18,0.04315185546875,0.3203125
large,R-HOR,GRU,0,18,0.04327392578125,0.318359375
large,R-HOR,GRU,0,18,0.043304443359375,0.31640625
large,R-HOR,GRU,0,18,0.04339599609375,0.314453125
large,R-HOR,GRU,0,18,0.043426513671875,0.3125
large,R-HOR,GRU,0,18,0.04345703125,0.310546875
large,R-HOR,GRU,0,18,0.043548583984375,0.30859375
large,R-HOR,GRU,0,18,0.043548583984375,0.306640625
large,R-HOR,GRU,0,18,0.043609619140625,0.3046875
large,R-HOR,GRU,0,18,0.043701171875,0.302734375
large,R-HOR,GRU,0,18,0.04376220703125,0.30078125
large,R-HOR,GRU,0,18,0.043792724609375,0.298828125
large,R-HOR,GRU,0,18,0.0438232421875,0.296875
large,R-HOR,GRU,0,18,0.043853759765625,0.294921875
large,R-HOR,GRU,0,18,0.043914794921875,0.29296875
large,R-HOR,GRU,0,18,0.04400634765625,0.291015625
large,R-HOR,GRU,0,18,0.044036865234375,0.2890625
large,R-HOR,GRU,0,18,0.044097900390625,0.287109375
large,R-HOR,GRU,0,18,0.04412841796875,0.28515625
large,R-HOR,GRU,0,18,0.044189453125,0.283203125
large,R-HOR,GRU,0,18,0.04425048828125,0.28125
large,R-HOR,GRU,0,18,0.044281005859375,0.279296875
large,R-HOR,GRU,0,18,0.044342041015625,0.27734375
large,R-HOR,GRU,0,18,0.04437255859375,0.275390625
large,R-HOR,GRU,0,18,0.04449462890625,0.2734375
large,R-HOR,GRU,0,18,0.044525146484375,0.271484375
large,R-HOR,GRU,0,18,0.0445556640625,0.26953125
large,R-HOR,GRU,0,18,0.04461669921875,0.267578125
large,R-HOR,GRU,0,18,0.044708251953125,0.265625
large,R-HOR,GRU,0,18,0.044769287109375,0.263671875
large,R-HOR,GRU,0,18,0.044830322265625,0.26171875
large,R-HOR,GRU,0,18,0.04486083984375,0.259765625
large,R-HOR,GRU,0,18,0.044952392578125,0.2578125
large,R-HOR,GRU,0,18,0.0450439453125,0.255859375
large,R-HOR,GRU,0,18,0.045074462890625,0.25390625
large,R-HOR,GRU,0,18,0.04522705078125,0.251953125
large,R-HOR,GRU,0,18,0.045257568359375,0.25
large,R-HOR,GRU,0,18,0.045318603515625,0.248046875
large,R-HOR,GRU,0,18,0.045379638671875,0.24609375
large,R-HOR,GRU,0,18,0.045440673828125,0.244140625
large,R-HOR,GRU,0,18,0.04547119140625,0.2421875
large,R-HOR,GRU,0,18,0.0455322265625,0.240234375
large,R-HOR,GRU,0,18,0.045562744140625,0.23828125
large,R-HOR,GRU,0,18,0.045623779296875,0.236328125
large,R-HOR,GRU,0,18,0.045684814453125,0.234375
large,R-HOR,GRU,0,18,0.045745849609375,0.232421875
large,R-HOR,GRU,0,18,0.0457763671875,0.23046875
large,R-HOR,GRU,0,18,0.045806884765625,0.228515625
large,R-HOR,GRU,0,18,0.045867919921875,0.2265625
large,R-HOR,GRU,0,18,0.04595947265625,0.224609375
large,R-HOR,GRU,0,18,0.045989990234375,0.22265625
large,R-HOR,GRU,0,18,0.046051025390625,0.220703125
large,R-HOR,GRU,0,18,0.046112060546875,0.21875
large,R-HOR,GRU,0,18,0.046142578125,0.216796875
large,R-HOR,GRU,0,18,0.046234130859375,0.21484375
large,R-HOR,GRU,0,18,0.0462646484375,0.212890625
large,R-HOR,GRU,0,18,0.04632568359375,0.2109375
large,R-HOR,GRU,0,18,0.04644775390625,0.208984375
large,R-HOR,GRU,0,18,0.046539306640625,0.20703125
large,R-HOR,GRU,0,18,0.046600341796875,0.205078125
large,R-HOR,GRU,0,18,0.04669189453125,0.203125
large,R-HOR,GRU,0,18,0.0467529296875,0.201171875
large,R-HOR,GRU,0,18,0.046783447265625,0.19921875
large,R-HOR,GRU,0,18,0.046844482421875,0.197265625
large,R-HOR,GRU,0,18,0.046875,0.1953125
large,R-HOR,GRU,0,18,0.046905517578125,0.193359375
large,R-HOR,GRU,0,18,0.04693603515625,0.19140625
large,R-HOR,GRU,0,18,0.0469970703125,0.189453125
large,R-HOR,GRU,0,18,0.047027587890625,0.1875
large,R-HOR,GRU,0,18,0.047119140625,0.185546875
large,R-HOR,GRU,0,18,0.0472412109375,0.18359375
large,R-HOR,GRU,0,18,0.04730224609375,0.181640625
large,R-HOR,GRU,0,18,0.047332763671875,0.1796875
large,R-HOR,GRU,0,18,0.04736328125,0.177734375
large,R-HOR,GRU,0,18,0.047454833984375,0.17578125
large,R-HOR,GRU,0,18,0.047515869140625,0.173828125
large,R-HOR,GRU,0,18,0.047607421875,0.171875
large,R-HOR,GRU,0,18,0.047637939453125,0.169921875
large,R-HOR,GRU,0,18,0.0477294921875,0.16796875
large,R-HOR,GRU,0,18,0.047821044921875,0.166015625
large,R-HOR,GRU,0,18,0.047882080078125,0.1640625
large,R-HOR,GRU,0,18,0.047943115234375,0.162109375
large,R-HOR,GRU,0,18,0.048004150390625,0.16015625
large,R-HOR,GRU,0,18,0.048065185546875,0.158203125
large,R-HOR,GRU,0,18,0.048095703125,0.15625
large,R-HOR,GRU,0,18,0.048187255859375,0.154296875
large,R-HOR,GRU,0,18,0.048248291015625,0.15234375
large,R-HOR,GRU,0,18,0.048309326171875,0.150390625
large,R-HOR,GRU,0,18,0.04840087890625,0.1484375
large,R-HOR,GRU,0,18,0.0484619140625,0.146484375
large,R-HOR,GRU,0,18,0.048583984375,0.14453125
large,R-HOR,GRU,0,18,0.048675537109375,0.142578125
large,R-HOR,GRU,0,18,0.0487060546875,0.140625
large,R-HOR,GRU,0,18,0.04876708984375,0.138671875
large,R-HOR,GRU,0,18,0.048858642578125,0.13671875
large,R-HOR,GRU,0,18,0.048980712890625,0.134765625
large,R-HOR,GRU,0,18,0.049041748046875,0.1328125
large,R-HOR,GRU,0,18,0.049102783203125,0.130859375
large,R-HOR,GRU,0,18,0.049163818359375,0.12890625
large,R-HOR,GRU,0,18,0.04925537109375,0.126953125
large,R-HOR,GRU,0,18,0.049285888671875,0.125
large,R-HOR,GRU,0,18,0.0494384765625,0.123046875
large,R-HOR,GRU,0,18,0.04949951171875,0.12109375
large,R-HOR,GRU,0,18,0.04962158203125,0.119140625
large,R-HOR,GRU,0,18,0.049713134765625,0.1171875
large,R-HOR,GRU,0,18,0.049774169921875,0.115234375
large,R-HOR,GRU,0,18,0.04986572265625,0.11328125
large,R-HOR,GRU,0,18,0.049957275390625,0.111328125
large,R-HOR,GRU,0,18,0.050018310546875,0.109375
large,R-HOR,GRU,0,18,0.050079345703125,0.107421875
large,R-HOR,GRU,0,18,0.050201416015625,0.10546875
large,R-HOR,GRU,0,18,0.050262451171875,0.103515625
large,R-HOR,GRU,0,18,0.0504150390625,0.1015625
large,R-HOR,GRU,0,18,0.050445556640625,0.099609375
large,R-HOR,GRU,0,18,0.05059814453125,0.09765625
large,R-HOR,GRU,0,18,0.0506591796875,0.095703125
large,R-HOR,GRU,0,18,0.050750732421875,0.09375
large,R-HOR,GRU,0,18,0.050933837890625,0.091796875
large,R-HOR,GRU,0,18,0.051025390625,0.08984375
large,R-HOR,GRU,0,18,0.051116943359375,0.087890625
large,R-HOR,GRU,0,18,0.05120849609375,0.0859375
large,R-HOR,GRU,0,18,0.051422119140625,0.083984375
large,R-HOR,GRU,0,18,0.051513671875,0.08203125
large,R-HOR,GRU,0,18,0.051666259765625,0.080078125
large,R-HOR,GRU,0,18,0.051849365234375,0.078125
large,R-HOR,GRU,0,18,0.052001953125,0.076171875
large,R-HOR,GRU,0,18,0.05206298828125,0.07421875
large,R-HOR,GRU,0,18,0.052215576171875,0.072265625
large,R-HOR,GRU,0,18,0.05230712890625,0.0703125
large,R-HOR,GRU,0,18,0.052490234375,0.068359375
large,R-HOR,GRU,0,18,0.05267333984375,0.06640625
large,R-HOR,GRU,0,18,0.052825927734375,0.064453125
large,R-HOR,GRU,0,18,0.05291748046875,0.0625
large,R-HOR,GRU,0,18,0.05303955078125,0.060546875
large,R-HOR,GRU,0,18,0.05316162109375,0.05859375
large,R-HOR,GRU,0,18,0.053314208984375,0.056640625
large,R-HOR,GRU,0,18,0.05340576171875,0.0546875
large,R-HOR,GRU,0,18,0.053619384765625,0.052734375
large,R-HOR,GRU,0,18,0.0537109375,0.05078125
large,R-HOR,GRU,0,18,0.05389404296875,0.048828125
large,R-HOR,GRU,0,18,0.053985595703125,0.046875
large,R-HOR,GRU,0,18,0.05426025390625,0.044921875
large,R-HOR,GRU,0,18,0.054443359375,0.04296875
large,R-HOR,GRU,0,18,0.0545654296875,0.041015625
large,R-HOR,GRU,0,18,0.0548095703125,0.0390625
large,R-HOR,GRU,0,18,0.05499267578125,0.037109375
large,R-HOR,GRU,0,18,0.055328369140625,0.03515625
large,R-HOR,GRU,0,18,0.055694580078125,0.033203125
large,R-HOR,GRU,0,18,0.05609130859375,0.03125
large,R-HOR,GRU,0,18,0.05621337890625,0.029296875
large,R-HOR,GRU,0,18,0.05633544921875,0.02734375
large,R-HOR,GRU,0,18,0.056640625,0.025390625
large,R-HOR,GRU,0,18,0.05712890625,0.0234375
large,R-HOR,GRU,0,18,0.057830810546875,0.021484375
large,R-HOR,GRU,0,18,0.0584716796875,0.01953125
large,R-HOR,GRU,0,18,0.058929443359375,0.017578125
large,R-HOR,GRU,0,18,0.059783935546875,0.015625
large,R-HOR,GRU,0,18,0.06036376953125,0.013671875
large,R-HOR,GRU,0,18,0.061676025390625,0.01171875
large,R-HOR,GRU,0,18,0.0626220703125,0.009765625
large,R-HOR,GRU,0,18,0.06414794921875,0.0078125
large,R-HOR,GRU,0,18,0.06561279296875,0.005859375
large,R-HOR,GRU,0,18,0.06817626953125,0.00390625
large,R-HOR,GRU,0,18,0.07159423828125,0.001953125
large,R-HOR,GRU,0,37,0.00777435302734375,1.0
large,R-HOR,GRU,0,37,0.011566162109375,0.998046875
large,R-HOR,GRU,0,37,0.01291656494140625,0.99609375
large,R-HOR,GRU,0,37,0.0132293701171875,0.994140625
large,R-HOR,GRU,0,37,0.0136871337890625,0.9921875
large,R-HOR,GRU,0,37,0.01419830322265625,0.990234375
large,R-HOR,GRU,0,37,0.01497650146484375,0.98828125
large,R-HOR,GRU,0,37,0.01519012451171875,0.986328125
large,R-HOR,GRU,0,37,0.0154876708984375,0.984375
large,R-HOR,GRU,0,37,0.01568603515625,0.982421875
large,R-HOR,GRU,0,37,0.01605224609375,0.98046875
large,R-HOR,GRU,0,37,0.0165863037109375,0.978515625
large,R-HOR,GRU,0,37,0.0168914794921875,0.9765625
large,R-HOR,GRU,0,37,0.0171661376953125,0.974609375
large,R-HOR,GRU,0,37,0.01727294921875,0.97265625
large,R-HOR,GRU,0,37,0.0174713134765625,0.970703125
large,R-HOR,GRU,0,37,0.017608642578125,0.96875
large,R-HOR,GRU,0,37,0.0178680419921875,0.966796875
large,R-HOR,GRU,0,37,0.01812744140625,0.96484375
large,R-HOR,GRU,0,37,0.0182647705078125,0.962890625
large,R-HOR,GRU,0,37,0.01837158203125,0.9609375
large,R-HOR,GRU,0,37,0.018585205078125,0.958984375
large,R-HOR,GRU,0,37,0.018707275390625,0.95703125
large,R-HOR,GRU,0,37,0.01885986328125,0.955078125
large,R-HOR,GRU,0,37,0.0191497802734375,0.953125
large,R-HOR,GRU,0,37,0.0192718505859375,0.951171875
large,R-HOR,GRU,0,37,0.0195159912109375,0.94921875
large,R-HOR,GRU,0,37,0.019683837890625,0.947265625
large,R-HOR,GRU,0,37,0.0198211669921875,0.9453125
large,R-HOR,GRU,0,37,0.0200347900390625,0.943359375
large,R-HOR,GRU,0,37,0.02020263671875,0.94140625
large,R-HOR,GRU,0,37,0.020263671875,0.939453125
large,R-HOR,GRU,0,37,0.02032470703125,0.9375
large,R-HOR,GRU,0,37,0.0205078125,0.935546875
large,R-HOR,GRU,0,37,0.0206146240234375,0.93359375
large,R-HOR,GRU,0,37,0.02081298828125,0.931640625
large,R-HOR,GRU,0,37,0.0209808349609375,0.9296875
large,R-HOR,GRU,0,37,0.02117919921875,0.927734375
large,R-HOR,GRU,0,37,0.0214080810546875,0.92578125
large,R-HOR,GRU,0,37,0.02154541015625,0.923828125
large,R-HOR,GRU,0,37,0.021697998046875,0.921875
large,R-HOR,GRU,0,37,0.021881103515625,0.919921875
large,R-HOR,GRU,0,37,0.0220184326171875,0.91796875
large,R-HOR,GRU,0,37,0.0220947265625,0.916015625
large,R-HOR,GRU,0,37,0.022247314453125,0.9140625
large,R-HOR,GRU,0,37,0.0223388671875,0.912109375
large,R-HOR,GRU,0,37,0.0224456787109375,0.91015625
large,R-HOR,GRU,0,37,0.02252197265625,0.908203125
large,R-HOR,GRU,0,37,0.02276611328125,0.90625
large,R-HOR,GRU,0,37,0.022918701171875,0.904296875
large,R-HOR,GRU,0,37,0.0230255126953125,0.90234375
large,R-HOR,GRU,0,37,0.023101806640625,0.900390625
large,R-HOR,GRU,0,37,0.023284912109375,0.8984375
large,R-HOR,GRU,0,37,0.0233612060546875,0.896484375
large,R-HOR,GRU,0,37,0.0234527587890625,0.89453125
large,R-HOR,GRU,0,37,0.0236053466796875,0.892578125
large,R-HOR,GRU,0,37,0.023712158203125,0.890625
large,R-HOR,GRU,0,37,0.0238189697265625,0.888671875
large,R-HOR,GRU,0,37,0.02392578125,0.88671875
large,R-HOR,GRU,0,37,0.0240478515625,0.884765625
large,R-HOR,GRU,0,37,0.024169921875,0.8828125
large,R-HOR,GRU,0,37,0.024261474609375,0.880859375
large,R-HOR,GRU,0,37,0.02435302734375,0.87890625
large,R-HOR,GRU,0,37,0.0244140625,0.876953125
large,R-HOR,GRU,0,37,0.024505615234375,0.875
large,R-HOR,GRU,0,37,0.024627685546875,0.873046875
large,R-HOR,GRU,0,37,0.02471923828125,0.87109375
large,R-HOR,GRU,0,37,0.024871826171875,0.869140625
large,R-HOR,GRU,0,37,0.0249481201171875,0.8671875
large,R-HOR,GRU,0,37,0.025054931640625,0.865234375
large,R-HOR,GRU,0,37,0.025146484375,0.86328125
large,R-HOR,GRU,0,37,0.02520751953125,0.861328125
large,R-HOR,GRU,0,37,0.02532958984375,0.859375
large,R-HOR,GRU,0,37,0.0254974365234375,0.857421875
large,R-HOR,GRU,0,37,0.025543212890625,0.85546875
large,R-HOR,GRU,0,37,0.0256805419921875,0.853515625
large,R-HOR,GRU,0,37,0.0257568359375,0.8515625
large,R-HOR,GRU,0,37,0.0258636474609375,0.849609375
large,R-HOR,GRU,0,37,0.0259246826171875,0.84765625
large,R-HOR,GRU,0,37,0.025970458984375,0.845703125
large,R-HOR,GRU,0,37,0.026123046875,0.84375
large,R-HOR,GRU,0,37,0.0262451171875,0.841796875
large,R-HOR,GRU,0,37,0.026336669921875,0.83984375
large,R-HOR,GRU,0,37,0.026397705078125,0.837890625
large,R-HOR,GRU,0,37,0.0265350341796875,0.8359375
large,R-HOR,GRU,0,37,0.026580810546875,0.833984375
large,R-HOR,GRU,0,37,0.0266265869140625,0.83203125
large,R-HOR,GRU,0,37,0.0267486572265625,0.830078125
large,R-HOR,GRU,0,37,0.0268096923828125,0.828125
large,R-HOR,GRU,0,37,0.0269317626953125,0.826171875
large,R-HOR,GRU,0,37,0.0269775390625,0.82421875
large,R-HOR,GRU,0,37,0.027069091796875,0.822265625
large,R-HOR,GRU,0,37,0.02716064453125,0.8203125
large,R-HOR,GRU,0,37,0.0272674560546875,0.818359375
large,R-HOR,GRU,0,37,0.0273895263671875,0.81640625
large,R-HOR,GRU,0,37,0.027435302734375,0.814453125
large,R-HOR,GRU,0,37,0.0275726318359375,0.8125
large,R-HOR,GRU,0,37,0.0276947021484375,0.810546875
large,R-HOR,GRU,0,37,0.0277862548828125,0.80859375
large,R-HOR,GRU,0,37,0.027862548828125,0.806640625
large,R-HOR,GRU,0,37,0.0279693603515625,0.8046875
large,R-HOR,GRU,0,37,0.0280914306640625,0.802734375
large,R-HOR,GRU,0,37,0.0282135009765625,0.80078125
large,R-HOR,GRU,0,37,0.0283050537109375,0.798828125
large,R-HOR,GRU,0,37,0.0283660888671875,0.796875
large,R-HOR,GRU,0,37,0.0285186767578125,0.794921875
large,R-HOR,GRU,0,37,0.0286102294921875,0.79296875
large,R-HOR,GRU,0,37,0.0287628173828125,0.791015625
large,R-HOR,GRU,0,37,0.028839111328125,0.7890625
large,R-HOR,GRU,0,37,0.0289459228515625,0.787109375
large,R-HOR,GRU,0,37,0.029052734375,0.78515625
large,R-HOR,GRU,0,37,0.0290985107421875,0.783203125
large,R-HOR,GRU,0,37,0.029205322265625,0.78125
large,R-HOR,GRU,0,37,0.029296875,0.779296875
large,R-HOR,GRU,0,37,0.0294189453125,0.77734375
large,R-HOR,GRU,0,37,0.02947998046875,0.775390625
large,R-HOR,GRU,0,37,0.0295867919921875,0.7734375
large,R-HOR,GRU,0,37,0.0296630859375,0.771484375
large,R-HOR,GRU,0,37,0.0296783447265625,0.76953125
large,R-HOR,GRU,0,37,0.0297393798828125,0.767578125
large,R-HOR,GRU,0,37,0.029815673828125,0.765625
large,R-HOR,GRU,0,37,0.0299072265625,0.763671875
large,R-HOR,GRU,0,37,0.0299835205078125,0.76171875
large,R-HOR,GRU,0,37,0.0300445556640625,0.759765625
large,R-HOR,GRU,0,37,0.030120849609375,0.7578125
large,R-HOR,GRU,0,37,0.030181884765625,0.755859375
large,R-HOR,GRU,0,37,0.03033447265625,0.75390625
large,R-HOR,GRU,0,37,0.0304107666015625,0.751953125
large,R-HOR,GRU,0,37,0.0304412841796875,0.75
large,R-HOR,GRU,0,37,0.0305328369140625,0.748046875
large,R-HOR,GRU,0,37,0.0306396484375,0.74609375
large,R-HOR,GRU,0,37,0.030731201171875,0.744140625
large,R-HOR,GRU,0,37,0.030792236328125,0.7421875
large,R-HOR,GRU,0,37,0.0308685302734375,0.740234375
large,R-HOR,GRU,0,37,0.0309600830078125,0.73828125
large,R-HOR,GRU,0,37,0.031036376953125,0.736328125
large,R-HOR,GRU,0,37,0.031158447265625,0.734375
large,R-HOR,GRU,0,37,0.031219482421875,0.732421875
large,R-HOR,GRU,0,37,0.031280517578125,0.73046875
large,R-HOR,GRU,0,37,0.031341552734375,0.728515625
large,R-HOR,GRU,0,37,0.031463623046875,0.7265625
large,R-HOR,GRU,0,37,0.031524658203125,0.724609375
large,R-HOR,GRU,0,37,0.031585693359375,0.72265625
large,R-HOR,GRU,0,37,0.0316162109375,0.720703125
large,R-HOR,GRU,0,37,0.03173828125,0.71875
large,R-HOR,GRU,0,37,0.03179931640625,0.716796875
large,R-HOR,GRU,0,37,0.0318603515625,0.71484375
large,R-HOR,GRU,0,37,0.03192138671875,0.712890625
large,R-HOR,GRU,0,37,0.032012939453125,0.7109375
large,R-HOR,GRU,0,37,0.03204345703125,0.708984375
large,R-HOR,GRU,0,37,0.0321044921875,0.70703125
large,R-HOR,GRU,0,37,0.032135009765625,0.705078125
large,R-HOR,GRU,0,37,0.0322265625,0.703125
large,R-HOR,GRU,0,37,0.032318115234375,0.701171875
large,R-HOR,GRU,0,37,0.03240966796875,0.69921875
large,R-HOR,GRU,0,37,0.032440185546875,0.697265625
large,R-HOR,GRU,0,37,0.03253173828125,0.6953125
large,R-HOR,GRU,0,37,0.0325927734375,0.693359375
large,R-HOR,GRU,0,37,0.032623291015625,0.69140625
large,R-HOR,GRU,0,37,0.032684326171875,0.689453125
large,R-HOR,GRU,0,37,0.032745361328125,0.6875
large,R-HOR,GRU,0,37,0.0328369140625,0.685546875
large,R-HOR,GRU,0,37,0.032928466796875,0.68359375
large,R-HOR,GRU,0,37,0.03302001953125,0.681640625
large,R-HOR,GRU,0,37,0.03314208984375,0.6796875
large,R-HOR,GRU,0,37,0.033203125,0.677734375
large,R-HOR,GRU,0,37,0.03326416015625,0.67578125
large,R-HOR,GRU,0,37,0.033294677734375,0.673828125
large,R-HOR,GRU,0,37,0.033355712890625,0.671875
large,R-HOR,GRU,0,37,0.033447265625,0.669921875
large,R-HOR,GRU,0,37,0.033477783203125,0.66796875
large,R-HOR,GRU,0,37,0.0335693359375,0.666015625
large,R-HOR,GRU,0,37,0.03363037109375,0.6640625
large,R-HOR,GRU,0,37,0.03369140625,0.662109375
large,R-HOR,GRU,0,37,0.033782958984375,0.66015625
large,R-HOR,GRU,0,37,0.0338134765625,0.658203125
large,R-HOR,GRU,0,37,0.03387451171875,0.65625
large,R-HOR,GRU,0,37,0.033935546875,0.654296875
large,R-HOR,GRU,0,37,0.033966064453125,0.65234375
large,R-HOR,GRU,0,37,0.034027099609375,0.650390625
large,R-HOR,GRU,0,37,0.0340576171875,0.6484375
large,R-HOR,GRU,0,37,0.03411865234375,0.646484375
large,R-HOR,GRU,0,37,0.0341796875,0.64453125
large,R-HOR,GRU,0,37,0.034271240234375,0.642578125
large,R-HOR,GRU,0,37,0.034332275390625,0.640625
large,R-HOR,GRU,0,37,0.034393310546875,0.638671875
large,R-HOR,GRU,0,37,0.034423828125,0.63671875
large,R-HOR,GRU,0,37,0.034515380859375,0.634765625
large,R-HOR,GRU,0,37,0.034576416015625,0.6328125
large,R-HOR,GRU,0,37,0.034637451171875,0.630859375
large,R-HOR,GRU,0,37,0.03472900390625,0.62890625
large,R-HOR,GRU,0,37,0.034820556640625,0.626953125
large,R-HOR,GRU,0,37,0.03485107421875,0.625
large,R-HOR,GRU,0,37,0.034881591796875,0.623046875
large,R-HOR,GRU,0,37,0.034912109375,0.62109375
large,R-HOR,GRU,0,37,0.03497314453125,0.619140625
large,R-HOR,GRU,0,37,0.035003662109375,0.6171875
large,R-HOR,GRU,0,37,0.03509521484375,0.615234375
large,R-HOR,GRU,0,37,0.03521728515625,0.61328125
large,R-HOR,GRU,0,37,0.035247802734375,0.611328125
large,R-HOR,GRU,0,37,0.0352783203125,0.609375
large,R-HOR,GRU,0,37,0.03533935546875,0.607421875
large,R-HOR,GRU,0,37,0.03546142578125,0.60546875
large,R-HOR,GRU,0,37,0.035491943359375,0.603515625
large,R-HOR,GRU,0,37,0.035552978515625,0.6015625
large,R-HOR,GRU,0,37,0.03564453125,0.599609375
large,R-HOR,GRU,0,37,0.03570556640625,0.59765625
large,R-HOR,GRU,0,37,0.0357666015625,0.595703125
large,R-HOR,GRU,0,37,0.03582763671875,0.59375
large,R-HOR,GRU,0,37,0.035919189453125,0.591796875
large,R-HOR,GRU,0,37,0.035980224609375,0.58984375
large,R-HOR,GRU,0,37,0.03607177734375,0.587890625
large,R-HOR,GRU,0,37,0.0361328125,0.5859375
large,R-HOR,GRU,0,37,0.036163330078125,0.583984375
large,R-HOR,GRU,0,37,0.03619384765625,0.58203125
large,R-HOR,GRU,0,37,0.036285400390625,0.580078125
large,R-HOR,GRU,0,37,0.03631591796875,0.578125
large,R-HOR,GRU,0,37,0.036346435546875,0.576171875
large,R-HOR,GRU,0,37,0.036407470703125,0.57421875
large,R-HOR,GRU,0,37,0.03643798828125,0.572265625
large,R-HOR,GRU,0,37,0.0364990234375,0.5703125
large,R-HOR,GRU,0,37,0.036590576171875,0.568359375
large,R-HOR,GRU,0,37,0.036651611328125,0.56640625
large,R-HOR,GRU,0,37,0.036712646484375,0.564453125
large,R-HOR,GRU,0,37,0.0367431640625,0.5625
large,R-HOR,GRU,0,37,0.036773681640625,0.560546875
large,R-HOR,GRU,0,37,0.036834716796875,0.55859375
large,R-HOR,GRU,0,37,0.036895751953125,0.556640625
large,R-HOR,GRU,0,37,0.036956787109375,0.5546875
large,R-HOR,GRU,0,37,0.037017822265625,0.552734375
large,R-HOR,GRU,0,37,0.037078857421875,0.55078125
large,R-HOR,GRU,0,37,0.037139892578125,0.548828125
large,R-HOR,GRU,0,37,0.03717041015625,0.546875
large,R-HOR,GRU,0,37,0.0372314453125,0.544921875
large,R-HOR,GRU,0,37,0.037261962890625,0.54296875
large,R-HOR,GRU,0,37,0.037353515625,0.541015625
large,R-HOR,GRU,0,37,0.037384033203125,0.5390625
large,R-HOR,GRU,0,37,0.037445068359375,0.537109375
large,R-HOR,GRU,0,37,0.03753662109375,0.53515625
large,R-HOR,GRU,0,37,0.03759765625,0.533203125
large,R-HOR,GRU,0,37,0.037628173828125,0.53125
large,R-HOR,GRU,0,37,0.03765869140625,0.529296875
large,R-HOR,GRU,0,37,0.0377197265625,0.52734375
large,R-HOR,GRU,0,37,0.037750244140625,0.525390625
large,R-HOR,GRU,0,37,0.03778076171875,0.5234375
large,R-HOR,GRU,0,37,0.037872314453125,0.521484375
large,R-HOR,GRU,0,37,0.03790283203125,0.51953125
large,R-HOR,GRU,0,37,0.0379638671875,0.517578125
large,R-HOR,GRU,0,37,0.03802490234375,0.515625
large,R-HOR,GRU,0,37,0.038055419921875,0.513671875
large,R-HOR,GRU,0,37,0.038116455078125,0.51171875
large,R-HOR,GRU,0,37,0.03814697265625,0.509765625
large,R-HOR,GRU,0,37,0.0382080078125,0.5078125
large,R-HOR,GRU,0,37,0.03826904296875,0.505859375
large,R-HOR,GRU,0,37,0.038330078125,0.50390625
large,R-HOR,GRU,0,37,0.03839111328125,0.501953125
large,R-HOR,GRU,0,37,0.038482666015625,0.5
large,R-HOR,GRU,0,37,0.03851318359375,0.498046875
large,R-HOR,GRU,0,37,0.038604736328125,0.49609375
large,R-HOR,GRU,0,37,0.038665771484375,0.494140625
large,R-HOR,GRU,0,37,0.038726806640625,0.4921875
large,R-HOR,GRU,0,37,0.038787841796875,0.490234375
large,R-HOR,GRU,0,37,0.03887939453125,0.48828125
large,R-HOR,GRU,0,37,0.0389404296875,0.486328125
large,R-HOR,GRU,0,37,0.038970947265625,0.484375
large,R-HOR,GRU,0,37,0.0390625,0.482421875
large,R-HOR,GRU,0,37,0.03912353515625,0.48046875
large,R-HOR,GRU,0,37,0.0391845703125,0.478515625
large,R-HOR,GRU,0,37,0.039215087890625,0.4765625
large,R-HOR,GRU,0,37,0.03924560546875,0.474609375
large,R-HOR,GRU,0,37,0.039276123046875,0.47265625
large,R-HOR,GRU,0,37,0.03936767578125,0.470703125
large,R-HOR,GRU,0,37,0.039398193359375,0.46875
large,R-HOR,GRU,0,37,0.039459228515625,0.466796875
large,R-HOR,GRU,0,37,0.03955078125,0.46484375
large,R-HOR,GRU,0,37,0.039642333984375,0.462890625
large,R-HOR,GRU,0,37,0.039703369140625,0.4609375
large,R-HOR,GRU,0,37,0.039764404296875,0.458984375
large,R-HOR,GRU,0,37,0.039794921875,0.45703125
large,R-HOR,GRU,0,37,0.03985595703125,0.455078125
large,R-HOR,GRU,0,37,0.0399169921875,0.453125
large,R-HOR,GRU,0,37,0.03997802734375,0.451171875
large,R-HOR,GRU,0,37,0.040008544921875,0.44921875
large,R-HOR,GRU,0,37,0.040069580078125,0.447265625
large,R-HOR,GRU,0,37,0.04010009765625,0.4453125
large,R-HOR,GRU,0,37,0.040130615234375,0.443359375
large,R-HOR,GRU,0,37,0.0401611328125,0.44140625
large,R-HOR,GRU,0,37,0.04022216796875,0.439453125
large,R-HOR,GRU,0,37,0.040252685546875,0.4375
large,R-HOR,GRU,0,37,0.040313720703125,0.435546875
large,R-HOR,GRU,0,37,0.040374755859375,0.43359375
large,R-HOR,GRU,0,37,0.040435791015625,0.431640625
large,R-HOR,GRU,0,37,0.040496826171875,0.4296875
large,R-HOR,GRU,0,37,0.040557861328125,0.427734375
large,R-HOR,GRU,0,37,0.04058837890625,0.42578125
large,R-HOR,GRU,0,37,0.040618896484375,0.423828125
large,R-HOR,GRU,0,37,0.040679931640625,0.421875
large,R-HOR,GRU,0,37,0.040740966796875,0.419921875
large,R-HOR,GRU,0,37,0.040740966796875,0.41796875
large,R-HOR,GRU,0,37,0.040802001953125,0.416015625
large,R-HOR,GRU,0,37,0.040863037109375,0.4140625
large,R-HOR,GRU,0,37,0.0408935546875,0.412109375
large,R-HOR,GRU,0,37,0.040924072265625,0.41015625
large,R-HOR,GRU,0,37,0.040985107421875,0.408203125
large,R-HOR,GRU,0,37,0.041046142578125,0.40625
large,R-HOR,GRU,0,37,0.04107666015625,0.404296875
large,R-HOR,GRU,0,37,0.0411376953125,0.40234375
large,R-HOR,GRU,0,37,0.04119873046875,0.400390625
large,R-HOR,GRU,0,37,0.041229248046875,0.3984375
large,R-HOR,GRU,0,37,0.041290283203125,0.396484375
large,R-HOR,GRU,0,37,0.04132080078125,0.39453125
large,R-HOR,GRU,0,37,0.0413818359375,0.392578125
large,R-HOR,GRU,0,37,0.0413818359375,0.390625
large,R-HOR,GRU,0,37,0.04144287109375,0.388671875
large,R-HOR,GRU,0,37,0.04150390625,0.38671875
large,R-HOR,GRU,0,37,0.041534423828125,0.384765625
large,R-HOR,GRU,0,37,0.041595458984375,0.3828125
large,R-HOR,GRU,0,37,0.0416259765625,0.380859375
large,R-HOR,GRU,0,37,0.041748046875,0.37890625
large,R-HOR,GRU,0,37,0.041778564453125,0.376953125
large,R-HOR,GRU,0,37,0.041839599609375,0.375
large,R-HOR,GRU,0,37,0.0418701171875,0.373046875
large,R-HOR,GRU,0,37,0.04193115234375,0.37109375
large,R-HOR,GRU,0,37,0.041961669921875,0.369140625
large,R-HOR,GRU,0,37,0.0419921875,0.3671875
large,R-HOR,GRU,0,37,0.04205322265625,0.365234375
large,R-HOR,GRU,0,37,0.042083740234375,0.36328125
large,R-HOR,GRU,0,37,0.0421142578125,0.361328125
large,R-HOR,GRU,0,37,0.04217529296875,0.359375
large,R-HOR,GRU,0,37,0.042205810546875,0.357421875
large,R-HOR,GRU,0,37,0.042266845703125,0.35546875
large,R-HOR,GRU,0,37,0.042327880859375,0.353515625
large,R-HOR,GRU,0,37,0.04241943359375,0.3515625
large,R-HOR,GRU,0,37,0.042449951171875,0.349609375
large,R-HOR,GRU,0,37,0.04248046875,0.34765625
large,R-HOR,GRU,0,37,0.042510986328125,0.345703125
large,R-HOR,GRU,0,37,0.04254150390625,0.34375
large,R-HOR,GRU,0,37,0.0426025390625,0.341796875
large,R-HOR,GRU,0,37,0.042633056640625,0.33984375
large,R-HOR,GRU,0,37,0.04266357421875,0.337890625
large,R-HOR,GRU,0,37,0.042694091796875,0.3359375
large,R-HOR,GRU,0,37,0.042755126953125,0.333984375
large,R-HOR,GRU,0,37,0.04278564453125,0.33203125
large,R-HOR,GRU,0,37,0.042816162109375,0.330078125
large,R-HOR,GRU,0,37,0.0428466796875,0.328125
large,R-HOR,GRU,0,37,0.04290771484375,0.326171875
large,R-HOR,GRU,0,37,0.042999267578125,0.32421875
large,R-HOR,GRU,0,37,0.043060302734375,0.322265625
large,R-HOR,GRU,0,37,0.0430908203125,0.3203125
large,R-HOR,GRU,0,37,0.04315185546875,0.318359375
large,R-HOR,GRU,0,37,0.043182373046875,0.31640625
large,R-HOR,GRU,0,37,0.04327392578125,0.314453125
large,R-HOR,GRU,0,37,0.0433349609375,0.3125
large,R-HOR,GRU,0,37,0.04339599609375,0.310546875
large,R-HOR,GRU,0,37,0.04345703125,0.30859375
large,R-HOR,GRU,0,37,0.043487548828125,0.306640625
large,R-HOR,GRU,0,37,0.043548583984375,0.3046875
large,R-HOR,GRU,0,37,0.043609619140625,0.302734375
large,R-HOR,GRU,0,37,0.04364013671875,0.30078125
large,R-HOR,GRU,0,37,0.043701171875,0.298828125
large,R-HOR,GRU,0,37,0.04376220703125,0.296875
large,R-HOR,GRU,0,37,0.043792724609375,0.294921875
large,R-HOR,GRU,0,37,0.043853759765625,0.29296875
large,R-HOR,GRU,0,37,0.04388427734375,0.291015625
large,R-HOR,GRU,0,37,0.0439453125,0.2890625
large,R-HOR,GRU,0,37,0.04400634765625,0.287109375
large,R-HOR,GRU,0,37,0.0440673828125,0.28515625
large,R-HOR,GRU,0,37,0.044097900390625,0.283203125
large,R-HOR,GRU,0,37,0.04412841796875,0.28125
large,R-HOR,GRU,0,37,0.044219970703125,0.279296875
large,R-HOR,GRU,0,37,0.044281005859375,0.27734375
large,R-HOR,GRU,0,37,0.0443115234375,0.275390625
large,R-HOR,GRU,0,37,0.04437255859375,0.2734375
large,R-HOR,GRU,0,37,0.044403076171875,0.271484375
large,R-HOR,GRU,0,37,0.04443359375,0.26953125
large,R-HOR,GRU,0,37,0.044464111328125,0.267578125
large,R-HOR,GRU,0,37,0.044525146484375,0.265625
large,R-HOR,GRU,0,37,0.044586181640625,0.263671875
large,R-HOR,GRU,0,37,0.044647216796875,0.26171875
large,R-HOR,GRU,0,37,0.044708251953125,0.259765625
large,R-HOR,GRU,0,37,0.04473876953125,0.2578125
large,R-HOR,GRU,0,37,0.0447998046875,0.255859375
large,R-HOR,GRU,0,37,0.044830322265625,0.25390625
large,R-HOR,GRU,0,37,0.044891357421875,0.251953125
large,R-HOR,GRU,0,37,0.044952392578125,0.25
large,R-HOR,GRU,0,37,0.04498291015625,0.248046875
large,R-HOR,GRU,0,37,0.045074462890625,0.24609375
large,R-HOR,GRU,0,37,0.04510498046875,0.244140625
large,R-HOR,GRU,0,37,0.045166015625,0.2421875
large,R-HOR,GRU,0,37,0.04522705078125,0.240234375
large,R-HOR,GRU,0,37,0.0452880859375,0.23828125
large,R-HOR,GRU,0,37,0.045318603515625,0.236328125
large,R-HOR,GRU,0,37,0.045379638671875,0.234375
large,R-HOR,GRU,0,37,0.045440673828125,0.232421875
large,R-HOR,GRU,0,37,0.0455322265625,0.23046875
large,R-HOR,GRU,0,37,0.045562744140625,0.228515625
large,R-HOR,GRU,0,37,0.045623779296875,0.2265625
large,R-HOR,GRU,0,37,0.04571533203125,0.224609375
large,R-HOR,GRU,0,37,0.0457763671875,0.22265625
large,R-HOR,GRU,0,37,0.045806884765625,0.220703125
large,R-HOR,GRU,0,37,0.045867919921875,0.21875
large,R-HOR,GRU,0,37,0.045928955078125,0.216796875
large,R-HOR,GRU,0,37,0.0460205078125,0.21484375
large,R-HOR,GRU,0,37,0.04608154296875,0.212890625
large,R-HOR,GRU,0,37,0.046112060546875,0.2109375
large,R-HOR,GRU,0,37,0.04620361328125,0.208984375
large,R-HOR,GRU,0,37,0.0462646484375,0.20703125
large,R-HOR,GRU,0,37,0.046295166015625,0.205078125
large,R-HOR,GRU,0,37,0.046356201171875,0.203125
large,R-HOR,GRU,0,37,0.046417236328125,0.201171875
large,R-HOR,GRU,0,37,0.046478271484375,0.19921875
large,R-HOR,GRU,0,37,0.0465087890625,0.197265625
large,R-HOR,GRU,0,37,0.04656982421875,0.1953125
large,R-HOR,GRU,0,37,0.046661376953125,0.193359375
large,R-HOR,GRU,0,37,0.046722412109375,0.19140625
large,R-HOR,GRU,0,37,0.0467529296875,0.189453125
large,R-HOR,GRU,0,37,0.04681396484375,0.1875
large,R-HOR,GRU,0,37,0.046875,0.185546875
large,R-HOR,GRU,0,37,0.046905517578125,0.18359375
large,R-HOR,GRU,0,37,0.04693603515625,0.181640625
large,R-HOR,GRU,0,37,0.046966552734375,0.1796875
large,R-HOR,GRU,0,37,0.047027587890625,0.177734375
large,R-HOR,GRU,0,37,0.04705810546875,0.17578125
large,R-HOR,GRU,0,37,0.047149658203125,0.173828125
large,R-HOR,GRU,0,37,0.047210693359375,0.171875
large,R-HOR,GRU,0,37,0.047271728515625,0.169921875
large,R-HOR,GRU,0,37,0.047332763671875,0.16796875
large,R-HOR,GRU,0,37,0.04742431640625,0.166015625
large,R-HOR,GRU,0,37,0.047454833984375,0.1640625
large,R-HOR,GRU,0,37,0.0474853515625,0.162109375
large,R-HOR,GRU,0,37,0.04754638671875,0.16015625
large,R-HOR,GRU,0,37,0.047607421875,0.158203125
large,R-HOR,GRU,0,37,0.04766845703125,0.15625
large,R-HOR,GRU,0,37,0.04779052734375,0.154296875
large,R-HOR,GRU,0,37,0.047882080078125,0.15234375
large,R-HOR,GRU,0,37,0.047943115234375,0.150390625
large,R-HOR,GRU,0,37,0.048065185546875,0.1484375
large,R-HOR,GRU,0,37,0.048126220703125,0.146484375
large,R-HOR,GRU,0,37,0.04815673828125,0.14453125
large,R-HOR,GRU,0,37,0.0482177734375,0.142578125
large,R-HOR,GRU,0,37,0.04827880859375,0.140625
large,R-HOR,GRU,0,37,0.048309326171875,0.138671875
large,R-HOR,GRU,0,37,0.048431396484375,0.13671875
large,R-HOR,GRU,0,37,0.048492431640625,0.134765625
large,R-HOR,GRU,0,37,0.048553466796875,0.1328125
large,R-HOR,GRU,0,37,0.04864501953125,0.130859375
large,R-HOR,GRU,0,37,0.0487060546875,0.12890625
large,R-HOR,GRU,0,37,0.04876708984375,0.126953125
large,R-HOR,GRU,0,37,0.048828125,0.125
large,R-HOR,GRU,0,37,0.0489501953125,0.123046875
large,R-HOR,GRU,0,37,0.049041748046875,0.12109375
large,R-HOR,GRU,0,37,0.049102783203125,0.119140625
large,R-HOR,GRU,0,37,0.0491943359375,0.1171875
large,R-HOR,GRU,0,37,0.049224853515625,0.115234375
large,R-HOR,GRU,0,37,0.049346923828125,0.11328125
large,R-HOR,GRU,0,37,0.0494384765625,0.111328125
large,R-HOR,GRU,0,37,0.049560546875,0.109375
large,R-HOR,GRU,0,37,0.049652099609375,0.107421875
large,R-HOR,GRU,0,37,0.049713134765625,0.10546875
large,R-HOR,GRU,0,37,0.0498046875,0.103515625
large,R-HOR,GRU,0,37,0.04986572265625,0.1015625
large,R-HOR,GRU,0,37,0.0499267578125,0.099609375
large,R-HOR,GRU,0,37,0.050018310546875,0.09765625
large,R-HOR,GRU,0,37,0.050048828125,0.095703125
large,R-HOR,GRU,0,37,0.05010986328125,0.09375
large,R-HOR,GRU,0,37,0.050201416015625,0.091796875
large,R-HOR,GRU,0,37,0.050262451171875,0.08984375
large,R-HOR,GRU,0,37,0.05029296875,0.087890625
large,R-HOR,GRU,0,37,0.05035400390625,0.0859375
large,R-HOR,GRU,0,37,0.0504150390625,0.083984375
large,R-HOR,GRU,0,37,0.050567626953125,0.08203125
large,R-HOR,GRU,0,37,0.05072021484375,0.080078125
large,R-HOR,GRU,0,37,0.05078125,0.078125
large,R-HOR,GRU,0,37,0.0509033203125,0.076171875
large,R-HOR,GRU,0,37,0.051025390625,0.07421875
large,R-HOR,GRU,0,37,0.051177978515625,0.072265625
large,R-HOR,GRU,0,37,0.05126953125,0.0703125
large,R-HOR,GRU,0,37,0.0513916015625,0.068359375
large,R-HOR,GRU,0,37,0.051513671875,0.06640625
large,R-HOR,GRU,0,37,0.051666259765625,0.064453125
large,R-HOR,GRU,0,37,0.0517578125,0.0625
large,R-HOR,GRU,0,37,0.05181884765625,0.060546875
large,R-HOR,GRU,0,37,0.05194091796875,0.05859375
large,R-HOR,GRU,0,37,0.052032470703125,0.056640625
large,R-HOR,GRU,0,37,0.052215576171875,0.0546875
large,R-HOR,GRU,0,37,0.0523681640625,0.052734375
large,R-HOR,GRU,0,37,0.052459716796875,0.05078125
large,R-HOR,GRU,0,37,0.052703857421875,0.048828125
large,R-HOR,GRU,0,37,0.053009033203125,0.046875
large,R-HOR,GRU,0,37,0.05316162109375,0.044921875
large,R-HOR,GRU,0,37,0.05322265625,0.04296875
large,R-HOR,GRU,0,37,0.05340576171875,0.041015625
large,R-HOR,GRU,0,37,0.053558349609375,0.0390625
large,R-HOR,GRU,0,37,0.053863525390625,0.037109375
large,R-HOR,GRU,0,37,0.054046630859375,0.03515625
large,R-HOR,GRU,0,37,0.054229736328125,0.033203125
large,R-HOR,GRU,0,37,0.05450439453125,0.03125
large,R-HOR,GRU,0,37,0.054931640625,0.029296875
large,R-HOR,GRU,0,37,0.055145263671875,0.02734375
large,R-HOR,GRU,0,37,0.05584716796875,0.025390625
large,R-HOR,GRU,0,37,0.05645751953125,0.0234375
large,R-HOR,GRU,0,37,0.056915283203125,0.021484375
large,R-HOR,GRU,0,37,0.05718994140625,0.01953125
large,R-HOR,GRU,0,37,0.057586669921875,0.017578125
large,R-HOR,GRU,0,37,0.0582275390625,0.015625
large,R-HOR,GRU,0,37,0.0584716796875,0.013671875
large,R-HOR,GRU,0,37,0.059173583984375,0.01171875
large,R-HOR,GRU,0,37,0.06097412109375,0.009765625
large,R-HOR,GRU,0,37,0.062255859375,0.0078125
large,R-HOR,GRU,0,37,0.0633544921875,0.005859375
large,R-HOR,GRU,0,37,0.06610107421875,0.00390625
large,R-HOR,GRU,0,37,0.06982421875,0.001953125
large,R-HOR,GRU,0,56,0.00754547119140625,1.0
large,R-HOR,GRU,0,56,0.01092529296875,0.998046875
large,R-HOR,GRU,0,56,0.012237548828125,0.99609375
large,R-HOR,GRU,0,56,0.01275634765625,0.994140625
large,R-HOR,GRU,0,56,0.013031005859375,0.9921875
large,R-HOR,GRU,0,56,0.0135650634765625,0.990234375
large,R-HOR,GRU,0,56,0.01407623291015625,0.98828125
large,R-HOR,GRU,0,56,0.0146484375,0.986328125
large,R-HOR,GRU,0,56,0.01491546630859375,0.984375
large,R-HOR,GRU,0,56,0.01520538330078125,0.982421875
large,R-HOR,GRU,0,56,0.015716552734375,0.98046875
large,R-HOR,GRU,0,56,0.015899658203125,0.978515625
large,R-HOR,GRU,0,56,0.0162200927734375,0.9765625
large,R-HOR,GRU,0,56,0.0164794921875,0.974609375
large,R-HOR,GRU,0,56,0.016693115234375,0.97265625
large,R-HOR,GRU,0,56,0.01690673828125,0.970703125
large,R-HOR,GRU,0,56,0.0172119140625,0.96875
large,R-HOR,GRU,0,56,0.0174560546875,0.966796875
large,R-HOR,GRU,0,56,0.017608642578125,0.96484375
large,R-HOR,GRU,0,56,0.0177459716796875,0.962890625
large,R-HOR,GRU,0,56,0.0179901123046875,0.9609375
large,R-HOR,GRU,0,56,0.0181884765625,0.958984375
large,R-HOR,GRU,0,56,0.0184173583984375,0.95703125
large,R-HOR,GRU,0,56,0.0186920166015625,0.955078125
large,R-HOR,GRU,0,56,0.018829345703125,0.953125
large,R-HOR,GRU,0,56,0.019012451171875,0.951171875
large,R-HOR,GRU,0,56,0.0190887451171875,0.94921875
large,R-HOR,GRU,0,56,0.019195556640625,0.947265625
large,R-HOR,GRU,0,56,0.0193634033203125,0.9453125
large,R-HOR,GRU,0,56,0.0195159912109375,0.943359375
large,R-HOR,GRU,0,56,0.0195770263671875,0.94140625
large,R-HOR,GRU,0,56,0.0197601318359375,0.939453125
large,R-HOR,GRU,0,56,0.0199737548828125,0.9375
large,R-HOR,GRU,0,56,0.0200347900390625,0.935546875
large,R-HOR,GRU,0,56,0.0202484130859375,0.93359375
large,R-HOR,GRU,0,56,0.0204315185546875,0.931640625
large,R-HOR,GRU,0,56,0.0206146240234375,0.9296875
large,R-HOR,GRU,0,56,0.0207672119140625,0.927734375
large,R-HOR,GRU,0,56,0.02093505859375,0.92578125
large,R-HOR,GRU,0,56,0.02105712890625,0.923828125
large,R-HOR,GRU,0,56,0.0213165283203125,0.921875
large,R-HOR,GRU,0,56,0.0214691162109375,0.919921875
large,R-HOR,GRU,0,56,0.021636962890625,0.91796875
large,R-HOR,GRU,0,56,0.02178955078125,0.916015625
large,R-HOR,GRU,0,56,0.021881103515625,0.9140625
large,R-HOR,GRU,0,56,0.02203369140625,0.912109375
large,R-HOR,GRU,0,56,0.0222015380859375,0.91015625
large,R-HOR,GRU,0,56,0.02227783203125,0.908203125
large,R-HOR,GRU,0,56,0.02239990234375,0.90625
large,R-HOR,GRU,0,56,0.0225830078125,0.904296875
large,R-HOR,GRU,0,56,0.022735595703125,0.90234375
large,R-HOR,GRU,0,56,0.0228271484375,0.900390625
large,R-HOR,GRU,0,56,0.02294921875,0.8984375
large,R-HOR,GRU,0,56,0.0231170654296875,0.896484375
large,R-HOR,GRU,0,56,0.023223876953125,0.89453125
large,R-HOR,GRU,0,56,0.0233917236328125,0.892578125
large,R-HOR,GRU,0,56,0.023529052734375,0.890625
large,R-HOR,GRU,0,56,0.0236968994140625,0.888671875
large,R-HOR,GRU,0,56,0.0237884521484375,0.88671875
large,R-HOR,GRU,0,56,0.023834228515625,0.884765625
large,R-HOR,GRU,0,56,0.0239715576171875,0.8828125
large,R-HOR,GRU,0,56,0.0240631103515625,0.880859375
large,R-HOR,GRU,0,56,0.0241546630859375,0.87890625
large,R-HOR,GRU,0,56,0.024261474609375,0.876953125
large,R-HOR,GRU,0,56,0.02435302734375,0.875
large,R-HOR,GRU,0,56,0.0244140625,0.873046875
large,R-HOR,GRU,0,56,0.0245208740234375,0.87109375
large,R-HOR,GRU,0,56,0.024658203125,0.869140625
large,R-HOR,GRU,0,56,0.024749755859375,0.8671875
large,R-HOR,GRU,0,56,0.024871826171875,0.865234375
large,R-HOR,GRU,0,56,0.024932861328125,0.86328125
large,R-HOR,GRU,0,56,0.0250396728515625,0.861328125
large,R-HOR,GRU,0,56,0.0251007080078125,0.859375
large,R-HOR,GRU,0,56,0.02520751953125,0.857421875
large,R-HOR,GRU,0,56,0.0252838134765625,0.85546875
large,R-HOR,GRU,0,56,0.025390625,0.853515625
large,R-HOR,GRU,0,56,0.025482177734375,0.8515625
large,R-HOR,GRU,0,56,0.0255889892578125,0.849609375
large,R-HOR,GRU,0,56,0.0256805419921875,0.84765625
large,R-HOR,GRU,0,56,0.025787353515625,0.845703125
large,R-HOR,GRU,0,56,0.025848388671875,0.84375
large,R-HOR,GRU,0,56,0.0259552001953125,0.841796875
large,R-HOR,GRU,0,56,0.0260467529296875,0.83984375
large,R-HOR,GRU,0,56,0.0261077880859375,0.837890625
large,R-HOR,GRU,0,56,0.0262908935546875,0.8359375
large,R-HOR,GRU,0,56,0.0263671875,0.833984375
large,R-HOR,GRU,0,56,0.0264739990234375,0.83203125
large,R-HOR,GRU,0,56,0.0265655517578125,0.830078125
large,R-HOR,GRU,0,56,0.026641845703125,0.828125
large,R-HOR,GRU,0,56,0.0267333984375,0.826171875
large,R-HOR,GRU,0,56,0.026824951171875,0.82421875
large,R-HOR,GRU,0,56,0.0269927978515625,0.822265625
large,R-HOR,GRU,0,56,0.027069091796875,0.8203125
large,R-HOR,GRU,0,56,0.0271453857421875,0.818359375
large,R-HOR,GRU,0,56,0.0272674560546875,0.81640625
large,R-HOR,GRU,0,56,0.0273590087890625,0.814453125
large,R-HOR,GRU,0,56,0.0274658203125,0.8125
large,R-HOR,GRU,0,56,0.0276031494140625,0.810546875
large,R-HOR,GRU,0,56,0.027679443359375,0.80859375
large,R-HOR,GRU,0,56,0.0278167724609375,0.806640625
large,R-HOR,GRU,0,56,0.0279388427734375,0.8046875
large,R-HOR,GRU,0,56,0.0280609130859375,0.802734375
large,R-HOR,GRU,0,56,0.02813720703125,0.80078125
large,R-HOR,GRU,0,56,0.0282135009765625,0.798828125
large,R-HOR,GRU,0,56,0.0283050537109375,0.796875
large,R-HOR,GRU,0,56,0.02838134765625,0.794921875
large,R-HOR,GRU,0,56,0.0285186767578125,0.79296875
large,R-HOR,GRU,0,56,0.02862548828125,0.791015625
large,R-HOR,GRU,0,56,0.0287322998046875,0.7890625
large,R-HOR,GRU,0,56,0.028900146484375,0.787109375
large,R-HOR,GRU,0,56,0.0289764404296875,0.78515625
large,R-HOR,GRU,0,56,0.029083251953125,0.783203125
large,R-HOR,GRU,0,56,0.0291290283203125,0.78125
large,R-HOR,GRU,0,56,0.0291748046875,0.779296875
large,R-HOR,GRU,0,56,0.029266357421875,0.77734375
large,R-HOR,GRU,0,56,0.0293121337890625,0.775390625
large,R-HOR,GRU,0,56,0.0294189453125,0.7734375
large,R-HOR,GRU,0,56,0.0295562744140625,0.771484375
large,R-HOR,GRU,0,56,0.029632568359375,0.76953125
large,R-HOR,GRU,0,56,0.02978515625,0.767578125
large,R-HOR,GRU,0,56,0.0299224853515625,0.765625
large,R-HOR,GRU,0,56,0.0300445556640625,0.763671875
large,R-HOR,GRU,0,56,0.0301361083984375,0.76171875
large,R-HOR,GRU,0,56,0.03021240234375,0.759765625
large,R-HOR,GRU,0,56,0.0302734375,0.7578125
large,R-HOR,GRU,0,56,0.03033447265625,0.755859375
large,R-HOR,GRU,0,56,0.0303802490234375,0.75390625
large,R-HOR,GRU,0,56,0.03057861328125,0.751953125
large,R-HOR,GRU,0,56,0.030670166015625,0.75
large,R-HOR,GRU,0,56,0.030731201171875,0.748046875
large,R-HOR,GRU,0,56,0.030853271484375,0.74609375
large,R-HOR,GRU,0,56,0.0308837890625,0.744140625
large,R-HOR,GRU,0,56,0.0309600830078125,0.7421875
large,R-HOR,GRU,0,56,0.03106689453125,0.740234375
large,R-HOR,GRU,0,56,0.0311431884765625,0.73828125
large,R-HOR,GRU,0,56,0.03125,0.736328125
large,R-HOR,GRU,0,56,0.031341552734375,0.734375
large,R-HOR,GRU,0,56,0.03143310546875,0.732421875
large,R-HOR,GRU,0,56,0.031494140625,0.73046875
large,R-HOR,GRU,0,56,0.031585693359375,0.728515625
large,R-HOR,GRU,0,56,0.031646728515625,0.7265625
large,R-HOR,GRU,0,56,0.03167724609375,0.724609375
large,R-HOR,GRU,0,56,0.03173828125,0.72265625
large,R-HOR,GRU,0,56,0.031829833984375,0.720703125
large,R-HOR,GRU,0,56,0.0318603515625,0.71875
large,R-HOR,GRU,0,56,0.031890869140625,0.716796875
large,R-HOR,GRU,0,56,0.031951904296875,0.71484375
large,R-HOR,GRU,0,56,0.031982421875,0.712890625
large,R-HOR,GRU,0,56,0.03204345703125,0.7109375
large,R-HOR,GRU,0,56,0.032135009765625,0.708984375
large,R-HOR,GRU,0,56,0.032257080078125,0.70703125
large,R-HOR,GRU,0,56,0.0323486328125,0.705078125
large,R-HOR,GRU,0,56,0.032470703125,0.703125
large,R-HOR,GRU,0,56,0.03253173828125,0.701171875
large,R-HOR,GRU,0,56,0.0325927734375,0.69921875
large,R-HOR,GRU,0,56,0.032684326171875,0.697265625
large,R-HOR,GRU,0,56,0.032745361328125,0.6953125
large,R-HOR,GRU,0,56,0.032806396484375,0.693359375
large,R-HOR,GRU,0,56,0.032867431640625,0.69140625
large,R-HOR,GRU,0,56,0.032989501953125,0.689453125
large,R-HOR,GRU,0,56,0.03302001953125,0.6875
large,R-HOR,GRU,0,56,0.033111572265625,0.685546875
large,R-HOR,GRU,0,56,0.03314208984375,0.68359375
large,R-HOR,GRU,0,56,0.033233642578125,0.681640625
large,R-HOR,GRU,0,56,0.033294677734375,0.6796875
large,R-HOR,GRU,0,56,0.03338623046875,0.677734375
large,R-HOR,GRU,0,56,0.033447265625,0.67578125
large,R-HOR,GRU,0,56,0.033477783203125,0.673828125
large,R-HOR,GRU,0,56,0.0335693359375,0.671875
large,R-HOR,GRU,0,56,0.03363037109375,0.669921875
large,R-HOR,GRU,0,56,0.03369140625,0.66796875
large,R-HOR,GRU,0,56,0.03375244140625,0.666015625
large,R-HOR,GRU,0,56,0.0338134765625,0.6640625
large,R-HOR,GRU,0,56,0.033843994140625,0.662109375
large,R-HOR,GRU,0,56,0.033905029296875,0.66015625
large,R-HOR,GRU,0,56,0.033935546875,0.658203125
large,R-HOR,GRU,0,56,0.03399658203125,0.65625
large,R-HOR,GRU,0,56,0.0340576171875,0.654296875
large,R-HOR,GRU,0,56,0.034149169921875,0.65234375
large,R-HOR,GRU,0,56,0.034210205078125,0.650390625
large,R-HOR,GRU,0,56,0.0343017578125,0.6484375
large,R-HOR,GRU,0,56,0.034393310546875,0.646484375
large,R-HOR,GRU,0,56,0.034454345703125,0.64453125
large,R-HOR,GRU,0,56,0.03448486328125,0.642578125
large,R-HOR,GRU,0,56,0.03460693359375,0.640625
large,R-HOR,GRU,0,56,0.034637451171875,0.638671875
large,R-HOR,GRU,0,56,0.034759521484375,0.63671875
large,R-HOR,GRU,0,56,0.0347900390625,0.634765625
large,R-HOR,GRU,0,56,0.03485107421875,0.6328125
large,R-HOR,GRU,0,56,0.034881591796875,0.630859375
large,R-HOR,GRU,0,56,0.034942626953125,0.62890625
large,R-HOR,GRU,0,56,0.0350341796875,0.626953125
large,R-HOR,GRU,0,56,0.03509521484375,0.625
large,R-HOR,GRU,0,56,0.035186767578125,0.623046875
large,R-HOR,GRU,0,56,0.03521728515625,0.62109375
large,R-HOR,GRU,0,56,0.0352783203125,0.619140625
large,R-HOR,GRU,0,56,0.035369873046875,0.6171875
large,R-HOR,GRU,0,56,0.035430908203125,0.615234375
large,R-HOR,GRU,0,56,0.035491943359375,0.61328125
large,R-HOR,GRU,0,56,0.035552978515625,0.611328125
large,R-HOR,GRU,0,56,0.03558349609375,0.609375
large,R-HOR,GRU,0,56,0.03564453125,0.607421875
large,R-HOR,GRU,0,56,0.035736083984375,0.60546875
large,R-HOR,GRU,0,56,0.0357666015625,0.603515625
large,R-HOR,GRU,0,56,0.035858154296875,0.6015625
large,R-HOR,GRU,0,56,0.035919189453125,0.599609375
large,R-HOR,GRU,0,56,0.035980224609375,0.59765625
large,R-HOR,GRU,0,56,0.036041259765625,0.595703125
large,R-HOR,GRU,0,56,0.03607177734375,0.59375
large,R-HOR,GRU,0,56,0.0361328125,0.591796875
large,R-HOR,GRU,0,56,0.03619384765625,0.58984375
large,R-HOR,GRU,0,56,0.036285400390625,0.587890625
large,R-HOR,GRU,0,56,0.036346435546875,0.5859375
large,R-HOR,GRU,0,56,0.036407470703125,0.583984375
large,R-HOR,GRU,0,56,0.03643798828125,0.58203125
large,R-HOR,GRU,0,56,0.0364990234375,0.580078125
large,R-HOR,GRU,0,56,0.03656005859375,0.578125
large,R-HOR,GRU,0,56,0.03662109375,0.576171875
large,R-HOR,GRU,0,56,0.03668212890625,0.57421875
large,R-HOR,GRU,0,56,0.036712646484375,0.572265625
large,R-HOR,GRU,0,56,0.036773681640625,0.5703125
large,R-HOR,GRU,0,56,0.036834716796875,0.568359375
large,R-HOR,GRU,0,56,0.036895751953125,0.56640625
large,R-HOR,GRU,0,56,0.036956787109375,0.564453125
large,R-HOR,GRU,0,56,0.037017822265625,0.5625
large,R-HOR,GRU,0,56,0.037078857421875,0.560546875
large,R-HOR,GRU,0,56,0.037078857421875,0.55859375
large,R-HOR,GRU,0,56,0.03717041015625,0.556640625
large,R-HOR,GRU,0,56,0.0372314453125,0.5546875
large,R-HOR,GRU,0,56,0.03729248046875,0.552734375
large,R-HOR,GRU,0,56,0.037384033203125,0.55078125
large,R-HOR,GRU,0,56,0.037445068359375,0.548828125
large,R-HOR,GRU,0,56,0.0374755859375,0.546875
large,R-HOR,GRU,0,56,0.037506103515625,0.544921875
large,R-HOR,GRU,0,56,0.037628173828125,0.54296875
large,R-HOR,GRU,0,56,0.03765869140625,0.541015625
large,R-HOR,GRU,0,56,0.0377197265625,0.5390625
large,R-HOR,GRU,0,56,0.037750244140625,0.537109375
large,R-HOR,GRU,0,56,0.03778076171875,0.53515625
large,R-HOR,GRU,0,56,0.037841796875,0.533203125
large,R-HOR,GRU,0,56,0.037933349609375,0.53125
large,R-HOR,GRU,0,56,0.037994384765625,0.529296875
large,R-HOR,GRU,0,56,0.038055419921875,0.52734375
large,R-HOR,GRU,0,56,0.038116455078125,0.525390625
large,R-HOR,GRU,0,56,0.038177490234375,0.5234375
large,R-HOR,GRU,0,56,0.0382080078125,0.521484375
large,R-HOR,GRU,0,56,0.038299560546875,0.51953125
large,R-HOR,GRU,0,56,0.038360595703125,0.517578125
large,R-HOR,GRU,0,56,0.0384521484375,0.515625
large,R-HOR,GRU,0,56,0.038543701171875,0.513671875
large,R-HOR,GRU,0,56,0.038604736328125,0.51171875
large,R-HOR,GRU,0,56,0.0386962890625,0.509765625
large,R-HOR,GRU,0,56,0.038726806640625,0.5078125
large,R-HOR,GRU,0,56,0.03875732421875,0.505859375
large,R-HOR,GRU,0,56,0.038848876953125,0.50390625
large,R-HOR,GRU,0,56,0.03887939453125,0.501953125
large,R-HOR,GRU,0,56,0.038909912109375,0.5
large,R-HOR,GRU,0,56,0.038970947265625,0.498046875
large,R-HOR,GRU,0,56,0.039031982421875,0.49609375
large,R-HOR,GRU,0,56,0.039093017578125,0.494140625
large,R-HOR,GRU,0,56,0.03912353515625,0.4921875
large,R-HOR,GRU,0,56,0.0391845703125,0.490234375
large,R-HOR,GRU,0,56,0.039215087890625,0.48828125
large,R-HOR,GRU,0,56,0.039306640625,0.486328125
large,R-HOR,GRU,0,56,0.03936767578125,0.484375
large,R-HOR,GRU,0,56,0.039398193359375,0.482421875
large,R-HOR,GRU,0,56,0.039459228515625,0.48046875
large,R-HOR,GRU,0,56,0.03948974609375,0.478515625
large,R-HOR,GRU,0,56,0.03955078125,0.4765625
large,R-HOR,GRU,0,56,0.03961181640625,0.474609375
large,R-HOR,GRU,0,56,0.039642333984375,0.47265625
large,R-HOR,GRU,0,56,0.039703369140625,0.470703125
large,R-HOR,GRU,0,56,0.039764404296875,0.46875
large,R-HOR,GRU,0,56,0.039825439453125,0.466796875
large,R-HOR,GRU,0,56,0.03985595703125,0.46484375
large,R-HOR,GRU,0,56,0.039886474609375,0.462890625
large,R-HOR,GRU,0,56,0.03997802734375,0.4609375
large,R-HOR,GRU,0,56,0.0400390625,0.458984375
large,R-HOR,GRU,0,56,0.040069580078125,0.45703125
large,R-HOR,GRU,0,56,0.0401611328125,0.455078125
large,R-HOR,GRU,0,56,0.04022216796875,0.453125
large,R-HOR,GRU,0,56,0.040252685546875,0.451171875
large,R-HOR,GRU,0,56,0.040283203125,0.44921875
large,R-HOR,GRU,0,56,0.04034423828125,0.447265625
large,R-HOR,GRU,0,56,0.04034423828125,0.4453125
large,R-HOR,GRU,0,56,0.0404052734375,0.443359375
large,R-HOR,GRU,0,56,0.04046630859375,0.44140625
large,R-HOR,GRU,0,56,0.040496826171875,0.439453125
large,R-HOR,GRU,0,56,0.04052734375,0.4375
large,R-HOR,GRU,0,56,0.04058837890625,0.435546875
large,R-HOR,GRU,0,56,0.04058837890625,0.43359375
large,R-HOR,GRU,0,56,0.040679931640625,0.431640625
large,R-HOR,GRU,0,56,0.04071044921875,0.4296875
large,R-HOR,GRU,0,56,0.040771484375,0.427734375
large,R-HOR,GRU,0,56,0.04083251953125,0.42578125
large,R-HOR,GRU,0,56,0.0408935546875,0.423828125
large,R-HOR,GRU,0,56,0.040985107421875,0.421875
large,R-HOR,GRU,0,56,0.041015625,0.419921875
large,R-HOR,GRU,0,56,0.041046142578125,0.41796875
large,R-HOR,GRU,0,56,0.04107666015625,0.416015625
large,R-HOR,GRU,0,56,0.0411376953125,0.4140625
large,R-HOR,GRU,0,56,0.041168212890625,0.412109375
large,R-HOR,GRU,0,56,0.041229248046875,0.41015625
large,R-HOR,GRU,0,56,0.041259765625,0.408203125
large,R-HOR,GRU,0,56,0.041290283203125,0.40625
large,R-HOR,GRU,0,56,0.041351318359375,0.404296875
large,R-HOR,GRU,0,56,0.0413818359375,0.40234375
large,R-HOR,GRU,0,56,0.04144287109375,0.400390625
large,R-HOR,GRU,0,56,0.04150390625,0.3984375
large,R-HOR,GRU,0,56,0.04156494140625,0.396484375
large,R-HOR,GRU,0,56,0.0416259765625,0.39453125
large,R-HOR,GRU,0,56,0.04168701171875,0.392578125
large,R-HOR,GRU,0,56,0.041717529296875,0.390625
large,R-HOR,GRU,0,56,0.041748046875,0.388671875
large,R-HOR,GRU,0,56,0.04180908203125,0.38671875
large,R-HOR,GRU,0,56,0.041839599609375,0.384765625
large,R-HOR,GRU,0,56,0.041900634765625,0.3828125
large,R-HOR,GRU,0,56,0.0419921875,0.380859375
large,R-HOR,GRU,0,56,0.042022705078125,0.37890625
large,R-HOR,GRU,0,56,0.04205322265625,0.376953125
large,R-HOR,GRU,0,56,0.042083740234375,0.375
large,R-HOR,GRU,0,56,0.04217529296875,0.373046875
large,R-HOR,GRU,0,56,0.042236328125,0.37109375
large,R-HOR,GRU,0,56,0.042266845703125,0.369140625
large,R-HOR,GRU,0,56,0.042327880859375,0.3671875
large,R-HOR,GRU,0,56,0.0423583984375,0.365234375
large,R-HOR,GRU,0,56,0.042388916015625,0.36328125
large,R-HOR,GRU,0,56,0.042449951171875,0.361328125
large,R-HOR,GRU,0,56,0.04248046875,0.359375
large,R-HOR,GRU,0,56,0.04254150390625,0.357421875
large,R-HOR,GRU,0,56,0.0426025390625,0.35546875
large,R-HOR,GRU,0,56,0.0426025390625,0.353515625
large,R-HOR,GRU,0,56,0.04266357421875,0.3515625
large,R-HOR,GRU,0,56,0.042694091796875,0.349609375
large,R-HOR,GRU,0,56,0.042724609375,0.34765625
large,R-HOR,GRU,0,56,0.04278564453125,0.345703125
large,R-HOR,GRU,0,56,0.042816162109375,0.34375
large,R-HOR,GRU,0,56,0.042877197265625,0.341796875
large,R-HOR,GRU,0,56,0.04290771484375,0.33984375
large,R-HOR,GRU,0,56,0.04296875,0.337890625
large,R-HOR,GRU,0,56,0.042999267578125,0.3359375
large,R-HOR,GRU,0,56,0.043060302734375,0.333984375
large,R-HOR,GRU,0,56,0.0430908203125,0.33203125
large,R-HOR,GRU,0,56,0.04315185546875,0.330078125
large,R-HOR,GRU,0,56,0.043182373046875,0.328125
large,R-HOR,GRU,0,56,0.043212890625,0.326171875
large,R-HOR,GRU,0,56,0.043304443359375,0.32421875
large,R-HOR,GRU,0,56,0.043365478515625,0.322265625
large,R-HOR,GRU,0,56,0.04339599609375,0.3203125
large,R-HOR,GRU,0,56,0.04345703125,0.318359375
large,R-HOR,GRU,0,56,0.04351806640625,0.31640625
large,R-HOR,GRU,0,56,0.043548583984375,0.314453125
large,R-HOR,GRU,0,56,0.0435791015625,0.3125
large,R-HOR,GRU,0,56,0.043609619140625,0.310546875
large,R-HOR,GRU,0,56,0.043670654296875,0.30859375
large,R-HOR,GRU,0,56,0.043701171875,0.306640625
large,R-HOR,GRU,0,56,0.043731689453125,0.3046875
large,R-HOR,GRU,0,56,0.043792724609375,0.302734375
large,R-HOR,GRU,0,56,0.0438232421875,0.30078125
large,R-HOR,GRU,0,56,0.04388427734375,0.298828125
large,R-HOR,GRU,0,56,0.0439453125,0.296875
large,R-HOR,GRU,0,56,0.04400634765625,0.294921875
large,R-HOR,GRU,0,56,0.0440673828125,0.29296875
large,R-HOR,GRU,0,56,0.044097900390625,0.291015625
large,R-HOR,GRU,0,56,0.04412841796875,0.2890625
large,R-HOR,GRU,0,56,0.044158935546875,0.287109375
large,R-HOR,GRU,0,56,0.044189453125,0.28515625
large,R-HOR,GRU,0,56,0.044219970703125,0.283203125
large,R-HOR,GRU,0,56,0.044281005859375,0.28125
large,R-HOR,GRU,0,56,0.0443115234375,0.279296875
large,R-HOR,GRU,0,56,0.04437255859375,0.27734375
large,R-HOR,GRU,0,56,0.04443359375,0.275390625
large,R-HOR,GRU,0,56,0.04449462890625,0.2734375
large,R-HOR,GRU,0,56,0.0445556640625,0.271484375
large,R-HOR,GRU,0,56,0.04461669921875,0.26953125
large,R-HOR,GRU,0,56,0.044647216796875,0.267578125
large,R-HOR,GRU,0,56,0.044677734375,0.265625
large,R-HOR,GRU,0,56,0.04473876953125,0.263671875
large,R-HOR,GRU,0,56,0.044769287109375,0.26171875
large,R-HOR,GRU,0,56,0.0447998046875,0.259765625
large,R-HOR,GRU,0,56,0.044830322265625,0.2578125
large,R-HOR,GRU,0,56,0.044891357421875,0.255859375
large,R-HOR,GRU,0,56,0.044952392578125,0.25390625
large,R-HOR,GRU,0,56,0.045013427734375,0.251953125
large,R-HOR,GRU,0,56,0.045074462890625,0.25
large,R-HOR,GRU,0,56,0.045135498046875,0.248046875
large,R-HOR,GRU,0,56,0.045196533203125,0.24609375
large,R-HOR,GRU,0,56,0.04522705078125,0.244140625
large,R-HOR,GRU,0,56,0.0452880859375,0.2421875
large,R-HOR,GRU,0,56,0.045318603515625,0.240234375
large,R-HOR,GRU,0,56,0.045379638671875,0.23828125
large,R-HOR,GRU,0,56,0.045440673828125,0.236328125
large,R-HOR,GRU,0,56,0.04547119140625,0.234375
large,R-HOR,GRU,0,56,0.0455322265625,0.232421875
large,R-HOR,GRU,0,56,0.045562744140625,0.23046875
large,R-HOR,GRU,0,56,0.04559326171875,0.228515625
large,R-HOR,GRU,0,56,0.045654296875,0.2265625
large,R-HOR,GRU,0,56,0.04571533203125,0.224609375
large,R-HOR,GRU,0,56,0.0457763671875,0.22265625
large,R-HOR,GRU,0,56,0.045806884765625,0.220703125
large,R-HOR,GRU,0,56,0.04583740234375,0.21875
large,R-HOR,GRU,0,56,0.045867919921875,0.216796875
large,R-HOR,GRU,0,56,0.045928955078125,0.21484375
large,R-HOR,GRU,0,56,0.045989990234375,0.212890625
large,R-HOR,GRU,0,56,0.0460205078125,0.2109375
large,R-HOR,GRU,0,56,0.046051025390625,0.208984375
large,R-HOR,GRU,0,56,0.046112060546875,0.20703125
large,R-HOR,GRU,0,56,0.046142578125,0.205078125
large,R-HOR,GRU,0,56,0.04620361328125,0.203125
large,R-HOR,GRU,0,56,0.046234130859375,0.201171875
large,R-HOR,GRU,0,56,0.046295166015625,0.19921875
large,R-HOR,GRU,0,56,0.046356201171875,0.197265625
large,R-HOR,GRU,0,56,0.046417236328125,0.1953125
large,R-HOR,GRU,0,56,0.04644775390625,0.193359375
large,R-HOR,GRU,0,56,0.0465087890625,0.19140625
large,R-HOR,GRU,0,56,0.0465087890625,0.189453125
large,R-HOR,GRU,0,56,0.04656982421875,0.1875
large,R-HOR,GRU,0,56,0.046630859375,0.185546875
large,R-HOR,GRU,0,56,0.04669189453125,0.18359375
large,R-HOR,GRU,0,56,0.046783447265625,0.181640625
large,R-HOR,GRU,0,56,0.046844482421875,0.1796875
large,R-HOR,GRU,0,56,0.046875,0.177734375
large,R-HOR,GRU,0,56,0.04693603515625,0.17578125
large,R-HOR,GRU,0,56,0.046966552734375,0.173828125
large,R-HOR,GRU,0,56,0.047027587890625,0.171875
large,R-HOR,GRU,0,56,0.04705810546875,0.169921875
large,R-HOR,GRU,0,56,0.047119140625,0.16796875
large,R-HOR,GRU,0,56,0.04718017578125,0.166015625
large,R-HOR,GRU,0,56,0.0472412109375,0.1640625
large,R-HOR,GRU,0,56,0.047332763671875,0.162109375
large,R-HOR,GRU,0,56,0.04736328125,0.16015625
large,R-HOR,GRU,0,56,0.04742431640625,0.158203125
large,R-HOR,GRU,0,56,0.0474853515625,0.15625
large,R-HOR,GRU,0,56,0.04754638671875,0.154296875
large,R-HOR,GRU,0,56,0.04754638671875,0.15234375
large,R-HOR,GRU,0,56,0.047607421875,0.150390625
large,R-HOR,GRU,0,56,0.047698974609375,0.1484375
large,R-HOR,GRU,0,56,0.04779052734375,0.146484375
large,R-HOR,GRU,0,56,0.047821044921875,0.14453125
large,R-HOR,GRU,0,56,0.047882080078125,0.142578125
large,R-HOR,GRU,0,56,0.047943115234375,0.140625
large,R-HOR,GRU,0,56,0.048004150390625,0.138671875
large,R-HOR,GRU,0,56,0.04803466796875,0.13671875
large,R-HOR,GRU,0,56,0.048095703125,0.134765625
large,R-HOR,GRU,0,56,0.048126220703125,0.1328125
large,R-HOR,GRU,0,56,0.0482177734375,0.130859375
large,R-HOR,GRU,0,56,0.048309326171875,0.12890625
large,R-HOR,GRU,0,56,0.048370361328125,0.126953125
large,R-HOR,GRU,0,56,0.048431396484375,0.125
large,R-HOR,GRU,0,56,0.048492431640625,0.123046875
large,R-HOR,GRU,0,56,0.048553466796875,0.12109375
large,R-HOR,GRU,0,56,0.048614501953125,0.119140625
large,R-HOR,GRU,0,56,0.048675537109375,0.1171875
large,R-HOR,GRU,0,56,0.0487060546875,0.115234375
large,R-HOR,GRU,0,56,0.04876708984375,0.11328125
large,R-HOR,GRU,0,56,0.048828125,0.111328125
large,R-HOR,GRU,0,56,0.048919677734375,0.109375
large,R-HOR,GRU,0,56,0.0489501953125,0.107421875
large,R-HOR,GRU,0,56,0.04901123046875,0.10546875
large,R-HOR,GRU,0,56,0.049072265625,0.103515625
large,R-HOR,GRU,0,56,0.049163818359375,0.1015625
large,R-HOR,GRU,0,56,0.04925537109375,0.099609375
large,R-HOR,GRU,0,56,0.04931640625,0.09765625
large,R-HOR,GRU,0,56,0.049346923828125,0.095703125
large,R-HOR,GRU,0,56,0.0494384765625,0.09375
large,R-HOR,GRU,0,56,0.049530029296875,0.091796875
large,R-HOR,GRU,0,56,0.049713134765625,0.08984375
large,R-HOR,GRU,0,56,0.049774169921875,0.087890625
large,R-HOR,GRU,0,56,0.04986572265625,0.0859375
large,R-HOR,GRU,0,56,0.049957275390625,0.083984375
large,R-HOR,GRU,0,56,0.050018310546875,0.08203125
large,R-HOR,GRU,0,56,0.050140380859375,0.080078125
large,R-HOR,GRU,0,56,0.050262451171875,0.078125
large,R-HOR,GRU,0,56,0.050323486328125,0.076171875
large,R-HOR,GRU,0,56,0.0504150390625,0.07421875
large,R-HOR,GRU,0,56,0.050506591796875,0.072265625
large,R-HOR,GRU,0,56,0.0506591796875,0.0703125
large,R-HOR,GRU,0,56,0.05084228515625,0.068359375
large,R-HOR,GRU,0,56,0.05096435546875,0.06640625
large,R-HOR,GRU,0,56,0.05108642578125,0.064453125
large,R-HOR,GRU,0,56,0.051239013671875,0.0625
large,R-HOR,GRU,0,56,0.05133056640625,0.060546875
large,R-HOR,GRU,0,56,0.051422119140625,0.05859375
large,R-HOR,GRU,0,56,0.051513671875,0.056640625
large,R-HOR,GRU,0,56,0.051605224609375,0.0546875
large,R-HOR,GRU,0,56,0.051666259765625,0.052734375
large,R-HOR,GRU,0,56,0.051727294921875,0.05078125
large,R-HOR,GRU,0,56,0.051910400390625,0.048828125
large,R-HOR,GRU,0,56,0.0521240234375,0.046875
large,R-HOR,GRU,0,56,0.052276611328125,0.044921875
large,R-HOR,GRU,0,56,0.0523681640625,0.04296875
large,R-HOR,GRU,0,56,0.052764892578125,0.041015625
large,R-HOR,GRU,0,56,0.052978515625,0.0390625
large,R-HOR,GRU,0,56,0.053192138671875,0.037109375
large,R-HOR,GRU,0,56,0.053466796875,0.03515625
large,R-HOR,GRU,0,56,0.05377197265625,0.033203125
large,R-HOR,GRU,0,56,0.053985595703125,0.03125
large,R-HOR,GRU,0,56,0.05426025390625,0.029296875
large,R-HOR,GRU,0,56,0.0546875,0.02734375
large,R-HOR,GRU,0,56,0.05487060546875,0.025390625
large,R-HOR,GRU,0,56,0.05511474609375,0.0234375
large,R-HOR,GRU,0,56,0.0555419921875,0.021484375
large,R-HOR,GRU,0,56,0.056427001953125,0.01953125
large,R-HOR,GRU,0,56,0.05706787109375,0.017578125
large,R-HOR,GRU,0,56,0.057647705078125,0.015625
large,R-HOR,GRU,0,56,0.05816650390625,0.013671875
large,R-HOR,GRU,0,56,0.058837890625,0.01171875
large,R-HOR,GRU,0,56,0.060028076171875,0.009765625
large,R-HOR,GRU,0,56,0.06158447265625,0.0078125
large,R-HOR,GRU,0,56,0.063232421875,0.005859375
large,R-HOR,GRU,0,56,0.0667724609375,0.00390625
large,R-HOR,GRU,0,56,0.0704345703125,0.001953125
large,R-HOR,GRU,0,74,0.0070648193359375,1.0
large,R-HOR,GRU,0,74,0.0098876953125,0.998046875
large,R-HOR,GRU,0,74,0.01155853271484375,0.99609375
large,R-HOR,GRU,0,74,0.01197052001953125,0.994140625
large,R-HOR,GRU,0,74,0.012603759765625,0.9921875
large,R-HOR,GRU,0,74,0.01276397705078125,0.990234375
large,R-HOR,GRU,0,74,0.01329803466796875,0.98828125
large,R-HOR,GRU,0,74,0.01367950439453125,0.986328125
large,R-HOR,GRU,0,74,0.01381683349609375,0.984375
large,R-HOR,GRU,0,74,0.01412200927734375,0.982421875
large,R-HOR,GRU,0,74,0.01436614990234375,0.98046875
large,R-HOR,GRU,0,74,0.01471710205078125,0.978515625
large,R-HOR,GRU,0,74,0.01544952392578125,0.9765625
large,R-HOR,GRU,0,74,0.0158233642578125,0.974609375
large,R-HOR,GRU,0,74,0.015899658203125,0.97265625
large,R-HOR,GRU,0,74,0.0161895751953125,0.970703125
large,R-HOR,GRU,0,74,0.016326904296875,0.96875
large,R-HOR,GRU,0,74,0.0164642333984375,0.966796875
large,R-HOR,GRU,0,74,0.0166778564453125,0.96484375
large,R-HOR,GRU,0,74,0.016845703125,0.962890625
large,R-HOR,GRU,0,74,0.0171966552734375,0.9609375
large,R-HOR,GRU,0,74,0.0173187255859375,0.958984375
large,R-HOR,GRU,0,74,0.01751708984375,0.95703125
large,R-HOR,GRU,0,74,0.017730712890625,0.955078125
large,R-HOR,GRU,0,74,0.017852783203125,0.953125
large,R-HOR,GRU,0,74,0.01806640625,0.951171875
large,R-HOR,GRU,0,74,0.0182647705078125,0.94921875
large,R-HOR,GRU,0,74,0.0184783935546875,0.947265625
large,R-HOR,GRU,0,74,0.0185699462890625,0.9453125
large,R-HOR,GRU,0,74,0.0187835693359375,0.943359375
large,R-HOR,GRU,0,74,0.0189056396484375,0.94140625
large,R-HOR,GRU,0,74,0.0190582275390625,0.939453125
large,R-HOR,GRU,0,74,0.0191802978515625,0.9375
large,R-HOR,GRU,0,74,0.0192718505859375,0.935546875
large,R-HOR,GRU,0,74,0.01934814453125,0.93359375
large,R-HOR,GRU,0,74,0.01953125,0.931640625
large,R-HOR,GRU,0,74,0.019683837890625,0.9296875
large,R-HOR,GRU,0,74,0.0198974609375,0.927734375
large,R-HOR,GRU,0,74,0.0200653076171875,0.92578125
large,R-HOR,GRU,0,74,0.020233154296875,0.923828125
large,R-HOR,GRU,0,74,0.0204315185546875,0.921875
large,R-HOR,GRU,0,74,0.020538330078125,0.919921875
large,R-HOR,GRU,0,74,0.020751953125,0.91796875
large,R-HOR,GRU,0,74,0.0208282470703125,0.916015625
large,R-HOR,GRU,0,74,0.02099609375,0.9140625
large,R-HOR,GRU,0,74,0.021148681640625,0.912109375
large,R-HOR,GRU,0,74,0.021270751953125,0.91015625
large,R-HOR,GRU,0,74,0.0213623046875,0.908203125
large,R-HOR,GRU,0,74,0.021514892578125,0.90625
large,R-HOR,GRU,0,74,0.02154541015625,0.904296875
large,R-HOR,GRU,0,74,0.021697998046875,0.90234375
large,R-HOR,GRU,0,74,0.0218048095703125,0.900390625
large,R-HOR,GRU,0,74,0.0219879150390625,0.8984375
large,R-HOR,GRU,0,74,0.022125244140625,0.896484375
large,R-HOR,GRU,0,74,0.02227783203125,0.89453125
large,R-HOR,GRU,0,74,0.0224456787109375,0.892578125
large,R-HOR,GRU,0,74,0.0225677490234375,0.890625
large,R-HOR,GRU,0,74,0.022613525390625,0.888671875
large,R-HOR,GRU,0,74,0.0227203369140625,0.88671875
large,R-HOR,GRU,0,74,0.0228729248046875,0.884765625
large,R-HOR,GRU,0,74,0.022979736328125,0.8828125
large,R-HOR,GRU,0,74,0.0230865478515625,0.880859375
large,R-HOR,GRU,0,74,0.023193359375,0.87890625
large,R-HOR,GRU,0,74,0.0233612060546875,0.876953125
large,R-HOR,GRU,0,74,0.0234222412109375,0.875
large,R-HOR,GRU,0,74,0.023529052734375,0.873046875
large,R-HOR,GRU,0,74,0.023651123046875,0.87109375
large,R-HOR,GRU,0,74,0.0238494873046875,0.869140625
large,R-HOR,GRU,0,74,0.02398681640625,0.8671875
large,R-HOR,GRU,0,74,0.0240936279296875,0.865234375
large,R-HOR,GRU,0,74,0.024169921875,0.86328125
large,R-HOR,GRU,0,74,0.0243072509765625,0.861328125
large,R-HOR,GRU,0,74,0.0244140625,0.859375
large,R-HOR,GRU,0,74,0.024505615234375,0.857421875
large,R-HOR,GRU,0,74,0.024627685546875,0.85546875
large,R-HOR,GRU,0,74,0.0247802734375,0.853515625
large,R-HOR,GRU,0,74,0.0248565673828125,0.8515625
large,R-HOR,GRU,0,74,0.0249481201171875,0.849609375
large,R-HOR,GRU,0,74,0.0250091552734375,0.84765625
large,R-HOR,GRU,0,74,0.025146484375,0.845703125
large,R-HOR,GRU,0,74,0.0253143310546875,0.84375
large,R-HOR,GRU,0,74,0.025421142578125,0.841796875
large,R-HOR,GRU,0,74,0.0255279541015625,0.83984375
large,R-HOR,GRU,0,74,0.0255889892578125,0.837890625
large,R-HOR,GRU,0,74,0.025634765625,0.8359375
large,R-HOR,GRU,0,74,0.025726318359375,0.833984375
large,R-HOR,GRU,0,74,0.0258331298828125,0.83203125
large,R-HOR,GRU,0,74,0.0259857177734375,0.830078125
large,R-HOR,GRU,0,74,0.0260772705078125,0.828125
large,R-HOR,GRU,0,74,0.0261688232421875,0.826171875
large,R-HOR,GRU,0,74,0.0262603759765625,0.82421875
large,R-HOR,GRU,0,74,0.0263519287109375,0.822265625
large,R-HOR,GRU,0,74,0.026458740234375,0.8203125
large,R-HOR,GRU,0,74,0.0265655517578125,0.818359375
large,R-HOR,GRU,0,74,0.026641845703125,0.81640625
large,R-HOR,GRU,0,74,0.0267333984375,0.814453125
large,R-HOR,GRU,0,74,0.02679443359375,0.8125
large,R-HOR,GRU,0,74,0.0268707275390625,0.810546875
large,R-HOR,GRU,0,74,0.027008056640625,0.80859375
large,R-HOR,GRU,0,74,0.027130126953125,0.806640625
large,R-HOR,GRU,0,74,0.027252197265625,0.8046875
large,R-HOR,GRU,0,74,0.027374267578125,0.802734375
large,R-HOR,GRU,0,74,0.0274505615234375,0.80078125
large,R-HOR,GRU,0,74,0.0276336669921875,0.798828125
large,R-HOR,GRU,0,74,0.027740478515625,0.796875
large,R-HOR,GRU,0,74,0.027801513671875,0.794921875
large,R-HOR,GRU,0,74,0.0278778076171875,0.79296875
large,R-HOR,GRU,0,74,0.0279541015625,0.791015625
large,R-HOR,GRU,0,74,0.0280303955078125,0.7890625
large,R-HOR,GRU,0,74,0.0281982421875,0.787109375
large,R-HOR,GRU,0,74,0.0283355712890625,0.78515625
large,R-HOR,GRU,0,74,0.0284881591796875,0.783203125
large,R-HOR,GRU,0,74,0.0285491943359375,0.78125
large,R-HOR,GRU,0,74,0.0286407470703125,0.779296875
large,R-HOR,GRU,0,74,0.0287628173828125,0.77734375
large,R-HOR,GRU,0,74,0.0288848876953125,0.775390625
large,R-HOR,GRU,0,74,0.028961181640625,0.7734375
large,R-HOR,GRU,0,74,0.0290985107421875,0.771484375
large,R-HOR,GRU,0,74,0.0292205810546875,0.76953125
large,R-HOR,GRU,0,74,0.0293121337890625,0.767578125
large,R-HOR,GRU,0,74,0.0294036865234375,0.765625
large,R-HOR,GRU,0,74,0.0295562744140625,0.763671875
large,R-HOR,GRU,0,74,0.0296630859375,0.76171875
large,R-HOR,GRU,0,74,0.02972412109375,0.759765625
large,R-HOR,GRU,0,74,0.0298004150390625,0.7578125
large,R-HOR,GRU,0,74,0.0299072265625,0.755859375
large,R-HOR,GRU,0,74,0.02996826171875,0.75390625
large,R-HOR,GRU,0,74,0.0300750732421875,0.751953125
large,R-HOR,GRU,0,74,0.0301513671875,0.75
large,R-HOR,GRU,0,74,0.0301971435546875,0.748046875
large,R-HOR,GRU,0,74,0.0302581787109375,0.74609375
large,R-HOR,GRU,0,74,0.0303192138671875,0.744140625
large,R-HOR,GRU,0,74,0.030426025390625,0.7421875
large,R-HOR,GRU,0,74,0.0305023193359375,0.740234375
large,R-HOR,GRU,0,74,0.0305633544921875,0.73828125
large,R-HOR,GRU,0,74,0.0306549072265625,0.736328125
large,R-HOR,GRU,0,74,0.03076171875,0.734375
large,R-HOR,GRU,0,74,0.030853271484375,0.732421875
large,R-HOR,GRU,0,74,0.0309295654296875,0.73046875
large,R-HOR,GRU,0,74,0.0310211181640625,0.728515625
large,R-HOR,GRU,0,74,0.0310821533203125,0.7265625
large,R-HOR,GRU,0,74,0.0311279296875,0.724609375
large,R-HOR,GRU,0,74,0.0312347412109375,0.72265625
large,R-HOR,GRU,0,74,0.03131103515625,0.720703125
large,R-HOR,GRU,0,74,0.0313720703125,0.71875
large,R-HOR,GRU,0,74,0.031463623046875,0.716796875
large,R-HOR,GRU,0,74,0.03155517578125,0.71484375
large,R-HOR,GRU,0,74,0.0316162109375,0.712890625
large,R-HOR,GRU,0,74,0.031707763671875,0.7109375
large,R-HOR,GRU,0,74,0.0318603515625,0.708984375
large,R-HOR,GRU,0,74,0.031951904296875,0.70703125
large,R-HOR,GRU,0,74,0.032012939453125,0.705078125
large,R-HOR,GRU,0,74,0.032135009765625,0.703125
large,R-HOR,GRU,0,74,0.032196044921875,0.701171875
large,R-HOR,GRU,0,74,0.032257080078125,0.69921875
large,R-HOR,GRU,0,74,0.032318115234375,0.697265625
large,R-HOR,GRU,0,74,0.03240966796875,0.6953125
large,R-HOR,GRU,0,74,0.032470703125,0.693359375
large,R-HOR,GRU,0,74,0.032562255859375,0.69140625
large,R-HOR,GRU,0,74,0.0325927734375,0.689453125
large,R-HOR,GRU,0,74,0.032623291015625,0.6875
large,R-HOR,GRU,0,74,0.032684326171875,0.685546875
large,R-HOR,GRU,0,74,0.032806396484375,0.68359375
large,R-HOR,GRU,0,74,0.03289794921875,0.681640625
large,R-HOR,GRU,0,74,0.032989501953125,0.6796875
large,R-HOR,GRU,0,74,0.033050537109375,0.677734375
large,R-HOR,GRU,0,74,0.033111572265625,0.67578125
large,R-HOR,GRU,0,74,0.033172607421875,0.673828125
large,R-HOR,GRU,0,74,0.03326416015625,0.671875
large,R-HOR,GRU,0,74,0.0333251953125,0.669921875
large,R-HOR,GRU,0,74,0.033416748046875,0.66796875
large,R-HOR,GRU,0,74,0.033447265625,0.666015625
large,R-HOR,GRU,0,74,0.033538818359375,0.6640625
large,R-HOR,GRU,0,74,0.03363037109375,0.662109375
large,R-HOR,GRU,0,74,0.03369140625,0.66015625
large,R-HOR,GRU,0,74,0.03375244140625,0.658203125
large,R-HOR,GRU,0,74,0.033843994140625,0.65625
large,R-HOR,GRU,0,74,0.03387451171875,0.654296875
large,R-HOR,GRU,0,74,0.033966064453125,0.65234375
large,R-HOR,GRU,0,74,0.03399658203125,0.650390625
large,R-HOR,GRU,0,74,0.034088134765625,0.6484375
large,R-HOR,GRU,0,74,0.0341796875,0.646484375
large,R-HOR,GRU,0,74,0.03424072265625,0.64453125
large,R-HOR,GRU,0,74,0.0343017578125,0.642578125
large,R-HOR,GRU,0,74,0.03436279296875,0.640625
large,R-HOR,GRU,0,74,0.034423828125,0.638671875
large,R-HOR,GRU,0,74,0.03448486328125,0.63671875
large,R-HOR,GRU,0,74,0.034515380859375,0.634765625
large,R-HOR,GRU,0,74,0.03460693359375,0.6328125
large,R-HOR,GRU,0,74,0.03466796875,0.630859375
large,R-HOR,GRU,0,74,0.034698486328125,0.62890625
large,R-HOR,GRU,0,74,0.034759521484375,0.626953125
large,R-HOR,GRU,0,74,0.034820556640625,0.625
large,R-HOR,GRU,0,74,0.03485107421875,0.623046875
large,R-HOR,GRU,0,74,0.034942626953125,0.62109375
large,R-HOR,GRU,0,74,0.0350341796875,0.619140625
large,R-HOR,GRU,0,74,0.03509521484375,0.6171875
large,R-HOR,GRU,0,74,0.03515625,0.615234375
large,R-HOR,GRU,0,74,0.0352783203125,0.61328125
large,R-HOR,GRU,0,74,0.035400390625,0.611328125
large,R-HOR,GRU,0,74,0.03546142578125,0.609375
large,R-HOR,GRU,0,74,0.035552978515625,0.607421875
large,R-HOR,GRU,0,74,0.03564453125,0.60546875
large,R-HOR,GRU,0,74,0.0357666015625,0.603515625
large,R-HOR,GRU,0,74,0.03582763671875,0.6015625
large,R-HOR,GRU,0,74,0.035919189453125,0.599609375
large,R-HOR,GRU,0,74,0.03594970703125,0.59765625
large,R-HOR,GRU,0,74,0.0360107421875,0.595703125
large,R-HOR,GRU,0,74,0.036041259765625,0.59375
large,R-HOR,GRU,0,74,0.036102294921875,0.591796875
large,R-HOR,GRU,0,74,0.036163330078125,0.58984375
large,R-HOR,GRU,0,74,0.0362548828125,0.587890625
large,R-HOR,GRU,0,74,0.03631591796875,0.5859375
large,R-HOR,GRU,0,74,0.036376953125,0.583984375
large,R-HOR,GRU,0,74,0.036529541015625,0.58203125
large,R-HOR,GRU,0,74,0.036590576171875,0.580078125
large,R-HOR,GRU,0,74,0.036651611328125,0.578125
large,R-HOR,GRU,0,74,0.036712646484375,0.576171875
large,R-HOR,GRU,0,74,0.03680419921875,0.57421875
large,R-HOR,GRU,0,74,0.036834716796875,0.572265625
large,R-HOR,GRU,0,74,0.03692626953125,0.5703125
large,R-HOR,GRU,0,74,0.0369873046875,0.568359375
large,R-HOR,GRU,0,74,0.03704833984375,0.56640625
large,R-HOR,GRU,0,74,0.037109375,0.564453125
large,R-HOR,GRU,0,74,0.03717041015625,0.5625
large,R-HOR,GRU,0,74,0.0372314453125,0.560546875
large,R-HOR,GRU,0,74,0.03729248046875,0.55859375
large,R-HOR,GRU,0,74,0.037353515625,0.556640625
large,R-HOR,GRU,0,74,0.03741455078125,0.5546875
large,R-HOR,GRU,0,74,0.037445068359375,0.552734375
large,R-HOR,GRU,0,74,0.037506103515625,0.55078125
large,R-HOR,GRU,0,74,0.037567138671875,0.548828125
large,R-HOR,GRU,0,74,0.037628173828125,0.546875
large,R-HOR,GRU,0,74,0.03765869140625,0.544921875
large,R-HOR,GRU,0,74,0.0377197265625,0.54296875
large,R-HOR,GRU,0,74,0.037750244140625,0.541015625
large,R-HOR,GRU,0,74,0.037811279296875,0.5390625
large,R-HOR,GRU,0,74,0.037872314453125,0.537109375
large,R-HOR,GRU,0,74,0.037933349609375,0.53515625
large,R-HOR,GRU,0,74,0.037994384765625,0.533203125
large,R-HOR,GRU,0,74,0.03802490234375,0.53125
large,R-HOR,GRU,0,74,0.03814697265625,0.529296875
large,R-HOR,GRU,0,74,0.03826904296875,0.52734375
large,R-HOR,GRU,0,74,0.038330078125,0.525390625
large,R-HOR,GRU,0,74,0.03839111328125,0.5234375
large,R-HOR,GRU,0,74,0.0384521484375,0.521484375
large,R-HOR,GRU,0,74,0.03851318359375,0.51953125
large,R-HOR,GRU,0,74,0.03857421875,0.517578125
large,R-HOR,GRU,0,74,0.03863525390625,0.515625
large,R-HOR,GRU,0,74,0.0386962890625,0.513671875
large,R-HOR,GRU,0,74,0.038726806640625,0.51171875
large,R-HOR,GRU,0,74,0.038787841796875,0.509765625
large,R-HOR,GRU,0,74,0.038848876953125,0.5078125
large,R-HOR,GRU,0,74,0.038909912109375,0.505859375
large,R-HOR,GRU,0,74,0.038970947265625,0.50390625
large,R-HOR,GRU,0,74,0.0390625,0.501953125
large,R-HOR,GRU,0,74,0.0391845703125,0.5
large,R-HOR,GRU,0,74,0.039215087890625,0.498046875
large,R-HOR,GRU,0,74,0.03924560546875,0.49609375
large,R-HOR,GRU,0,74,0.03936767578125,0.494140625
large,R-HOR,GRU,0,74,0.039398193359375,0.4921875
large,R-HOR,GRU,0,74,0.039459228515625,0.490234375
large,R-HOR,GRU,0,74,0.03948974609375,0.48828125
large,R-HOR,GRU,0,74,0.03955078125,0.486328125
large,R-HOR,GRU,0,74,0.03961181640625,0.484375
large,R-HOR,GRU,0,74,0.0396728515625,0.482421875
large,R-HOR,GRU,0,74,0.039703369140625,0.48046875
large,R-HOR,GRU,0,74,0.039764404296875,0.478515625
large,R-HOR,GRU,0,74,0.03985595703125,0.4765625
large,R-HOR,GRU,0,74,0.0399169921875,0.474609375
large,R-HOR,GRU,0,74,0.03997802734375,0.47265625
large,R-HOR,GRU,0,74,0.0400390625,0.470703125
large,R-HOR,GRU,0,74,0.040130615234375,0.46875
large,R-HOR,GRU,0,74,0.040191650390625,0.466796875
large,R-HOR,GRU,0,74,0.040283203125,0.46484375
large,R-HOR,GRU,0,74,0.04034423828125,0.462890625
large,R-HOR,GRU,0,74,0.040374755859375,0.4609375
large,R-HOR,GRU,0,74,0.040435791015625,0.458984375
large,R-HOR,GRU,0,74,0.040496826171875,0.45703125
large,R-HOR,GRU,0,74,0.04052734375,0.455078125
large,R-HOR,GRU,0,74,0.040557861328125,0.453125
large,R-HOR,GRU,0,74,0.04058837890625,0.451171875
large,R-HOR,GRU,0,74,0.040679931640625,0.44921875
large,R-HOR,GRU,0,74,0.040740966796875,0.447265625
large,R-HOR,GRU,0,74,0.04083251953125,0.4453125
large,R-HOR,GRU,0,74,0.0408935546875,0.443359375
large,R-HOR,GRU,0,74,0.04095458984375,0.44140625
large,R-HOR,GRU,0,74,0.04095458984375,0.439453125
large,R-HOR,GRU,0,74,0.041015625,0.4375
large,R-HOR,GRU,0,74,0.04107666015625,0.435546875
large,R-HOR,GRU,0,74,0.041107177734375,0.43359375
large,R-HOR,GRU,0,74,0.04119873046875,0.431640625
large,R-HOR,GRU,0,74,0.041229248046875,0.4296875
large,R-HOR,GRU,0,74,0.041259765625,0.427734375
large,R-HOR,GRU,0,74,0.041290283203125,0.42578125
large,R-HOR,GRU,0,74,0.0413818359375,0.423828125
large,R-HOR,GRU,0,74,0.041412353515625,0.421875
large,R-HOR,GRU,0,74,0.041473388671875,0.419921875
large,R-HOR,GRU,0,74,0.04156494140625,0.41796875
large,R-HOR,GRU,0,74,0.041595458984375,0.416015625
large,R-HOR,GRU,0,74,0.041656494140625,0.4140625
large,R-HOR,GRU,0,74,0.041748046875,0.412109375
large,R-HOR,GRU,0,74,0.041778564453125,0.41015625
large,R-HOR,GRU,0,74,0.041839599609375,0.408203125
large,R-HOR,GRU,0,74,0.0418701171875,0.40625
large,R-HOR,GRU,0,74,0.041900634765625,0.404296875
large,R-HOR,GRU,0,74,0.04193115234375,0.40234375
large,R-HOR,GRU,0,74,0.041961669921875,0.400390625
large,R-HOR,GRU,0,74,0.042022705078125,0.3984375
large,R-HOR,GRU,0,74,0.04205322265625,0.396484375
large,R-HOR,GRU,0,74,0.042083740234375,0.39453125
large,R-HOR,GRU,0,74,0.0421142578125,0.392578125
large,R-HOR,GRU,0,74,0.042144775390625,0.390625
large,R-HOR,GRU,0,74,0.042205810546875,0.388671875
large,R-HOR,GRU,0,74,0.042266845703125,0.38671875
large,R-HOR,GRU,0,74,0.04229736328125,0.384765625
large,R-HOR,GRU,0,74,0.0423583984375,0.3828125
large,R-HOR,GRU,0,74,0.042388916015625,0.380859375
large,R-HOR,GRU,0,74,0.042449951171875,0.37890625
large,R-HOR,GRU,0,74,0.04248046875,0.376953125
large,R-HOR,GRU,0,74,0.04254150390625,0.375
large,R-HOR,GRU,0,74,0.0426025390625,0.373046875
large,R-HOR,GRU,0,74,0.042633056640625,0.37109375
large,R-HOR,GRU,0,74,0.04266357421875,0.369140625
large,R-HOR,GRU,0,74,0.042724609375,0.3671875
large,R-HOR,GRU,0,74,0.04278564453125,0.365234375
large,R-HOR,GRU,0,74,0.0428466796875,0.36328125
large,R-HOR,GRU,0,74,0.04290771484375,0.361328125
large,R-HOR,GRU,0,74,0.042938232421875,0.359375
large,R-HOR,GRU,0,74,0.04302978515625,0.357421875
large,R-HOR,GRU,0,74,0.043060302734375,0.35546875
large,R-HOR,GRU,0,74,0.0430908203125,0.353515625
large,R-HOR,GRU,0,74,0.043121337890625,0.3515625
large,R-HOR,GRU,0,74,0.04315185546875,0.349609375
large,R-HOR,GRU,0,74,0.043212890625,0.34765625
large,R-HOR,GRU,0,74,0.04327392578125,0.345703125
large,R-HOR,GRU,0,74,0.043304443359375,0.34375
large,R-HOR,GRU,0,74,0.043365478515625,0.341796875
large,R-HOR,GRU,0,74,0.04339599609375,0.33984375
large,R-HOR,GRU,0,74,0.04345703125,0.337890625
large,R-HOR,GRU,0,74,0.043487548828125,0.3359375
large,R-HOR,GRU,0,74,0.0435791015625,0.333984375
large,R-HOR,GRU,0,74,0.043609619140625,0.33203125
large,R-HOR,GRU,0,74,0.04364013671875,0.330078125
large,R-HOR,GRU,0,74,0.043701171875,0.328125
large,R-HOR,GRU,0,74,0.04376220703125,0.326171875
large,R-HOR,GRU,0,74,0.043792724609375,0.32421875
large,R-HOR,GRU,0,74,0.043853759765625,0.322265625
large,R-HOR,GRU,0,74,0.04388427734375,0.3203125
large,R-HOR,GRU,0,74,0.043914794921875,0.318359375
large,R-HOR,GRU,0,74,0.043975830078125,0.31640625
large,R-HOR,GRU,0,74,0.04400634765625,0.314453125
large,R-HOR,GRU,0,74,0.044036865234375,0.3125
large,R-HOR,GRU,0,74,0.044097900390625,0.310546875
large,R-HOR,GRU,0,74,0.04412841796875,0.30859375
large,R-HOR,GRU,0,74,0.044158935546875,0.306640625
large,R-HOR,GRU,0,74,0.044219970703125,0.3046875
large,R-HOR,GRU,0,74,0.04425048828125,0.302734375
large,R-HOR,GRU,0,74,0.0443115234375,0.30078125
large,R-HOR,GRU,0,74,0.04437255859375,0.298828125
large,R-HOR,GRU,0,74,0.04443359375,0.296875
large,R-HOR,GRU,0,74,0.04449462890625,0.294921875
large,R-HOR,GRU,0,74,0.0445556640625,0.29296875
large,R-HOR,GRU,0,74,0.04461669921875,0.291015625
large,R-HOR,GRU,0,74,0.044647216796875,0.2890625
large,R-HOR,GRU,0,74,0.044708251953125,0.287109375
large,R-HOR,GRU,0,74,0.044708251953125,0.28515625
large,R-HOR,GRU,0,74,0.04473876953125,0.283203125
large,R-HOR,GRU,0,74,0.044769287109375,0.28125
large,R-HOR,GRU,0,74,0.04486083984375,0.279296875
large,R-HOR,GRU,0,74,0.044921875,0.27734375
large,R-HOR,GRU,0,74,0.044952392578125,0.275390625
large,R-HOR,GRU,0,74,0.045013427734375,0.2734375
large,R-HOR,GRU,0,74,0.0450439453125,0.271484375
large,R-HOR,GRU,0,74,0.04510498046875,0.26953125
large,R-HOR,GRU,0,74,0.045166015625,0.267578125
large,R-HOR,GRU,0,74,0.045196533203125,0.265625
large,R-HOR,GRU,0,74,0.04522705078125,0.263671875
large,R-HOR,GRU,0,74,0.045318603515625,0.26171875
large,R-HOR,GRU,0,74,0.04534912109375,0.259765625
large,R-HOR,GRU,0,74,0.04541015625,0.2578125
large,R-HOR,GRU,0,74,0.045440673828125,0.255859375
large,R-HOR,GRU,0,74,0.045501708984375,0.25390625
large,R-HOR,GRU,0,74,0.045562744140625,0.251953125
large,R-HOR,GRU,0,74,0.045562744140625,0.25
large,R-HOR,GRU,0,74,0.04559326171875,0.248046875
large,R-HOR,GRU,0,74,0.045623779296875,0.24609375
large,R-HOR,GRU,0,74,0.045684814453125,0.244140625
large,R-HOR,GRU,0,74,0.045745849609375,0.2421875
large,R-HOR,GRU,0,74,0.0457763671875,0.240234375
large,R-HOR,GRU,0,74,0.045806884765625,0.23828125
large,R-HOR,GRU,0,74,0.045867919921875,0.236328125
large,R-HOR,GRU,0,74,0.045928955078125,0.234375
large,R-HOR,GRU,0,74,0.04595947265625,0.232421875
large,R-HOR,GRU,0,74,0.046051025390625,0.23046875
large,R-HOR,GRU,0,74,0.046112060546875,0.228515625
large,R-HOR,GRU,0,74,0.046173095703125,0.2265625
large,R-HOR,GRU,0,74,0.04620361328125,0.224609375
large,R-HOR,GRU,0,74,0.0462646484375,0.22265625
large,R-HOR,GRU,0,74,0.046295166015625,0.220703125
large,R-HOR,GRU,0,74,0.04632568359375,0.21875
large,R-HOR,GRU,0,74,0.046417236328125,0.216796875
large,R-HOR,GRU,0,74,0.04644775390625,0.21484375
large,R-HOR,GRU,0,74,0.0465087890625,0.212890625
large,R-HOR,GRU,0,74,0.046600341796875,0.2109375
large,R-HOR,GRU,0,74,0.046630859375,0.208984375
large,R-HOR,GRU,0,74,0.046661376953125,0.20703125
large,R-HOR,GRU,0,74,0.04669189453125,0.205078125
large,R-HOR,GRU,0,74,0.0467529296875,0.203125
large,R-HOR,GRU,0,74,0.046783447265625,0.201171875
large,R-HOR,GRU,0,74,0.046844482421875,0.19921875
large,R-HOR,GRU,0,74,0.046875,0.197265625
large,R-HOR,GRU,0,74,0.0469970703125,0.1953125
large,R-HOR,GRU,0,74,0.047027587890625,0.193359375
large,R-HOR,GRU,0,74,0.047088623046875,0.19140625
large,R-HOR,GRU,0,74,0.047119140625,0.189453125
large,R-HOR,GRU,0,74,0.04718017578125,0.1875
large,R-HOR,GRU,0,74,0.047210693359375,0.185546875
large,R-HOR,GRU,0,74,0.04730224609375,0.18359375
large,R-HOR,GRU,0,74,0.047332763671875,0.181640625
large,R-HOR,GRU,0,74,0.04736328125,0.1796875
large,R-HOR,GRU,0,74,0.04742431640625,0.177734375
large,R-HOR,GRU,0,74,0.047454833984375,0.17578125
large,R-HOR,GRU,0,74,0.047515869140625,0.173828125
large,R-HOR,GRU,0,74,0.04754638671875,0.171875
large,R-HOR,GRU,0,74,0.047607421875,0.169921875
large,R-HOR,GRU,0,74,0.047637939453125,0.16796875
large,R-HOR,GRU,0,74,0.04766845703125,0.166015625
large,R-HOR,GRU,0,74,0.0477294921875,0.1640625
large,R-HOR,GRU,0,74,0.047821044921875,0.162109375
large,R-HOR,GRU,0,74,0.047882080078125,0.16015625
large,R-HOR,GRU,0,74,0.04791259765625,0.158203125
large,R-HOR,GRU,0,74,0.0479736328125,0.15625
large,R-HOR,GRU,0,74,0.04803466796875,0.154296875
large,R-HOR,GRU,0,74,0.048065185546875,0.15234375
large,R-HOR,GRU,0,74,0.048126220703125,0.150390625
large,R-HOR,GRU,0,74,0.048248291015625,0.1484375
large,R-HOR,GRU,0,74,0.048309326171875,0.146484375
large,R-HOR,GRU,0,74,0.04833984375,0.14453125
large,R-HOR,GRU,0,74,0.048370361328125,0.142578125
large,R-HOR,GRU,0,74,0.0484619140625,0.140625
large,R-HOR,GRU,0,74,0.048492431640625,0.138671875
large,R-HOR,GRU,0,74,0.048583984375,0.13671875
large,R-HOR,GRU,0,74,0.04864501953125,0.134765625
large,R-HOR,GRU,0,74,0.0487060546875,0.1328125
large,R-HOR,GRU,0,74,0.04876708984375,0.130859375
large,R-HOR,GRU,0,74,0.048797607421875,0.12890625
large,R-HOR,GRU,0,74,0.048858642578125,0.126953125
large,R-HOR,GRU,0,74,0.048919677734375,0.125
large,R-HOR,GRU,0,74,0.0489501953125,0.123046875
large,R-HOR,GRU,0,74,0.04901123046875,0.12109375
large,R-HOR,GRU,0,74,0.049072265625,0.119140625
large,R-HOR,GRU,0,74,0.049072265625,0.1171875
large,R-HOR,GRU,0,74,0.04913330078125,0.115234375
large,R-HOR,GRU,0,74,0.0491943359375,0.11328125
large,R-HOR,GRU,0,74,0.049224853515625,0.111328125
large,R-HOR,GRU,0,74,0.049346923828125,0.109375
large,R-HOR,GRU,0,74,0.049407958984375,0.107421875
large,R-HOR,GRU,0,74,0.049468994140625,0.10546875
large,R-HOR,GRU,0,74,0.049530029296875,0.103515625
large,R-HOR,GRU,0,74,0.049652099609375,0.1015625
large,R-HOR,GRU,0,74,0.049713134765625,0.099609375
large,R-HOR,GRU,0,74,0.04974365234375,0.09765625
large,R-HOR,GRU,0,74,0.0498046875,0.095703125
large,R-HOR,GRU,0,74,0.049835205078125,0.09375
large,R-HOR,GRU,0,74,0.049896240234375,0.091796875
large,R-HOR,GRU,0,74,0.049957275390625,0.08984375
large,R-HOR,GRU,0,74,0.050048828125,0.087890625
large,R-HOR,GRU,0,74,0.05010986328125,0.0859375
large,R-HOR,GRU,0,74,0.050201416015625,0.083984375
large,R-HOR,GRU,0,74,0.050262451171875,0.08203125
large,R-HOR,GRU,0,74,0.050323486328125,0.080078125
large,R-HOR,GRU,0,74,0.0504150390625,0.078125
large,R-HOR,GRU,0,74,0.050537109375,0.076171875
large,R-HOR,GRU,0,74,0.05059814453125,0.07421875
large,R-HOR,GRU,0,74,0.050689697265625,0.072265625
large,R-HOR,GRU,0,74,0.050811767578125,0.0703125
large,R-HOR,GRU,0,74,0.050872802734375,0.068359375
large,R-HOR,GRU,0,74,0.051025390625,0.06640625
large,R-HOR,GRU,0,74,0.05108642578125,0.064453125
large,R-HOR,GRU,0,74,0.051239013671875,0.0625
large,R-HOR,GRU,0,74,0.05133056640625,0.060546875
large,R-HOR,GRU,0,74,0.05145263671875,0.05859375
large,R-HOR,GRU,0,74,0.051483154296875,0.056640625
large,R-HOR,GRU,0,74,0.051605224609375,0.0546875
large,R-HOR,GRU,0,74,0.051727294921875,0.052734375
large,R-HOR,GRU,0,74,0.051788330078125,0.05078125
large,R-HOR,GRU,0,74,0.0518798828125,0.048828125
large,R-HOR,GRU,0,74,0.05206298828125,0.046875
large,R-HOR,GRU,0,74,0.05224609375,0.044921875
large,R-HOR,GRU,0,74,0.05242919921875,0.04296875
large,R-HOR,GRU,0,74,0.0526123046875,0.041015625
large,R-HOR,GRU,0,74,0.052734375,0.0390625
large,R-HOR,GRU,0,74,0.052978515625,0.037109375
large,R-HOR,GRU,0,74,0.0533447265625,0.03515625
large,R-HOR,GRU,0,74,0.05352783203125,0.033203125
large,R-HOR,GRU,0,74,0.053802490234375,0.03125
large,R-HOR,GRU,0,74,0.053924560546875,0.029296875
large,R-HOR,GRU,0,74,0.054412841796875,0.02734375
large,R-HOR,GRU,0,74,0.05474853515625,0.025390625
large,R-HOR,GRU,0,74,0.054962158203125,0.0234375
large,R-HOR,GRU,0,74,0.05548095703125,0.021484375
large,R-HOR,GRU,0,74,0.05596923828125,0.01953125
large,R-HOR,GRU,0,74,0.05633544921875,0.017578125
large,R-HOR,GRU,0,74,0.0567626953125,0.015625
large,R-HOR,GRU,0,74,0.057769775390625,0.013671875
large,R-HOR,GRU,0,74,0.058349609375,0.01171875
large,R-HOR,GRU,0,74,0.060211181640625,0.009765625
large,R-HOR,GRU,0,74,0.061004638671875,0.0078125
large,R-HOR,GRU,0,74,0.0640869140625,0.005859375
large,R-HOR,GRU,0,74,0.06671142578125,0.00390625
large,R-HOR,GRU,0,74,0.07769775390625,0.001953125
large,R-HOR,sig2,0,0,-0.01439666748046875,1.0
large,R-HOR,sig2,0,0,0.007541656494140625,0.998046875
large,R-HOR,sig2,0,0,0.00876617431640625,0.99609375
large,R-HOR,sig2,0,0,0.0099945068359375,0.994140625
large,R-HOR,sig2,0,0,0.01043701171875,0.9921875
large,R-HOR,sig2,0,0,0.01078033447265625,0.990234375
large,R-HOR,sig2,0,0,0.0111846923828125,0.98828125
large,R-HOR,sig2,0,0,0.011566162109375,0.986328125
large,R-HOR,sig2,0,0,0.01189422607421875,0.984375
large,R-HOR,sig2,0,0,0.0120697021484375,0.982421875
large,R-HOR,sig2,0,0,0.0123291015625,0.98046875
large,R-HOR,sig2,0,0,0.012542724609375,0.978515625
large,R-HOR,sig2,0,0,0.012908935546875,0.9765625
large,R-HOR,sig2,0,0,0.01311492919921875,0.974609375
large,R-HOR,sig2,0,0,0.01338958740234375,0.97265625
large,R-HOR,sig2,0,0,0.01369476318359375,0.970703125
large,R-HOR,sig2,0,0,0.01384735107421875,0.96875
large,R-HOR,sig2,0,0,0.01399993896484375,0.966796875
large,R-HOR,sig2,0,0,0.01410675048828125,0.96484375
large,R-HOR,sig2,0,0,0.0143280029296875,0.962890625
large,R-HOR,sig2,0,0,0.01448822021484375,0.9609375
large,R-HOR,sig2,0,0,0.01471710205078125,0.958984375
large,R-HOR,sig2,0,0,0.01508331298828125,0.95703125
large,R-HOR,sig2,0,0,0.01523590087890625,0.955078125
large,R-HOR,sig2,0,0,0.01546478271484375,0.953125
large,R-HOR,sig2,0,0,0.01558685302734375,0.951171875
large,R-HOR,sig2,0,0,0.015716552734375,0.94921875
large,R-HOR,sig2,0,0,0.0158233642578125,0.947265625
large,R-HOR,sig2,0,0,0.0159454345703125,0.9453125
large,R-HOR,sig2,0,0,0.01611328125,0.943359375
large,R-HOR,sig2,0,0,0.016204833984375,0.94140625
large,R-HOR,sig2,0,0,0.016357421875,0.939453125
large,R-HOR,sig2,0,0,0.0166168212890625,0.9375
large,R-HOR,sig2,0,0,0.0167999267578125,0.935546875
large,R-HOR,sig2,0,0,0.0169525146484375,0.93359375
large,R-HOR,sig2,0,0,0.0169830322265625,0.931640625
large,R-HOR,sig2,0,0,0.017120361328125,0.9296875
large,R-HOR,sig2,0,0,0.0172119140625,0.927734375
large,R-HOR,sig2,0,0,0.017303466796875,0.92578125
large,R-HOR,sig2,0,0,0.017486572265625,0.923828125
large,R-HOR,sig2,0,0,0.0176544189453125,0.921875
large,R-HOR,sig2,0,0,0.017822265625,0.919921875
large,R-HOR,sig2,0,0,0.017974853515625,0.91796875
large,R-HOR,sig2,0,0,0.0182037353515625,0.916015625
large,R-HOR,sig2,0,0,0.0183868408203125,0.9140625
large,R-HOR,sig2,0,0,0.0184783935546875,0.912109375
large,R-HOR,sig2,0,0,0.0187530517578125,0.91015625
large,R-HOR,sig2,0,0,0.018798828125,0.908203125
large,R-HOR,sig2,0,0,0.0188751220703125,0.90625
large,R-HOR,sig2,0,0,0.019134521484375,0.904296875
large,R-HOR,sig2,0,0,0.019317626953125,0.90234375
large,R-HOR,sig2,0,0,0.0194091796875,0.900390625
large,R-HOR,sig2,0,0,0.01947021484375,0.8984375
large,R-HOR,sig2,0,0,0.019683837890625,0.896484375
large,R-HOR,sig2,0,0,0.0198516845703125,0.89453125
large,R-HOR,sig2,0,0,0.0199432373046875,0.892578125
large,R-HOR,sig2,0,0,0.0200958251953125,0.890625
large,R-HOR,sig2,0,0,0.0201873779296875,0.888671875
large,R-HOR,sig2,0,0,0.0202789306640625,0.88671875
large,R-HOR,sig2,0,0,0.02032470703125,0.884765625
large,R-HOR,sig2,0,0,0.0205078125,0.8828125
large,R-HOR,sig2,0,0,0.0206451416015625,0.880859375
large,R-HOR,sig2,0,0,0.02069091796875,0.87890625
large,R-HOR,sig2,0,0,0.020782470703125,0.876953125
large,R-HOR,sig2,0,0,0.0209197998046875,0.875
large,R-HOR,sig2,0,0,0.020965576171875,0.873046875
large,R-HOR,sig2,0,0,0.0210418701171875,0.87109375
large,R-HOR,sig2,0,0,0.0211334228515625,0.869140625
large,R-HOR,sig2,0,0,0.021270751953125,0.8671875
large,R-HOR,sig2,0,0,0.0214385986328125,0.865234375
large,R-HOR,sig2,0,0,0.021514892578125,0.86328125
large,R-HOR,sig2,0,0,0.021575927734375,0.861328125
large,R-HOR,sig2,0,0,0.0217437744140625,0.859375
large,R-HOR,sig2,0,0,0.021881103515625,0.857421875
large,R-HOR,sig2,0,0,0.021942138671875,0.85546875
large,R-HOR,sig2,0,0,0.022064208984375,0.853515625
large,R-HOR,sig2,0,0,0.022186279296875,0.8515625
large,R-HOR,sig2,0,0,0.022308349609375,0.849609375
large,R-HOR,sig2,0,0,0.0224151611328125,0.84765625
large,R-HOR,sig2,0,0,0.0224609375,0.845703125
large,R-HOR,sig2,0,0,0.02252197265625,0.84375
large,R-HOR,sig2,0,0,0.02264404296875,0.841796875
large,R-HOR,sig2,0,0,0.022705078125,0.83984375
large,R-HOR,sig2,0,0,0.022796630859375,0.837890625
large,R-HOR,sig2,0,0,0.0228271484375,0.8359375
large,R-HOR,sig2,0,0,0.0229339599609375,0.833984375
large,R-HOR,sig2,0,0,0.0230712890625,0.83203125
large,R-HOR,sig2,0,0,0.023193359375,0.830078125
large,R-HOR,sig2,0,0,0.0232391357421875,0.828125
large,R-HOR,sig2,0,0,0.0233612060546875,0.826171875
large,R-HOR,sig2,0,0,0.0234222412109375,0.82421875
large,R-HOR,sig2,0,0,0.0235443115234375,0.822265625
large,R-HOR,sig2,0,0,0.02362060546875,0.8203125
large,R-HOR,sig2,0,0,0.0236968994140625,0.818359375
large,R-HOR,sig2,0,0,0.0238037109375,0.81640625
large,R-HOR,sig2,0,0,0.02386474609375,0.814453125
large,R-HOR,sig2,0,0,0.023956298828125,0.8125
large,R-HOR,sig2,0,0,0.0240478515625,0.810546875
large,R-HOR,sig2,0,0,0.024169921875,0.80859375
large,R-HOR,sig2,0,0,0.0242462158203125,0.806640625
large,R-HOR,sig2,0,0,0.0244140625,0.8046875
large,R-HOR,sig2,0,0,0.0245361328125,0.802734375
large,R-HOR,sig2,0,0,0.0246124267578125,0.80078125
large,R-HOR,sig2,0,0,0.02471923828125,0.798828125
large,R-HOR,sig2,0,0,0.0247650146484375,0.796875
large,R-HOR,sig2,0,0,0.02484130859375,0.794921875
large,R-HOR,sig2,0,0,0.0249786376953125,0.79296875
large,R-HOR,sig2,0,0,0.0250396728515625,0.791015625
large,R-HOR,sig2,0,0,0.0251617431640625,0.7890625
large,R-HOR,sig2,0,0,0.0252227783203125,0.787109375
large,R-HOR,sig2,0,0,0.025299072265625,0.78515625
large,R-HOR,sig2,0,0,0.025421142578125,0.783203125
large,R-HOR,sig2,0,0,0.0254669189453125,0.78125
large,R-HOR,sig2,0,0,0.0255126953125,0.779296875
large,R-HOR,sig2,0,0,0.025665283203125,0.77734375
large,R-HOR,sig2,0,0,0.0257720947265625,0.775390625
large,R-HOR,sig2,0,0,0.0260009765625,0.7734375
large,R-HOR,sig2,0,0,0.026123046875,0.771484375
large,R-HOR,sig2,0,0,0.0262451171875,0.76953125
large,R-HOR,sig2,0,0,0.0263519287109375,0.767578125
large,R-HOR,sig2,0,0,0.02642822265625,0.765625
large,R-HOR,sig2,0,0,0.026519775390625,0.763671875
large,R-HOR,sig2,0,0,0.02655029296875,0.76171875
large,R-HOR,sig2,0,0,0.0266265869140625,0.759765625
large,R-HOR,sig2,0,0,0.026702880859375,0.7578125
large,R-HOR,sig2,0,0,0.0267486572265625,0.755859375
large,R-HOR,sig2,0,0,0.0268402099609375,0.75390625
large,R-HOR,sig2,0,0,0.026947021484375,0.751953125
large,R-HOR,sig2,0,0,0.0270843505859375,0.75
large,R-HOR,sig2,0,0,0.0271759033203125,0.748046875
large,R-HOR,sig2,0,0,0.0272064208984375,0.74609375
large,R-HOR,sig2,0,0,0.02728271484375,0.744140625
large,R-HOR,sig2,0,0,0.0273895263671875,0.7421875
large,R-HOR,sig2,0,0,0.0274658203125,0.740234375
large,R-HOR,sig2,0,0,0.0275421142578125,0.73828125
large,R-HOR,sig2,0,0,0.0276031494140625,0.736328125
large,R-HOR,sig2,0,0,0.0276641845703125,0.734375
large,R-HOR,sig2,0,0,0.02777099609375,0.732421875
large,R-HOR,sig2,0,0,0.0278167724609375,0.73046875
large,R-HOR,sig2,0,0,0.0279388427734375,0.728515625
large,R-HOR,sig2,0,0,0.0280609130859375,0.7265625
large,R-HOR,sig2,0,0,0.0281524658203125,0.724609375
large,R-HOR,sig2,0,0,0.0282135009765625,0.72265625
large,R-HOR,sig2,0,0,0.0283050537109375,0.720703125
large,R-HOR,sig2,0,0,0.0283660888671875,0.71875
large,R-HOR,sig2,0,0,0.0284881591796875,0.716796875
large,R-HOR,sig2,0,0,0.0286712646484375,0.71484375
large,R-HOR,sig2,0,0,0.0287628173828125,0.712890625
large,R-HOR,sig2,0,0,0.0288238525390625,0.7109375
large,R-HOR,sig2,0,0,0.0288543701171875,0.708984375
large,R-HOR,sig2,0,0,0.0289459228515625,0.70703125
large,R-HOR,sig2,0,0,0.029052734375,0.705078125
large,R-HOR,sig2,0,0,0.0291595458984375,0.703125
large,R-HOR,sig2,0,0,0.029205322265625,0.701171875
large,R-HOR,sig2,0,0,0.029266357421875,0.69921875
large,R-HOR,sig2,0,0,0.0293121337890625,0.697265625
large,R-HOR,sig2,0,0,0.02947998046875,0.6953125
large,R-HOR,sig2,0,0,0.029571533203125,0.693359375
large,R-HOR,sig2,0,0,0.029632568359375,0.69140625
large,R-HOR,sig2,0,0,0.029754638671875,0.689453125
large,R-HOR,sig2,0,0,0.02984619140625,0.6875
large,R-HOR,sig2,0,0,0.029937744140625,0.685546875
large,R-HOR,sig2,0,0,0.0299835205078125,0.68359375
large,R-HOR,sig2,0,0,0.0300445556640625,0.681640625
large,R-HOR,sig2,0,0,0.03009033203125,0.6796875
large,R-HOR,sig2,0,0,0.030181884765625,0.677734375
large,R-HOR,sig2,0,0,0.0302276611328125,0.67578125
large,R-HOR,sig2,0,0,0.0303192138671875,0.673828125
large,R-HOR,sig2,0,0,0.0303955078125,0.671875
large,R-HOR,sig2,0,0,0.030487060546875,0.669921875
large,R-HOR,sig2,0,0,0.03057861328125,0.66796875
large,R-HOR,sig2,0,0,0.030609130859375,0.666015625
large,R-HOR,sig2,0,0,0.030670166015625,0.6640625
large,R-HOR,sig2,0,0,0.030792236328125,0.662109375
large,R-HOR,sig2,0,0,0.030853271484375,0.66015625
large,R-HOR,sig2,0,0,0.03094482421875,0.658203125
large,R-HOR,sig2,0,0,0.031005859375,0.65625
large,R-HOR,sig2,0,0,0.03106689453125,0.654296875
large,R-HOR,sig2,0,0,0.031158447265625,0.65234375
large,R-HOR,sig2,0,0,0.0312042236328125,0.650390625
large,R-HOR,sig2,0,0,0.03131103515625,0.6484375
large,R-HOR,sig2,0,0,0.0313720703125,0.646484375
large,R-HOR,sig2,0,0,0.031463623046875,0.64453125
large,R-HOR,sig2,0,0,0.031494140625,0.642578125
large,R-HOR,sig2,0,0,0.03155517578125,0.640625
large,R-HOR,sig2,0,0,0.031646728515625,0.638671875
large,R-HOR,sig2,0,0,0.03173828125,0.63671875
large,R-HOR,sig2,0,0,0.031829833984375,0.634765625
large,R-HOR,sig2,0,0,0.03192138671875,0.6328125
large,R-HOR,sig2,0,0,0.032012939453125,0.630859375
large,R-HOR,sig2,0,0,0.0321044921875,0.62890625
large,R-HOR,sig2,0,0,0.0322265625,0.626953125
large,R-HOR,sig2,0,0,0.032318115234375,0.625
large,R-HOR,sig2,0,0,0.032379150390625,0.623046875
large,R-HOR,sig2,0,0,0.032440185546875,0.62109375
large,R-HOR,sig2,0,0,0.032501220703125,0.619140625
large,R-HOR,sig2,0,0,0.032562255859375,0.6171875
large,R-HOR,sig2,0,0,0.032623291015625,0.615234375
large,R-HOR,sig2,0,0,0.03277587890625,0.61328125
large,R-HOR,sig2,0,0,0.0328369140625,0.611328125
large,R-HOR,sig2,0,0,0.032928466796875,0.609375
large,R-HOR,sig2,0,0,0.03302001953125,0.607421875
large,R-HOR,sig2,0,0,0.0330810546875,0.60546875
large,R-HOR,sig2,0,0,0.033172607421875,0.603515625
large,R-HOR,sig2,0,0,0.033233642578125,0.6015625
large,R-HOR,sig2,0,0,0.03326416015625,0.599609375
large,R-HOR,sig2,0,0,0.033355712890625,0.59765625
large,R-HOR,sig2,0,0,0.03338623046875,0.595703125
large,R-HOR,sig2,0,0,0.03350830078125,0.59375
large,R-HOR,sig2,0,0,0.033538818359375,0.591796875
large,R-HOR,sig2,0,0,0.03363037109375,0.58984375
large,R-HOR,sig2,0,0,0.03369140625,0.587890625
large,R-HOR,sig2,0,0,0.03375244140625,0.5859375
large,R-HOR,sig2,0,0,0.033843994140625,0.583984375
large,R-HOR,sig2,0,0,0.03387451171875,0.58203125
large,R-HOR,sig2,0,0,0.033966064453125,0.580078125
large,R-HOR,sig2,0,0,0.034027099609375,0.578125
large,R-HOR,sig2,0,0,0.034088134765625,0.576171875
large,R-HOR,sig2,0,0,0.034149169921875,0.57421875
large,R-HOR,sig2,0,0,0.0341796875,0.572265625
large,R-HOR,sig2,0,0,0.034271240234375,0.5703125
large,R-HOR,sig2,0,0,0.0343017578125,0.568359375
large,R-HOR,sig2,0,0,0.03436279296875,0.56640625
large,R-HOR,sig2,0,0,0.034423828125,0.564453125
large,R-HOR,sig2,0,0,0.034515380859375,0.5625
large,R-HOR,sig2,0,0,0.034576416015625,0.560546875
large,R-HOR,sig2,0,0,0.034637451171875,0.55859375
large,R-HOR,sig2,0,0,0.03472900390625,0.556640625
large,R-HOR,sig2,0,0,0.034820556640625,0.5546875
large,R-HOR,sig2,0,0,0.034881591796875,0.552734375
large,R-HOR,sig2,0,0,0.034912109375,0.55078125
large,R-HOR,sig2,0,0,0.0350341796875,0.548828125
large,R-HOR,sig2,0,0,0.03509521484375,0.546875
large,R-HOR,sig2,0,0,0.03515625,0.544921875
large,R-HOR,sig2,0,0,0.035186767578125,0.54296875
large,R-HOR,sig2,0,0,0.035247802734375,0.541015625
large,R-HOR,sig2,0,0,0.035400390625,0.5390625
large,R-HOR,sig2,0,0,0.0355224609375,0.537109375
large,R-HOR,sig2,0,0,0.03558349609375,0.53515625
large,R-HOR,sig2,0,0,0.035675048828125,0.533203125
large,R-HOR,sig2,0,0,0.0357666015625,0.53125
large,R-HOR,sig2,0,0,0.03582763671875,0.529296875
large,R-HOR,sig2,0,0,0.035888671875,0.52734375
large,R-HOR,sig2,0,0,0.035919189453125,0.525390625
large,R-HOR,sig2,0,0,0.035980224609375,0.5234375
large,R-HOR,sig2,0,0,0.036102294921875,0.521484375
large,R-HOR,sig2,0,0,0.0361328125,0.51953125
large,R-HOR,sig2,0,0,0.036224365234375,0.517578125
large,R-HOR,sig2,0,0,0.03631591796875,0.515625
large,R-HOR,sig2,0,0,0.036376953125,0.513671875
large,R-HOR,sig2,0,0,0.03643798828125,0.51171875
large,R-HOR,sig2,0,0,0.0364990234375,0.509765625
large,R-HOR,sig2,0,0,0.03656005859375,0.5078125
large,R-HOR,sig2,0,0,0.036651611328125,0.505859375
large,R-HOR,sig2,0,0,0.036712646484375,0.50390625
large,R-HOR,sig2,0,0,0.03680419921875,0.501953125
large,R-HOR,sig2,0,0,0.036895751953125,0.5
large,R-HOR,sig2,0,0,0.0369873046875,0.498046875
large,R-HOR,sig2,0,0,0.03704833984375,0.49609375
large,R-HOR,sig2,0,0,0.037109375,0.494140625
large,R-HOR,sig2,0,0,0.03717041015625,0.4921875
large,R-HOR,sig2,0,0,0.037261962890625,0.490234375
large,R-HOR,sig2,0,0,0.037353515625,0.48828125
large,R-HOR,sig2,0,0,0.037445068359375,0.486328125
large,R-HOR,sig2,0,0,0.03753662109375,0.484375
large,R-HOR,sig2,0,0,0.03759765625,0.482421875
large,R-HOR,sig2,0,0,0.03765869140625,0.48046875
large,R-HOR,sig2,0,0,0.0377197265625,0.478515625
large,R-HOR,sig2,0,0,0.037841796875,0.4765625
large,R-HOR,sig2,0,0,0.037872314453125,0.474609375
large,R-HOR,sig2,0,0,0.037933349609375,0.47265625
large,R-HOR,sig2,0,0,0.03802490234375,0.470703125
large,R-HOR,sig2,0,0,0.038116455078125,0.46875
large,R-HOR,sig2,0,0,0.03814697265625,0.466796875
large,R-HOR,sig2,0,0,0.0382080078125,0.46484375
large,R-HOR,sig2,0,0,0.038238525390625,0.462890625
large,R-HOR,sig2,0,0,0.038330078125,0.4609375
large,R-HOR,sig2,0,0,0.038360595703125,0.458984375
large,R-HOR,sig2,0,0,0.03851318359375,0.45703125
large,R-HOR,sig2,0,0,0.03857421875,0.455078125
large,R-HOR,sig2,0,0,0.038665771484375,0.453125
large,R-HOR,sig2,0,0,0.0386962890625,0.451171875
large,R-HOR,sig2,0,0,0.038818359375,0.44921875
large,R-HOR,sig2,0,0,0.03887939453125,0.447265625
large,R-HOR,sig2,0,0,0.038970947265625,0.4453125
large,R-HOR,sig2,0,0,0.0390625,0.443359375
large,R-HOR,sig2,0,0,0.03912353515625,0.44140625
large,R-HOR,sig2,0,0,0.03924560546875,0.439453125
large,R-HOR,sig2,0,0,0.039276123046875,0.4375
large,R-HOR,sig2,0,0,0.039306640625,0.435546875
large,R-HOR,sig2,0,0,0.039459228515625,0.43359375
large,R-HOR,sig2,0,0,0.03955078125,0.431640625
large,R-HOR,sig2,0,0,0.03961181640625,0.4296875
large,R-HOR,sig2,0,0,0.039703369140625,0.427734375
large,R-HOR,sig2,0,0,0.039794921875,0.42578125
large,R-HOR,sig2,0,0,0.039825439453125,0.423828125
large,R-HOR,sig2,0,0,0.039886474609375,0.421875
large,R-HOR,sig2,0,0,0.0399169921875,0.419921875
large,R-HOR,sig2,0,0,0.039947509765625,0.41796875
large,R-HOR,sig2,0,0,0.0400390625,0.416015625
large,R-HOR,sig2,0,0,0.040130615234375,0.4140625
large,R-HOR,sig2,0,0,0.04022216796875,0.412109375
large,R-HOR,sig2,0,0,0.04034423828125,0.41015625
large,R-HOR,sig2,0,0,0.040435791015625,0.408203125
large,R-HOR,sig2,0,0,0.04052734375,0.40625
large,R-HOR,sig2,0,0,0.040679931640625,0.404296875
large,R-HOR,sig2,0,0,0.040771484375,0.40234375
large,R-HOR,sig2,0,0,0.040802001953125,0.400390625
large,R-HOR,sig2,0,0,0.0408935546875,0.3984375
large,R-HOR,sig2,0,0,0.040985107421875,0.396484375
large,R-HOR,sig2,0,0,0.04107666015625,0.39453125
large,R-HOR,sig2,0,0,0.041168212890625,0.392578125
large,R-HOR,sig2,0,0,0.041290283203125,0.390625
large,R-HOR,sig2,0,0,0.041351318359375,0.388671875
large,R-HOR,sig2,0,0,0.04144287109375,0.38671875
large,R-HOR,sig2,0,0,0.04156494140625,0.384765625
large,R-HOR,sig2,0,0,0.041656494140625,0.3828125
large,R-HOR,sig2,0,0,0.041717529296875,0.380859375
large,R-HOR,sig2,0,0,0.04180908203125,0.37890625
large,R-HOR,sig2,0,0,0.0418701171875,0.376953125
large,R-HOR,sig2,0,0,0.041900634765625,0.375
large,R-HOR,sig2,0,0,0.041961669921875,0.373046875
large,R-HOR,sig2,0,0,0.042022705078125,0.37109375
large,R-HOR,sig2,0,0,0.0421142578125,0.369140625
large,R-HOR,sig2,0,0,0.042236328125,0.3671875
large,R-HOR,sig2,0,0,0.0423583984375,0.365234375
large,R-HOR,sig2,0,0,0.042388916015625,0.36328125
large,R-HOR,sig2,0,0,0.042449951171875,0.361328125
large,R-HOR,sig2,0,0,0.042510986328125,0.359375
large,R-HOR,sig2,0,0,0.0426025390625,0.357421875
large,R-HOR,sig2,0,0,0.042633056640625,0.35546875
large,R-HOR,sig2,0,0,0.042724609375,0.353515625
large,R-HOR,sig2,0,0,0.04278564453125,0.3515625
large,R-HOR,sig2,0,0,0.042877197265625,0.349609375
large,R-HOR,sig2,0,0,0.042938232421875,0.34765625
large,R-HOR,sig2,0,0,0.042999267578125,0.345703125
large,R-HOR,sig2,0,0,0.0430908203125,0.34375
large,R-HOR,sig2,0,0,0.04315185546875,0.341796875
large,R-HOR,sig2,0,0,0.043212890625,0.33984375
large,R-HOR,sig2,0,0,0.043365478515625,0.337890625
large,R-HOR,sig2,0,0,0.043426513671875,0.3359375
large,R-HOR,sig2,0,0,0.043548583984375,0.333984375
large,R-HOR,sig2,0,0,0.043670654296875,0.33203125
large,R-HOR,sig2,0,0,0.043731689453125,0.330078125
large,R-HOR,sig2,0,0,0.0438232421875,0.328125
large,R-HOR,sig2,0,0,0.0439453125,0.326171875
large,R-HOR,sig2,0,0,0.0440673828125,0.32421875
large,R-HOR,sig2,0,0,0.044158935546875,0.322265625
large,R-HOR,sig2,0,0,0.044219970703125,0.3203125
large,R-HOR,sig2,0,0,0.044281005859375,0.318359375
large,R-HOR,sig2,0,0,0.04437255859375,0.31640625
large,R-HOR,sig2,0,0,0.044464111328125,0.314453125
large,R-HOR,sig2,0,0,0.04461669921875,0.3125
large,R-HOR,sig2,0,0,0.04473876953125,0.310546875
large,R-HOR,sig2,0,0,0.044830322265625,0.30859375
large,R-HOR,sig2,0,0,0.044891357421875,0.306640625
large,R-HOR,sig2,0,0,0.045013427734375,0.3046875
large,R-HOR,sig2,0,0,0.04510498046875,0.302734375
large,R-HOR,sig2,0,0,0.045196533203125,0.30078125
large,R-HOR,sig2,0,0,0.04522705078125,0.298828125
large,R-HOR,sig2,0,0,0.04534912109375,0.296875
large,R-HOR,sig2,0,0,0.04547119140625,0.294921875
large,R-HOR,sig2,0,0,0.045562744140625,0.29296875
large,R-HOR,sig2,0,0,0.045654296875,0.291015625
large,R-HOR,sig2,0,0,0.045745849609375,0.2890625
large,R-HOR,sig2,0,0,0.04583740234375,0.287109375
large,R-HOR,sig2,0,0,0.0458984375,0.28515625
large,R-HOR,sig2,0,0,0.0460205078125,0.283203125
large,R-HOR,sig2,0,0,0.04608154296875,0.28125
large,R-HOR,sig2,0,0,0.046142578125,0.279296875
large,R-HOR,sig2,0,0,0.046173095703125,0.27734375
large,R-HOR,sig2,0,0,0.046234130859375,0.275390625
large,R-HOR,sig2,0,0,0.04638671875,0.2734375
large,R-HOR,sig2,0,0,0.0465087890625,0.271484375
large,R-HOR,sig2,0,0,0.046630859375,0.26953125
large,R-HOR,sig2,0,0,0.04669189453125,0.267578125
large,R-HOR,sig2,0,0,0.0467529296875,0.265625
large,R-HOR,sig2,0,0,0.046875,0.263671875
large,R-HOR,sig2,0,0,0.04693603515625,0.26171875
large,R-HOR,sig2,0,0,0.0469970703125,0.259765625
large,R-HOR,sig2,0,0,0.04705810546875,0.2578125
large,R-HOR,sig2,0,0,0.04718017578125,0.255859375
large,R-HOR,sig2,0,0,0.04730224609375,0.25390625
large,R-HOR,sig2,0,0,0.04736328125,0.251953125
large,R-HOR,sig2,0,0,0.047454833984375,0.25
large,R-HOR,sig2,0,0,0.047576904296875,0.248046875
large,R-HOR,sig2,0,0,0.04766845703125,0.24609375
large,R-HOR,sig2,0,0,0.0477294921875,0.244140625
large,R-HOR,sig2,0,0,0.04779052734375,0.2421875
large,R-HOR,sig2,0,0,0.047882080078125,0.240234375
large,R-HOR,sig2,0,0,0.0479736328125,0.23828125
large,R-HOR,sig2,0,0,0.048095703125,0.236328125
large,R-HOR,sig2,0,0,0.048187255859375,0.234375
large,R-HOR,sig2,0,0,0.048248291015625,0.232421875
large,R-HOR,sig2,0,0,0.048309326171875,0.23046875
large,R-HOR,sig2,0,0,0.04840087890625,0.228515625
large,R-HOR,sig2,0,0,0.04852294921875,0.2265625
large,R-HOR,sig2,0,0,0.048583984375,0.224609375
large,R-HOR,sig2,0,0,0.0487060546875,0.22265625
large,R-HOR,sig2,0,0,0.048797607421875,0.220703125
large,R-HOR,sig2,0,0,0.0489501953125,0.21875
large,R-HOR,sig2,0,0,0.049072265625,0.216796875
large,R-HOR,sig2,0,0,0.049163818359375,0.21484375
large,R-HOR,sig2,0,0,0.049224853515625,0.212890625
large,R-HOR,sig2,0,0,0.04931640625,0.2109375
large,R-HOR,sig2,0,0,0.04937744140625,0.208984375
large,R-HOR,sig2,0,0,0.0494384765625,0.20703125
large,R-HOR,sig2,0,0,0.04962158203125,0.205078125
large,R-HOR,sig2,0,0,0.049774169921875,0.203125
large,R-HOR,sig2,0,0,0.04986572265625,0.201171875
large,R-HOR,sig2,0,0,0.04998779296875,0.19921875
large,R-HOR,sig2,0,0,0.050079345703125,0.197265625
large,R-HOR,sig2,0,0,0.0501708984375,0.1953125
large,R-HOR,sig2,0,0,0.050262451171875,0.193359375
large,R-HOR,sig2,0,0,0.05029296875,0.19140625
large,R-HOR,sig2,0,0,0.050445556640625,0.189453125
large,R-HOR,sig2,0,0,0.050537109375,0.1875
large,R-HOR,sig2,0,0,0.050628662109375,0.185546875
large,R-HOR,sig2,0,0,0.05072021484375,0.18359375
large,R-HOR,sig2,0,0,0.05084228515625,0.181640625
large,R-HOR,sig2,0,0,0.050933837890625,0.1796875
large,R-HOR,sig2,0,0,0.051055908203125,0.177734375
large,R-HOR,sig2,0,0,0.05126953125,0.17578125
large,R-HOR,sig2,0,0,0.0513916015625,0.173828125
large,R-HOR,sig2,0,0,0.051513671875,0.171875
large,R-HOR,sig2,0,0,0.051605224609375,0.169921875
large,R-HOR,sig2,0,0,0.05169677734375,0.16796875
large,R-HOR,sig2,0,0,0.0518798828125,0.166015625
large,R-HOR,sig2,0,0,0.052001953125,0.1640625
large,R-HOR,sig2,0,0,0.052093505859375,0.162109375
large,R-HOR,sig2,0,0,0.05224609375,0.16015625
large,R-HOR,sig2,0,0,0.05242919921875,0.158203125
large,R-HOR,sig2,0,0,0.052490234375,0.15625
large,R-HOR,sig2,0,0,0.05267333984375,0.154296875
large,R-HOR,sig2,0,0,0.05279541015625,0.15234375
large,R-HOR,sig2,0,0,0.052978515625,0.150390625
large,R-HOR,sig2,0,0,0.053070068359375,0.1484375
large,R-HOR,sig2,0,0,0.053314208984375,0.146484375
large,R-HOR,sig2,0,0,0.05352783203125,0.14453125
large,R-HOR,sig2,0,0,0.053619384765625,0.142578125
large,R-HOR,sig2,0,0,0.0537109375,0.140625
large,R-HOR,sig2,0,0,0.0538330078125,0.138671875
large,R-HOR,sig2,0,0,0.053924560546875,0.13671875
large,R-HOR,sig2,0,0,0.05401611328125,0.134765625
large,R-HOR,sig2,0,0,0.054229736328125,0.1328125
large,R-HOR,sig2,0,0,0.054351806640625,0.130859375
large,R-HOR,sig2,0,0,0.054473876953125,0.12890625
large,R-HOR,sig2,0,0,0.054534912109375,0.126953125
large,R-HOR,sig2,0,0,0.054656982421875,0.125
large,R-HOR,sig2,0,0,0.0548095703125,0.123046875
large,R-HOR,sig2,0,0,0.054962158203125,0.12109375
large,R-HOR,sig2,0,0,0.05511474609375,0.119140625
large,R-HOR,sig2,0,0,0.05535888671875,0.1171875
large,R-HOR,sig2,0,0,0.055511474609375,0.115234375
large,R-HOR,sig2,0,0,0.05560302734375,0.11328125
large,R-HOR,sig2,0,0,0.055755615234375,0.111328125
large,R-HOR,sig2,0,0,0.055938720703125,0.109375
large,R-HOR,sig2,0,0,0.056060791015625,0.107421875
large,R-HOR,sig2,0,0,0.05615234375,0.10546875
large,R-HOR,sig2,0,0,0.05633544921875,0.103515625
large,R-HOR,sig2,0,0,0.0565185546875,0.1015625
large,R-HOR,sig2,0,0,0.05670166015625,0.099609375
large,R-HOR,sig2,0,0,0.05682373046875,0.09765625
large,R-HOR,sig2,0,0,0.05694580078125,0.095703125
large,R-HOR,sig2,0,0,0.05712890625,0.09375
large,R-HOR,sig2,0,0,0.057281494140625,0.091796875
large,R-HOR,sig2,0,0,0.0574951171875,0.08984375
large,R-HOR,sig2,0,0,0.0576171875,0.087890625
large,R-HOR,sig2,0,0,0.057891845703125,0.0859375
large,R-HOR,sig2,0,0,0.058074951171875,0.083984375
large,R-HOR,sig2,0,0,0.058319091796875,0.08203125
large,R-HOR,sig2,0,0,0.05853271484375,0.080078125
large,R-HOR,sig2,0,0,0.058624267578125,0.078125
large,R-HOR,sig2,0,0,0.0587158203125,0.076171875
large,R-HOR,sig2,0,0,0.058807373046875,0.07421875
large,R-HOR,sig2,0,0,0.058929443359375,0.072265625
large,R-HOR,sig2,0,0,0.05908203125,0.0703125
large,R-HOR,sig2,0,0,0.059234619140625,0.068359375
large,R-HOR,sig2,0,0,0.05938720703125,0.06640625
large,R-HOR,sig2,0,0,0.0595703125,0.064453125
large,R-HOR,sig2,0,0,0.059814453125,0.0625
large,R-HOR,sig2,0,0,0.060028076171875,0.060546875
large,R-HOR,sig2,0,0,0.060272216796875,0.05859375
large,R-HOR,sig2,0,0,0.060546875,0.056640625
large,R-HOR,sig2,0,0,0.0606689453125,0.0546875
large,R-HOR,sig2,0,0,0.06085205078125,0.052734375
large,R-HOR,sig2,0,0,0.061004638671875,0.05078125
large,R-HOR,sig2,0,0,0.06121826171875,0.048828125
large,R-HOR,sig2,0,0,0.0614013671875,0.046875
large,R-HOR,sig2,0,0,0.061798095703125,0.044921875
large,R-HOR,sig2,0,0,0.06201171875,0.04296875
large,R-HOR,sig2,0,0,0.062255859375,0.041015625
large,R-HOR,sig2,0,0,0.06268310546875,0.0390625
large,R-HOR,sig2,0,0,0.06280517578125,0.037109375
large,R-HOR,sig2,0,0,0.06317138671875,0.03515625
large,R-HOR,sig2,0,0,0.0638427734375,0.033203125
large,R-HOR,sig2,0,0,0.06402587890625,0.03125
large,R-HOR,sig2,0,0,0.06439208984375,0.029296875
large,R-HOR,sig2,0,0,0.064697265625,0.02734375
large,R-HOR,sig2,0,0,0.065185546875,0.025390625
large,R-HOR,sig2,0,0,0.06561279296875,0.0234375
large,R-HOR,sig2,0,0,0.06622314453125,0.021484375
large,R-HOR,sig2,0,0,0.06658935546875,0.01953125
large,R-HOR,sig2,0,0,0.067138671875,0.017578125
large,R-HOR,sig2,0,0,0.06781005859375,0.015625
large,R-HOR,sig2,0,0,0.06854248046875,0.013671875
large,R-HOR,sig2,0,0,0.06976318359375,0.01171875
large,R-HOR,sig2,0,0,0.0704345703125,0.009765625
large,R-HOR,sig2,0,0,0.0723876953125,0.0078125
large,R-HOR,sig2,0,0,0.07464599609375,0.005859375
large,R-HOR,sig2,0,0,0.07623291015625,0.00390625
large,R-HOR,sig2,0,0,0.0787353515625,0.001953125
large,R-HOR,sig2,0,18,0.007720947265625,1.0
large,R-HOR,sig2,0,18,0.01213836669921875,0.998046875
large,R-HOR,sig2,0,18,0.013031005859375,0.99609375
large,R-HOR,sig2,0,18,0.01364898681640625,0.994140625
large,R-HOR,sig2,0,18,0.01425933837890625,0.9921875
large,R-HOR,sig2,0,18,0.01480865478515625,0.990234375
large,R-HOR,sig2,0,18,0.01529693603515625,0.98828125
large,R-HOR,sig2,0,18,0.0156402587890625,0.986328125
large,R-HOR,sig2,0,18,0.016082763671875,0.984375
large,R-HOR,sig2,0,18,0.016357421875,0.982421875
large,R-HOR,sig2,0,18,0.016632080078125,0.98046875
large,R-HOR,sig2,0,18,0.0169830322265625,0.978515625
large,R-HOR,sig2,0,18,0.0173797607421875,0.9765625
large,R-HOR,sig2,0,18,0.0176544189453125,0.974609375
large,R-HOR,sig2,0,18,0.017913818359375,0.97265625
large,R-HOR,sig2,0,18,0.0181121826171875,0.970703125
large,R-HOR,sig2,0,18,0.01837158203125,0.96875
large,R-HOR,sig2,0,18,0.0185546875,0.966796875
large,R-HOR,sig2,0,18,0.0187225341796875,0.96484375
large,R-HOR,sig2,0,18,0.018951416015625,0.962890625
large,R-HOR,sig2,0,18,0.01910400390625,0.9609375
large,R-HOR,sig2,0,18,0.0192718505859375,0.958984375
large,R-HOR,sig2,0,18,0.0195770263671875,0.95703125
large,R-HOR,sig2,0,18,0.0196685791015625,0.955078125
large,R-HOR,sig2,0,18,0.0198822021484375,0.953125
large,R-HOR,sig2,0,18,0.0201416015625,0.951171875
large,R-HOR,sig2,0,18,0.0203094482421875,0.94921875
large,R-HOR,sig2,0,18,0.0204315185546875,0.947265625
large,R-HOR,sig2,0,18,0.0206146240234375,0.9453125
large,R-HOR,sig2,0,18,0.0207366943359375,0.943359375
large,R-HOR,sig2,0,18,0.02093505859375,0.94140625
large,R-HOR,sig2,0,18,0.02105712890625,0.939453125
large,R-HOR,sig2,0,18,0.021240234375,0.9375
large,R-HOR,sig2,0,18,0.021392822265625,0.935546875
large,R-HOR,sig2,0,18,0.0214996337890625,0.93359375
large,R-HOR,sig2,0,18,0.0215911865234375,0.931640625
large,R-HOR,sig2,0,18,0.0216522216796875,0.9296875
large,R-HOR,sig2,0,18,0.0218505859375,0.927734375
large,R-HOR,sig2,0,18,0.0220184326171875,0.92578125
large,R-HOR,sig2,0,18,0.0222015380859375,0.923828125
large,R-HOR,sig2,0,18,0.0223236083984375,0.921875
large,R-HOR,sig2,0,18,0.0224456787109375,0.919921875
large,R-HOR,sig2,0,18,0.0225982666015625,0.91796875
large,R-HOR,sig2,0,18,0.022735595703125,0.916015625
large,R-HOR,sig2,0,18,0.022796630859375,0.9140625
large,R-HOR,sig2,0,18,0.0229339599609375,0.912109375
large,R-HOR,sig2,0,18,0.0230712890625,0.91015625
large,R-HOR,sig2,0,18,0.0231475830078125,0.908203125
large,R-HOR,sig2,0,18,0.023284912109375,0.90625
large,R-HOR,sig2,0,18,0.02337646484375,0.904296875
large,R-HOR,sig2,0,18,0.02349853515625,0.90234375
large,R-HOR,sig2,0,18,0.023651123046875,0.900390625
large,R-HOR,sig2,0,18,0.0237884521484375,0.8984375
large,R-HOR,sig2,0,18,0.0238800048828125,0.896484375
large,R-HOR,sig2,0,18,0.02398681640625,0.89453125
large,R-HOR,sig2,0,18,0.0240936279296875,0.892578125
large,R-HOR,sig2,0,18,0.0242462158203125,0.890625
large,R-HOR,sig2,0,18,0.02435302734375,0.888671875
large,R-HOR,sig2,0,18,0.0245208740234375,0.88671875
large,R-HOR,sig2,0,18,0.0245819091796875,0.884765625
large,R-HOR,sig2,0,18,0.024658203125,0.8828125
large,R-HOR,sig2,0,18,0.02471923828125,0.880859375
large,R-HOR,sig2,0,18,0.024810791015625,0.87890625
large,R-HOR,sig2,0,18,0.024871826171875,0.876953125
large,R-HOR,sig2,0,18,0.0249481201171875,0.875
large,R-HOR,sig2,0,18,0.0251007080078125,0.873046875
large,R-HOR,sig2,0,18,0.0251922607421875,0.87109375
large,R-HOR,sig2,0,18,0.0252838134765625,0.869140625
large,R-HOR,sig2,0,18,0.0254669189453125,0.8671875
large,R-HOR,sig2,0,18,0.025543212890625,0.865234375
large,R-HOR,sig2,0,18,0.025604248046875,0.86328125
large,R-HOR,sig2,0,18,0.0257110595703125,0.861328125
large,R-HOR,sig2,0,18,0.0258026123046875,0.859375
large,R-HOR,sig2,0,18,0.0258636474609375,0.857421875
large,R-HOR,sig2,0,18,0.02593994140625,0.85546875
large,R-HOR,sig2,0,18,0.0260772705078125,0.853515625
large,R-HOR,sig2,0,18,0.0261993408203125,0.8515625
large,R-HOR,sig2,0,18,0.02630615234375,0.849609375
large,R-HOR,sig2,0,18,0.0263824462890625,0.84765625
large,R-HOR,sig2,0,18,0.0265045166015625,0.845703125
large,R-HOR,sig2,0,18,0.0265960693359375,0.84375
large,R-HOR,sig2,0,18,0.0267486572265625,0.841796875
large,R-HOR,sig2,0,18,0.02685546875,0.83984375
large,R-HOR,sig2,0,18,0.0269317626953125,0.837890625
large,R-HOR,sig2,0,18,0.0270233154296875,0.8359375
large,R-HOR,sig2,0,18,0.0271148681640625,0.833984375
large,R-HOR,sig2,0,18,0.0272216796875,0.83203125
large,R-HOR,sig2,0,18,0.02728271484375,0.830078125
large,R-HOR,sig2,0,18,0.027374267578125,0.828125
large,R-HOR,sig2,0,18,0.027435302734375,0.826171875
large,R-HOR,sig2,0,18,0.02752685546875,0.82421875
large,R-HOR,sig2,0,18,0.0277252197265625,0.822265625
large,R-HOR,sig2,0,18,0.027801513671875,0.8203125
large,R-HOR,sig2,0,18,0.027862548828125,0.818359375
large,R-HOR,sig2,0,18,0.0279388427734375,0.81640625
large,R-HOR,sig2,0,18,0.0279998779296875,0.814453125
large,R-HOR,sig2,0,18,0.0280914306640625,0.8125
large,R-HOR,sig2,0,18,0.0281524658203125,0.810546875
large,R-HOR,sig2,0,18,0.0282135009765625,0.80859375
large,R-HOR,sig2,0,18,0.0282745361328125,0.806640625
large,R-HOR,sig2,0,18,0.0283203125,0.8046875
large,R-HOR,sig2,0,18,0.0283966064453125,0.802734375
large,R-HOR,sig2,0,18,0.0284576416015625,0.80078125
large,R-HOR,sig2,0,18,0.028533935546875,0.798828125
large,R-HOR,sig2,0,18,0.02862548828125,0.796875
large,R-HOR,sig2,0,18,0.028717041015625,0.794921875
large,R-HOR,sig2,0,18,0.0288238525390625,0.79296875
large,R-HOR,sig2,0,18,0.0288848876953125,0.791015625
large,R-HOR,sig2,0,18,0.0289764404296875,0.7890625
large,R-HOR,sig2,0,18,0.029083251953125,0.787109375
large,R-HOR,sig2,0,18,0.0291595458984375,0.78515625
large,R-HOR,sig2,0,18,0.0292205810546875,0.783203125
large,R-HOR,sig2,0,18,0.029327392578125,0.78125
large,R-HOR,sig2,0,18,0.029449462890625,0.779296875
large,R-HOR,sig2,0,18,0.029510498046875,0.77734375
large,R-HOR,sig2,0,18,0.0295562744140625,0.775390625
large,R-HOR,sig2,0,18,0.0296173095703125,0.7734375
large,R-HOR,sig2,0,18,0.02972412109375,0.771484375
large,R-HOR,sig2,0,18,0.02978515625,0.76953125
large,R-HOR,sig2,0,18,0.0298614501953125,0.767578125
large,R-HOR,sig2,0,18,0.029937744140625,0.765625
large,R-HOR,sig2,0,18,0.030059814453125,0.763671875
large,R-HOR,sig2,0,18,0.0301666259765625,0.76171875
large,R-HOR,sig2,0,18,0.0301971435546875,0.759765625
large,R-HOR,sig2,0,18,0.0302886962890625,0.7578125
large,R-HOR,sig2,0,18,0.030364990234375,0.755859375
large,R-HOR,sig2,0,18,0.030426025390625,0.75390625
large,R-HOR,sig2,0,18,0.030487060546875,0.751953125
large,R-HOR,sig2,0,18,0.0306396484375,0.75
large,R-HOR,sig2,0,18,0.030670166015625,0.748046875
large,R-HOR,sig2,0,18,0.0306854248046875,0.74609375
large,R-HOR,sig2,0,18,0.0307769775390625,0.744140625
large,R-HOR,sig2,0,18,0.0308380126953125,0.7421875
large,R-HOR,sig2,0,18,0.0309906005859375,0.740234375
large,R-HOR,sig2,0,18,0.031036376953125,0.73828125
large,R-HOR,sig2,0,18,0.0311279296875,0.736328125
large,R-HOR,sig2,0,18,0.031219482421875,0.734375
large,R-HOR,sig2,0,18,0.03131103515625,0.732421875
large,R-HOR,sig2,0,18,0.0313720703125,0.73046875
large,R-HOR,sig2,0,18,0.031494140625,0.728515625
large,R-HOR,sig2,0,18,0.031524658203125,0.7265625
large,R-HOR,sig2,0,18,0.0316162109375,0.724609375
large,R-HOR,sig2,0,18,0.03173828125,0.72265625
large,R-HOR,sig2,0,18,0.03179931640625,0.720703125
large,R-HOR,sig2,0,18,0.0318603515625,0.71875
large,R-HOR,sig2,0,18,0.031890869140625,0.716796875
large,R-HOR,sig2,0,18,0.031951904296875,0.71484375
large,R-HOR,sig2,0,18,0.032012939453125,0.712890625
large,R-HOR,sig2,0,18,0.03204345703125,0.7109375
large,R-HOR,sig2,0,18,0.0321044921875,0.708984375
large,R-HOR,sig2,0,18,0.03216552734375,0.70703125
large,R-HOR,sig2,0,18,0.0322265625,0.705078125
large,R-HOR,sig2,0,18,0.03228759765625,0.703125
large,R-HOR,sig2,0,18,0.0323486328125,0.701171875
large,R-HOR,sig2,0,18,0.03240966796875,0.69921875
large,R-HOR,sig2,0,18,0.032501220703125,0.697265625
large,R-HOR,sig2,0,18,0.032562255859375,0.6953125
large,R-HOR,sig2,0,18,0.032623291015625,0.693359375
large,R-HOR,sig2,0,18,0.032684326171875,0.69140625
large,R-HOR,sig2,0,18,0.032745361328125,0.689453125
large,R-HOR,sig2,0,18,0.0328369140625,0.6875
large,R-HOR,sig2,0,18,0.032958984375,0.685546875
large,R-HOR,sig2,0,18,0.032989501953125,0.68359375
large,R-HOR,sig2,0,18,0.033050537109375,0.681640625
large,R-HOR,sig2,0,18,0.0330810546875,0.6796875
large,R-HOR,sig2,0,18,0.033111572265625,0.677734375
large,R-HOR,sig2,0,18,0.033203125,0.67578125
large,R-HOR,sig2,0,18,0.03326416015625,0.673828125
large,R-HOR,sig2,0,18,0.033294677734375,0.671875
large,R-HOR,sig2,0,18,0.033355712890625,0.669921875
large,R-HOR,sig2,0,18,0.03338623046875,0.66796875
large,R-HOR,sig2,0,18,0.033477783203125,0.666015625
large,R-HOR,sig2,0,18,0.033538818359375,0.6640625
large,R-HOR,sig2,0,18,0.0335693359375,0.662109375
large,R-HOR,sig2,0,18,0.03369140625,0.66015625
large,R-HOR,sig2,0,18,0.033721923828125,0.658203125
large,R-HOR,sig2,0,18,0.033782958984375,0.65625
large,R-HOR,sig2,0,18,0.03387451171875,0.654296875
large,R-HOR,sig2,0,18,0.033905029296875,0.65234375
large,R-HOR,sig2,0,18,0.033935546875,0.650390625
large,R-HOR,sig2,0,18,0.034027099609375,0.6484375
large,R-HOR,sig2,0,18,0.0340576171875,0.646484375
large,R-HOR,sig2,0,18,0.034088134765625,0.64453125
large,R-HOR,sig2,0,18,0.03411865234375,0.642578125
large,R-HOR,sig2,0,18,0.0341796875,0.640625
large,R-HOR,sig2,0,18,0.0343017578125,0.638671875
large,R-HOR,sig2,0,18,0.03436279296875,0.63671875
large,R-HOR,sig2,0,18,0.034454345703125,0.634765625
large,R-HOR,sig2,0,18,0.03448486328125,0.6328125
large,R-HOR,sig2,0,18,0.0345458984375,0.630859375
large,R-HOR,sig2,0,18,0.03460693359375,0.62890625
large,R-HOR,sig2,0,18,0.03466796875,0.626953125
large,R-HOR,sig2,0,18,0.03472900390625,0.625
large,R-HOR,sig2,0,18,0.034820556640625,0.623046875
large,R-HOR,sig2,0,18,0.034881591796875,0.62109375
large,R-HOR,sig2,0,18,0.034942626953125,0.619140625
large,R-HOR,sig2,0,18,0.03497314453125,0.6171875
large,R-HOR,sig2,0,18,0.0350341796875,0.615234375
large,R-HOR,sig2,0,18,0.03509521484375,0.61328125
large,R-HOR,sig2,0,18,0.035125732421875,0.611328125
large,R-HOR,sig2,0,18,0.03515625,0.609375
large,R-HOR,sig2,0,18,0.03521728515625,0.607421875
large,R-HOR,sig2,0,18,0.0352783203125,0.60546875
large,R-HOR,sig2,0,18,0.035308837890625,0.603515625
large,R-HOR,sig2,0,18,0.035369873046875,0.6015625
large,R-HOR,sig2,0,18,0.035400390625,0.599609375
large,R-HOR,sig2,0,18,0.03546142578125,0.59765625
large,R-HOR,sig2,0,18,0.0355224609375,0.595703125
large,R-HOR,sig2,0,18,0.035552978515625,0.59375
large,R-HOR,sig2,0,18,0.035614013671875,0.591796875
large,R-HOR,sig2,0,18,0.03570556640625,0.58984375
large,R-HOR,sig2,0,18,0.0357666015625,0.587890625
large,R-HOR,sig2,0,18,0.03582763671875,0.5859375
large,R-HOR,sig2,0,18,0.035858154296875,0.583984375
large,R-HOR,sig2,0,18,0.03594970703125,0.58203125
large,R-HOR,sig2,0,18,0.0360107421875,0.580078125
large,R-HOR,sig2,0,18,0.03607177734375,0.578125
large,R-HOR,sig2,0,18,0.0361328125,0.576171875
large,R-HOR,sig2,0,18,0.036163330078125,0.57421875
large,R-HOR,sig2,0,18,0.03619384765625,0.572265625
large,R-HOR,sig2,0,18,0.0362548828125,0.5703125
large,R-HOR,sig2,0,18,0.036285400390625,0.568359375
large,R-HOR,sig2,0,18,0.036346435546875,0.56640625
large,R-HOR,sig2,0,18,0.036376953125,0.564453125
large,R-HOR,sig2,0,18,0.036407470703125,0.5625
large,R-HOR,sig2,0,18,0.0364990234375,0.560546875
large,R-HOR,sig2,0,18,0.03656005859375,0.55859375
large,R-HOR,sig2,0,18,0.03662109375,0.556640625
large,R-HOR,sig2,0,18,0.036651611328125,0.5546875
large,R-HOR,sig2,0,18,0.036712646484375,0.552734375
large,R-HOR,sig2,0,18,0.0367431640625,0.55078125
large,R-HOR,sig2,0,18,0.036834716796875,0.548828125
large,R-HOR,sig2,0,18,0.036895751953125,0.546875
large,R-HOR,sig2,0,18,0.036956787109375,0.544921875
large,R-HOR,sig2,0,18,0.0369873046875,0.54296875
large,R-HOR,sig2,0,18,0.03704833984375,0.541015625
large,R-HOR,sig2,0,18,0.037109375,0.5390625
large,R-HOR,sig2,0,18,0.03717041015625,0.537109375
large,R-HOR,sig2,0,18,0.037200927734375,0.53515625
large,R-HOR,sig2,0,18,0.037261962890625,0.533203125
large,R-HOR,sig2,0,18,0.037322998046875,0.53125
large,R-HOR,sig2,0,18,0.03741455078125,0.529296875
large,R-HOR,sig2,0,18,0.0374755859375,0.52734375
large,R-HOR,sig2,0,18,0.037506103515625,0.525390625
large,R-HOR,sig2,0,18,0.03759765625,0.5234375
large,R-HOR,sig2,0,18,0.03765869140625,0.521484375
large,R-HOR,sig2,0,18,0.037689208984375,0.51953125
large,R-HOR,sig2,0,18,0.037750244140625,0.517578125
large,R-HOR,sig2,0,18,0.037811279296875,0.515625
large,R-HOR,sig2,0,18,0.037841796875,0.513671875
large,R-HOR,sig2,0,18,0.03790283203125,0.51171875
large,R-HOR,sig2,0,18,0.037994384765625,0.509765625
large,R-HOR,sig2,0,18,0.038055419921875,0.5078125
large,R-HOR,sig2,0,18,0.0380859375,0.505859375
large,R-HOR,sig2,0,18,0.03814697265625,0.50390625
large,R-HOR,sig2,0,18,0.038238525390625,0.501953125
large,R-HOR,sig2,0,18,0.03826904296875,0.5
large,R-HOR,sig2,0,18,0.038299560546875,0.498046875
large,R-HOR,sig2,0,18,0.038360595703125,0.49609375
large,R-HOR,sig2,0,18,0.03839111328125,0.494140625
large,R-HOR,sig2,0,18,0.0384521484375,0.4921875
large,R-HOR,sig2,0,18,0.038482666015625,0.490234375
large,R-HOR,sig2,0,18,0.038543701171875,0.48828125
large,R-HOR,sig2,0,18,0.038604736328125,0.486328125
large,R-HOR,sig2,0,18,0.038665771484375,0.484375
large,R-HOR,sig2,0,18,0.0386962890625,0.482421875
large,R-HOR,sig2,0,18,0.038726806640625,0.48046875
large,R-HOR,sig2,0,18,0.038787841796875,0.478515625
large,R-HOR,sig2,0,18,0.038818359375,0.4765625
large,R-HOR,sig2,0,18,0.038909912109375,0.474609375
large,R-HOR,sig2,0,18,0.038970947265625,0.47265625
large,R-HOR,sig2,0,18,0.039031982421875,0.470703125
large,R-HOR,sig2,0,18,0.039093017578125,0.46875
large,R-HOR,sig2,0,18,0.03912353515625,0.466796875
large,R-HOR,sig2,0,18,0.039154052734375,0.46484375
large,R-HOR,sig2,0,18,0.0391845703125,0.462890625
large,R-HOR,sig2,0,18,0.03924560546875,0.4609375
large,R-HOR,sig2,0,18,0.039306640625,0.458984375
large,R-HOR,sig2,0,18,0.03936767578125,0.45703125
large,R-HOR,sig2,0,18,0.039398193359375,0.455078125
large,R-HOR,sig2,0,18,0.039459228515625,0.453125
large,R-HOR,sig2,0,18,0.039520263671875,0.451171875
large,R-HOR,sig2,0,18,0.039581298828125,0.44921875
large,R-HOR,sig2,0,18,0.039581298828125,0.447265625
large,R-HOR,sig2,0,18,0.039642333984375,0.4453125
large,R-HOR,sig2,0,18,0.0396728515625,0.443359375
large,R-HOR,sig2,0,18,0.03973388671875,0.44140625
large,R-HOR,sig2,0,18,0.039764404296875,0.439453125
large,R-HOR,sig2,0,18,0.039794921875,0.4375
large,R-HOR,sig2,0,18,0.03985595703125,0.435546875
large,R-HOR,sig2,0,18,0.0399169921875,0.43359375
large,R-HOR,sig2,0,18,0.039947509765625,0.431640625
large,R-HOR,sig2,0,18,0.040008544921875,0.4296875
large,R-HOR,sig2,0,18,0.0400390625,0.427734375
large,R-HOR,sig2,0,18,0.04010009765625,0.42578125
large,R-HOR,sig2,0,18,0.0401611328125,0.423828125
large,R-HOR,sig2,0,18,0.040191650390625,0.421875
large,R-HOR,sig2,0,18,0.04022216796875,0.419921875
large,R-HOR,sig2,0,18,0.040283203125,0.41796875
large,R-HOR,sig2,0,18,0.04034423828125,0.416015625
large,R-HOR,sig2,0,18,0.040374755859375,0.4140625
large,R-HOR,sig2,0,18,0.040435791015625,0.412109375
large,R-HOR,sig2,0,18,0.040496826171875,0.41015625
large,R-HOR,sig2,0,18,0.040557861328125,0.408203125
large,R-HOR,sig2,0,18,0.04058837890625,0.40625
large,R-HOR,sig2,0,18,0.040679931640625,0.404296875
large,R-HOR,sig2,0,18,0.040740966796875,0.40234375
large,R-HOR,sig2,0,18,0.040771484375,0.400390625
large,R-HOR,sig2,0,18,0.040863037109375,0.3984375
large,R-HOR,sig2,0,18,0.040924072265625,0.396484375
large,R-HOR,sig2,0,18,0.04095458984375,0.39453125
large,R-HOR,sig2,0,18,0.040985107421875,0.392578125
large,R-HOR,sig2,0,18,0.041015625,0.390625
large,R-HOR,sig2,0,18,0.041107177734375,0.388671875
large,R-HOR,sig2,0,18,0.041168212890625,0.38671875
large,R-HOR,sig2,0,18,0.04119873046875,0.384765625
large,R-HOR,sig2,0,18,0.041229248046875,0.3828125
large,R-HOR,sig2,0,18,0.041290283203125,0.380859375
large,R-HOR,sig2,0,18,0.04132080078125,0.37890625
large,R-HOR,sig2,0,18,0.0413818359375,0.376953125
large,R-HOR,sig2,0,18,0.041412353515625,0.375
large,R-HOR,sig2,0,18,0.041473388671875,0.373046875
large,R-HOR,sig2,0,18,0.041534423828125,0.37109375
large,R-HOR,sig2,0,18,0.04156494140625,0.369140625
large,R-HOR,sig2,0,18,0.041595458984375,0.3671875
large,R-HOR,sig2,0,18,0.041656494140625,0.365234375
large,R-HOR,sig2,0,18,0.041717529296875,0.36328125
large,R-HOR,sig2,0,18,0.04180908203125,0.361328125
large,R-HOR,sig2,0,18,0.041839599609375,0.359375
large,R-HOR,sig2,0,18,0.0418701171875,0.357421875
large,R-HOR,sig2,0,18,0.041900634765625,0.35546875
large,R-HOR,sig2,0,18,0.041961669921875,0.353515625
large,R-HOR,sig2,0,18,0.0419921875,0.3515625
large,R-HOR,sig2,0,18,0.04205322265625,0.349609375
large,R-HOR,sig2,0,18,0.042083740234375,0.34765625
large,R-HOR,sig2,0,18,0.0421142578125,0.345703125
large,R-HOR,sig2,0,18,0.04217529296875,0.34375
large,R-HOR,sig2,0,18,0.042266845703125,0.341796875
large,R-HOR,sig2,0,18,0.042327880859375,0.33984375
large,R-HOR,sig2,0,18,0.042388916015625,0.337890625
large,R-HOR,sig2,0,18,0.04241943359375,0.3359375
large,R-HOR,sig2,0,18,0.042510986328125,0.333984375
large,R-HOR,sig2,0,18,0.04254150390625,0.33203125
large,R-HOR,sig2,0,18,0.0426025390625,0.330078125
large,R-HOR,sig2,0,18,0.04266357421875,0.328125
large,R-HOR,sig2,0,18,0.042755126953125,0.326171875
large,R-HOR,sig2,0,18,0.042816162109375,0.32421875
large,R-HOR,sig2,0,18,0.0428466796875,0.322265625
large,R-HOR,sig2,0,18,0.042877197265625,0.3203125
large,R-HOR,sig2,0,18,0.042938232421875,0.318359375
large,R-HOR,sig2,0,18,0.04296875,0.31640625
large,R-HOR,sig2,0,18,0.04302978515625,0.314453125
large,R-HOR,sig2,0,18,0.043060302734375,0.3125
large,R-HOR,sig2,0,18,0.0430908203125,0.310546875
large,R-HOR,sig2,0,18,0.04315185546875,0.30859375
large,R-HOR,sig2,0,18,0.043182373046875,0.306640625
large,R-HOR,sig2,0,18,0.043212890625,0.3046875
large,R-HOR,sig2,0,18,0.04327392578125,0.302734375
large,R-HOR,sig2,0,18,0.043365478515625,0.30078125
large,R-HOR,sig2,0,18,0.043426513671875,0.298828125
large,R-HOR,sig2,0,18,0.04345703125,0.296875
large,R-HOR,sig2,0,18,0.04351806640625,0.294921875
large,R-HOR,sig2,0,18,0.043548583984375,0.29296875
large,R-HOR,sig2,0,18,0.043609619140625,0.291015625
large,R-HOR,sig2,0,18,0.043670654296875,0.2890625
large,R-HOR,sig2,0,18,0.04376220703125,0.287109375
large,R-HOR,sig2,0,18,0.043792724609375,0.28515625
large,R-HOR,sig2,0,18,0.04388427734375,0.283203125
large,R-HOR,sig2,0,18,0.0439453125,0.28125
large,R-HOR,sig2,0,18,0.044036865234375,0.279296875
large,R-HOR,sig2,0,18,0.044097900390625,0.27734375
large,R-HOR,sig2,0,18,0.044189453125,0.275390625
large,R-HOR,sig2,0,18,0.04425048828125,0.2734375
large,R-HOR,sig2,0,18,0.0443115234375,0.271484375
large,R-HOR,sig2,0,18,0.044342041015625,0.26953125
large,R-HOR,sig2,0,18,0.04437255859375,0.267578125
large,R-HOR,sig2,0,18,0.04443359375,0.265625
large,R-HOR,sig2,0,18,0.044464111328125,0.263671875
large,R-HOR,sig2,0,18,0.044525146484375,0.26171875
large,R-HOR,sig2,0,18,0.044586181640625,0.259765625
large,R-HOR,sig2,0,18,0.044708251953125,0.2578125
large,R-HOR,sig2,0,18,0.044769287109375,0.255859375
large,R-HOR,sig2,0,18,0.044830322265625,0.25390625
large,R-HOR,sig2,0,18,0.044891357421875,0.251953125
large,R-HOR,sig2,0,18,0.044921875,0.25
large,R-HOR,sig2,0,18,0.044952392578125,0.248046875
large,R-HOR,sig2,0,18,0.045013427734375,0.24609375
large,R-HOR,sig2,0,18,0.0450439453125,0.244140625
large,R-HOR,sig2,0,18,0.04510498046875,0.2421875
large,R-HOR,sig2,0,18,0.045196533203125,0.240234375
large,R-HOR,sig2,0,18,0.045257568359375,0.23828125
large,R-HOR,sig2,0,18,0.045318603515625,0.236328125
large,R-HOR,sig2,0,18,0.04534912109375,0.234375
large,R-HOR,sig2,0,18,0.04541015625,0.232421875
large,R-HOR,sig2,0,18,0.04547119140625,0.23046875
large,R-HOR,sig2,0,18,0.0455322265625,0.228515625
large,R-HOR,sig2,0,18,0.045623779296875,0.2265625
large,R-HOR,sig2,0,18,0.045684814453125,0.224609375
large,R-HOR,sig2,0,18,0.045745849609375,0.22265625
large,R-HOR,sig2,0,18,0.0457763671875,0.220703125
large,R-HOR,sig2,0,18,0.04583740234375,0.21875
large,R-HOR,sig2,0,18,0.0458984375,0.216796875
large,R-HOR,sig2,0,18,0.045928955078125,0.21484375
large,R-HOR,sig2,0,18,0.045989990234375,0.212890625
large,R-HOR,sig2,0,18,0.04608154296875,0.2109375
large,R-HOR,sig2,0,18,0.046142578125,0.208984375
large,R-HOR,sig2,0,18,0.046173095703125,0.20703125
large,R-HOR,sig2,0,18,0.04620361328125,0.205078125
large,R-HOR,sig2,0,18,0.046295166015625,0.203125
large,R-HOR,sig2,0,18,0.046356201171875,0.201171875
large,R-HOR,sig2,0,18,0.046417236328125,0.19921875
large,R-HOR,sig2,0,18,0.046478271484375,0.197265625
large,R-HOR,sig2,0,18,0.0465087890625,0.1953125
large,R-HOR,sig2,0,18,0.04656982421875,0.193359375
large,R-HOR,sig2,0,18,0.046630859375,0.19140625
large,R-HOR,sig2,0,18,0.04669189453125,0.189453125
large,R-HOR,sig2,0,18,0.046783447265625,0.1875
large,R-HOR,sig2,0,18,0.046844482421875,0.185546875
large,R-HOR,sig2,0,18,0.04693603515625,0.18359375
large,R-HOR,sig2,0,18,0.0469970703125,0.181640625
large,R-HOR,sig2,0,18,0.04705810546875,0.1796875
large,R-HOR,sig2,0,18,0.047119140625,0.177734375
large,R-HOR,sig2,0,18,0.04718017578125,0.17578125
large,R-HOR,sig2,0,18,0.047210693359375,0.173828125
large,R-HOR,sig2,0,18,0.0472412109375,0.171875
large,R-HOR,sig2,0,18,0.047332763671875,0.169921875
large,R-HOR,sig2,0,18,0.047393798828125,0.16796875
large,R-HOR,sig2,0,18,0.04742431640625,0.166015625
large,R-HOR,sig2,0,18,0.047454833984375,0.1640625
large,R-HOR,sig2,0,18,0.047515869140625,0.162109375
large,R-HOR,sig2,0,18,0.04754638671875,0.16015625
large,R-HOR,sig2,0,18,0.04766845703125,0.158203125
large,R-HOR,sig2,0,18,0.0477294921875,0.15625
large,R-HOR,sig2,0,18,0.04779052734375,0.154296875
large,R-HOR,sig2,0,18,0.047821044921875,0.15234375
large,R-HOR,sig2,0,18,0.04791259765625,0.150390625
large,R-HOR,sig2,0,18,0.04803466796875,0.1484375
large,R-HOR,sig2,0,18,0.048065185546875,0.146484375
large,R-HOR,sig2,0,18,0.04815673828125,0.14453125
large,R-HOR,sig2,0,18,0.048187255859375,0.142578125
large,R-HOR,sig2,0,18,0.048248291015625,0.140625
large,R-HOR,sig2,0,18,0.04833984375,0.138671875
large,R-HOR,sig2,0,18,0.04840087890625,0.13671875
large,R-HOR,sig2,0,18,0.048492431640625,0.134765625
large,R-HOR,sig2,0,18,0.048614501953125,0.1328125
large,R-HOR,sig2,0,18,0.048675537109375,0.130859375
large,R-HOR,sig2,0,18,0.048736572265625,0.12890625
large,R-HOR,sig2,0,18,0.048858642578125,0.126953125
large,R-HOR,sig2,0,18,0.0489501953125,0.125
large,R-HOR,sig2,0,18,0.04901123046875,0.123046875
large,R-HOR,sig2,0,18,0.049072265625,0.12109375
large,R-HOR,sig2,0,18,0.049163818359375,0.119140625
large,R-HOR,sig2,0,18,0.049285888671875,0.1171875
large,R-HOR,sig2,0,18,0.049346923828125,0.115234375
large,R-HOR,sig2,0,18,0.0494384765625,0.11328125
large,R-HOR,sig2,0,18,0.049530029296875,0.111328125
large,R-HOR,sig2,0,18,0.049591064453125,0.109375
large,R-HOR,sig2,0,18,0.04962158203125,0.107421875
large,R-HOR,sig2,0,18,0.0496826171875,0.10546875
large,R-HOR,sig2,0,18,0.04974365234375,0.103515625
large,R-HOR,sig2,0,18,0.0498046875,0.1015625
large,R-HOR,sig2,0,18,0.04986572265625,0.099609375
large,R-HOR,sig2,0,18,0.049957275390625,0.09765625
large,R-HOR,sig2,0,18,0.050048828125,0.095703125
large,R-HOR,sig2,0,18,0.050201416015625,0.09375
large,R-HOR,sig2,0,18,0.050323486328125,0.091796875
large,R-HOR,sig2,0,18,0.0504150390625,0.08984375
large,R-HOR,sig2,0,18,0.050537109375,0.087890625
large,R-HOR,sig2,0,18,0.050750732421875,0.0859375
large,R-HOR,sig2,0,18,0.0509033203125,0.083984375
large,R-HOR,sig2,0,18,0.051025390625,0.08203125
large,R-HOR,sig2,0,18,0.051177978515625,0.080078125
large,R-HOR,sig2,0,18,0.051239013671875,0.078125
large,R-HOR,sig2,0,18,0.051300048828125,0.076171875
large,R-HOR,sig2,0,18,0.051361083984375,0.07421875
large,R-HOR,sig2,0,18,0.05145263671875,0.072265625
large,R-HOR,sig2,0,18,0.051544189453125,0.0703125
large,R-HOR,sig2,0,18,0.051666259765625,0.068359375
large,R-HOR,sig2,0,18,0.05181884765625,0.06640625
large,R-HOR,sig2,0,18,0.051910400390625,0.064453125
large,R-HOR,sig2,0,18,0.051971435546875,0.0625
large,R-HOR,sig2,0,18,0.0521240234375,0.060546875
large,R-HOR,sig2,0,18,0.052276611328125,0.05859375
large,R-HOR,sig2,0,18,0.0523681640625,0.056640625
large,R-HOR,sig2,0,18,0.05242919921875,0.0546875
large,R-HOR,sig2,0,18,0.052581787109375,0.052734375
large,R-HOR,sig2,0,18,0.052703857421875,0.05078125
large,R-HOR,sig2,0,18,0.0528564453125,0.048828125
large,R-HOR,sig2,0,18,0.05322265625,0.046875
large,R-HOR,sig2,0,18,0.05340576171875,0.044921875
large,R-HOR,sig2,0,18,0.053558349609375,0.04296875
large,R-HOR,sig2,0,18,0.053619384765625,0.041015625
large,R-HOR,sig2,0,18,0.05389404296875,0.0390625
large,R-HOR,sig2,0,18,0.054168701171875,0.037109375
large,R-HOR,sig2,0,18,0.05438232421875,0.03515625
large,R-HOR,sig2,0,18,0.054718017578125,0.033203125
large,R-HOR,sig2,0,18,0.054931640625,0.03125
large,R-HOR,sig2,0,18,0.055084228515625,0.029296875
large,R-HOR,sig2,0,18,0.055511474609375,0.02734375
large,R-HOR,sig2,0,18,0.055908203125,0.025390625
large,R-HOR,sig2,0,18,0.056182861328125,0.0234375
large,R-HOR,sig2,0,18,0.056732177734375,0.021484375
large,R-HOR,sig2,0,18,0.057403564453125,0.01953125
large,R-HOR,sig2,0,18,0.05804443359375,0.017578125
large,R-HOR,sig2,0,18,0.05853271484375,0.015625
large,R-HOR,sig2,0,18,0.0592041015625,0.013671875
large,R-HOR,sig2,0,18,0.060577392578125,0.01171875
large,R-HOR,sig2,0,18,0.061431884765625,0.009765625
large,R-HOR,sig2,0,18,0.0626220703125,0.0078125
large,R-HOR,sig2,0,18,0.06396484375,0.005859375
large,R-HOR,sig2,0,18,0.065673828125,0.00390625
large,R-HOR,sig2,0,18,0.06878662109375,0.001953125
large,R-HOR,sig2,0,37,0.00817108154296875,1.0
large,R-HOR,sig2,0,37,0.01251983642578125,0.998046875
large,R-HOR,sig2,0,37,0.01366424560546875,0.99609375
large,R-HOR,sig2,0,37,0.01410675048828125,0.994140625
large,R-HOR,sig2,0,37,0.01474761962890625,0.9921875
large,R-HOR,sig2,0,37,0.0156097412109375,0.990234375
large,R-HOR,sig2,0,37,0.015960693359375,0.98828125
large,R-HOR,sig2,0,37,0.016326904296875,0.986328125
large,R-HOR,sig2,0,37,0.01654052734375,0.984375
large,R-HOR,sig2,0,37,0.0170135498046875,0.982421875
large,R-HOR,sig2,0,37,0.0172882080078125,0.98046875
large,R-HOR,sig2,0,37,0.0177764892578125,0.978515625
large,R-HOR,sig2,0,37,0.0180206298828125,0.9765625
large,R-HOR,sig2,0,37,0.01824951171875,0.974609375
large,R-HOR,sig2,0,37,0.0184326171875,0.97265625
large,R-HOR,sig2,0,37,0.0186767578125,0.970703125
large,R-HOR,sig2,0,37,0.01885986328125,0.96875
large,R-HOR,sig2,0,37,0.0190582275390625,0.966796875
large,R-HOR,sig2,0,37,0.019287109375,0.96484375
large,R-HOR,sig2,0,37,0.019439697265625,0.962890625
large,R-HOR,sig2,0,37,0.0196990966796875,0.9609375
large,R-HOR,sig2,0,37,0.0199127197265625,0.958984375
large,R-HOR,sig2,0,37,0.020172119140625,0.95703125
large,R-HOR,sig2,0,37,0.02032470703125,0.955078125
large,R-HOR,sig2,0,37,0.0205535888671875,0.953125
large,R-HOR,sig2,0,37,0.0206451416015625,0.951171875
large,R-HOR,sig2,0,37,0.0209197998046875,0.94921875
large,R-HOR,sig2,0,37,0.0210418701171875,0.947265625
large,R-HOR,sig2,0,37,0.021148681640625,0.9453125
large,R-HOR,sig2,0,37,0.021331787109375,0.943359375
large,R-HOR,sig2,0,37,0.0214996337890625,0.94140625
large,R-HOR,sig2,0,37,0.021728515625,0.939453125
large,R-HOR,sig2,0,37,0.021820068359375,0.9375
large,R-HOR,sig2,0,37,0.021881103515625,0.935546875
large,R-HOR,sig2,0,37,0.0220184326171875,0.93359375
large,R-HOR,sig2,0,37,0.02215576171875,0.931640625
large,R-HOR,sig2,0,37,0.022216796875,0.9296875
large,R-HOR,sig2,0,37,0.0223846435546875,0.927734375
large,R-HOR,sig2,0,37,0.02264404296875,0.92578125
large,R-HOR,sig2,0,37,0.02276611328125,0.923828125
large,R-HOR,sig2,0,37,0.022979736328125,0.921875
large,R-HOR,sig2,0,37,0.0230712890625,0.919921875
large,R-HOR,sig2,0,37,0.0231781005859375,0.91796875
large,R-HOR,sig2,0,37,0.023223876953125,0.916015625
large,R-HOR,sig2,0,37,0.0233306884765625,0.9140625
large,R-HOR,sig2,0,37,0.0234832763671875,0.912109375
large,R-HOR,sig2,0,37,0.0236358642578125,0.91015625
large,R-HOR,sig2,0,37,0.0237579345703125,0.908203125
large,R-HOR,sig2,0,37,0.023834228515625,0.90625
large,R-HOR,sig2,0,37,0.0239410400390625,0.904296875
large,R-HOR,sig2,0,37,0.0240325927734375,0.90234375
large,R-HOR,sig2,0,37,0.024200439453125,0.900390625
large,R-HOR,sig2,0,37,0.0243682861328125,0.8984375
large,R-HOR,sig2,0,37,0.02447509765625,0.896484375
large,R-HOR,sig2,0,37,0.0245819091796875,0.89453125
large,R-HOR,sig2,0,37,0.024688720703125,0.892578125
large,R-HOR,sig2,0,37,0.0247955322265625,0.890625
large,R-HOR,sig2,0,37,0.0249176025390625,0.888671875
large,R-HOR,sig2,0,37,0.0250396728515625,0.88671875
large,R-HOR,sig2,0,37,0.025146484375,0.884765625
large,R-HOR,sig2,0,37,0.0252227783203125,0.8828125
large,R-HOR,sig2,0,37,0.0253448486328125,0.880859375
large,R-HOR,sig2,0,37,0.0254058837890625,0.87890625
large,R-HOR,sig2,0,37,0.0254974365234375,0.876953125
large,R-HOR,sig2,0,37,0.025604248046875,0.875
large,R-HOR,sig2,0,37,0.02569580078125,0.873046875
large,R-HOR,sig2,0,37,0.0257568359375,0.87109375
large,R-HOR,sig2,0,37,0.025909423828125,0.869140625
large,R-HOR,sig2,0,37,0.0259857177734375,0.8671875
large,R-HOR,sig2,0,37,0.0260772705078125,0.865234375
large,R-HOR,sig2,0,37,0.0261688232421875,0.86328125
large,R-HOR,sig2,0,37,0.026275634765625,0.861328125
large,R-HOR,sig2,0,37,0.026336669921875,0.859375
large,R-HOR,sig2,0,37,0.02642822265625,0.857421875
large,R-HOR,sig2,0,37,0.0265045166015625,0.85546875
large,R-HOR,sig2,0,37,0.0265655517578125,0.853515625
large,R-HOR,sig2,0,37,0.0266876220703125,0.8515625
large,R-HOR,sig2,0,37,0.02679443359375,0.849609375
large,R-HOR,sig2,0,37,0.0268402099609375,0.84765625
large,R-HOR,sig2,0,37,0.02691650390625,0.845703125
large,R-HOR,sig2,0,37,0.0269927978515625,0.84375
large,R-HOR,sig2,0,37,0.0271148681640625,0.841796875
large,R-HOR,sig2,0,37,0.0272064208984375,0.83984375
large,R-HOR,sig2,0,37,0.02728271484375,0.837890625
large,R-HOR,sig2,0,37,0.0273895263671875,0.8359375
large,R-HOR,sig2,0,37,0.02752685546875,0.833984375
large,R-HOR,sig2,0,37,0.02764892578125,0.83203125
large,R-HOR,sig2,0,37,0.0277099609375,0.830078125
large,R-HOR,sig2,0,37,0.0278167724609375,0.828125
large,R-HOR,sig2,0,37,0.0279083251953125,0.826171875
large,R-HOR,sig2,0,37,0.027984619140625,0.82421875
large,R-HOR,sig2,0,37,0.028106689453125,0.822265625
large,R-HOR,sig2,0,37,0.0281982421875,0.8203125
large,R-HOR,sig2,0,37,0.0282745361328125,0.818359375
large,R-HOR,sig2,0,37,0.0283203125,0.81640625
large,R-HOR,sig2,0,37,0.0283966064453125,0.814453125
large,R-HOR,sig2,0,37,0.028533935546875,0.8125
large,R-HOR,sig2,0,37,0.0285797119140625,0.810546875
large,R-HOR,sig2,0,37,0.0286407470703125,0.80859375
large,R-HOR,sig2,0,37,0.0287017822265625,0.806640625
large,R-HOR,sig2,0,37,0.0287628173828125,0.8046875
large,R-HOR,sig2,0,37,0.02886962890625,0.802734375
large,R-HOR,sig2,0,37,0.0289154052734375,0.80078125
large,R-HOR,sig2,0,37,0.029022216796875,0.798828125
large,R-HOR,sig2,0,37,0.02911376953125,0.796875
large,R-HOR,sig2,0,37,0.0291900634765625,0.794921875
large,R-HOR,sig2,0,37,0.0293121337890625,0.79296875
large,R-HOR,sig2,0,37,0.0294036865234375,0.791015625
large,R-HOR,sig2,0,37,0.029449462890625,0.7890625
large,R-HOR,sig2,0,37,0.029510498046875,0.787109375
large,R-HOR,sig2,0,37,0.02960205078125,0.78515625
large,R-HOR,sig2,0,37,0.0296630859375,0.783203125
large,R-HOR,sig2,0,37,0.0297698974609375,0.78125
large,R-HOR,sig2,0,37,0.02984619140625,0.779296875
large,R-HOR,sig2,0,37,0.0299224853515625,0.77734375
large,R-HOR,sig2,0,37,0.02996826171875,0.775390625
large,R-HOR,sig2,0,37,0.029998779296875,0.7734375
large,R-HOR,sig2,0,37,0.0300445556640625,0.771484375
large,R-HOR,sig2,0,37,0.0301513671875,0.76953125
large,R-HOR,sig2,0,37,0.0301971435546875,0.767578125
large,R-HOR,sig2,0,37,0.0302734375,0.765625
large,R-HOR,sig2,0,37,0.0303497314453125,0.763671875
large,R-HOR,sig2,0,37,0.030426025390625,0.76171875
large,R-HOR,sig2,0,37,0.0305328369140625,0.759765625
large,R-HOR,sig2,0,37,0.0306243896484375,0.7578125
large,R-HOR,sig2,0,37,0.030670166015625,0.755859375
large,R-HOR,sig2,0,37,0.0307464599609375,0.75390625
large,R-HOR,sig2,0,37,0.0308380126953125,0.751953125
large,R-HOR,sig2,0,37,0.0309295654296875,0.75
large,R-HOR,sig2,0,37,0.031005859375,0.748046875
large,R-HOR,sig2,0,37,0.0310821533203125,0.74609375
large,R-HOR,sig2,0,37,0.03118896484375,0.744140625
large,R-HOR,sig2,0,37,0.03125,0.7421875
large,R-HOR,sig2,0,37,0.031341552734375,0.740234375
large,R-HOR,sig2,0,37,0.03143310546875,0.73828125
large,R-HOR,sig2,0,37,0.031494140625,0.736328125
large,R-HOR,sig2,0,37,0.031524658203125,0.734375
large,R-HOR,sig2,0,37,0.031585693359375,0.732421875
large,R-HOR,sig2,0,37,0.031646728515625,0.73046875
large,R-HOR,sig2,0,37,0.03173828125,0.728515625
large,R-HOR,sig2,0,37,0.03179931640625,0.7265625
large,R-HOR,sig2,0,37,0.0318603515625,0.724609375
large,R-HOR,sig2,0,37,0.03192138671875,0.72265625
large,R-HOR,sig2,0,37,0.031982421875,0.720703125
large,R-HOR,sig2,0,37,0.032073974609375,0.71875
large,R-HOR,sig2,0,37,0.0321044921875,0.716796875
large,R-HOR,sig2,0,37,0.03216552734375,0.71484375
large,R-HOR,sig2,0,37,0.0322265625,0.712890625
large,R-HOR,sig2,0,37,0.03228759765625,0.7109375
large,R-HOR,sig2,0,37,0.0323486328125,0.708984375
large,R-HOR,sig2,0,37,0.032440185546875,0.70703125
large,R-HOR,sig2,0,37,0.03253173828125,0.705078125
large,R-HOR,sig2,0,37,0.0325927734375,0.703125
large,R-HOR,sig2,0,37,0.03271484375,0.701171875
large,R-HOR,sig2,0,37,0.032745361328125,0.69921875
large,R-HOR,sig2,0,37,0.032806396484375,0.697265625
large,R-HOR,sig2,0,37,0.032867431640625,0.6953125
large,R-HOR,sig2,0,37,0.032958984375,0.693359375
large,R-HOR,sig2,0,37,0.03302001953125,0.69140625
large,R-HOR,sig2,0,37,0.0330810546875,0.689453125
large,R-HOR,sig2,0,37,0.033172607421875,0.6875
large,R-HOR,sig2,0,37,0.033233642578125,0.685546875
large,R-HOR,sig2,0,37,0.03326416015625,0.68359375
large,R-HOR,sig2,0,37,0.0333251953125,0.681640625
large,R-HOR,sig2,0,37,0.033355712890625,0.6796875
large,R-HOR,sig2,0,37,0.033416748046875,0.677734375
large,R-HOR,sig2,0,37,0.033477783203125,0.67578125
large,R-HOR,sig2,0,37,0.03350830078125,0.673828125
large,R-HOR,sig2,0,37,0.0335693359375,0.671875
large,R-HOR,sig2,0,37,0.03363037109375,0.669921875
large,R-HOR,sig2,0,37,0.03369140625,0.66796875
large,R-HOR,sig2,0,37,0.033721923828125,0.666015625
large,R-HOR,sig2,0,37,0.033782958984375,0.6640625
large,R-HOR,sig2,0,37,0.033843994140625,0.662109375
large,R-HOR,sig2,0,37,0.033905029296875,0.66015625
large,R-HOR,sig2,0,37,0.03399658203125,0.658203125
large,R-HOR,sig2,0,37,0.03411865234375,0.65625
large,R-HOR,sig2,0,37,0.03411865234375,0.654296875
large,R-HOR,sig2,0,37,0.034210205078125,0.65234375
large,R-HOR,sig2,0,37,0.03424072265625,0.650390625
large,R-HOR,sig2,0,37,0.034271240234375,0.6484375
large,R-HOR,sig2,0,37,0.0343017578125,0.646484375
large,R-HOR,sig2,0,37,0.03436279296875,0.64453125
large,R-HOR,sig2,0,37,0.034393310546875,0.642578125
large,R-HOR,sig2,0,37,0.034454345703125,0.640625
large,R-HOR,sig2,0,37,0.034515380859375,0.638671875
large,R-HOR,sig2,0,37,0.034515380859375,0.63671875
large,R-HOR,sig2,0,37,0.034637451171875,0.634765625
large,R-HOR,sig2,0,37,0.03472900390625,0.6328125
large,R-HOR,sig2,0,37,0.0347900390625,0.630859375
large,R-HOR,sig2,0,37,0.034820556640625,0.62890625
large,R-HOR,sig2,0,37,0.034912109375,0.626953125
large,R-HOR,sig2,0,37,0.034942626953125,0.625
large,R-HOR,sig2,0,37,0.035003662109375,0.623046875
large,R-HOR,sig2,0,37,0.0350341796875,0.62109375
large,R-HOR,sig2,0,37,0.035064697265625,0.619140625
large,R-HOR,sig2,0,37,0.03509521484375,0.6171875
large,R-HOR,sig2,0,37,0.03515625,0.615234375
large,R-HOR,sig2,0,37,0.035247802734375,0.61328125
large,R-HOR,sig2,0,37,0.0352783203125,0.611328125
large,R-HOR,sig2,0,37,0.03533935546875,0.609375
large,R-HOR,sig2,0,37,0.035369873046875,0.607421875
large,R-HOR,sig2,0,37,0.035430908203125,0.60546875
large,R-HOR,sig2,0,37,0.0355224609375,0.603515625
large,R-HOR,sig2,0,37,0.03558349609375,0.6015625
large,R-HOR,sig2,0,37,0.03570556640625,0.599609375
large,R-HOR,sig2,0,37,0.035736083984375,0.59765625
large,R-HOR,sig2,0,37,0.0357666015625,0.595703125
large,R-HOR,sig2,0,37,0.03582763671875,0.59375
large,R-HOR,sig2,0,37,0.035888671875,0.591796875
large,R-HOR,sig2,0,37,0.035919189453125,0.58984375
large,R-HOR,sig2,0,37,0.0360107421875,0.587890625
large,R-HOR,sig2,0,37,0.03607177734375,0.5859375
large,R-HOR,sig2,0,37,0.0361328125,0.583984375
large,R-HOR,sig2,0,37,0.036163330078125,0.58203125
large,R-HOR,sig2,0,37,0.03619384765625,0.580078125
large,R-HOR,sig2,0,37,0.0362548828125,0.578125
large,R-HOR,sig2,0,37,0.036285400390625,0.576171875
large,R-HOR,sig2,0,37,0.03631591796875,0.57421875
large,R-HOR,sig2,0,37,0.036376953125,0.572265625
large,R-HOR,sig2,0,37,0.03643798828125,0.5703125
large,R-HOR,sig2,0,37,0.0364990234375,0.568359375
large,R-HOR,sig2,0,37,0.036529541015625,0.56640625
large,R-HOR,sig2,0,37,0.03656005859375,0.564453125
large,R-HOR,sig2,0,37,0.03662109375,0.5625
large,R-HOR,sig2,0,37,0.03668212890625,0.560546875
large,R-HOR,sig2,0,37,0.0367431640625,0.55859375
large,R-HOR,sig2,0,37,0.036773681640625,0.556640625
large,R-HOR,sig2,0,37,0.03680419921875,0.5546875
large,R-HOR,sig2,0,37,0.036834716796875,0.552734375
large,R-HOR,sig2,0,37,0.03692626953125,0.55078125
large,R-HOR,sig2,0,37,0.037017822265625,0.548828125
large,R-HOR,sig2,0,37,0.037109375,0.546875
large,R-HOR,sig2,0,37,0.037139892578125,0.544921875
large,R-HOR,sig2,0,37,0.03717041015625,0.54296875
large,R-HOR,sig2,0,37,0.0372314453125,0.541015625
large,R-HOR,sig2,0,37,0.037261962890625,0.5390625
large,R-HOR,sig2,0,37,0.037322998046875,0.537109375
large,R-HOR,sig2,0,37,0.037384033203125,0.53515625
large,R-HOR,sig2,0,37,0.03741455078125,0.533203125
large,R-HOR,sig2,0,37,0.0374755859375,0.53125
large,R-HOR,sig2,0,37,0.03753662109375,0.529296875
large,R-HOR,sig2,0,37,0.03759765625,0.52734375
large,R-HOR,sig2,0,37,0.03765869140625,0.525390625
large,R-HOR,sig2,0,37,0.037689208984375,0.5234375
large,R-HOR,sig2,0,37,0.0377197265625,0.521484375
large,R-HOR,sig2,0,37,0.037811279296875,0.51953125
large,R-HOR,sig2,0,37,0.037872314453125,0.517578125
large,R-HOR,sig2,0,37,0.03790283203125,0.515625
large,R-HOR,sig2,0,37,0.0379638671875,0.513671875
large,R-HOR,sig2,0,37,0.037994384765625,0.51171875
large,R-HOR,sig2,0,37,0.0380859375,0.509765625
large,R-HOR,sig2,0,37,0.038116455078125,0.5078125
large,R-HOR,sig2,0,37,0.03814697265625,0.505859375
large,R-HOR,sig2,0,37,0.0382080078125,0.50390625
large,R-HOR,sig2,0,37,0.038238525390625,0.501953125
large,R-HOR,sig2,0,37,0.038299560546875,0.5
large,R-HOR,sig2,0,37,0.038360595703125,0.498046875
large,R-HOR,sig2,0,37,0.038421630859375,0.49609375
large,R-HOR,sig2,0,37,0.0384521484375,0.494140625
large,R-HOR,sig2,0,37,0.038482666015625,0.4921875
large,R-HOR,sig2,0,37,0.03857421875,0.490234375
large,R-HOR,sig2,0,37,0.03863525390625,0.48828125
large,R-HOR,sig2,0,37,0.038665771484375,0.486328125
large,R-HOR,sig2,0,37,0.038726806640625,0.484375
large,R-HOR,sig2,0,37,0.038787841796875,0.482421875
large,R-HOR,sig2,0,37,0.038818359375,0.48046875
large,R-HOR,sig2,0,37,0.038909912109375,0.478515625
large,R-HOR,sig2,0,37,0.0389404296875,0.4765625
large,R-HOR,sig2,0,37,0.039031982421875,0.474609375
large,R-HOR,sig2,0,37,0.0390625,0.47265625
large,R-HOR,sig2,0,37,0.039093017578125,0.470703125
large,R-HOR,sig2,0,37,0.039154052734375,0.46875
large,R-HOR,sig2,0,37,0.0391845703125,0.466796875
large,R-HOR,sig2,0,37,0.03924560546875,0.46484375
large,R-HOR,sig2,0,37,0.039276123046875,0.462890625
large,R-HOR,sig2,0,37,0.039337158203125,0.4609375
large,R-HOR,sig2,0,37,0.039398193359375,0.458984375
large,R-HOR,sig2,0,37,0.0394287109375,0.45703125
large,R-HOR,sig2,0,37,0.03948974609375,0.455078125
large,R-HOR,sig2,0,37,0.03948974609375,0.453125
large,R-HOR,sig2,0,37,0.039520263671875,0.451171875
large,R-HOR,sig2,0,37,0.039581298828125,0.44921875
large,R-HOR,sig2,0,37,0.039642333984375,0.447265625
large,R-HOR,sig2,0,37,0.0396728515625,0.4453125
large,R-HOR,sig2,0,37,0.03973388671875,0.443359375
large,R-HOR,sig2,0,37,0.039764404296875,0.44140625
large,R-HOR,sig2,0,37,0.039825439453125,0.439453125
large,R-HOR,sig2,0,37,0.03985595703125,0.4375
large,R-HOR,sig2,0,37,0.039886474609375,0.435546875
large,R-HOR,sig2,0,37,0.0399169921875,0.43359375
large,R-HOR,sig2,0,37,0.03997802734375,0.431640625
large,R-HOR,sig2,0,37,0.0400390625,0.4296875
large,R-HOR,sig2,0,37,0.040069580078125,0.427734375
large,R-HOR,sig2,0,37,0.04010009765625,0.42578125
large,R-HOR,sig2,0,37,0.040130615234375,0.423828125
large,R-HOR,sig2,0,37,0.040191650390625,0.421875
large,R-HOR,sig2,0,37,0.04022216796875,0.419921875
large,R-HOR,sig2,0,37,0.040252685546875,0.41796875
large,R-HOR,sig2,0,37,0.040313720703125,0.416015625
large,R-HOR,sig2,0,37,0.040374755859375,0.4140625
large,R-HOR,sig2,0,37,0.040435791015625,0.412109375
large,R-HOR,sig2,0,37,0.04046630859375,0.41015625
large,R-HOR,sig2,0,37,0.04052734375,0.408203125
large,R-HOR,sig2,0,37,0.04058837890625,0.40625
large,R-HOR,sig2,0,37,0.040618896484375,0.404296875
large,R-HOR,sig2,0,37,0.040679931640625,0.40234375
large,R-HOR,sig2,0,37,0.040740966796875,0.400390625
large,R-HOR,sig2,0,37,0.040802001953125,0.3984375
large,R-HOR,sig2,0,37,0.04083251953125,0.396484375
large,R-HOR,sig2,0,37,0.0408935546875,0.39453125
large,R-HOR,sig2,0,37,0.04095458984375,0.392578125
large,R-HOR,sig2,0,37,0.041015625,0.390625
large,R-HOR,sig2,0,37,0.04107666015625,0.388671875
large,R-HOR,sig2,0,37,0.0411376953125,0.38671875
large,R-HOR,sig2,0,37,0.041168212890625,0.384765625
large,R-HOR,sig2,0,37,0.04119873046875,0.3828125
large,R-HOR,sig2,0,37,0.041259765625,0.380859375
large,R-HOR,sig2,0,37,0.041290283203125,0.37890625
large,R-HOR,sig2,0,37,0.04132080078125,0.376953125
large,R-HOR,sig2,0,37,0.041412353515625,0.375
large,R-HOR,sig2,0,37,0.04144287109375,0.373046875
large,R-HOR,sig2,0,37,0.041473388671875,0.37109375
large,R-HOR,sig2,0,37,0.04150390625,0.369140625
large,R-HOR,sig2,0,37,0.04156494140625,0.3671875
large,R-HOR,sig2,0,37,0.041595458984375,0.365234375
large,R-HOR,sig2,0,37,0.0416259765625,0.36328125
large,R-HOR,sig2,0,37,0.04168701171875,0.361328125
large,R-HOR,sig2,0,37,0.041717529296875,0.359375
large,R-HOR,sig2,0,37,0.041778564453125,0.357421875
large,R-HOR,sig2,0,37,0.04180908203125,0.35546875
large,R-HOR,sig2,0,37,0.041839599609375,0.353515625
large,R-HOR,sig2,0,37,0.041900634765625,0.3515625
large,R-HOR,sig2,0,37,0.041961669921875,0.349609375
large,R-HOR,sig2,0,37,0.0419921875,0.34765625
large,R-HOR,sig2,0,37,0.042022705078125,0.345703125
large,R-HOR,sig2,0,37,0.042083740234375,0.34375
large,R-HOR,sig2,0,37,0.0421142578125,0.341796875
large,R-HOR,sig2,0,37,0.04217529296875,0.33984375
large,R-HOR,sig2,0,37,0.042236328125,0.337890625
large,R-HOR,sig2,0,37,0.042266845703125,0.3359375
large,R-HOR,sig2,0,37,0.042327880859375,0.333984375
large,R-HOR,sig2,0,37,0.0423583984375,0.33203125
large,R-HOR,sig2,0,37,0.04241943359375,0.330078125
large,R-HOR,sig2,0,37,0.042449951171875,0.328125
large,R-HOR,sig2,0,37,0.04248046875,0.326171875
large,R-HOR,sig2,0,37,0.042510986328125,0.32421875
large,R-HOR,sig2,0,37,0.042572021484375,0.322265625
large,R-HOR,sig2,0,37,0.0426025390625,0.3203125
large,R-HOR,sig2,0,37,0.042694091796875,0.318359375
large,R-HOR,sig2,0,37,0.042755126953125,0.31640625
large,R-HOR,sig2,0,37,0.042816162109375,0.314453125
large,R-HOR,sig2,0,37,0.0428466796875,0.3125
large,R-HOR,sig2,0,37,0.04290771484375,0.310546875
large,R-HOR,sig2,0,37,0.04296875,0.30859375
large,R-HOR,sig2,0,37,0.043060302734375,0.306640625
large,R-HOR,sig2,0,37,0.0430908203125,0.3046875
large,R-HOR,sig2,0,37,0.04315185546875,0.302734375
large,R-HOR,sig2,0,37,0.043212890625,0.30078125
large,R-HOR,sig2,0,37,0.043304443359375,0.298828125
large,R-HOR,sig2,0,37,0.04339599609375,0.296875
large,R-HOR,sig2,0,37,0.043426513671875,0.294921875
large,R-HOR,sig2,0,37,0.043487548828125,0.29296875
large,R-HOR,sig2,0,37,0.0435791015625,0.291015625
large,R-HOR,sig2,0,37,0.04364013671875,0.2890625
large,R-HOR,sig2,0,37,0.04364013671875,0.287109375
large,R-HOR,sig2,0,37,0.043731689453125,0.28515625
large,R-HOR,sig2,0,37,0.04376220703125,0.283203125
large,R-HOR,sig2,0,37,0.043853759765625,0.28125
large,R-HOR,sig2,0,37,0.04388427734375,0.279296875
large,R-HOR,sig2,0,37,0.043914794921875,0.27734375
large,R-HOR,sig2,0,37,0.043975830078125,0.275390625
large,R-HOR,sig2,0,37,0.044036865234375,0.2734375
large,R-HOR,sig2,0,37,0.0440673828125,0.271484375
large,R-HOR,sig2,0,37,0.04412841796875,0.26953125
large,R-HOR,sig2,0,37,0.044189453125,0.267578125
large,R-HOR,sig2,0,37,0.04425048828125,0.265625
large,R-HOR,sig2,0,37,0.044281005859375,0.263671875
large,R-HOR,sig2,0,37,0.044342041015625,0.26171875
large,R-HOR,sig2,0,37,0.044403076171875,0.259765625
large,R-HOR,sig2,0,37,0.04443359375,0.2578125
large,R-HOR,sig2,0,37,0.044464111328125,0.255859375
large,R-HOR,sig2,0,37,0.0445556640625,0.25390625
large,R-HOR,sig2,0,37,0.044586181640625,0.251953125
large,R-HOR,sig2,0,37,0.044647216796875,0.25
large,R-HOR,sig2,0,37,0.04473876953125,0.248046875
large,R-HOR,sig2,0,37,0.0447998046875,0.24609375
large,R-HOR,sig2,0,37,0.044830322265625,0.244140625
large,R-HOR,sig2,0,37,0.04486083984375,0.2421875
large,R-HOR,sig2,0,37,0.044891357421875,0.240234375
large,R-HOR,sig2,0,37,0.044952392578125,0.23828125
large,R-HOR,sig2,0,37,0.0450439453125,0.236328125
large,R-HOR,sig2,0,37,0.04510498046875,0.234375
large,R-HOR,sig2,0,37,0.045166015625,0.232421875
large,R-HOR,sig2,0,37,0.045196533203125,0.23046875
large,R-HOR,sig2,0,37,0.045257568359375,0.228515625
large,R-HOR,sig2,0,37,0.045318603515625,0.2265625
large,R-HOR,sig2,0,37,0.045379638671875,0.224609375
large,R-HOR,sig2,0,37,0.04541015625,0.22265625
large,R-HOR,sig2,0,37,0.045501708984375,0.220703125
large,R-HOR,sig2,0,37,0.045562744140625,0.21875
large,R-HOR,sig2,0,37,0.045623779296875,0.216796875
large,R-HOR,sig2,0,37,0.045654296875,0.21484375
large,R-HOR,sig2,0,37,0.04571533203125,0.212890625
large,R-HOR,sig2,0,37,0.045806884765625,0.2109375
large,R-HOR,sig2,0,37,0.04583740234375,0.208984375
large,R-HOR,sig2,0,37,0.045928955078125,0.20703125
large,R-HOR,sig2,0,37,0.04595947265625,0.205078125
large,R-HOR,sig2,0,37,0.0460205078125,0.203125
large,R-HOR,sig2,0,37,0.04608154296875,0.201171875
large,R-HOR,sig2,0,37,0.046112060546875,0.19921875
large,R-HOR,sig2,0,37,0.046173095703125,0.197265625
large,R-HOR,sig2,0,37,0.046234130859375,0.1953125
large,R-HOR,sig2,0,37,0.046295166015625,0.193359375
large,R-HOR,sig2,0,37,0.04632568359375,0.19140625
large,R-HOR,sig2,0,37,0.04638671875,0.189453125
large,R-HOR,sig2,0,37,0.04644775390625,0.1875
large,R-HOR,sig2,0,37,0.046539306640625,0.185546875
large,R-HOR,sig2,0,37,0.046630859375,0.18359375
large,R-HOR,sig2,0,37,0.04669189453125,0.181640625
large,R-HOR,sig2,0,37,0.0467529296875,0.1796875
large,R-HOR,sig2,0,37,0.046905517578125,0.177734375
large,R-HOR,sig2,0,37,0.04693603515625,0.17578125
large,R-HOR,sig2,0,37,0.0469970703125,0.173828125
large,R-HOR,sig2,0,37,0.04705810546875,0.171875
large,R-HOR,sig2,0,37,0.047088623046875,0.169921875
large,R-HOR,sig2,0,37,0.047119140625,0.16796875
large,R-HOR,sig2,0,37,0.047149658203125,0.166015625
large,R-HOR,sig2,0,37,0.0472412109375,0.1640625
large,R-HOR,sig2,0,37,0.04730224609375,0.162109375
large,R-HOR,sig2,0,37,0.047332763671875,0.16015625
large,R-HOR,sig2,0,37,0.047393798828125,0.158203125
large,R-HOR,sig2,0,37,0.047454833984375,0.15625
large,R-HOR,sig2,0,37,0.0474853515625,0.154296875
large,R-HOR,sig2,0,37,0.047515869140625,0.15234375
large,R-HOR,sig2,0,37,0.047576904296875,0.150390625
large,R-HOR,sig2,0,37,0.047637939453125,0.1484375
large,R-HOR,sig2,0,37,0.047698974609375,0.146484375
large,R-HOR,sig2,0,37,0.047760009765625,0.14453125
large,R-HOR,sig2,0,37,0.0478515625,0.142578125
large,R-HOR,sig2,0,37,0.04791259765625,0.140625
large,R-HOR,sig2,0,37,0.048004150390625,0.138671875
large,R-HOR,sig2,0,37,0.048065185546875,0.13671875
large,R-HOR,sig2,0,37,0.048126220703125,0.134765625
large,R-HOR,sig2,0,37,0.0482177734375,0.1328125
large,R-HOR,sig2,0,37,0.048248291015625,0.130859375
large,R-HOR,sig2,0,37,0.048309326171875,0.12890625
large,R-HOR,sig2,0,37,0.048370361328125,0.126953125
large,R-HOR,sig2,0,37,0.04840087890625,0.125
large,R-HOR,sig2,0,37,0.0484619140625,0.123046875
large,R-HOR,sig2,0,37,0.04852294921875,0.12109375
large,R-HOR,sig2,0,37,0.048583984375,0.119140625
large,R-HOR,sig2,0,37,0.04864501953125,0.1171875
large,R-HOR,sig2,0,37,0.0487060546875,0.115234375
large,R-HOR,sig2,0,37,0.04876708984375,0.11328125
large,R-HOR,sig2,0,37,0.048797607421875,0.111328125
large,R-HOR,sig2,0,37,0.048919677734375,0.109375
large,R-HOR,sig2,0,37,0.048980712890625,0.107421875
large,R-HOR,sig2,0,37,0.049041748046875,0.10546875
large,R-HOR,sig2,0,37,0.0491943359375,0.103515625
large,R-HOR,sig2,0,37,0.049346923828125,0.1015625
large,R-HOR,sig2,0,37,0.049407958984375,0.099609375
large,R-HOR,sig2,0,37,0.04949951171875,0.09765625
large,R-HOR,sig2,0,37,0.049591064453125,0.095703125
large,R-HOR,sig2,0,37,0.0496826171875,0.09375
large,R-HOR,sig2,0,37,0.04974365234375,0.091796875
large,R-HOR,sig2,0,37,0.0498046875,0.08984375
large,R-HOR,sig2,0,37,0.049896240234375,0.087890625
large,R-HOR,sig2,0,37,0.050048828125,0.0859375
large,R-HOR,sig2,0,37,0.050140380859375,0.083984375
large,R-HOR,sig2,0,37,0.050262451171875,0.08203125
large,R-HOR,sig2,0,37,0.05035400390625,0.080078125
large,R-HOR,sig2,0,37,0.05047607421875,0.078125
large,R-HOR,sig2,0,37,0.0506591796875,0.076171875
large,R-HOR,sig2,0,37,0.05072021484375,0.07421875
large,R-HOR,sig2,0,37,0.05084228515625,0.072265625
large,R-HOR,sig2,0,37,0.0509033203125,0.0703125
large,R-HOR,sig2,0,37,0.051025390625,0.068359375
large,R-HOR,sig2,0,37,0.0511474609375,0.06640625
large,R-HOR,sig2,0,37,0.051239013671875,0.064453125
large,R-HOR,sig2,0,37,0.051361083984375,0.0625
large,R-HOR,sig2,0,37,0.051513671875,0.060546875
large,R-HOR,sig2,0,37,0.051727294921875,0.05859375
large,R-HOR,sig2,0,37,0.051849365234375,0.056640625
large,R-HOR,sig2,0,37,0.051971435546875,0.0546875
large,R-HOR,sig2,0,37,0.05218505859375,0.052734375
large,R-HOR,sig2,0,37,0.05224609375,0.05078125
large,R-HOR,sig2,0,37,0.05242919921875,0.048828125
large,R-HOR,sig2,0,37,0.052490234375,0.046875
large,R-HOR,sig2,0,37,0.052703857421875,0.044921875
large,R-HOR,sig2,0,37,0.053009033203125,0.04296875
large,R-HOR,sig2,0,37,0.053070068359375,0.041015625
large,R-HOR,sig2,0,37,0.053314208984375,0.0390625
large,R-HOR,sig2,0,37,0.053497314453125,0.037109375
large,R-HOR,sig2,0,37,0.053741455078125,0.03515625
large,R-HOR,sig2,0,37,0.053924560546875,0.033203125
large,R-HOR,sig2,0,37,0.054168701171875,0.03125
large,R-HOR,sig2,0,37,0.054534912109375,0.029296875
large,R-HOR,sig2,0,37,0.054931640625,0.02734375
large,R-HOR,sig2,0,37,0.055389404296875,0.025390625
large,R-HOR,sig2,0,37,0.05560302734375,0.0234375
large,R-HOR,sig2,0,37,0.05615234375,0.021484375
large,R-HOR,sig2,0,37,0.05682373046875,0.01953125
large,R-HOR,sig2,0,37,0.057586669921875,0.017578125
large,R-HOR,sig2,0,37,0.0582275390625,0.015625
large,R-HOR,sig2,0,37,0.059356689453125,0.013671875
large,R-HOR,sig2,0,37,0.0599365234375,0.01171875
large,R-HOR,sig2,0,37,0.061004638671875,0.009765625
large,R-HOR,sig2,0,37,0.062408447265625,0.0078125
large,R-HOR,sig2,0,37,0.06378173828125,0.005859375
large,R-HOR,sig2,0,37,0.06500244140625,0.00390625
large,R-HOR,sig2,0,37,0.06829833984375,0.001953125
large,R-HOR,sig2,0,56,0.00812530517578125,1.0
large,R-HOR,sig2,0,56,0.012298583984375,0.998046875
large,R-HOR,sig2,0,56,0.0135498046875,0.99609375
large,R-HOR,sig2,0,56,0.01398468017578125,0.994140625
large,R-HOR,sig2,0,56,0.0145721435546875,0.9921875
large,R-HOR,sig2,0,56,0.0152435302734375,0.990234375
large,R-HOR,sig2,0,56,0.01561737060546875,0.98828125
large,R-HOR,sig2,0,56,0.0159912109375,0.986328125
large,R-HOR,sig2,0,56,0.01641845703125,0.984375
large,R-HOR,sig2,0,56,0.01678466796875,0.982421875
large,R-HOR,sig2,0,56,0.016998291015625,0.98046875
large,R-HOR,sig2,0,56,0.017333984375,0.978515625
large,R-HOR,sig2,0,56,0.0176849365234375,0.9765625
large,R-HOR,sig2,0,56,0.0179901123046875,0.974609375
large,R-HOR,sig2,0,56,0.0182952880859375,0.97265625
large,R-HOR,sig2,0,56,0.0184478759765625,0.970703125
large,R-HOR,sig2,0,56,0.0186004638671875,0.96875
large,R-HOR,sig2,0,56,0.018768310546875,0.966796875
large,R-HOR,sig2,0,56,0.0189971923828125,0.96484375
large,R-HOR,sig2,0,56,0.0191192626953125,0.962890625
large,R-HOR,sig2,0,56,0.019317626953125,0.9609375
large,R-HOR,sig2,0,56,0.0196075439453125,0.958984375
large,R-HOR,sig2,0,56,0.0198211669921875,0.95703125
large,R-HOR,sig2,0,56,0.02001953125,0.955078125
large,R-HOR,sig2,0,56,0.0202789306640625,0.953125
large,R-HOR,sig2,0,56,0.0204010009765625,0.951171875
large,R-HOR,sig2,0,56,0.020599365234375,0.94921875
large,R-HOR,sig2,0,56,0.0207366943359375,0.947265625
large,R-HOR,sig2,0,56,0.0208740234375,0.9453125
large,R-HOR,sig2,0,56,0.0210113525390625,0.943359375
large,R-HOR,sig2,0,56,0.02117919921875,0.94140625
large,R-HOR,sig2,0,56,0.02130126953125,0.939453125
large,R-HOR,sig2,0,56,0.02142333984375,0.9375
large,R-HOR,sig2,0,56,0.021514892578125,0.935546875
large,R-HOR,sig2,0,56,0.021728515625,0.93359375
large,R-HOR,sig2,0,56,0.0218963623046875,0.931640625
large,R-HOR,sig2,0,56,0.0220489501953125,0.9296875
large,R-HOR,sig2,0,56,0.022216796875,0.927734375
large,R-HOR,sig2,0,56,0.022308349609375,0.92578125
large,R-HOR,sig2,0,56,0.022369384765625,0.923828125
large,R-HOR,sig2,0,56,0.0225372314453125,0.921875
large,R-HOR,sig2,0,56,0.022735595703125,0.919921875
large,R-HOR,sig2,0,56,0.0228271484375,0.91796875
large,R-HOR,sig2,0,56,0.02294921875,0.916015625
large,R-HOR,sig2,0,56,0.02313232421875,0.9140625
large,R-HOR,sig2,0,56,0.0232086181640625,0.912109375
large,R-HOR,sig2,0,56,0.0233306884765625,0.91015625
large,R-HOR,sig2,0,56,0.0234222412109375,0.908203125
large,R-HOR,sig2,0,56,0.0235137939453125,0.90625
large,R-HOR,sig2,0,56,0.0236358642578125,0.904296875
large,R-HOR,sig2,0,56,0.023773193359375,0.90234375
large,R-HOR,sig2,0,56,0.0239410400390625,0.900390625
large,R-HOR,sig2,0,56,0.024017333984375,0.8984375
large,R-HOR,sig2,0,56,0.0240936279296875,0.896484375
large,R-HOR,sig2,0,56,0.0242462158203125,0.89453125
large,R-HOR,sig2,0,56,0.0244140625,0.892578125
large,R-HOR,sig2,0,56,0.0245208740234375,0.890625
large,R-HOR,sig2,0,56,0.024627685546875,0.888671875
large,R-HOR,sig2,0,56,0.0247039794921875,0.88671875
large,R-HOR,sig2,0,56,0.02490234375,0.884765625
large,R-HOR,sig2,0,56,0.02496337890625,0.8828125
large,R-HOR,sig2,0,56,0.0250701904296875,0.880859375
large,R-HOR,sig2,0,56,0.0251312255859375,0.87890625
large,R-HOR,sig2,0,56,0.02520751953125,0.876953125
large,R-HOR,sig2,0,56,0.0252838134765625,0.875
large,R-HOR,sig2,0,56,0.0253753662109375,0.873046875
large,R-HOR,sig2,0,56,0.0255279541015625,0.87109375
large,R-HOR,sig2,0,56,0.0256500244140625,0.869140625
large,R-HOR,sig2,0,56,0.0257110595703125,0.8671875
large,R-HOR,sig2,0,56,0.025787353515625,0.865234375
large,R-HOR,sig2,0,56,0.0258636474609375,0.86328125
large,R-HOR,sig2,0,56,0.02593994140625,0.861328125
large,R-HOR,sig2,0,56,0.0260009765625,0.859375
large,R-HOR,sig2,0,56,0.026123046875,0.857421875
large,R-HOR,sig2,0,56,0.026214599609375,0.85546875
large,R-HOR,sig2,0,56,0.0263519287109375,0.853515625
large,R-HOR,sig2,0,56,0.0264892578125,0.8515625
large,R-HOR,sig2,0,56,0.02655029296875,0.849609375
large,R-HOR,sig2,0,56,0.0266876220703125,0.84765625
large,R-HOR,sig2,0,56,0.0267486572265625,0.845703125
large,R-HOR,sig2,0,56,0.02679443359375,0.84375
large,R-HOR,sig2,0,56,0.0269012451171875,0.841796875
large,R-HOR,sig2,0,56,0.0270233154296875,0.83984375
large,R-HOR,sig2,0,56,0.0271148681640625,0.837890625
large,R-HOR,sig2,0,56,0.0272064208984375,0.8359375
large,R-HOR,sig2,0,56,0.0273284912109375,0.833984375
large,R-HOR,sig2,0,56,0.0273895263671875,0.83203125
large,R-HOR,sig2,0,56,0.0274658203125,0.830078125
large,R-HOR,sig2,0,56,0.0275421142578125,0.828125
large,R-HOR,sig2,0,56,0.0276031494140625,0.826171875
large,R-HOR,sig2,0,56,0.02764892578125,0.82421875
large,R-HOR,sig2,0,56,0.027740478515625,0.822265625
large,R-HOR,sig2,0,56,0.0279693603515625,0.8203125
large,R-HOR,sig2,0,56,0.0280609130859375,0.818359375
large,R-HOR,sig2,0,56,0.028106689453125,0.81640625
large,R-HOR,sig2,0,56,0.0281829833984375,0.814453125
large,R-HOR,sig2,0,56,0.0282440185546875,0.8125
large,R-HOR,sig2,0,56,0.028289794921875,0.810546875
large,R-HOR,sig2,0,56,0.028350830078125,0.80859375
large,R-HOR,sig2,0,56,0.028472900390625,0.806640625
large,R-HOR,sig2,0,56,0.0285491943359375,0.8046875
large,R-HOR,sig2,0,56,0.0286102294921875,0.802734375
large,R-HOR,sig2,0,56,0.0287017822265625,0.80078125
large,R-HOR,sig2,0,56,0.0287933349609375,0.798828125
large,R-HOR,sig2,0,56,0.0288848876953125,0.796875
large,R-HOR,sig2,0,56,0.0290374755859375,0.794921875
large,R-HOR,sig2,0,56,0.0291290283203125,0.79296875
large,R-HOR,sig2,0,56,0.029205322265625,0.791015625
large,R-HOR,sig2,0,56,0.0293121337890625,0.7890625
large,R-HOR,sig2,0,56,0.029388427734375,0.787109375
large,R-HOR,sig2,0,56,0.0294647216796875,0.78515625
large,R-HOR,sig2,0,56,0.0294952392578125,0.783203125
large,R-HOR,sig2,0,56,0.029541015625,0.78125
large,R-HOR,sig2,0,56,0.0296630859375,0.779296875
large,R-HOR,sig2,0,56,0.0297393798828125,0.77734375
large,R-HOR,sig2,0,56,0.0298309326171875,0.775390625
large,R-HOR,sig2,0,56,0.0299072265625,0.7734375
large,R-HOR,sig2,0,56,0.029998779296875,0.771484375
large,R-HOR,sig2,0,56,0.0300750732421875,0.76953125
large,R-HOR,sig2,0,56,0.0301361083984375,0.767578125
large,R-HOR,sig2,0,56,0.030181884765625,0.765625
large,R-HOR,sig2,0,56,0.0302886962890625,0.763671875
large,R-HOR,sig2,0,56,0.0303802490234375,0.76171875
large,R-HOR,sig2,0,56,0.0304107666015625,0.759765625
large,R-HOR,sig2,0,56,0.030487060546875,0.7578125
large,R-HOR,sig2,0,56,0.030548095703125,0.755859375
large,R-HOR,sig2,0,56,0.0306549072265625,0.75390625
large,R-HOR,sig2,0,56,0.0307464599609375,0.751953125
large,R-HOR,sig2,0,56,0.03082275390625,0.75
large,R-HOR,sig2,0,56,0.0308990478515625,0.748046875
large,R-HOR,sig2,0,56,0.03094482421875,0.74609375
large,R-HOR,sig2,0,56,0.0310516357421875,0.744140625
large,R-HOR,sig2,0,56,0.0311279296875,0.7421875
large,R-HOR,sig2,0,56,0.0311737060546875,0.740234375
large,R-HOR,sig2,0,56,0.03125,0.73828125
large,R-HOR,sig2,0,56,0.03131103515625,0.736328125
large,R-HOR,sig2,0,56,0.031402587890625,0.734375
large,R-HOR,sig2,0,56,0.031463623046875,0.732421875
large,R-HOR,sig2,0,56,0.031524658203125,0.73046875
large,R-HOR,sig2,0,56,0.031585693359375,0.728515625
large,R-HOR,sig2,0,56,0.0316162109375,0.7265625
large,R-HOR,sig2,0,56,0.031707763671875,0.724609375
large,R-HOR,sig2,0,56,0.03173828125,0.72265625
large,R-HOR,sig2,0,56,0.03179931640625,0.720703125
large,R-HOR,sig2,0,56,0.0318603515625,0.71875
large,R-HOR,sig2,0,56,0.031890869140625,0.716796875
large,R-HOR,sig2,0,56,0.031982421875,0.71484375
large,R-HOR,sig2,0,56,0.032012939453125,0.712890625
large,R-HOR,sig2,0,56,0.0321044921875,0.7109375
large,R-HOR,sig2,0,56,0.032196044921875,0.708984375
large,R-HOR,sig2,0,56,0.0322265625,0.70703125
large,R-HOR,sig2,0,56,0.03228759765625,0.705078125
large,R-HOR,sig2,0,56,0.032379150390625,0.703125
large,R-HOR,sig2,0,56,0.03240966796875,0.701171875
large,R-HOR,sig2,0,56,0.032470703125,0.69921875
large,R-HOR,sig2,0,56,0.0325927734375,0.697265625
large,R-HOR,sig2,0,56,0.032623291015625,0.6953125
large,R-HOR,sig2,0,56,0.032684326171875,0.693359375
large,R-HOR,sig2,0,56,0.032806396484375,0.69140625
large,R-HOR,sig2,0,56,0.032867431640625,0.689453125
large,R-HOR,sig2,0,56,0.032928466796875,0.6875
large,R-HOR,sig2,0,56,0.033050537109375,0.685546875
large,R-HOR,sig2,0,56,0.0330810546875,0.68359375
large,R-HOR,sig2,0,56,0.03314208984375,0.681640625
large,R-HOR,sig2,0,56,0.033172607421875,0.6796875
large,R-HOR,sig2,0,56,0.033233642578125,0.677734375
large,R-HOR,sig2,0,56,0.0333251953125,0.67578125
large,R-HOR,sig2,0,56,0.033416748046875,0.673828125
large,R-HOR,sig2,0,56,0.033477783203125,0.671875
large,R-HOR,sig2,0,56,0.033538818359375,0.669921875
large,R-HOR,sig2,0,56,0.0335693359375,0.66796875
large,R-HOR,sig2,0,56,0.033599853515625,0.666015625
large,R-HOR,sig2,0,56,0.03369140625,0.6640625
large,R-HOR,sig2,0,56,0.03375244140625,0.662109375
large,R-HOR,sig2,0,56,0.0338134765625,0.66015625
large,R-HOR,sig2,0,56,0.03387451171875,0.658203125
large,R-HOR,sig2,0,56,0.033935546875,0.65625
large,R-HOR,sig2,0,56,0.03399658203125,0.654296875
large,R-HOR,sig2,0,56,0.0340576171875,0.65234375
large,R-HOR,sig2,0,56,0.03411865234375,0.650390625
large,R-HOR,sig2,0,56,0.0341796875,0.6484375
large,R-HOR,sig2,0,56,0.03424072265625,0.646484375
large,R-HOR,sig2,0,56,0.0343017578125,0.64453125
large,R-HOR,sig2,0,56,0.034332275390625,0.642578125
large,R-HOR,sig2,0,56,0.03436279296875,0.640625
large,R-HOR,sig2,0,56,0.034423828125,0.638671875
large,R-HOR,sig2,0,56,0.034515380859375,0.63671875
large,R-HOR,sig2,0,56,0.0345458984375,0.634765625
large,R-HOR,sig2,0,56,0.03460693359375,0.6328125
large,R-HOR,sig2,0,56,0.034637451171875,0.630859375
large,R-HOR,sig2,0,56,0.034698486328125,0.62890625
large,R-HOR,sig2,0,56,0.034759521484375,0.626953125
large,R-HOR,sig2,0,56,0.03485107421875,0.625
large,R-HOR,sig2,0,56,0.034912109375,0.623046875
large,R-HOR,sig2,0,56,0.034942626953125,0.62109375
large,R-HOR,sig2,0,56,0.0350341796875,0.619140625
large,R-HOR,sig2,0,56,0.03509521484375,0.6171875
large,R-HOR,sig2,0,56,0.03515625,0.615234375
large,R-HOR,sig2,0,56,0.03521728515625,0.61328125
large,R-HOR,sig2,0,56,0.0352783203125,0.611328125
large,R-HOR,sig2,0,56,0.035308837890625,0.609375
large,R-HOR,sig2,0,56,0.035369873046875,0.607421875
large,R-HOR,sig2,0,56,0.035430908203125,0.60546875
large,R-HOR,sig2,0,56,0.03546142578125,0.603515625
large,R-HOR,sig2,0,56,0.035552978515625,0.6015625
large,R-HOR,sig2,0,56,0.035552978515625,0.599609375
large,R-HOR,sig2,0,56,0.035614013671875,0.59765625
large,R-HOR,sig2,0,56,0.035675048828125,0.595703125
large,R-HOR,sig2,0,56,0.035736083984375,0.59375
large,R-HOR,sig2,0,56,0.035797119140625,0.591796875
large,R-HOR,sig2,0,56,0.035858154296875,0.58984375
large,R-HOR,sig2,0,56,0.035888671875,0.587890625
large,R-HOR,sig2,0,56,0.035919189453125,0.5859375
large,R-HOR,sig2,0,56,0.03594970703125,0.583984375
large,R-HOR,sig2,0,56,0.0360107421875,0.58203125
large,R-HOR,sig2,0,56,0.036041259765625,0.580078125
large,R-HOR,sig2,0,56,0.03607177734375,0.578125
large,R-HOR,sig2,0,56,0.036163330078125,0.576171875
large,R-HOR,sig2,0,56,0.036224365234375,0.57421875
large,R-HOR,sig2,0,56,0.036285400390625,0.572265625
large,R-HOR,sig2,0,56,0.03631591796875,0.5703125
large,R-HOR,sig2,0,56,0.036376953125,0.568359375
large,R-HOR,sig2,0,56,0.03643798828125,0.56640625
large,R-HOR,sig2,0,56,0.036468505859375,0.564453125
large,R-HOR,sig2,0,56,0.036529541015625,0.5625
large,R-HOR,sig2,0,56,0.036590576171875,0.560546875
large,R-HOR,sig2,0,56,0.036651611328125,0.55859375
large,R-HOR,sig2,0,56,0.03668212890625,0.556640625
large,R-HOR,sig2,0,56,0.0367431640625,0.5546875
large,R-HOR,sig2,0,56,0.036773681640625,0.552734375
large,R-HOR,sig2,0,56,0.036834716796875,0.55078125
large,R-HOR,sig2,0,56,0.036895751953125,0.548828125
large,R-HOR,sig2,0,56,0.03692626953125,0.546875
large,R-HOR,sig2,0,56,0.037017822265625,0.544921875
large,R-HOR,sig2,0,56,0.03704833984375,0.54296875
large,R-HOR,sig2,0,56,0.037109375,0.541015625
large,R-HOR,sig2,0,56,0.0372314453125,0.5390625
large,R-HOR,sig2,0,56,0.03729248046875,0.537109375
large,R-HOR,sig2,0,56,0.037322998046875,0.53515625
large,R-HOR,sig2,0,56,0.037384033203125,0.533203125
large,R-HOR,sig2,0,56,0.03741455078125,0.53125
large,R-HOR,sig2,0,56,0.0374755859375,0.529296875
large,R-HOR,sig2,0,56,0.037506103515625,0.52734375
large,R-HOR,sig2,0,56,0.03759765625,0.525390625
large,R-HOR,sig2,0,56,0.037628173828125,0.5234375
large,R-HOR,sig2,0,56,0.0377197265625,0.521484375
large,R-HOR,sig2,0,56,0.03778076171875,0.51953125
large,R-HOR,sig2,0,56,0.037841796875,0.517578125
large,R-HOR,sig2,0,56,0.037872314453125,0.515625
large,R-HOR,sig2,0,56,0.037933349609375,0.513671875
large,R-HOR,sig2,0,56,0.03802490234375,0.51171875
large,R-HOR,sig2,0,56,0.0380859375,0.509765625
large,R-HOR,sig2,0,56,0.03814697265625,0.5078125
large,R-HOR,sig2,0,56,0.0382080078125,0.505859375
large,R-HOR,sig2,0,56,0.03826904296875,0.50390625
large,R-HOR,sig2,0,56,0.038360595703125,0.501953125
large,R-HOR,sig2,0,56,0.03839111328125,0.5
large,R-HOR,sig2,0,56,0.0384521484375,0.498046875
large,R-HOR,sig2,0,56,0.038482666015625,0.49609375
large,R-HOR,sig2,0,56,0.03851318359375,0.494140625
large,R-HOR,sig2,0,56,0.03857421875,0.4921875
large,R-HOR,sig2,0,56,0.038604736328125,0.490234375
large,R-HOR,sig2,0,56,0.038665771484375,0.48828125
large,R-HOR,sig2,0,56,0.038726806640625,0.486328125
large,R-HOR,sig2,0,56,0.03875732421875,0.484375
large,R-HOR,sig2,0,56,0.038818359375,0.482421875
large,R-HOR,sig2,0,56,0.03887939453125,0.48046875
large,R-HOR,sig2,0,56,0.0389404296875,0.478515625
large,R-HOR,sig2,0,56,0.03900146484375,0.4765625
large,R-HOR,sig2,0,56,0.039031982421875,0.474609375
large,R-HOR,sig2,0,56,0.0390625,0.47265625
large,R-HOR,sig2,0,56,0.0390625,0.470703125
large,R-HOR,sig2,0,56,0.039093017578125,0.46875
large,R-HOR,sig2,0,56,0.039154052734375,0.466796875
large,R-HOR,sig2,0,56,0.0391845703125,0.46484375
large,R-HOR,sig2,0,56,0.039215087890625,0.462890625
large,R-HOR,sig2,0,56,0.039276123046875,0.4609375
large,R-HOR,sig2,0,56,0.039306640625,0.458984375
large,R-HOR,sig2,0,56,0.039337158203125,0.45703125
large,R-HOR,sig2,0,56,0.039398193359375,0.455078125
large,R-HOR,sig2,0,56,0.039459228515625,0.453125
large,R-HOR,sig2,0,56,0.039520263671875,0.451171875
large,R-HOR,sig2,0,56,0.039581298828125,0.44921875
large,R-HOR,sig2,0,56,0.039642333984375,0.447265625
large,R-HOR,sig2,0,56,0.0396728515625,0.4453125
large,R-HOR,sig2,0,56,0.039703369140625,0.443359375
large,R-HOR,sig2,0,56,0.03973388671875,0.44140625
large,R-HOR,sig2,0,56,0.039794921875,0.439453125
large,R-HOR,sig2,0,56,0.039794921875,0.4375
large,R-HOR,sig2,0,56,0.03985595703125,0.435546875
large,R-HOR,sig2,0,56,0.039886474609375,0.43359375
large,R-HOR,sig2,0,56,0.0399169921875,0.431640625
large,R-HOR,sig2,0,56,0.03997802734375,0.4296875
large,R-HOR,sig2,0,56,0.0400390625,0.427734375
large,R-HOR,sig2,0,56,0.04010009765625,0.42578125
large,R-HOR,sig2,0,56,0.0401611328125,0.423828125
large,R-HOR,sig2,0,56,0.04022216796875,0.421875
large,R-HOR,sig2,0,56,0.040252685546875,0.419921875
large,R-HOR,sig2,0,56,0.04034423828125,0.41796875
large,R-HOR,sig2,0,56,0.0404052734375,0.416015625
large,R-HOR,sig2,0,56,0.04046630859375,0.4140625
large,R-HOR,sig2,0,56,0.040496826171875,0.412109375
large,R-HOR,sig2,0,56,0.04058837890625,0.41015625
large,R-HOR,sig2,0,56,0.04058837890625,0.408203125
large,R-HOR,sig2,0,56,0.040679931640625,0.40625
large,R-HOR,sig2,0,56,0.04071044921875,0.404296875
large,R-HOR,sig2,0,56,0.040771484375,0.40234375
large,R-HOR,sig2,0,56,0.0408935546875,0.400390625
large,R-HOR,sig2,0,56,0.040924072265625,0.3984375
large,R-HOR,sig2,0,56,0.04095458984375,0.396484375
large,R-HOR,sig2,0,56,0.040985107421875,0.39453125
large,R-HOR,sig2,0,56,0.041015625,0.392578125
large,R-HOR,sig2,0,56,0.04107666015625,0.390625
large,R-HOR,sig2,0,56,0.041107177734375,0.388671875
large,R-HOR,sig2,0,56,0.0411376953125,0.38671875
large,R-HOR,sig2,0,56,0.04119873046875,0.384765625
large,R-HOR,sig2,0,56,0.041229248046875,0.3828125
large,R-HOR,sig2,0,56,0.041259765625,0.380859375
large,R-HOR,sig2,0,56,0.0413818359375,0.37890625
large,R-HOR,sig2,0,56,0.04144287109375,0.376953125
large,R-HOR,sig2,0,56,0.04150390625,0.375
large,R-HOR,sig2,0,56,0.041595458984375,0.373046875
large,R-HOR,sig2,0,56,0.041656494140625,0.37109375
large,R-HOR,sig2,0,56,0.04168701171875,0.369140625
large,R-HOR,sig2,0,56,0.041748046875,0.3671875
large,R-HOR,sig2,0,56,0.041778564453125,0.365234375
large,R-HOR,sig2,0,56,0.04180908203125,0.36328125
large,R-HOR,sig2,0,56,0.041839599609375,0.361328125
large,R-HOR,sig2,0,56,0.041900634765625,0.359375
large,R-HOR,sig2,0,56,0.04193115234375,0.357421875
large,R-HOR,sig2,0,56,0.0419921875,0.35546875
large,R-HOR,sig2,0,56,0.0419921875,0.353515625
large,R-HOR,sig2,0,56,0.04205322265625,0.3515625
large,R-HOR,sig2,0,56,0.042083740234375,0.349609375
large,R-HOR,sig2,0,56,0.042144775390625,0.34765625
large,R-HOR,sig2,0,56,0.04217529296875,0.345703125
large,R-HOR,sig2,0,56,0.042266845703125,0.34375
large,R-HOR,sig2,0,56,0.042327880859375,0.341796875
large,R-HOR,sig2,0,56,0.042388916015625,0.33984375
large,R-HOR,sig2,0,56,0.042449951171875,0.337890625
large,R-HOR,sig2,0,56,0.04248046875,0.3359375
large,R-HOR,sig2,0,56,0.042510986328125,0.333984375
large,R-HOR,sig2,0,56,0.042572021484375,0.33203125
large,R-HOR,sig2,0,56,0.042633056640625,0.330078125
large,R-HOR,sig2,0,56,0.04266357421875,0.328125
large,R-HOR,sig2,0,56,0.042694091796875,0.326171875
large,R-HOR,sig2,0,56,0.042755126953125,0.32421875
large,R-HOR,sig2,0,56,0.0428466796875,0.322265625
large,R-HOR,sig2,0,56,0.042877197265625,0.3203125
large,R-HOR,sig2,0,56,0.04290771484375,0.318359375
large,R-HOR,sig2,0,56,0.042938232421875,0.31640625
large,R-HOR,sig2,0,56,0.042999267578125,0.314453125
large,R-HOR,sig2,0,56,0.0430908203125,0.3125
large,R-HOR,sig2,0,56,0.04315185546875,0.310546875
large,R-HOR,sig2,0,56,0.043182373046875,0.30859375
large,R-HOR,sig2,0,56,0.043243408203125,0.306640625
large,R-HOR,sig2,0,56,0.04327392578125,0.3046875
large,R-HOR,sig2,0,56,0.0433349609375,0.302734375
large,R-HOR,sig2,0,56,0.04339599609375,0.30078125
large,R-HOR,sig2,0,56,0.04345703125,0.298828125
large,R-HOR,sig2,0,56,0.043487548828125,0.296875
large,R-HOR,sig2,0,56,0.04351806640625,0.294921875
large,R-HOR,sig2,0,56,0.0435791015625,0.29296875
large,R-HOR,sig2,0,56,0.043609619140625,0.291015625
large,R-HOR,sig2,0,56,0.043670654296875,0.2890625
large,R-HOR,sig2,0,56,0.043701171875,0.287109375
large,R-HOR,sig2,0,56,0.043731689453125,0.28515625
large,R-HOR,sig2,0,56,0.0438232421875,0.283203125
large,R-HOR,sig2,0,56,0.043853759765625,0.28125
large,R-HOR,sig2,0,56,0.043914794921875,0.279296875
large,R-HOR,sig2,0,56,0.04400634765625,0.27734375
large,R-HOR,sig2,0,56,0.0440673828125,0.275390625
large,R-HOR,sig2,0,56,0.044158935546875,0.2734375
large,R-HOR,sig2,0,56,0.04425048828125,0.271484375
large,R-HOR,sig2,0,56,0.044281005859375,0.26953125
large,R-HOR,sig2,0,56,0.044342041015625,0.267578125
large,R-HOR,sig2,0,56,0.044403076171875,0.265625
large,R-HOR,sig2,0,56,0.044464111328125,0.263671875
large,R-HOR,sig2,0,56,0.044525146484375,0.26171875
large,R-HOR,sig2,0,56,0.04461669921875,0.259765625
large,R-HOR,sig2,0,56,0.044677734375,0.2578125
large,R-HOR,sig2,0,56,0.044708251953125,0.255859375
large,R-HOR,sig2,0,56,0.044769287109375,0.25390625
large,R-HOR,sig2,0,56,0.0447998046875,0.251953125
large,R-HOR,sig2,0,56,0.044830322265625,0.25
large,R-HOR,sig2,0,56,0.044891357421875,0.248046875
large,R-HOR,sig2,0,56,0.044952392578125,0.24609375
large,R-HOR,sig2,0,56,0.045013427734375,0.244140625
large,R-HOR,sig2,0,56,0.045074462890625,0.2421875
large,R-HOR,sig2,0,56,0.04510498046875,0.240234375
large,R-HOR,sig2,0,56,0.045166015625,0.23828125
large,R-HOR,sig2,0,56,0.045257568359375,0.236328125
large,R-HOR,sig2,0,56,0.0452880859375,0.234375
large,R-HOR,sig2,0,56,0.045379638671875,0.232421875
large,R-HOR,sig2,0,56,0.04547119140625,0.23046875
large,R-HOR,sig2,0,56,0.0455322265625,0.228515625
large,R-HOR,sig2,0,56,0.045562744140625,0.2265625
large,R-HOR,sig2,0,56,0.045623779296875,0.224609375
large,R-HOR,sig2,0,56,0.045684814453125,0.22265625
large,R-HOR,sig2,0,56,0.04571533203125,0.220703125
large,R-HOR,sig2,0,56,0.045745849609375,0.21875
large,R-HOR,sig2,0,56,0.045806884765625,0.216796875
large,R-HOR,sig2,0,56,0.04583740234375,0.21484375
large,R-HOR,sig2,0,56,0.045928955078125,0.212890625
large,R-HOR,sig2,0,56,0.0460205078125,0.2109375
large,R-HOR,sig2,0,56,0.04608154296875,0.208984375
large,R-HOR,sig2,0,56,0.046142578125,0.20703125
large,R-HOR,sig2,0,56,0.04620361328125,0.205078125
large,R-HOR,sig2,0,56,0.046234130859375,0.203125
large,R-HOR,sig2,0,56,0.04632568359375,0.201171875
large,R-HOR,sig2,0,56,0.046356201171875,0.19921875
large,R-HOR,sig2,0,56,0.046478271484375,0.197265625
large,R-HOR,sig2,0,56,0.046539306640625,0.1953125
large,R-HOR,sig2,0,56,0.046600341796875,0.193359375
large,R-HOR,sig2,0,56,0.046630859375,0.19140625
large,R-HOR,sig2,0,56,0.04669189453125,0.189453125
large,R-HOR,sig2,0,56,0.0467529296875,0.1875
large,R-HOR,sig2,0,56,0.04681396484375,0.185546875
large,R-HOR,sig2,0,56,0.046875,0.18359375
large,R-HOR,sig2,0,56,0.046966552734375,0.181640625
large,R-HOR,sig2,0,56,0.0469970703125,0.1796875
large,R-HOR,sig2,0,56,0.04705810546875,0.177734375
large,R-HOR,sig2,0,56,0.047119140625,0.17578125
large,R-HOR,sig2,0,56,0.047149658203125,0.173828125
large,R-HOR,sig2,0,56,0.0472412109375,0.171875
large,R-HOR,sig2,0,56,0.047271728515625,0.169921875
large,R-HOR,sig2,0,56,0.047332763671875,0.16796875
large,R-HOR,sig2,0,56,0.047393798828125,0.166015625
large,R-HOR,sig2,0,56,0.047454833984375,0.1640625
large,R-HOR,sig2,0,56,0.04754638671875,0.162109375
large,R-HOR,sig2,0,56,0.047576904296875,0.16015625
large,R-HOR,sig2,0,56,0.047637939453125,0.158203125
large,R-HOR,sig2,0,56,0.04766845703125,0.15625
large,R-HOR,sig2,0,56,0.0477294921875,0.154296875
large,R-HOR,sig2,0,56,0.047821044921875,0.15234375
large,R-HOR,sig2,0,56,0.0478515625,0.150390625
large,R-HOR,sig2,0,56,0.047943115234375,0.1484375
large,R-HOR,sig2,0,56,0.048004150390625,0.146484375
large,R-HOR,sig2,0,56,0.048065185546875,0.14453125
large,R-HOR,sig2,0,56,0.048126220703125,0.142578125
large,R-HOR,sig2,0,56,0.048187255859375,0.140625
large,R-HOR,sig2,0,56,0.048248291015625,0.138671875
large,R-HOR,sig2,0,56,0.048370361328125,0.13671875
large,R-HOR,sig2,0,56,0.048431396484375,0.134765625
large,R-HOR,sig2,0,56,0.048492431640625,0.1328125
large,R-HOR,sig2,0,56,0.048553466796875,0.130859375
large,R-HOR,sig2,0,56,0.048614501953125,0.12890625
large,R-HOR,sig2,0,56,0.048675537109375,0.126953125
large,R-HOR,sig2,0,56,0.048797607421875,0.125
large,R-HOR,sig2,0,56,0.048858642578125,0.123046875
large,R-HOR,sig2,0,56,0.04888916015625,0.12109375
large,R-HOR,sig2,0,56,0.048919677734375,0.119140625
large,R-HOR,sig2,0,56,0.04901123046875,0.1171875
large,R-HOR,sig2,0,56,0.049072265625,0.115234375
large,R-HOR,sig2,0,56,0.049163818359375,0.11328125
large,R-HOR,sig2,0,56,0.04925537109375,0.111328125
large,R-HOR,sig2,0,56,0.04931640625,0.109375
large,R-HOR,sig2,0,56,0.049407958984375,0.107421875
large,R-HOR,sig2,0,56,0.049468994140625,0.10546875
large,R-HOR,sig2,0,56,0.049530029296875,0.103515625
large,R-HOR,sig2,0,56,0.04962158203125,0.1015625
large,R-HOR,sig2,0,56,0.0496826171875,0.099609375
large,R-HOR,sig2,0,56,0.049713134765625,0.09765625
large,R-HOR,sig2,0,56,0.0498046875,0.095703125
large,R-HOR,sig2,0,56,0.0499267578125,0.09375
large,R-HOR,sig2,0,56,0.050048828125,0.091796875
large,R-HOR,sig2,0,56,0.050140380859375,0.08984375
large,R-HOR,sig2,0,56,0.05023193359375,0.087890625
large,R-HOR,sig2,0,56,0.050323486328125,0.0859375
large,R-HOR,sig2,0,56,0.050537109375,0.083984375
large,R-HOR,sig2,0,56,0.0506591796875,0.08203125
large,R-HOR,sig2,0,56,0.05072021484375,0.080078125
large,R-HOR,sig2,0,56,0.050811767578125,0.078125
large,R-HOR,sig2,0,56,0.050994873046875,0.076171875
large,R-HOR,sig2,0,56,0.05108642578125,0.07421875
large,R-HOR,sig2,0,56,0.0511474609375,0.072265625
large,R-HOR,sig2,0,56,0.051300048828125,0.0703125
large,R-HOR,sig2,0,56,0.051361083984375,0.068359375
large,R-HOR,sig2,0,56,0.051544189453125,0.06640625
large,R-HOR,sig2,0,56,0.051666259765625,0.064453125
large,R-HOR,sig2,0,56,0.0517578125,0.0625
large,R-HOR,sig2,0,56,0.0518798828125,0.060546875
large,R-HOR,sig2,0,56,0.052001953125,0.05859375
large,R-HOR,sig2,0,56,0.052093505859375,0.056640625
large,R-HOR,sig2,0,56,0.05230712890625,0.0546875
large,R-HOR,sig2,0,56,0.052398681640625,0.052734375
large,R-HOR,sig2,0,56,0.052520751953125,0.05078125
large,R-HOR,sig2,0,56,0.05267333984375,0.048828125
large,R-HOR,sig2,0,56,0.052825927734375,0.046875
large,R-HOR,sig2,0,56,0.052947998046875,0.044921875
large,R-HOR,sig2,0,56,0.053253173828125,0.04296875
large,R-HOR,sig2,0,56,0.0533447265625,0.041015625
large,R-HOR,sig2,0,56,0.053375244140625,0.0390625
large,R-HOR,sig2,0,56,0.05352783203125,0.037109375
large,R-HOR,sig2,0,56,0.0537109375,0.03515625
large,R-HOR,sig2,0,56,0.05389404296875,0.033203125
large,R-HOR,sig2,0,56,0.05426025390625,0.03125
large,R-HOR,sig2,0,56,0.054443359375,0.029296875
large,R-HOR,sig2,0,56,0.05487060546875,0.02734375
large,R-HOR,sig2,0,56,0.055084228515625,0.025390625
large,R-HOR,sig2,0,56,0.055572509765625,0.0234375
large,R-HOR,sig2,0,56,0.056243896484375,0.021484375
large,R-HOR,sig2,0,56,0.056793212890625,0.01953125
large,R-HOR,sig2,0,56,0.057647705078125,0.017578125
large,R-HOR,sig2,0,56,0.05816650390625,0.015625
large,R-HOR,sig2,0,56,0.0592041015625,0.013671875
large,R-HOR,sig2,0,56,0.0599365234375,0.01171875
large,R-HOR,sig2,0,56,0.06072998046875,0.009765625
large,R-HOR,sig2,0,56,0.062042236328125,0.0078125
large,R-HOR,sig2,0,56,0.06365966796875,0.005859375
large,R-HOR,sig2,0,56,0.06549072265625,0.00390625
large,R-HOR,sig2,0,56,0.06842041015625,0.001953125
large,R-HOR,sig2,0,74,0.0083160400390625,1.0
large,R-HOR,sig2,0,74,0.01264190673828125,0.998046875
large,R-HOR,sig2,0,74,0.01378631591796875,0.99609375
large,R-HOR,sig2,0,74,0.014190673828125,0.994140625
large,R-HOR,sig2,0,74,0.0147857666015625,0.9921875
large,R-HOR,sig2,0,74,0.01561737060546875,0.990234375
large,R-HOR,sig2,0,74,0.0160369873046875,0.98828125
large,R-HOR,sig2,0,74,0.016265869140625,0.986328125
large,R-HOR,sig2,0,74,0.0167999267578125,0.984375
large,R-HOR,sig2,0,74,0.01715087890625,0.982421875
large,R-HOR,sig2,0,74,0.0175323486328125,0.98046875
large,R-HOR,sig2,0,74,0.0178070068359375,0.978515625
large,R-HOR,sig2,0,74,0.0181427001953125,0.9765625
large,R-HOR,sig2,0,74,0.0182647705078125,0.974609375
large,R-HOR,sig2,0,74,0.018463134765625,0.97265625
large,R-HOR,sig2,0,74,0.0186614990234375,0.970703125
large,R-HOR,sig2,0,74,0.0189361572265625,0.96875
large,R-HOR,sig2,0,74,0.01910400390625,0.966796875
large,R-HOR,sig2,0,74,0.0193328857421875,0.96484375
large,R-HOR,sig2,0,74,0.0195159912109375,0.962890625
large,R-HOR,sig2,0,74,0.0196990966796875,0.9609375
large,R-HOR,sig2,0,74,0.01995849609375,0.958984375
large,R-HOR,sig2,0,74,0.02020263671875,0.95703125
large,R-HOR,sig2,0,74,0.0204010009765625,0.955078125
large,R-HOR,sig2,0,74,0.0205841064453125,0.953125
large,R-HOR,sig2,0,74,0.0207061767578125,0.951171875
large,R-HOR,sig2,0,74,0.02093505859375,0.94921875
large,R-HOR,sig2,0,74,0.0211181640625,0.947265625
large,R-HOR,sig2,0,74,0.021270751953125,0.9453125
large,R-HOR,sig2,0,74,0.0213775634765625,0.943359375
large,R-HOR,sig2,0,74,0.0215301513671875,0.94140625
large,R-HOR,sig2,0,74,0.021697998046875,0.939453125
large,R-HOR,sig2,0,74,0.021820068359375,0.9375
large,R-HOR,sig2,0,74,0.0218505859375,0.935546875
large,R-HOR,sig2,0,74,0.0221099853515625,0.93359375
large,R-HOR,sig2,0,74,0.0223541259765625,0.931640625
large,R-HOR,sig2,0,74,0.0224761962890625,0.9296875
large,R-HOR,sig2,0,74,0.0225372314453125,0.927734375
large,R-HOR,sig2,0,74,0.0226898193359375,0.92578125
large,R-HOR,sig2,0,74,0.0228118896484375,0.923828125
large,R-HOR,sig2,0,74,0.0229949951171875,0.921875
large,R-HOR,sig2,0,74,0.02313232421875,0.919921875
large,R-HOR,sig2,0,74,0.023193359375,0.91796875
large,R-HOR,sig2,0,74,0.023284912109375,0.916015625
large,R-HOR,sig2,0,74,0.0234375,0.9140625
large,R-HOR,sig2,0,74,0.023529052734375,0.912109375
large,R-HOR,sig2,0,74,0.0237579345703125,0.91015625
large,R-HOR,sig2,0,74,0.023895263671875,0.908203125
large,R-HOR,sig2,0,74,0.0240020751953125,0.90625
large,R-HOR,sig2,0,74,0.0241241455078125,0.904296875
large,R-HOR,sig2,0,74,0.0241851806640625,0.90234375
large,R-HOR,sig2,0,74,0.02435302734375,0.900390625
large,R-HOR,sig2,0,74,0.0244903564453125,0.8984375
large,R-HOR,sig2,0,74,0.024627685546875,0.896484375
large,R-HOR,sig2,0,74,0.024749755859375,0.89453125
large,R-HOR,sig2,0,74,0.02484130859375,0.892578125
large,R-HOR,sig2,0,74,0.0249176025390625,0.890625
large,R-HOR,sig2,0,74,0.0250396728515625,0.888671875
large,R-HOR,sig2,0,74,0.025146484375,0.88671875
large,R-HOR,sig2,0,74,0.025238037109375,0.884765625
large,R-HOR,sig2,0,74,0.025360107421875,0.8828125
large,R-HOR,sig2,0,74,0.02545166015625,0.880859375
large,R-HOR,sig2,0,74,0.0255126953125,0.87890625
large,R-HOR,sig2,0,74,0.0256500244140625,0.876953125
large,R-HOR,sig2,0,74,0.0257110595703125,0.875
large,R-HOR,sig2,0,74,0.0258331298828125,0.873046875
large,R-HOR,sig2,0,74,0.02587890625,0.87109375
large,R-HOR,sig2,0,74,0.0259857177734375,0.869140625
large,R-HOR,sig2,0,74,0.02606201171875,0.8671875
large,R-HOR,sig2,0,74,0.0261993408203125,0.865234375
large,R-HOR,sig2,0,74,0.0262908935546875,0.86328125
large,R-HOR,sig2,0,74,0.0263519287109375,0.861328125
large,R-HOR,sig2,0,74,0.02642822265625,0.859375
large,R-HOR,sig2,0,74,0.0265045166015625,0.857421875
large,R-HOR,sig2,0,74,0.026611328125,0.85546875
large,R-HOR,sig2,0,74,0.026702880859375,0.853515625
large,R-HOR,sig2,0,74,0.0267791748046875,0.8515625
large,R-HOR,sig2,0,74,0.026824951171875,0.849609375
large,R-HOR,sig2,0,74,0.0268707275390625,0.84765625
large,R-HOR,sig2,0,74,0.0269927978515625,0.845703125
large,R-HOR,sig2,0,74,0.0270843505859375,0.84375
large,R-HOR,sig2,0,74,0.02716064453125,0.841796875
large,R-HOR,sig2,0,74,0.0272674560546875,0.83984375
large,R-HOR,sig2,0,74,0.0273284912109375,0.837890625
large,R-HOR,sig2,0,74,0.0273895263671875,0.8359375
large,R-HOR,sig2,0,74,0.0275115966796875,0.833984375
large,R-HOR,sig2,0,74,0.027618408203125,0.83203125
large,R-HOR,sig2,0,74,0.0277099609375,0.830078125
large,R-HOR,sig2,0,74,0.027862548828125,0.828125
large,R-HOR,sig2,0,74,0.0279541015625,0.826171875
large,R-HOR,sig2,0,74,0.0280914306640625,0.82421875
large,R-HOR,sig2,0,74,0.0281982421875,0.822265625
large,R-HOR,sig2,0,74,0.028350830078125,0.8203125
large,R-HOR,sig2,0,74,0.0284423828125,0.818359375
large,R-HOR,sig2,0,74,0.02850341796875,0.81640625
large,R-HOR,sig2,0,74,0.028594970703125,0.814453125
large,R-HOR,sig2,0,74,0.02862548828125,0.8125
large,R-HOR,sig2,0,74,0.0287017822265625,0.810546875
large,R-HOR,sig2,0,74,0.0287628173828125,0.80859375
large,R-HOR,sig2,0,74,0.0288238525390625,0.806640625
large,R-HOR,sig2,0,74,0.028900146484375,0.8046875
large,R-HOR,sig2,0,74,0.028961181640625,0.802734375
large,R-HOR,sig2,0,74,0.029052734375,0.80078125
large,R-HOR,sig2,0,74,0.02911376953125,0.798828125
large,R-HOR,sig2,0,74,0.0291900634765625,0.796875
large,R-HOR,sig2,0,74,0.0292510986328125,0.794921875
large,R-HOR,sig2,0,74,0.0293121337890625,0.79296875
large,R-HOR,sig2,0,74,0.02935791015625,0.791015625
large,R-HOR,sig2,0,74,0.029510498046875,0.7890625
large,R-HOR,sig2,0,74,0.0295867919921875,0.787109375
large,R-HOR,sig2,0,74,0.0296630859375,0.78515625
large,R-HOR,sig2,0,74,0.029754638671875,0.783203125
large,R-HOR,sig2,0,74,0.02984619140625,0.78125
large,R-HOR,sig2,0,74,0.029937744140625,0.779296875
large,R-HOR,sig2,0,74,0.030029296875,0.77734375
large,R-HOR,sig2,0,74,0.0300750732421875,0.775390625
large,R-HOR,sig2,0,74,0.0301055908203125,0.7734375
large,R-HOR,sig2,0,74,0.03021240234375,0.771484375
large,R-HOR,sig2,0,74,0.0303192138671875,0.76953125
large,R-HOR,sig2,0,74,0.030364990234375,0.767578125
large,R-HOR,sig2,0,74,0.03045654296875,0.765625
large,R-HOR,sig2,0,74,0.0305023193359375,0.763671875
large,R-HOR,sig2,0,74,0.030548095703125,0.76171875
large,R-HOR,sig2,0,74,0.0306549072265625,0.759765625
large,R-HOR,sig2,0,74,0.03070068359375,0.7578125
large,R-HOR,sig2,0,74,0.0307464599609375,0.755859375
large,R-HOR,sig2,0,74,0.0308074951171875,0.75390625
large,R-HOR,sig2,0,74,0.030853271484375,0.751953125
large,R-HOR,sig2,0,74,0.03094482421875,0.75
large,R-HOR,sig2,0,74,0.0309906005859375,0.748046875
large,R-HOR,sig2,0,74,0.031036376953125,0.74609375
large,R-HOR,sig2,0,74,0.031097412109375,0.744140625
large,R-HOR,sig2,0,74,0.03118896484375,0.7421875
large,R-HOR,sig2,0,74,0.031280517578125,0.740234375
large,R-HOR,sig2,0,74,0.031341552734375,0.73828125
large,R-HOR,sig2,0,74,0.031402587890625,0.736328125
large,R-HOR,sig2,0,74,0.031463623046875,0.734375
large,R-HOR,sig2,0,74,0.031524658203125,0.732421875
large,R-HOR,sig2,0,74,0.031585693359375,0.73046875
large,R-HOR,sig2,0,74,0.031646728515625,0.728515625
large,R-HOR,sig2,0,74,0.03167724609375,0.7265625
large,R-HOR,sig2,0,74,0.03173828125,0.724609375
large,R-HOR,sig2,0,74,0.031890869140625,0.72265625
large,R-HOR,sig2,0,74,0.031982421875,0.720703125
large,R-HOR,sig2,0,74,0.03204345703125,0.71875
large,R-HOR,sig2,0,74,0.032135009765625,0.716796875
large,R-HOR,sig2,0,74,0.0322265625,0.71484375
large,R-HOR,sig2,0,74,0.03228759765625,0.712890625
large,R-HOR,sig2,0,74,0.032318115234375,0.7109375
large,R-HOR,sig2,0,74,0.032379150390625,0.708984375
large,R-HOR,sig2,0,74,0.032501220703125,0.70703125
large,R-HOR,sig2,0,74,0.032562255859375,0.705078125
large,R-HOR,sig2,0,74,0.03265380859375,0.703125
large,R-HOR,sig2,0,74,0.03271484375,0.701171875
large,R-HOR,sig2,0,74,0.03277587890625,0.69921875
large,R-HOR,sig2,0,74,0.0328369140625,0.697265625
large,R-HOR,sig2,0,74,0.03289794921875,0.6953125
large,R-HOR,sig2,0,74,0.032989501953125,0.693359375
large,R-HOR,sig2,0,74,0.03302001953125,0.69140625
large,R-HOR,sig2,0,74,0.033111572265625,0.689453125
large,R-HOR,sig2,0,74,0.03314208984375,0.6875
large,R-HOR,sig2,0,74,0.033203125,0.685546875
large,R-HOR,sig2,0,74,0.03326416015625,0.68359375
large,R-HOR,sig2,0,74,0.033294677734375,0.681640625
large,R-HOR,sig2,0,74,0.03338623046875,0.6796875
large,R-HOR,sig2,0,74,0.033447265625,0.677734375
large,R-HOR,sig2,0,74,0.033477783203125,0.67578125
large,R-HOR,sig2,0,74,0.033538818359375,0.673828125
large,R-HOR,sig2,0,74,0.0335693359375,0.671875
large,R-HOR,sig2,0,74,0.03363037109375,0.669921875
large,R-HOR,sig2,0,74,0.033660888671875,0.66796875
large,R-HOR,sig2,0,74,0.033721923828125,0.666015625
large,R-HOR,sig2,0,74,0.033782958984375,0.6640625
large,R-HOR,sig2,0,74,0.0338134765625,0.662109375
large,R-HOR,sig2,0,74,0.03387451171875,0.66015625
large,R-HOR,sig2,0,74,0.033905029296875,0.658203125
large,R-HOR,sig2,0,74,0.033966064453125,0.65625
large,R-HOR,sig2,0,74,0.034027099609375,0.654296875
large,R-HOR,sig2,0,74,0.034088134765625,0.65234375
large,R-HOR,sig2,0,74,0.03411865234375,0.650390625
large,R-HOR,sig2,0,74,0.0341796875,0.6484375
large,R-HOR,sig2,0,74,0.03424072265625,0.646484375
large,R-HOR,sig2,0,74,0.034332275390625,0.64453125
large,R-HOR,sig2,0,74,0.034423828125,0.642578125
large,R-HOR,sig2,0,74,0.034515380859375,0.640625
large,R-HOR,sig2,0,74,0.034576416015625,0.638671875
large,R-HOR,sig2,0,74,0.034637451171875,0.63671875
large,R-HOR,sig2,0,74,0.034698486328125,0.634765625
large,R-HOR,sig2,0,74,0.034759521484375,0.6328125
large,R-HOR,sig2,0,74,0.0347900390625,0.630859375
large,R-HOR,sig2,0,74,0.03485107421875,0.62890625
large,R-HOR,sig2,0,74,0.034942626953125,0.626953125
large,R-HOR,sig2,0,74,0.035003662109375,0.625
large,R-HOR,sig2,0,74,0.035064697265625,0.623046875
large,R-HOR,sig2,0,74,0.035125732421875,0.62109375
large,R-HOR,sig2,0,74,0.035186767578125,0.619140625
large,R-HOR,sig2,0,74,0.035247802734375,0.6171875
large,R-HOR,sig2,0,74,0.035308837890625,0.615234375
large,R-HOR,sig2,0,74,0.03533935546875,0.61328125
large,R-HOR,sig2,0,74,0.035400390625,0.611328125
large,R-HOR,sig2,0,74,0.035400390625,0.609375
large,R-HOR,sig2,0,74,0.035491943359375,0.607421875
large,R-HOR,sig2,0,74,0.035552978515625,0.60546875
large,R-HOR,sig2,0,74,0.035614013671875,0.603515625
large,R-HOR,sig2,0,74,0.035675048828125,0.6015625
large,R-HOR,sig2,0,74,0.035736083984375,0.599609375
large,R-HOR,sig2,0,74,0.035797119140625,0.59765625
large,R-HOR,sig2,0,74,0.035858154296875,0.595703125
large,R-HOR,sig2,0,74,0.035888671875,0.59375
large,R-HOR,sig2,0,74,0.035919189453125,0.591796875
large,R-HOR,sig2,0,74,0.0360107421875,0.58984375
large,R-HOR,sig2,0,74,0.03607177734375,0.587890625
large,R-HOR,sig2,0,74,0.036102294921875,0.5859375
large,R-HOR,sig2,0,74,0.036163330078125,0.583984375
large,R-HOR,sig2,0,74,0.03619384765625,0.58203125
large,R-HOR,sig2,0,74,0.0362548828125,0.580078125
large,R-HOR,sig2,0,74,0.036285400390625,0.578125
large,R-HOR,sig2,0,74,0.03631591796875,0.576171875
large,R-HOR,sig2,0,74,0.036346435546875,0.57421875
large,R-HOR,sig2,0,74,0.03643798828125,0.572265625
large,R-HOR,sig2,0,74,0.036468505859375,0.5703125
large,R-HOR,sig2,0,74,0.0364990234375,0.568359375
large,R-HOR,sig2,0,74,0.03656005859375,0.56640625
large,R-HOR,sig2,0,74,0.036651611328125,0.564453125
large,R-HOR,sig2,0,74,0.0367431640625,0.5625
large,R-HOR,sig2,0,74,0.036773681640625,0.560546875
large,R-HOR,sig2,0,74,0.036834716796875,0.55859375
large,R-HOR,sig2,0,74,0.036895751953125,0.556640625
large,R-HOR,sig2,0,74,0.036956787109375,0.5546875
large,R-HOR,sig2,0,74,0.037017822265625,0.552734375
large,R-HOR,sig2,0,74,0.037078857421875,0.55078125
large,R-HOR,sig2,0,74,0.037109375,0.548828125
large,R-HOR,sig2,0,74,0.037139892578125,0.546875
large,R-HOR,sig2,0,74,0.03717041015625,0.544921875
large,R-HOR,sig2,0,74,0.0372314453125,0.54296875
large,R-HOR,sig2,0,74,0.03729248046875,0.541015625
large,R-HOR,sig2,0,74,0.037322998046875,0.5390625
large,R-HOR,sig2,0,74,0.037353515625,0.537109375
large,R-HOR,sig2,0,74,0.037384033203125,0.53515625
large,R-HOR,sig2,0,74,0.037445068359375,0.533203125
large,R-HOR,sig2,0,74,0.03753662109375,0.53125
large,R-HOR,sig2,0,74,0.037567138671875,0.529296875
large,R-HOR,sig2,0,74,0.03759765625,0.52734375
large,R-HOR,sig2,0,74,0.037628173828125,0.525390625
large,R-HOR,sig2,0,74,0.037689208984375,0.5234375
large,R-HOR,sig2,0,74,0.03778076171875,0.521484375
large,R-HOR,sig2,0,74,0.037841796875,0.51953125
large,R-HOR,sig2,0,74,0.03790283203125,0.517578125
large,R-HOR,sig2,0,74,0.0379638671875,0.515625
large,R-HOR,sig2,0,74,0.03802490234375,0.513671875
large,R-HOR,sig2,0,74,0.038055419921875,0.51171875
large,R-HOR,sig2,0,74,0.0380859375,0.509765625
large,R-HOR,sig2,0,74,0.038116455078125,0.5078125
large,R-HOR,sig2,0,74,0.038177490234375,0.505859375
large,R-HOR,sig2,0,74,0.0382080078125,0.50390625
large,R-HOR,sig2,0,74,0.03826904296875,0.501953125
large,R-HOR,sig2,0,74,0.038330078125,0.5
large,R-HOR,sig2,0,74,0.03839111328125,0.498046875
large,R-HOR,sig2,0,74,0.038421630859375,0.49609375
large,R-HOR,sig2,0,74,0.0384521484375,0.494140625
large,R-HOR,sig2,0,74,0.038482666015625,0.4921875
large,R-HOR,sig2,0,74,0.038543701171875,0.490234375
large,R-HOR,sig2,0,74,0.038604736328125,0.48828125
large,R-HOR,sig2,0,74,0.03863525390625,0.486328125
large,R-HOR,sig2,0,74,0.0386962890625,0.484375
large,R-HOR,sig2,0,74,0.03875732421875,0.482421875
large,R-HOR,sig2,0,74,0.038787841796875,0.48046875
large,R-HOR,sig2,0,74,0.038848876953125,0.478515625
large,R-HOR,sig2,0,74,0.038909912109375,0.4765625
large,R-HOR,sig2,0,74,0.038909912109375,0.474609375
large,R-HOR,sig2,0,74,0.03900146484375,0.47265625
large,R-HOR,sig2,0,74,0.0390625,0.470703125
large,R-HOR,sig2,0,74,0.039093017578125,0.46875
large,R-HOR,sig2,0,74,0.039154052734375,0.466796875
large,R-HOR,sig2,0,74,0.039215087890625,0.46484375
large,R-HOR,sig2,0,74,0.039276123046875,0.462890625
large,R-HOR,sig2,0,74,0.039337158203125,0.4609375
large,R-HOR,sig2,0,74,0.03936767578125,0.458984375
large,R-HOR,sig2,0,74,0.0394287109375,0.45703125
large,R-HOR,sig2,0,74,0.039459228515625,0.455078125
large,R-HOR,sig2,0,74,0.03948974609375,0.453125
large,R-HOR,sig2,0,74,0.039581298828125,0.451171875
large,R-HOR,sig2,0,74,0.039642333984375,0.44921875
large,R-HOR,sig2,0,74,0.0396728515625,0.447265625
large,R-HOR,sig2,0,74,0.03973388671875,0.4453125
large,R-HOR,sig2,0,74,0.039794921875,0.443359375
large,R-HOR,sig2,0,74,0.039825439453125,0.44140625
large,R-HOR,sig2,0,74,0.0399169921875,0.439453125
large,R-HOR,sig2,0,74,0.039947509765625,0.4375
large,R-HOR,sig2,0,74,0.040008544921875,0.435546875
large,R-HOR,sig2,0,74,0.040069580078125,0.43359375
large,R-HOR,sig2,0,74,0.040130615234375,0.431640625
large,R-HOR,sig2,0,74,0.040130615234375,0.4296875
large,R-HOR,sig2,0,74,0.040191650390625,0.427734375
large,R-HOR,sig2,0,74,0.040252685546875,0.42578125
large,R-HOR,sig2,0,74,0.040283203125,0.423828125
large,R-HOR,sig2,0,74,0.040313720703125,0.421875
large,R-HOR,sig2,0,74,0.0404052734375,0.419921875
large,R-HOR,sig2,0,74,0.040435791015625,0.41796875
large,R-HOR,sig2,0,74,0.04046630859375,0.416015625
large,R-HOR,sig2,0,74,0.040557861328125,0.4140625
large,R-HOR,sig2,0,74,0.04058837890625,0.412109375
large,R-HOR,sig2,0,74,0.0406494140625,0.41015625
large,R-HOR,sig2,0,74,0.040679931640625,0.408203125
large,R-HOR,sig2,0,74,0.040740966796875,0.40625
large,R-HOR,sig2,0,74,0.040771484375,0.404296875
large,R-HOR,sig2,0,74,0.04083251953125,0.40234375
large,R-HOR,sig2,0,74,0.0408935546875,0.400390625
large,R-HOR,sig2,0,74,0.040924072265625,0.3984375
large,R-HOR,sig2,0,74,0.040985107421875,0.396484375
large,R-HOR,sig2,0,74,0.041015625,0.39453125
large,R-HOR,sig2,0,74,0.04107666015625,0.392578125
large,R-HOR,sig2,0,74,0.041107177734375,0.390625
large,R-HOR,sig2,0,74,0.041168212890625,0.388671875
large,R-HOR,sig2,0,74,0.04119873046875,0.38671875
large,R-HOR,sig2,0,74,0.041259765625,0.384765625
large,R-HOR,sig2,0,74,0.041259765625,0.3828125
large,R-HOR,sig2,0,74,0.04132080078125,0.380859375
large,R-HOR,sig2,0,74,0.041351318359375,0.37890625
large,R-HOR,sig2,0,74,0.041412353515625,0.376953125
large,R-HOR,sig2,0,74,0.041473388671875,0.375
large,R-HOR,sig2,0,74,0.04150390625,0.373046875
large,R-HOR,sig2,0,74,0.04156494140625,0.37109375
large,R-HOR,sig2,0,74,0.041595458984375,0.369140625
large,R-HOR,sig2,0,74,0.0416259765625,0.3671875
large,R-HOR,sig2,0,74,0.04168701171875,0.365234375
large,R-HOR,sig2,0,74,0.041748046875,0.36328125
large,R-HOR,sig2,0,74,0.041778564453125,0.361328125
large,R-HOR,sig2,0,74,0.041839599609375,0.359375
large,R-HOR,sig2,0,74,0.041900634765625,0.357421875
large,R-HOR,sig2,0,74,0.04193115234375,0.35546875
large,R-HOR,sig2,0,74,0.041961669921875,0.353515625
large,R-HOR,sig2,0,74,0.0419921875,0.3515625
large,R-HOR,sig2,0,74,0.042083740234375,0.349609375
large,R-HOR,sig2,0,74,0.0421142578125,0.34765625
large,R-HOR,sig2,0,74,0.04217529296875,0.345703125
large,R-HOR,sig2,0,74,0.042205810546875,0.34375
large,R-HOR,sig2,0,74,0.042266845703125,0.341796875
large,R-HOR,sig2,0,74,0.042327880859375,0.33984375
large,R-HOR,sig2,0,74,0.0423583984375,0.337890625
large,R-HOR,sig2,0,74,0.042449951171875,0.3359375
large,R-HOR,sig2,0,74,0.042510986328125,0.333984375
large,R-HOR,sig2,0,74,0.04254150390625,0.33203125
large,R-HOR,sig2,0,74,0.0426025390625,0.330078125
large,R-HOR,sig2,0,74,0.0426025390625,0.328125
large,R-HOR,sig2,0,74,0.04266357421875,0.326171875
large,R-HOR,sig2,0,74,0.042755126953125,0.32421875
large,R-HOR,sig2,0,74,0.042816162109375,0.322265625
large,R-HOR,sig2,0,74,0.0428466796875,0.3203125
large,R-HOR,sig2,0,74,0.042877197265625,0.318359375
large,R-HOR,sig2,0,74,0.04296875,0.31640625
large,R-HOR,sig2,0,74,0.04302978515625,0.314453125
large,R-HOR,sig2,0,74,0.043060302734375,0.3125
large,R-HOR,sig2,0,74,0.0430908203125,0.310546875
large,R-HOR,sig2,0,74,0.04315185546875,0.30859375
large,R-HOR,sig2,0,74,0.043182373046875,0.306640625
large,R-HOR,sig2,0,74,0.043243408203125,0.3046875
large,R-HOR,sig2,0,74,0.043304443359375,0.302734375
large,R-HOR,sig2,0,74,0.0433349609375,0.30078125
large,R-HOR,sig2,0,74,0.04339599609375,0.298828125
large,R-HOR,sig2,0,74,0.043426513671875,0.296875
large,R-HOR,sig2,0,74,0.04345703125,0.294921875
large,R-HOR,sig2,0,74,0.04351806640625,0.29296875
large,R-HOR,sig2,0,74,0.0435791015625,0.291015625
large,R-HOR,sig2,0,74,0.04364013671875,0.2890625
large,R-HOR,sig2,0,74,0.043670654296875,0.287109375
large,R-HOR,sig2,0,74,0.043731689453125,0.28515625
large,R-HOR,sig2,0,74,0.04376220703125,0.283203125
large,R-HOR,sig2,0,74,0.043792724609375,0.28125
large,R-HOR,sig2,0,74,0.043853759765625,0.279296875
large,R-HOR,sig2,0,74,0.04388427734375,0.27734375
large,R-HOR,sig2,0,74,0.0439453125,0.275390625
large,R-HOR,sig2,0,74,0.04400634765625,0.2734375
large,R-HOR,sig2,0,74,0.0440673828125,0.271484375
large,R-HOR,sig2,0,74,0.044097900390625,0.26953125
large,R-HOR,sig2,0,74,0.044158935546875,0.267578125
large,R-HOR,sig2,0,74,0.044219970703125,0.265625
large,R-HOR,sig2,0,74,0.044219970703125,0.263671875
large,R-HOR,sig2,0,74,0.044281005859375,0.26171875
large,R-HOR,sig2,0,74,0.0443115234375,0.259765625
large,R-HOR,sig2,0,74,0.044403076171875,0.2578125
large,R-HOR,sig2,0,74,0.04443359375,0.255859375
large,R-HOR,sig2,0,74,0.04449462890625,0.25390625
large,R-HOR,sig2,0,74,0.0445556640625,0.251953125
large,R-HOR,sig2,0,74,0.044586181640625,0.25
large,R-HOR,sig2,0,74,0.044677734375,0.248046875
large,R-HOR,sig2,0,74,0.044708251953125,0.24609375
large,R-HOR,sig2,0,74,0.044769287109375,0.244140625
large,R-HOR,sig2,0,74,0.04486083984375,0.2421875
large,R-HOR,sig2,0,74,0.044891357421875,0.240234375
large,R-HOR,sig2,0,74,0.044921875,0.23828125
large,R-HOR,sig2,0,74,0.04498291015625,0.236328125
large,R-HOR,sig2,0,74,0.045013427734375,0.234375
large,R-HOR,sig2,0,74,0.045074462890625,0.232421875
large,R-HOR,sig2,0,74,0.04510498046875,0.23046875
large,R-HOR,sig2,0,74,0.045135498046875,0.228515625
large,R-HOR,sig2,0,74,0.045196533203125,0.2265625
large,R-HOR,sig2,0,74,0.0452880859375,0.224609375
large,R-HOR,sig2,0,74,0.04534912109375,0.22265625
large,R-HOR,sig2,0,74,0.04541015625,0.220703125
large,R-HOR,sig2,0,74,0.045501708984375,0.21875
large,R-HOR,sig2,0,74,0.0455322265625,0.216796875
large,R-HOR,sig2,0,74,0.04559326171875,0.21484375
large,R-HOR,sig2,0,74,0.045623779296875,0.212890625
large,R-HOR,sig2,0,74,0.045684814453125,0.2109375
large,R-HOR,sig2,0,74,0.04571533203125,0.208984375
large,R-HOR,sig2,0,74,0.045806884765625,0.20703125
large,R-HOR,sig2,0,74,0.045867919921875,0.205078125
large,R-HOR,sig2,0,74,0.045928955078125,0.203125
large,R-HOR,sig2,0,74,0.0460205078125,0.201171875
large,R-HOR,sig2,0,74,0.04608154296875,0.19921875
large,R-HOR,sig2,0,74,0.046112060546875,0.197265625
large,R-HOR,sig2,0,74,0.046173095703125,0.1953125
large,R-HOR,sig2,0,74,0.0462646484375,0.193359375
large,R-HOR,sig2,0,74,0.046356201171875,0.19140625
large,R-HOR,sig2,0,74,0.046417236328125,0.189453125
large,R-HOR,sig2,0,74,0.04644775390625,0.1875
large,R-HOR,sig2,0,74,0.046539306640625,0.185546875
large,R-HOR,sig2,0,74,0.04656982421875,0.18359375
large,R-HOR,sig2,0,74,0.046630859375,0.181640625
large,R-HOR,sig2,0,74,0.046630859375,0.1796875
large,R-HOR,sig2,0,74,0.0467529296875,0.177734375
large,R-HOR,sig2,0,74,0.04681396484375,0.17578125
large,R-HOR,sig2,0,74,0.046844482421875,0.173828125
large,R-HOR,sig2,0,74,0.046875,0.171875
large,R-HOR,sig2,0,74,0.04693603515625,0.169921875
large,R-HOR,sig2,0,74,0.04705810546875,0.16796875
large,R-HOR,sig2,0,74,0.047119140625,0.166015625
large,R-HOR,sig2,0,74,0.04718017578125,0.1640625
large,R-HOR,sig2,0,74,0.047210693359375,0.162109375
large,R-HOR,sig2,0,74,0.04730224609375,0.16015625
large,R-HOR,sig2,0,74,0.04736328125,0.158203125
large,R-HOR,sig2,0,74,0.047454833984375,0.15625
large,R-HOR,sig2,0,74,0.0474853515625,0.154296875
large,R-HOR,sig2,0,74,0.047576904296875,0.15234375
large,R-HOR,sig2,0,74,0.047637939453125,0.150390625
large,R-HOR,sig2,0,74,0.04766845703125,0.1484375
large,R-HOR,sig2,0,74,0.0477294921875,0.146484375
large,R-HOR,sig2,0,74,0.047821044921875,0.14453125
large,R-HOR,sig2,0,74,0.047882080078125,0.142578125
large,R-HOR,sig2,0,74,0.047943115234375,0.140625
large,R-HOR,sig2,0,74,0.04803466796875,0.138671875
large,R-HOR,sig2,0,74,0.04815673828125,0.13671875
large,R-HOR,sig2,0,74,0.0482177734375,0.134765625
large,R-HOR,sig2,0,74,0.048309326171875,0.1328125
large,R-HOR,sig2,0,74,0.048370361328125,0.130859375
large,R-HOR,sig2,0,74,0.0484619140625,0.12890625
large,R-HOR,sig2,0,74,0.04852294921875,0.126953125
large,R-HOR,sig2,0,74,0.048583984375,0.125
large,R-HOR,sig2,0,74,0.048675537109375,0.123046875
large,R-HOR,sig2,0,74,0.04876708984375,0.12109375
large,R-HOR,sig2,0,74,0.048828125,0.119140625
large,R-HOR,sig2,0,74,0.048919677734375,0.1171875
large,R-HOR,sig2,0,74,0.048980712890625,0.115234375
large,R-HOR,sig2,0,74,0.049041748046875,0.11328125
large,R-HOR,sig2,0,74,0.049072265625,0.111328125
large,R-HOR,sig2,0,74,0.049163818359375,0.109375
large,R-HOR,sig2,0,74,0.049224853515625,0.107421875
large,R-HOR,sig2,0,74,0.04931640625,0.10546875
large,R-HOR,sig2,0,74,0.049407958984375,0.103515625
large,R-HOR,sig2,0,74,0.049468994140625,0.1015625
large,R-HOR,sig2,0,74,0.049560546875,0.099609375
large,R-HOR,sig2,0,74,0.049591064453125,0.09765625
large,R-HOR,sig2,0,74,0.049652099609375,0.095703125
large,R-HOR,sig2,0,74,0.049774169921875,0.09375
large,R-HOR,sig2,0,74,0.0498046875,0.091796875
large,R-HOR,sig2,0,74,0.049896240234375,0.08984375
large,R-HOR,sig2,0,74,0.04998779296875,0.087890625
large,R-HOR,sig2,0,74,0.050018310546875,0.0859375
large,R-HOR,sig2,0,74,0.050079345703125,0.083984375
large,R-HOR,sig2,0,74,0.0501708984375,0.08203125
large,R-HOR,sig2,0,74,0.050262451171875,0.080078125
large,R-HOR,sig2,0,74,0.050323486328125,0.078125
large,R-HOR,sig2,0,74,0.0504150390625,0.076171875
large,R-HOR,sig2,0,74,0.050537109375,0.07421875
large,R-HOR,sig2,0,74,0.050628662109375,0.072265625
large,R-HOR,sig2,0,74,0.050689697265625,0.0703125
large,R-HOR,sig2,0,74,0.050811767578125,0.068359375
large,R-HOR,sig2,0,74,0.0509033203125,0.06640625
large,R-HOR,sig2,0,74,0.051116943359375,0.064453125
large,R-HOR,sig2,0,74,0.051239013671875,0.0625
large,R-HOR,sig2,0,74,0.051422119140625,0.060546875
large,R-HOR,sig2,0,74,0.051483154296875,0.05859375
large,R-HOR,sig2,0,74,0.05169677734375,0.056640625
large,R-HOR,sig2,0,74,0.051849365234375,0.0546875
large,R-HOR,sig2,0,74,0.052001953125,0.052734375
large,R-HOR,sig2,0,74,0.05224609375,0.05078125
large,R-HOR,sig2,0,74,0.052337646484375,0.048828125
large,R-HOR,sig2,0,74,0.052581787109375,0.046875
large,R-HOR,sig2,0,74,0.052703857421875,0.044921875
large,R-HOR,sig2,0,74,0.05291748046875,0.04296875
large,R-HOR,sig2,0,74,0.053070068359375,0.041015625
large,R-HOR,sig2,0,74,0.05322265625,0.0390625
large,R-HOR,sig2,0,74,0.05340576171875,0.037109375
large,R-HOR,sig2,0,74,0.053558349609375,0.03515625
large,R-HOR,sig2,0,74,0.05389404296875,0.033203125
large,R-HOR,sig2,0,74,0.054229736328125,0.03125
large,R-HOR,sig2,0,74,0.0546875,0.029296875
large,R-HOR,sig2,0,74,0.05517578125,0.02734375
large,R-HOR,sig2,0,74,0.0556640625,0.025390625
large,R-HOR,sig2,0,74,0.05609130859375,0.0234375
large,R-HOR,sig2,0,74,0.056549072265625,0.021484375
large,R-HOR,sig2,0,74,0.0570068359375,0.01953125
large,R-HOR,sig2,0,74,0.057464599609375,0.017578125
large,R-HOR,sig2,0,74,0.05816650390625,0.015625
large,R-HOR,sig2,0,74,0.058685302734375,0.013671875
large,R-HOR,sig2,0,74,0.059234619140625,0.01171875
large,R-HOR,sig2,0,74,0.060882568359375,0.009765625
large,R-HOR,sig2,0,74,0.06195068359375,0.0078125
large,R-HOR,sig2,0,74,0.06414794921875,0.005859375
large,R-HOR,sig2,0,74,0.06658935546875,0.00390625
large,R-HOR,sig2,0,74,0.069580078125,0.001953125
