profile,recipe,arm,epoch,metric,value
large,R-GPU,FFN,0,grad_norm_mean,0.8509768962860107
large,R-GPU,FFN,1,grad_norm_mean,0.5810420274734497
large,R-GPU,FFN,2,grad_norm_mean,0.039793284330517056
large,R-GPU,FFN,3,grad_norm_mean,0.008504917146638036
large,R-GPU,FFN,4,grad_norm_mean,0.009173950273543596
large,R-GPU,FFN,5,grad_norm_mean,0.011700955964624882
large,R-GPU,FFN,6,grad_norm_mean,0.02620853898115456
large,R-GPU,FFN,7,grad_norm_mean,0.04829250425100327
large,R-GPU,FFN,8,grad_norm_mean,0.1659559763967991
large,R-GPU,FFN,9,grad_norm_mean,0.09197879806160927
large,R-GPU,FFN,10,grad_norm_mean,0.036716675665229556
large,R-GPU,FFN,11,grad_norm_mean,0.04996414361521602
large,R-GPU,FFN,12,grad_norm_mean,0.06977346856147051
large,R-GPU,FFN,13,grad_norm_mean,0.05827047568745911
large,R-GPU,FFN,14,grad_norm_mean,0.05319404588080943
large,R-GPU,FFN,15,grad_norm_mean,0.09039095006883144
large,R-GPU,FFN,16,grad_norm_mean,0.11683036629110574
large,R-GPU,FFN,17,grad_norm_mean,0.12338373269885779
large,R-GPU,FFN,18,grad_norm_mean,0.08667294564656913
large,R-GPU,FFN,19,grad_norm_mean,0.07109272386878729
large,R-GPU,FFN,20,grad_norm_mean,0.07325894888490439
large,R-GPU,FFN,21,grad_norm_mean,0.10009198896586895
large,R-GPU,FFN,22,grad_norm_mean,0.04921737350523472
large,R-GPU,FFN,23,grad_norm_mean,0.09474154580384493
large,R-GPU,FFN,24,grad_norm_mean,0.16516271103173494
large,R-GPU,FFN,25,grad_norm_mean,0.09696020130068064
large,R-GPU,FFN,26,grad_norm_mean,0.1320473884232342
large,R-GPU,FFN,27,grad_norm_mean,0.2302200548350811
large,R-GPU,FFN,28,grad_norm_mean,0.1144748754799366
large,R-GPU,FFN,29,grad_norm_mean,0.1277403744868934
large,R-GPU,FFN,30,grad_norm_mean,0.08670665174722672
large,R-GPU,FFN,31,grad_norm_mean,0.10264976192265748
large,R-GPU,FFN,32,grad_norm_mean,0.14163934346288443
large,R-GPU,FFN,33,grad_norm_mean,0.1563641918823123
large,R-GPU,FFN,34,grad_norm_mean,0.1289912609383464
large,R-GPU,FFN,35,grad_norm_mean,0.10432014130055904
large,R-GPU,FFN,36,grad_norm_mean,0.1531905454583466
large,R-GPU,FFN,37,grad_norm_mean,0.0839637542143464
large,R-GPU,FFN,38,grad_norm_mean,0.15653489530086517
large,R-GPU,FFN,39,grad_norm_mean,0.09459846979007125
large,R-GPU,FFN,40,grad_norm_mean,0.08014697795733809
large,R-GPU,FFN,41,grad_norm_mean,0.1044217761605978
large,R-GPU,FFN,42,grad_norm_mean,0.21009055115282535
large,R-GPU,FFN,43,grad_norm_mean,0.17655329033732414
large,R-GPU,FFN,44,grad_norm_mean,0.17694688998162747
large,R-GPU,FFN,45,grad_norm_mean,0.1306196827441454
large,R-GPU,FFN,46,grad_norm_mean,0.12609786642715334
large,R-GPU,FFN,47,grad_norm_mean,0.13637898080050945
large,R-GPU,FFN,48,grad_norm_mean,0.10348289236426353
large,R-GPU,FFN,49,grad_norm_mean,0.12477852897718548
large,R-GPU,GRU,0,grad_norm_mean,0.4128667086362839
large,R-GPU,GRU,1,grad_norm_mean,0.22361636832356452
large,R-GPU,GRU,2,grad_norm_mean,0.05433415831066668
large,R-GPU,GRU,3,grad_norm_mean,0.012588148796930909
large,R-GPU,GRU,4,grad_norm_mean,0.009274020860902964
large,R-GPU,GRU,5,grad_norm_mean,0.007617771241348237
large,R-GPU,GRU,6,grad_norm_mean,0.016097200801596045
large,R-GPU,GRU,7,grad_norm_mean,0.08323041684925556
large,R-GPU,GRU,8,grad_norm_mean,0.22385463491082191
large,R-GPU,GRU,9,grad_norm_mean,0.13345684269443153
large,R-GPU,GRU,10,grad_norm_mean,0.05350658735260368
large,R-GPU,GRU,11,grad_norm_mean,0.08267814256250858
large,R-GPU,GRU,12,grad_norm_mean,0.08021516986191272
large,R-GPU,GRU,13,grad_norm_mean,0.043773838132619855
large,R-GPU,GRU,14,grad_norm_mean,0.04324468830600381
large,R-GPU,GRU,15,grad_norm_mean,0.07075642286799848
large,R-GPU,GRU,16,grad_norm_mean,0.06631879908964038
large,R-GPU,GRU,17,grad_norm_mean,0.07599969170987605
large,R-GPU,GRU,18,grad_norm_mean,0.059464155789464714
large,R-GPU,GRU,19,grad_norm_mean,0.03988227359950543
large,R-GPU,GRU,20,grad_norm_mean,0.06702518356032669
large,R-GPU,GRU,21,grad_norm_mean,0.04888201672583818
large,R-GPU,GRU,22,grad_norm_mean,0.02672692034393549
large,R-GPU,GRU,23,grad_norm_mean,0.048363042250275615
large,R-GPU,GRU,24,grad_norm_mean,0.029798842640593647
large,R-GPU,GRU,25,grad_norm_mean,0.042044656723737715
large,R-GPU,GRU,26,grad_norm_mean,0.04991993308067322
large,R-GPU,GRU,27,grad_norm_mean,0.030543730966746806
large,R-GPU,GRU,28,grad_norm_mean,0.03489950727671385
large,R-GPU,GRU,29,grad_norm_mean,0.060111049003899096
large,R-GPU,GRU,30,grad_norm_mean,0.047349387779831886
large,R-GPU,GRU,31,grad_norm_mean,0.050823376327753064
large,R-GPU,GRU,32,grad_norm_mean,0.04765668786130846
large,R-GPU,GRU,33,grad_norm_mean,0.04336061240173876
large,R-GPU,GRU,34,grad_norm_mean,0.05432343920692802
large,R-GPU,GRU,35,grad_norm_mean,0.10085378177464008
large,R-GPU,GRU,36,grad_norm_mean,0.050579228717833755
large,R-GPU,GRU,37,grad_norm_mean,0.025579653028398753
large,R-GPU,GRU,38,grad_norm_mean,0.04068995388224721
large,R-GPU,GRU,39,grad_norm_mean,0.04907034728676081
large,R-GPU,GRU,40,grad_norm_mean,0.04756089802831411
large,R-GPU,GRU,41,grad_norm_mean,0.04627155996859074
large,R-GPU,GRU,42,grad_norm_mean,0.05516600050032139
large,R-GPU,GRU,43,grad_norm_mean,0.051062974892556665
large,R-GPU,GRU,44,grad_norm_mean,0.02975979750044644
large,R-GPU,GRU,45,grad_norm_mean,0.04624417475424707
large,R-GPU,GRU,46,grad_norm_mean,0.03793354900553823
large,R-GPU,GRU,47,grad_norm_mean,0.03763126449193806
large,R-GPU,GRU,48,grad_norm_mean,0.04135011495091021
large,R-GPU,GRU,49,grad_norm_mean,0.043075065687298776
large,R-GPU,sig2,0,grad_norm_mean,0.4570034518837929
large,R-GPU,sig2,1,grad_norm_mean,0.15877434068825097
large,R-GPU,sig2,2,grad_norm_mean,0.01013962960569188
large,R-GPU,sig2,3,grad_norm_mean,0.006991981505416333
large,R-GPU,sig2,4,grad_norm_mean,0.00342985398019664
large,R-GPU,sig2,5,grad_norm_mean,0.0047717643668875095
large,R-GPU,sig2,6,grad_norm_mean,0.016819760436192155
large,R-GPU,sig2,7,grad_norm_mean,0.03232559785246849
large,R-GPU,sig2,8,grad_norm_mean,0.029490436892956495
large,R-GPU,sig2,9,grad_norm_mean,0.025229507219046356
large,R-GPU,sig2,10,grad_norm_mean,0.028614212339743973
large,R-GPU,sig2,11,grad_norm_mean,0.03669075481593609
large,R-GPU,sig2,12,grad_norm_mean,0.042053720680996776
large,R-GPU,sig2,13,grad_norm_mean,0.037669727392494676
large,R-GPU,sig2,14,grad_norm_mean,0.051243750657886264
large,R-GPU,sig2,15,grad_norm_mean,0.05739088943228125
large,R-GPU,sig2,16,grad_norm_mean,0.05473700705915689
large,R-GPU,sig2,17,grad_norm_mean,0.042001078650355336
large,R-GPU,sig2,18,grad_norm_mean,0.061897062510251996
large,R-GPU,sig2,19,grad_norm_mean,0.044828275311738254
large,R-GPU,sig2,20,grad_norm_mean,0.048203154001384974
large,R-GPU,sig2,21,grad_norm_mean,0.06706766718998551
large,R-GPU,sig2,22,grad_norm_mean,0.0794996926560998
large,R-GPU,sig2,23,grad_norm_mean,0.08994332430884242
large,R-GPU,sig2,24,grad_norm_mean,0.06289248941466212
large,R-GPU,sig2,25,grad_norm_mean,0.04764816900715232
large,R-GPU,sig2,26,grad_norm_mean,0.056232272647321224
large,R-GPU,sig2,27,grad_norm_mean,0.06079046679660678
large,R-GPU,sig2,28,grad_norm_mean,0.047463171649724245
large,R-GPU,sig2,29,grad_norm_mean,0.06973644495010375
large,R-GPU,sig2,30,grad_norm_mean,0.12475300990045071
large,R-GPU,sig2,31,grad_norm_mean,0.08671975377947092
large,R-GPU,sig2,32,grad_norm_mean,0.05516821788623929
large,R-GPU,sig2,33,grad_norm_mean,0.06355527918785811
large,R-GPU,sig2,34,grad_norm_mean,0.057124512083828446
large,R-GPU,sig2,35,grad_norm_mean,0.09224853478372097
large,R-GPU,sig2,36,grad_norm_mean,0.03791636833921075
large,R-GPU,sig2,37,grad_norm_mean,0.04287826223298907
large,R-GPU,sig2,38,grad_norm_mean,0.04731774590909481
large,R-GPU,sig2,39,grad_norm_mean,0.07279679998755455
large,R-GPU,sig2,40,grad_norm_mean,0.05536331320181489
large,R-GPU,sig2,41,grad_norm_mean,0.04822267098352313
large,R-GPU,sig2,42,grad_norm_mean,0.06120293438434601
large,R-GPU,sig2,43,grad_norm_mean,0.05081854900345206
large,R-GPU,sig2,44,grad_norm_mean,0.06498588528484106
large,R-GPU,sig2,45,grad_norm_mean,0.05335856582969427
large,R-GPU,sig2,46,grad_norm_mean,0.09828646974638104
large,R-GPU,sig2,47,grad_norm_mean,0.07194066885858774
large,R-GPU,sig2,48,grad_norm_mean,0.08245489373803139
large,R-GPU,sig2,49,grad_norm_mean,0.0794822957366705
large,R-NTBN,FFN,0,grad_norm_mean,1.1891813278198242
large,R-NTBN,FFN,1,grad_norm_mean,1.061790943145752
large,R-NTBN,FFN,2,grad_norm_mean,0.47116079926490784
large,R-NTBN,FFN,3,grad_norm_mean,0.6304673552513123
large,R-NTBN,FFN,4,grad_norm_mean,1.0509039163589478
large,R-NTBN,FFN,5,grad_norm_mean,0.8421539664268494
large,R-NTBN,FFN,6,grad_norm_mean,0.49847811460494995
large,R-NTBN,FFN,7,grad_norm_mean,0.5261648893356323
large,R-NTBN,FFN,8,grad_norm_mean,0.44781574606895447
large,R-NTBN,FFN,9,grad_norm_mean,0.4153633415699005
large,R-NTBN,FFN,10,grad_norm_mean,0.3618485629558563
large,R-NTBN,FFN,11,grad_norm_mean,0.29946741461753845
large,R-NTBN,FFN,12,grad_norm_mean,0.2482166439294815
large,R-NTBN,FFN,13,grad_norm_mean,0.18863603472709656
large,R-NTBN,FFN,14,grad_norm_mean,0.22210770845413208
large,R-NTBN,FFN,15,grad_norm_mean,0.16115932166576385
large,R-NTBN,FFN,16,grad_norm_mean,0.08293507993221283
large,R-NTBN,FFN,17,grad_norm_mean,0.06276008486747742
large,R-NTBN,FFN,18,grad_norm_mean,0.03597944974899292
large,R-NTBN,FFN,19,grad_norm_mean,0.012523691169917583
large,R-NTBN,FFN,20,grad_norm_mean,0.033804044127464294
large,R-NTBN,FFN,21,grad_norm_mean,0.049472615122795105
large,R-NTBN,FFN,22,grad_norm_mean,0.06986459344625473
large,R-NTBN,FFN,23,grad_norm_mean,0.08461008965969086
large,R-NTBN,FFN,24,grad_norm_mean,0.08168591558933258
large,R-NTBN,FFN,25,grad_norm_mean,0.06927822530269623
large,R-NTBN,FFN,26,grad_norm_mean,0.05844465270638466
large,R-NTBN,FFN,27,grad_norm_mean,0.05327111855149269
large,R-NTBN,FFN,28,grad_norm_mean,0.0417775921523571
large,R-NTBN,FFN,29,grad_norm_mean,0.029637418687343597
large,R-NTBN,FFN,30,grad_norm_mean,0.019272783771157265
large,R-NTBN,FFN,31,grad_norm_mean,0.03766975179314613
large,R-NTBN,FFN,32,grad_norm_mean,0.022391388192772865
large,R-NTBN,FFN,33,grad_norm_mean,0.013905009254813194
large,R-NTBN,FFN,34,grad_norm_mean,0.012177370488643646
large,R-NTBN,FFN,35,grad_norm_mean,0.008330447599291801
large,R-NTBN,FFN,36,grad_norm_mean,0.011088541708886623
large,R-NTBN,FFN,37,grad_norm_mean,0.013516202569007874
large,R-NTBN,FFN,38,grad_norm_mean,0.020303944125771523
large,R-NTBN,FFN,39,grad_norm_mean,0.013572892174124718
large,R-NTBN,FFN,40,grad_norm_mean,0.022028431296348572
large,R-NTBN,FFN,41,grad_norm_mean,0.014942209236323833
large,R-NTBN,FFN,42,grad_norm_mean,0.012213054113090038
large,R-NTBN,FFN,43,grad_norm_mean,0.01117259543389082
large,R-NTBN,FFN,44,grad_norm_mean,0.01795201562345028
large,R-NTBN,FFN,45,grad_norm_mean,0.018021969124674797
large,R-NTBN,FFN,46,grad_norm_mean,0.0298385638743639
large,R-NTBN,FFN,47,grad_norm_mean,0.02193298190832138
large,R-NTBN,FFN,48,grad_norm_mean,0.0189504474401474
large,R-NTBN,FFN,49,grad_norm_mean,0.035733211785554886
large,R-NTBN,FFN,50,grad_norm_mean,0.0609242282807827
large,R-NTBN,FFN,51,grad_norm_mean,0.031923383474349976
large,R-NTBN,FFN,52,grad_norm_mean,0.02639705315232277
large,R-NTBN,FFN,53,grad_norm_mean,0.033653803169727325
large,R-NTBN,FFN,54,grad_norm_mean,0.04416099190711975
large,R-NTBN,FFN,55,grad_norm_mean,0.029189737513661385
large,R-NTBN,FFN,56,grad_norm_mean,0.056905459612607956
large,R-NTBN,FFN,57,grad_norm_mean,0.07741552591323853
large,R-NTBN,FFN,58,grad_norm_mean,0.03589778020977974
large,R-NTBN,FFN,59,grad_norm_mean,0.058126892894506454
large,R-NTBN,FFN,60,grad_norm_mean,0.04557284340262413
large,R-NTBN,FFN,61,grad_norm_mean,0.10627707839012146
large,R-NTBN,FFN,62,grad_norm_mean,0.10483740270137787
large,R-NTBN,FFN,63,grad_norm_mean,0.10647538304328918
large,R-NTBN,FFN,64,grad_norm_mean,0.05570009723305702
large,R-NTBN,FFN,65,grad_norm_mean,0.1507282555103302
large,R-NTBN,FFN,66,grad_norm_mean,0.10844483226537704
large,R-NTBN,FFN,67,grad_norm_mean,0.09824201464653015
large,R-NTBN,FFN,68,grad_norm_mean,0.10926569998264313
large,R-NTBN,FFN,69,grad_norm_mean,0.07086528837680817
large,R-NTBN,FFN,70,grad_norm_mean,0.0811760202050209
large,R-NTBN,FFN,71,grad_norm_mean,0.03119613230228424
large,R-NTBN,FFN,72,grad_norm_mean,0.17312662303447723
large,R-NTBN,FFN,73,grad_norm_mean,0.1691797375679016
large,R-NTBN,FFN,74,grad_norm_mean,0.09764204174280167
large,R-NTBN,FFN,75,grad_norm_mean,0.1710934042930603
large,R-NTBN,FFN,76,grad_norm_mean,0.10104531049728394
large,R-NTBN,FFN,77,grad_norm_mean,0.12463945895433426
large,R-NTBN,FFN,78,grad_norm_mean,0.12512172758579254
large,R-NTBN,FFN,79,grad_norm_mean,0.15364515781402588
large,R-NTBN,FFN,80,grad_norm_mean,0.0313992016017437
large,R-NTBN,FFN,81,grad_norm_mean,0.156050905585289
large,R-NTBN,FFN,82,grad_norm_mean,0.03903568163514137
large,R-NTBN,FFN,83,grad_norm_mean,0.10365045815706253
large,R-NTBN,FFN,84,grad_norm_mean,0.08325669914484024
large,R-NTBN,FFN,85,grad_norm_mean,0.03595868870615959
large,R-NTBN,FFN,86,grad_norm_mean,0.0712016150355339
large,R-NTBN,FFN,87,grad_norm_mean,0.04562048241496086
large,R-NTBN,FFN,88,grad_norm_mean,0.05109589919447899
large,R-NTBN,FFN,89,grad_norm_mean,0.07090148329734802
large,R-NTBN,FFN,90,grad_norm_mean,0.021212417632341385
large,R-NTBN,FFN,91,grad_norm_mean,0.04745392128825188
large,R-NTBN,FFN,92,grad_norm_mean,0.07020020484924316
large,R-NTBN,FFN,93,grad_norm_mean,0.022069154307246208
large,R-NTBN,FFN,94,grad_norm_mean,0.08036141097545624
large,R-NTBN,FFN,95,grad_norm_mean,0.032066404819488525
large,R-NTBN,FFN,96,grad_norm_mean,0.0993456244468689
large,R-NTBN,FFN,97,grad_norm_mean,0.04230816289782524
large,R-NTBN,FFN,98,grad_norm_mean,0.06665253639221191
large,R-NTBN,FFN,99,grad_norm_mean,0.022784478962421417
large,R-NTBN,FFN,100,grad_norm_mean,0.068974070250988
large,R-NTBN,FFN,101,grad_norm_mean,0.027691330760717392
large,R-NTBN,FFN,102,grad_norm_mean,0.041645485907793045
large,R-NTBN,FFN,103,grad_norm_mean,0.04951481893658638
large,R-NTBN,FFN,104,grad_norm_mean,0.017364978790283203
large,R-NTBN,FFN,105,grad_norm_mean,0.08973584324121475
large,R-NTBN,FFN,106,grad_norm_mean,0.03661948814988136
large,R-NTBN,FFN,107,grad_norm_mean,0.1004536896944046
large,R-NTBN,FFN,108,grad_norm_mean,0.022622771561145782
large,R-NTBN,FFN,109,grad_norm_mean,0.1125933974981308
large,R-NTBN,FFN,110,grad_norm_mean,0.021605079993605614
large,R-NTBN,FFN,111,grad_norm_mean,0.15104170143604279
large,R-NTBN,FFN,112,grad_norm_mean,0.08115050941705704
large,R-NTBN,FFN,113,grad_norm_mean,0.0875358134508133
large,R-NTBN,FFN,114,grad_norm_mean,0.04922638088464737
large,R-NTBN,FFN,115,grad_norm_mean,0.038276441395282745
large,R-NTBN,FFN,116,grad_norm_mean,0.07776091247797012
large,R-NTBN,FFN,117,grad_norm_mean,0.10831116139888763
large,R-NTBN,FFN,118,grad_norm_mean,0.10494589805603027
large,R-NTBN,FFN,119,grad_norm_mean,0.1702045202255249
large,R-NTBN,GRU,0,grad_norm_mean,1.0785630941390991
large,R-NTBN,GRU,1,grad_norm_mean,0.5399096608161926
large,R-NTBN,GRU,2,grad_norm_mean,0.45463624596595764
large,R-NTBN,GRU,3,grad_norm_mean,0.23832646012306213
large,R-NTBN,GRU,4,grad_norm_mean,0.17389044165611267
large,R-NTBN,GRU,5,grad_norm_mean,0.29354265332221985
large,R-NTBN,GRU,6,grad_norm_mean,0.1931610405445099
large,R-NTBN,GRU,7,grad_norm_mean,0.1787293702363968
large,R-NTBN,GRU,8,grad_norm_mean,0.15333430469036102
large,R-NTBN,GRU,9,grad_norm_mean,0.1671506017446518
large,R-NTBN,GRU,10,grad_norm_mean,0.049046944826841354
large,R-NTBN,GRU,11,grad_norm_mean,0.12218121439218521
large,R-NTBN,GRU,12,grad_norm_mean,0.11115758121013641
large,R-NTBN,GRU,13,grad_norm_mean,0.0811220109462738
large,R-NTBN,GRU,14,grad_norm_mean,0.05157694220542908
large,R-NTBN,GRU,15,grad_norm_mean,0.033865053206682205
large,R-NTBN,GRU,16,grad_norm_mean,0.01858421601355076
large,R-NTBN,GRU,17,grad_norm_mean,0.005150868557393551
large,R-NTBN,GRU,18,grad_norm_mean,0.004237397573888302
large,R-NTBN,GRU,19,grad_norm_mean,0.008809532038867474
large,R-NTBN,GRU,20,grad_norm_mean,0.014785533770918846
large,R-NTBN,GRU,21,grad_norm_mean,0.018178794533014297
large,R-NTBN,GRU,22,grad_norm_mean,0.011994786560535431
large,R-NTBN,GRU,23,grad_norm_mean,0.009308063425123692
large,R-NTBN,GRU,24,grad_norm_mean,0.012029329314827919
large,R-NTBN,GRU,25,grad_norm_mean,0.011750666424632072
large,R-NTBN,GRU,26,grad_norm_mean,0.009519392624497414
large,R-NTBN,GRU,27,grad_norm_mean,0.013463577255606651
large,R-NTBN,GRU,28,grad_norm_mean,0.012932230718433857
large,R-NTBN,GRU,29,grad_norm_mean,0.01126269530504942
large,R-NTBN,GRU,30,grad_norm_mean,0.007291142828762531
large,R-NTBN,GRU,31,grad_norm_mean,0.01017705351114273
large,R-NTBN,GRU,32,grad_norm_mean,0.0074998559430241585
large,R-NTBN,GRU,33,grad_norm_mean,0.0042504845187067986
large,R-NTBN,GRU,34,grad_norm_mean,0.005324413999915123
large,R-NTBN,GRU,35,grad_norm_mean,0.0030287194531410933
large,R-NTBN,GRU,36,grad_norm_mean,0.0010958563070744276
large,R-NTBN,GRU,37,grad_norm_mean,0.0010058580664917827
large,R-NTBN,GRU,38,grad_norm_mean,0.0015966263599693775
large,R-NTBN,GRU,39,grad_norm_mean,0.001896054483950138
large,R-NTBN,GRU,40,grad_norm_mean,0.002795637585222721
large,R-NTBN,GRU,41,grad_norm_mean,0.006402578204870224
large,R-NTBN,GRU,42,grad_norm_mean,0.008548137731850147
large,R-NTBN,GRU,43,grad_norm_mean,0.008886998519301414
large,R-NTBN,GRU,44,grad_norm_mean,0.013244664296507835
large,R-NTBN,GRU,45,grad_norm_mean,0.011059095151722431
large,R-NTBN,GRU,46,grad_norm_mean,0.008533788844943047
large,R-NTBN,GRU,47,grad_norm_mean,0.008062309585511684
large,R-NTBN,GRU,48,grad_norm_mean,0.018536655232310295
large,R-NTBN,GRU,49,grad_norm_mean,0.02032405510544777
large,R-NTBN,GRU,50,grad_norm_mean,0.02557092346251011
large,R-NTBN,GRU,51,grad_norm_mean,0.017337938770651817
large,R-NTBN,GRU,52,grad_norm_mean,0.023124808445572853
large,R-NTBN,GRU,53,grad_norm_mean,0.03280888497829437
large,R-NTBN,GRU,54,grad_norm_mean,0.05514521524310112
large,R-NTBN,GRU,55,grad_norm_mean,0.03631213679909706
large,R-NTBN,GRU,56,grad_norm_mean,0.06017768755555153
large,R-NTBN,GRU,57,grad_norm_mean,0.04499676823616028
large,R-NTBN,GRU,58,grad_norm_mean,0.05897407978773117
large,R-NTBN,GRU,59,grad_norm_mean,0.079835906624794
large,R-NTBN,GRU,60,grad_norm_mean,0.12705354392528534
large,R-NTBN,GRU,61,grad_norm_mean,0.12245208770036697
large,R-NTBN,GRU,62,grad_norm_mean,0.09170805662870407
large,R-NTBN,GRU,63,grad_norm_mean,0.10437313467264175
large,R-NTBN,GRU,64,grad_norm_mean,0.15143568813800812
large,R-NTBN,GRU,65,grad_norm_mean,0.08069649338722229
large,R-NTBN,GRU,66,grad_norm_mean,0.1129823550581932
large,R-NTBN,GRU,67,grad_norm_mean,0.18199512362480164
large,R-NTBN,GRU,68,grad_norm_mean,0.30209940671920776
large,R-NTBN,GRU,69,grad_norm_mean,0.17617657780647278
large,R-NTBN,GRU,70,grad_norm_mean,0.058966394513845444
large,R-NTBN,GRU,71,grad_norm_mean,0.15413522720336914
large,R-NTBN,GRU,72,grad_norm_mean,0.08280543237924576
large,R-NTBN,GRU,73,grad_norm_mean,0.09038487076759338
large,R-NTBN,GRU,74,grad_norm_mean,0.037746887654066086
large,R-NTBN,GRU,75,grad_norm_mean,0.09479298442602158
large,R-NTBN,GRU,76,grad_norm_mean,0.05254359543323517
large,R-NTBN,GRU,77,grad_norm_mean,0.027363963425159454
large,R-NTBN,GRU,78,grad_norm_mean,0.04755530133843422
large,R-NTBN,GRU,79,grad_norm_mean,0.08850514143705368
large,R-NTBN,GRU,80,grad_norm_mean,0.02986387349665165
large,R-NTBN,GRU,81,grad_norm_mean,0.015222622081637383
large,R-NTBN,GRU,82,grad_norm_mean,0.04557883366942406
large,R-NTBN,GRU,83,grad_norm_mean,0.06796114891767502
large,R-NTBN,GRU,84,grad_norm_mean,0.04451574385166168
large,R-NTBN,GRU,85,grad_norm_mean,0.05180059000849724
large,R-NTBN,GRU,86,grad_norm_mean,0.027715569362044334
large,R-NTBN,GRU,87,grad_norm_mean,0.03020436130464077
large,R-NTBN,GRU,88,grad_norm_mean,0.07058173418045044
large,R-NTBN,GRU,89,grad_norm_mean,0.05094947665929794
large,R-NTBN,GRU,90,grad_norm_mean,0.026351576671004295
large,R-NTBN,GRU,91,grad_norm_mean,0.07314666360616684
large,R-NTBN,GRU,92,grad_norm_mean,0.049107663333415985
large,R-NTBN,GRU,93,grad_norm_mean,0.038256410509347916
large,R-NTBN,GRU,94,grad_norm_mean,0.05342878773808479
large,R-NTBN,GRU,95,grad_norm_mean,0.031213415786623955
large,R-NTBN,GRU,96,grad_norm_mean,0.025120843201875687
large,R-NTBN,GRU,97,grad_norm_mean,0.03685324639081955
large,R-NTBN,GRU,98,grad_norm_mean,0.014312458224594593
large,R-NTBN,GRU,99,grad_norm_mean,0.018508395180106163
large,R-NTBN,GRU,100,grad_norm_mean,0.03497542813420296
large,R-NTBN,GRU,101,grad_norm_mean,0.009527703747153282
large,R-NTBN,GRU,102,grad_norm_mean,0.024038678035140038
large,R-NTBN,GRU,103,grad_norm_mean,0.010629547759890556
large,R-NTBN,GRU,104,grad_norm_mean,0.01836026832461357
large,R-NTBN,GRU,105,grad_norm_mean,0.030801966786384583
large,R-NTBN,GRU,106,grad_norm_mean,0.01326374989002943
large,R-NTBN,GRU,107,grad_norm_mean,0.009426713921129704
large,R-NTBN,GRU,108,grad_norm_mean,0.023010699078440666
large,R-NTBN,GRU,109,grad_norm_mean,0.011969503946602345
large,R-NTBN,GRU,110,grad_norm_mean,0.008208747953176498
large,R-NTBN,GRU,111,grad_norm_mean,0.011974349617958069
large,R-NTBN,GRU,112,grad_norm_mean,0.019282259047031403
large,R-NTBN,GRU,113,grad_norm_mean,0.00990433432161808
large,R-NTBN,GRU,114,grad_norm_mean,0.014487574808299541
large,R-NTBN,GRU,115,grad_norm_mean,0.016462815925478935
large,R-NTBN,GRU,116,grad_norm_mean,0.007802856154739857
large,R-NTBN,GRU,117,grad_norm_mean,0.03157980367541313
large,R-NTBN,GRU,118,grad_norm_mean,0.008683151565492153
large,R-NTBN,GRU,119,grad_norm_mean,0.013708028942346573
large,R-NTBN,sig2,0,grad_norm_mean,1.03150475025177
large,R-NTBN,sig2,1,grad_norm_mean,0.5659782290458679
large,R-NTBN,sig2,2,grad_norm_mean,0.2935497462749481
large,R-NTBN,sig2,3,grad_norm_mean,0.25523945689201355
large,R-NTBN,sig2,4,grad_norm_mean,0.21984107792377472
large,R-NTBN,sig2,5,grad_norm_mean,0.29117411375045776
large,R-NTBN,sig2,6,grad_norm_mean,0.4142090082168579
large,R-NTBN,sig2,7,grad_norm_mean,0.23563002049922943
large,R-NTBN,sig2,8,grad_norm_mean,0.1788308471441269
large,R-NTBN,sig2,9,grad_norm_mean,0.08440785109996796
large,R-NTBN,sig2,10,grad_norm_mean,0.02760310284793377
large,R-NTBN,sig2,11,grad_norm_mean,0.0028553400188684464
large,R-NTBN,sig2,12,grad_norm_mean,0.0018243275117129087
large,R-NTBN,sig2,13,grad_norm_mean,0.0019627101719379425
large,R-NTBN,sig2,14,grad_norm_mean,0.001374314189888537
large,R-NTBN,sig2,15,grad_norm_mean,0.0010190514149144292
large,R-NTBN,sig2,16,grad_norm_mean,0.0015912206145003438
large,R-NTBN,sig2,17,grad_norm_mean,0.0005675458232872188
large,R-NTBN,sig2,18,grad_norm_mean,0.0005665511125698686
large,R-NTBN,sig2,19,grad_norm_mean,0.0007376839057542384
large,R-NTBN,sig2,20,grad_norm_mean,0.0032899477519094944
large,R-NTBN,sig2,21,grad_norm_mean,0.0010408259695395827
large,R-NTBN,sig2,22,grad_norm_mean,0.001199294812977314
large,R-NTBN,sig2,23,grad_norm_mean,0.002086588181555271
large,R-NTBN,sig2,24,grad_norm_mean,0.002508228411898017
large,R-NTBN,sig2,25,grad_norm_mean,0.0010206620208919048
large,R-NTBN,sig2,26,grad_norm_mean,0.0011913147754967213
large,R-NTBN,sig2,27,grad_norm_mean,0.0028189632575958967
large,R-NTBN,sig2,28,grad_norm_mean,0.0008984387386590242
large,R-NTBN,sig2,29,grad_norm_mean,0.002638060599565506
large,R-NTBN,sig2,30,grad_norm_mean,0.0027731619775295258
large,R-NTBN,sig2,31,grad_norm_mean,0.0036150733940303326
large,R-NTBN,sig2,32,grad_norm_mean,0.0021223255898803473
large,R-NTBN,sig2,33,grad_norm_mean,0.0020028864964842796
large,R-NTBN,sig2,34,grad_norm_mean,0.003660121699795127
large,R-NTBN,sig2,35,grad_norm_mean,0.0030331239104270935
large,R-NTBN,sig2,36,grad_norm_mean,0.002367850625887513
large,R-NTBN,sig2,37,grad_norm_mean,0.00281384470872581
large,R-NTBN,sig2,38,grad_norm_mean,0.0027333854231983423
large,R-NTBN,sig2,39,grad_norm_mean,0.00343933142721653
large,R-NTBN,sig2,40,grad_norm_mean,0.004394209012389183
large,R-NTBN,sig2,41,grad_norm_mean,0.004148439038544893
large,R-NTBN,sig2,42,grad_norm_mean,0.0031035023275762796
large,R-NTBN,sig2,43,grad_norm_mean,0.005331904627382755
large,R-NTBN,sig2,44,grad_norm_mean,0.007500328589230776
large,R-NTBN,sig2,45,grad_norm_mean,0.004725075792521238
large,R-NTBN,sig2,46,grad_norm_mean,0.0040234350599348545
large,R-NTBN,sig2,47,grad_norm_mean,0.0044836183078587055
large,R-NTBN,sig2,48,grad_norm_mean,0.006057494319975376
large,R-NTBN,sig2,49,grad_norm_mean,0.00785533431917429
large,R-NTBN,sig2,50,grad_norm_mean,0.009496188722550869
large,R-NTBN,sig2,51,grad_norm_mean,0.02286018431186676
large,R-NTBN,sig2,52,grad_norm_mean,0.02037251554429531
large,R-NTBN,sig2,53,grad_norm_mean,0.04455581679940224
large,R-NTBN,sig2,54,grad_norm_mean,0.062157418578863144
large,R-NTBN,sig2,55,grad_norm_mean,0.07006653398275375
large,R-NTBN,sig2,56,grad_norm_mean,0.04463514685630798
large,R-NTBN,sig2,57,grad_norm_mean,0.09445174783468246
large,R-NTBN,sig2,58,grad_norm_mean,0.05477654188871384
large,R-NTBN,sig2,59,grad_norm_mean,0.06668931245803833
large,R-NTBN,sig2,60,grad_norm_mean,0.06987188011407852
large,R-NTBN,sig2,61,grad_norm_mean,0.040457647293806076
large,R-NTBN,sig2,62,grad_norm_mean,0.037222303450107574
large,R-NTBN,sig2,63,grad_norm_mean,0.061905235052108765
large,R-NTBN,sig2,64,grad_norm_mean,0.021671123802661896
large,R-NTBN,sig2,65,grad_norm_mean,0.06887345016002655
large,R-NTBN,sig2,66,grad_norm_mean,0.03862563893198967
large,R-NTBN,sig2,67,grad_norm_mean,0.01691504195332527
large,R-NTBN,sig2,68,grad_norm_mean,0.05516863986849785
large,R-NTBN,sig2,69,grad_norm_mean,0.013332080096006393
large,R-NTBN,sig2,70,grad_norm_mean,0.045137323439121246
large,R-NTBN,sig2,71,grad_norm_mean,0.03920011967420578
large,R-NTBN,sig2,72,grad_norm_mean,0.031246468424797058
large,R-NTBN,sig2,73,grad_norm_mean,0.02560432255268097
large,R-NTBN,sig2,74,grad_norm_mean,0.018803460523486137
large,R-NTBN,sig2,75,grad_norm_mean,0.032509490847587585
large,R-NTBN,sig2,76,grad_norm_mean,0.037594299763441086
large,R-NTBN,sig2,77,grad_norm_mean,0.05109795182943344
large,R-NTBN,sig2,78,grad_norm_mean,0.10172000527381897
large,R-NTBN,sig2,79,grad_norm_mean,0.018894415348768234
large,R-NTBN,sig2,80,grad_norm_mean,0.09520221501588821
large,R-NTBN,sig2,81,grad_norm_mean,0.07069142907857895
large,R-NTBN,sig2,82,grad_norm_mean,0.07932113856077194
large,R-NTBN,sig2,83,grad_norm_mean,0.0503777451813221
large,R-NTBN,sig2,84,grad_norm_mean,0.09197253733873367
large,R-NTBN,sig2,85,grad_norm_mean,0.03029329888522625
large,R-NTBN,sig2,86,grad_norm_mean,0.060750383883714676
large,R-NTBN,sig2,87,grad_norm_mean,0.023998167365789413
large,R-NTBN,sig2,88,grad_norm_mean,0.04576224461197853
large,R-NTBN,sig2,89,grad_norm_mean,0.03627539798617363
large,R-NTBN,sig2,90,grad_norm_mean,0.029625702649354935
large,R-NTBN,sig2,91,grad_norm_mean,0.07123061269521713
large,R-NTBN,sig2,92,grad_norm_mean,0.052430253475904465
large,R-NTBN,sig2,93,grad_norm_mean,0.06607688218355179
large,R-NTBN,sig2,94,grad_norm_mean,0.03589436411857605
large,R-NTBN,sig2,95,grad_norm_mean,0.05858749896287918
large,R-NTBN,sig2,96,grad_norm_mean,0.07344779372215271
large,R-NTBN,sig2,97,grad_norm_mean,0.049746327102184296
large,R-NTBN,sig2,98,grad_norm_mean,0.09450352936983109
large,R-NTBN,sig2,99,grad_norm_mean,0.01350106205791235
large,R-NTBN,sig2,100,grad_norm_mean,0.12244652956724167
large,R-NTBN,sig2,101,grad_norm_mean,0.1311526596546173
large,R-NTBN,sig2,102,grad_norm_mean,0.08445470780134201
large,R-NTBN,sig2,103,grad_norm_mean,0.0478452667593956
large,R-NTBN,sig2,104,grad_norm_mean,0.05649789422750473
large,R-NTBN,sig2,105,grad_norm_mean,0.039668746292591095
large,R-NTBN,sig2,106,grad_norm_mean,0.05126432329416275
large,R-NTBN,sig2,107,grad_norm_mean,0.04629400372505188
large,R-NTBN,sig2,108,grad_norm_mean,0.02986721135675907
large,R-NTBN,sig2,109,grad_norm_mean,0.06424038857221603
large,R-NTBN,sig2,110,grad_norm_mean,0.0566406287252903
large,R-NTBN,sig2,111,grad_norm_mean,0.043927084654569626
large,R-NTBN,sig2,112,grad_norm_mean,0.044242288917303085
large,R-NTBN,sig2,113,grad_norm_mean,0.12026594579219818
large,R-NTBN,sig2,114,grad_norm_mean,0.0824877992272377
large,R-NTBN,sig2,115,grad_norm_mean,0.13250674307346344
large,R-NTBN,sig2,116,grad_norm_mean,0.10293162614107132
large,R-NTBN,sig2,117,grad_norm_mean,0.021361185237765312
large,R-NTBN,sig2,118,grad_norm_mean,0.12268571555614471
large,R-NTBN,sig2,119,grad_norm_mean,0.17426517605781555
large,R-SIG,FFN,0,grad_norm_mean,0.40399523597210646
large,R-SIG,FFN,1,grad_norm_mean,0.03841917689889669
large,R-SIG,FFN,2,grad_norm_mean,0.2416791413538158
large,R-SIG,FFN,3,grad_norm_mean,0.22976138383150102
large,R-SIG,FFN,4,grad_norm_mean,0.22335307128727436
large,R-SIG,FFN,5,grad_norm_mean,0.14130904495716096
large,R-SIG,FFN,6,grad_norm_mean,0.18180606819689274
large,R-SIG,FFN,7,grad_norm_mean,0.14895708352327347
large,R-SIG,FFN,8,grad_norm_mean,0.176762984842062
large,R-SIG,FFN,9,grad_norm_mean,0.13884819082915784
large,R-SIG,FFN,10,grad_norm_mean,0.2297700238227844
large,R-SIG,FFN,11,grad_norm_mean,0.1435991284996271
large,R-SIG,FFN,12,grad_norm_mean,0.13024020791053773
large,R-SIG,FFN,13,grad_norm_mean,0.22811565227806568
large,R-SIG,FFN,14,grad_norm_mean,0.15348030954599381
large,R-SIG,FFN,15,grad_norm_mean,0.11589011922478676
large,R-SIG,FFN,16,grad_norm_mean,0.12470335990190506
large,R-SIG,FFN,17,grad_norm_mean,0.15276691772043705
large,R-SIG,FFN,18,grad_norm_mean,0.18018169030547143
large,R-SIG,FFN,19,grad_norm_mean,0.15158546179533006
large,R-SIG,FFN,20,grad_norm_mean,0.10926180817186833
large,R-SIG,FFN,21,grad_norm_mean,0.0954158914834261
large,R-SIG,FFN,22,grad_norm_mean,0.14222995668649674
large,R-SIG,FFN,23,grad_norm_mean,0.13680714897811413
large,R-SIG,FFN,24,grad_norm_mean,0.1086495266854763
large,R-SIG,FFN,25,grad_norm_mean,0.09507673732936382
large,R-SIG,FFN,26,grad_norm_mean,0.13767366997897626
large,R-SIG,FFN,27,grad_norm_mean,0.11283364735543727
large,R-SIG,FFN,28,grad_norm_mean,0.09463537365198135
large,R-SIG,FFN,29,grad_norm_mean,0.1043729405105114
large,R-SIG,FFN,30,grad_norm_mean,0.15910773374140263
large,R-SIG,FFN,31,grad_norm_mean,0.15526592195034028
large,R-SIG,FFN,32,grad_norm_mean,0.14361949034035207
large,R-SIG,FFN,33,grad_norm_mean,0.13138439282774925
large,R-SIG,FFN,34,grad_norm_mean,0.11269897021353245
large,R-SIG,FFN,35,grad_norm_mean,0.08452025927603245
large,R-SIG,FFN,36,grad_norm_mean,0.08650615088641643
large,R-SIG,FFN,37,grad_norm_mean,0.1110631536692381
large,R-SIG,FFN,38,grad_norm_mean,0.09351977370679379
large,R-SIG,FFN,39,grad_norm_mean,0.09486824478954077
large,R-SIG,FFN,40,grad_norm_mean,0.12401472106575966
large,R-SIG,FFN,41,grad_norm_mean,0.07482666566967965
large,R-SIG,FFN,42,grad_norm_mean,0.11789049677550793
large,R-SIG,FFN,43,grad_norm_mean,0.09271476060152053
large,R-SIG,FFN,44,grad_norm_mean,0.09512680046260356
large,R-SIG,FFN,45,grad_norm_mean,0.09117761619389057
large,R-SIG,FFN,46,grad_norm_mean,0.10297508478164673
large,R-SIG,FFN,47,grad_norm_mean,0.08161288611590863
large,R-SIG,FFN,48,grad_norm_mean,0.08146859265863896
large,R-SIG,FFN,49,grad_norm_mean,0.11502210810780525
large,R-SIG,FFN,50,grad_norm_mean,0.0997339491546154
large,R-SIG,FFN,51,grad_norm_mean,0.11095140382647514
large,R-SIG,FFN,52,grad_norm_mean,0.11027143985033035
large,R-SIG,FFN,53,grad_norm_mean,0.09405331343412399
large,R-SIG,FFN,54,grad_norm_mean,0.06620136387646199
large,R-SIG,FFN,55,grad_norm_mean,0.07226700559258462
large,R-SIG,FFN,56,grad_norm_mean,0.056556563973426816
large,R-SIG,FFN,57,grad_norm_mean,0.06558577992022037
large,R-SIG,FFN,58,grad_norm_mean,0.08456666938960553
large,R-SIG,FFN,59,grad_norm_mean,0.09455355107784272
large,R-SIG,FFN,60,grad_norm_mean,0.06043573245406151
large,R-SIG,FFN,61,grad_norm_mean,0.11058570563793182
large,R-SIG,FFN,62,grad_norm_mean,0.11673193760216236
large,R-SIG,FFN,63,grad_norm_mean,0.08193712271749973
large,R-SIG,GRU,0,grad_norm_mean,0.24129368390887976
large,R-SIG,GRU,1,grad_norm_mean,0.007628576755523682
large,R-SIG,GRU,2,grad_norm_mean,0.14890415426343678
large,R-SIG,GRU,3,grad_norm_mean,0.06844674035906792
large,R-SIG,GRU,4,grad_norm_mean,0.054480238556861876
large,R-SIG,GRU,5,grad_norm_mean,0.056184572279453275
large,R-SIG,GRU,6,grad_norm_mean,0.07216009266674518
large,R-SIG,GRU,7,grad_norm_mean,0.053430211432278156
large,R-SIG,GRU,8,grad_norm_mean,0.049631001874804494
large,R-SIG,GRU,9,grad_norm_mean,0.05006287805736065
large,R-SIG,GRU,10,grad_norm_mean,0.055111733973026274
large,R-SIG,GRU,11,grad_norm_mean,0.04984080657362938
large,R-SIG,GRU,12,grad_norm_mean,0.04937069945037365
large,R-SIG,GRU,13,grad_norm_mean,0.05263919673860073
large,R-SIG,GRU,14,grad_norm_mean,0.05164740934967995
large,R-SIG,GRU,15,grad_norm_mean,0.04822042979300022
large,R-SIG,GRU,16,grad_norm_mean,0.03762923091650009
large,R-SIG,GRU,17,grad_norm_mean,0.0332567847892642
large,R-SIG,GRU,18,grad_norm_mean,0.03896308846771717
large,R-SIG,GRU,19,grad_norm_mean,0.0420472789183259
large,R-SIG,GRU,20,grad_norm_mean,0.03482251062989235
large,R-SIG,GRU,21,grad_norm_mean,0.03349104098975658
large,R-SIG,GRU,22,grad_norm_mean,0.04188429825007915
large,R-SIG,GRU,23,grad_norm_mean,0.032724360525608065
large,R-SIG,GRU,24,grad_norm_mean,0.04371041402220726
large,R-SIG,GRU,25,grad_norm_mean,0.033858409114181996
large,R-SIG,GRU,26,grad_norm_mean,0.032749610934406516
large,R-SIG,GRU,27,grad_norm_mean,0.031242896765470506
large,R-SIG,GRU,28,grad_norm_mean,0.03405306838452816
large,R-SIG,GRU,29,grad_norm_mean,0.04264591105282307
large,R-SIG,GRU,30,grad_norm_mean,0.04326816026121378
large,R-SIG,GRU,31,grad_norm_mean,0.04502212397754193
large,R-SIG,GRU,32,grad_norm_mean,0.04098581973463297
large,R-SIG,GRU,33,grad_norm_mean,0.033134163729846476
large,R-SIG,GRU,34,grad_norm_mean,0.030002178736031056
large,R-SIG,GRU,35,grad_norm_mean,0.03332763254642487
large,R-SIG,GRU,36,grad_norm_mean,0.03398193273693323
large,R-SIG,GRU,37,grad_norm_mean,0.03171718362718821
large,R-SIG,GRU,38,grad_norm_mean,0.03305454060435295
large,R-SIG,GRU,39,grad_norm_mean,0.035598214417696
large,R-SIG,GRU,40,grad_norm_mean,0.035637073293328284
large,R-SIG,GRU,41,grad_norm_mean,0.03240966815501452
large,R-SIG,GRU,42,grad_norm_mean,0.031546490266919136
large,R-SIG,GRU,43,grad_norm_mean,0.030698585584759713
large,R-SIG,GRU,44,grad_norm_mean,0.029747719950973986
large,R-SIG,GRU,45,grad_norm_mean,0.03077045101672411
large,R-SIG,GRU,46,grad_norm_mean,0.030265870466828347
large,R-SIG,GRU,47,grad_norm_mean,0.030177509151399134
large,R-SIG,GRU,48,grad_norm_mean,0.027488081157207488
large,R-SIG,GRU,49,grad_norm_mean,0.026841859631240368
large,R-SIG,GRU,50,grad_norm_mean,0.028160107173025608
large,R-SIG,GRU,51,grad_norm_mean,0.027473983392119407
large,R-SIG,GRU,52,grad_norm_mean,0.030060363970696925
large,R-SIG,GRU,53,grad_norm_mean,0.02431529562920332
large,R-SIG,GRU,54,grad_norm_mean,0.02541953545063734
large,R-SIG,GRU,55,grad_norm_mean,0.03342123564332724
large,R-SIG,GRU,56,grad_norm_mean,0.024214577712118626
large,R-SIG,GRU,57,grad_norm_mean,0.02670276926830411
large,R-SIG,GRU,58,grad_norm_mean,0.02708720937371254
large,R-SIG,GRU,59,grad_norm_mean,0.026233796514570713
large,R-SIG,GRU,60,grad_norm_mean,0.02141237847507
large,R-SIG,GRU,61,grad_norm_mean,0.02865408346056938
large,R-SIG,GRU,62,grad_norm_mean,0.02784721877425909
large,R-SIG,GRU,63,grad_norm_mean,0.026718830652534963
large,R-SIG,sig2,0,grad_norm_mean,0.15328851524740458
large,R-SIG,sig2,1,grad_norm_mean,0.008491607718169689
large,R-SIG,sig2,2,grad_norm_mean,0.09349794689565898
large,R-SIG,sig2,3,grad_norm_mean,0.13845490165054797
large,R-SIG,sig2,4,grad_norm_mean,0.1246159602701664
large,R-SIG,sig2,5,grad_norm_mean,0.12268928043544293
large,R-SIG,sig2,6,grad_norm_mean,0.10642766840755939
large,R-SIG,sig2,7,grad_norm_mean,0.12389705091714859
large,R-SIG,sig2,8,grad_norm_mean,0.09446338560432195
large,R-SIG,sig2,9,grad_norm_mean,0.12902053460478782
large,R-SIG,sig2,10,grad_norm_mean,0.12809738270938398
large,R-SIG,sig2,11,grad_norm_mean,0.13043707866221665
large,R-SIG,sig2,12,grad_norm_mean,0.11072309557348489
large,R-SIG,sig2,13,grad_norm_mean,0.13915952809154988
large,R-SIG,sig2,14,grad_norm_mean,0.10375859439373017
large,R-SIG,sig2,15,grad_norm_mean,0.10011166006326676
large,R-SIG,sig2,16,grad_norm_mean,0.1126710705831647
large,R-SIG,sig2,17,grad_norm_mean,0.10202352058142423
large,R-SIG,sig2,18,grad_norm_mean,0.09482569411396981
large,R-SIG,sig2,19,grad_norm_mean,0.12936989068984986
large,R-SIG,sig2,20,grad_norm_mean,0.10764013528823853
large,R-SIG,sig2,21,grad_norm_mean,0.09310450151562691
large,R-SIG,sig2,22,grad_norm_mean,0.12120304122567177
large,R-SIG,sig2,23,grad_norm_mean,0.1055056344717741
large,R-SIG,sig2,24,grad_norm_mean,0.08647136844694614
large,R-SIG,sig2,25,grad_norm_mean,0.09999306581914424
large,R-SIG,sig2,26,grad_norm_mean,0.13240149445831775
large,R-SIG,sig2,27,grad_norm_mean,0.12023694060742855
large,R-SIG,sig2,28,grad_norm_mean,0.09401720598340034
large,R-SIG,sig2,29,grad_norm_mean,0.10083074793219567
large,R-SIG,sig2,30,grad_norm_mean,0.0864582533761859
large,R-SIG,sig2,31,grad_norm_mean,0.09000321730971336
large,R-SIG,sig2,32,grad_norm_mean,0.0970771573483944
large,R-SIG,sig2,33,grad_norm_mean,0.067109365016222
large,R-SIG,sig2,34,grad_norm_mean,0.07241888418793678
large,R-SIG,sig2,35,grad_norm_mean,0.06776593148708343
large,R-SIG,sig2,36,grad_norm_mean,0.08444185636937618
large,R-SIG,sig2,37,grad_norm_mean,0.09345069795846939
large,R-SIG,sig2,38,grad_norm_mean,0.08336140841245651
large,R-SIG,sig2,39,grad_norm_mean,0.09535069547593594
large,R-SIG,sig2,40,grad_norm_mean,0.06523704662919044
large,R-SIG,sig2,41,grad_norm_mean,0.0782791754603386
large,R-SIG,sig2,42,grad_norm_mean,0.09912536144256592
large,R-SIG,sig2,43,grad_norm_mean,0.06119146279990673
large,R-SIG,sig2,44,grad_norm_mean,0.07232505667954683
large,R-SIG,sig2,45,grad_norm_mean,0.07730190251022577
large,R-SIG,sig2,46,grad_norm_mean,0.07927696935832501
large,R-SIG,sig2,47,grad_norm_mean,0.0660954413190484
large,R-SIG,sig2,48,grad_norm_mean,0.0551736481115222
large,R-SIG,sig2,49,grad_norm_mean,0.06060372814536095
large,R-SIG,sig2,50,grad_norm_mean,0.07511789575219155
large,R-SIG,sig2,51,grad_norm_mean,0.06472665712237358
large,R-SIG,sig2,52,grad_norm_mean,0.08760616540908814
large,R-SIG,sig2,53,grad_norm_mean,0.0545968983322382
large,R-SIG,sig2,54,grad_norm_mean,0.05672294106334448
large,R-SIG,sig2,55,grad_norm_mean,0.05580423630774021
large,R-SIG,sig2,56,grad_norm_mean,0.05715862706303596
large,R-SIG,sig2,57,grad_norm_mean,0.05799405843019485
large,R-SIG,sig2,58,grad_norm_mean,0.0542128336429596
large,R-SIG,sig2,59,grad_norm_mean,0.06418029271066189
large,R-SIG,sig2,60,grad_norm_mean,0.049163804277777674
large,R-SIG,sig2,61,grad_norm_mean,0.05374189365655184
large,R-SIG,sig2,62,grad_norm_mean,0.06294500455260277
large,R-SIG,sig2,63,grad_norm_mean,0.06121899671852589
large,R-DH,FFN,0,grad_norm_mean,0.6297619190998376
large,R-DH,FFN,1,grad_norm_mean,0.040956942562479524
large,R-DH,FFN,2,grad_norm_mean,0.012011536490172147
large,R-DH,FFN,3,grad_norm_mean,0.06441151513718069
large,R-DH,FFN,4,grad_norm_mean,0.1811521679162979
large,R-DH,FFN,5,grad_norm_mean,0.1106367006432265
large,R-DH,FFN,6,grad_norm_mean,0.12018243288621307
large,R-DH,FFN,7,grad_norm_mean,0.08298210329376161
large,R-DH,FFN,8,grad_norm_mean,0.07086907005868852
large,R-DH,FFN,9,grad_norm_mean,0.09659454207867384
large,R-DH,FFN,10,grad_norm_mean,0.12910365536808968
large,R-DH,FFN,11,grad_norm_mean,0.11989759136922658
large,R-DH,FFN,12,grad_norm_mean,0.12745934072881937
large,R-DH,FFN,13,grad_norm_mean,0.12930748299695552
large,R-DH,FFN,14,grad_norm_mean,0.10340262879617512
large,R-DH,FFN,15,grad_norm_mean,0.1278770700097084
large,R-DH,FFN,16,grad_norm_mean,0.08482555747032165
large,R-DH,FFN,17,grad_norm_mean,0.1265441826544702
large,R-DH,FFN,18,grad_norm_mean,0.1154851672705263
large,R-DH,FFN,19,grad_norm_mean,0.14245821088552474
large,R-DH,FFN,20,grad_norm_mean,0.16973792631179094
large,R-DH,FFN,21,grad_norm_mean,0.13341090492904187
large,R-DH,FFN,22,grad_norm_mean,0.13518595886416734
large,R-DH,FFN,23,grad_norm_mean,0.10385947311297059
large,R-DH,FFN,24,grad_norm_mean,0.1357151481322944
large,R-DH,FFN,25,grad_norm_mean,0.17199121015146374
large,R-DH,FFN,26,grad_norm_mean,0.22167836949229242
large,R-DH,FFN,27,grad_norm_mean,0.20130157503299415
large,R-DH,FFN,28,grad_norm_mean,0.12968745473772286
large,R-DH,FFN,29,grad_norm_mean,0.07446226663887501
large,R-DH,FFN,30,grad_norm_mean,0.12481888076290489
large,R-DH,FFN,31,grad_norm_mean,0.11245210710912942
large,R-DH,FFN,32,grad_norm_mean,0.0889918095432222
large,R-DH,FFN,33,grad_norm_mean,0.07458694172091782
large,R-DH,FFN,34,grad_norm_mean,0.1847744731232524
large,R-DH,FFN,35,grad_norm_mean,0.2054290291853249
large,R-DH,FFN,36,grad_norm_mean,0.16932345014065503
large,R-DH,FFN,37,grad_norm_mean,0.12721663378179074
large,R-DH,FFN,38,grad_norm_mean,0.11962105529382824
large,R-DH,FFN,39,grad_norm_mean,0.09604556923732162
large,R-DH,FFN,40,grad_norm_mean,0.13233339693397284
large,R-DH,FFN,41,grad_norm_mean,0.1360162768512964
large,R-DH,FFN,42,grad_norm_mean,0.1430416563525796
large,R-DH,FFN,43,grad_norm_mean,0.15380536718294024
large,R-DH,FFN,44,grad_norm_mean,0.10680641112849117
large,R-DH,FFN,45,grad_norm_mean,0.16100783180445433
large,R-DH,FFN,46,grad_norm_mean,0.15460630776360632
large,R-DH,FFN,47,grad_norm_mean,0.16056201234459877
large,R-DH,FFN,48,grad_norm_mean,0.14887906108051538
large,R-DH,FFN,49,grad_norm_mean,0.1300403567031026
large,R-DH,FFN,50,grad_norm_mean,0.1338348944671452
large,R-DH,FFN,51,grad_norm_mean,0.10705736009404063
large,R-DH,FFN,52,grad_norm_mean,0.14319898104295134
large,R-DH,FFN,53,grad_norm_mean,0.1235154181253165
large,R-DH,FFN,54,grad_norm_mean,0.1371170282131061
large,R-DH,FFN,55,grad_norm_mean,0.11757941246032715
large,R-DH,FFN,56,grad_norm_mean,0.12337033096700907
large,R-DH,FFN,57,grad_norm_mean,0.10931615671142936
large,R-DH,FFN,58,grad_norm_mean,0.07778887581080199
large,R-DH,FFN,59,grad_norm_mean,0.14122323412448168
large,R-DH,FFN,60,grad_norm_mean,0.14276303676888347
large,R-DH,FFN,61,grad_norm_mean,0.12227918580174446
large,R-DH,FFN,62,grad_norm_mean,0.1127102866768837
large,R-DH,FFN,63,grad_norm_mean,0.09387102704495191
large,R-DH,FFN,64,grad_norm_mean,0.174970281496644
large,R-DH,FFN,65,grad_norm_mean,0.1379818721441552
large,R-DH,FFN,66,grad_norm_mean,0.09617935437709094
large,R-DH,FFN,67,grad_norm_mean,0.09623114070855081
large,R-DH,FFN,68,grad_norm_mean,0.0700989265460521
large,R-DH,FFN,69,grad_norm_mean,0.11592770675197243
large,R-DH,FFN,70,grad_norm_mean,0.10592908398248255
large,R-DH,FFN,71,grad_norm_mean,0.10690684118308127
large,R-DH,FFN,72,grad_norm_mean,0.10773054808378218
large,R-DH,FFN,73,grad_norm_mean,0.15862490157596768
large,R-DH,FFN,74,grad_norm_mean,0.09170097624883056
large,R-DH,FFN,75,grad_norm_mean,0.20153134907595813
large,R-DH,FFN,76,grad_norm_mean,0.1886065533384681
large,R-DH,FFN,77,grad_norm_mean,0.08459243532270193
large,R-DH,FFN,78,grad_norm_mean,0.1097575624473393
large,R-DH,FFN,79,grad_norm_mean,0.10908344201743603
large,R-DH,FFN,80,grad_norm_mean,0.11632292019203305
large,R-DH,FFN,81,grad_norm_mean,0.1475785348098725
large,R-DH,FFN,82,grad_norm_mean,0.07641271986067295
large,R-DH,FFN,83,grad_norm_mean,0.051064640190452336
large,R-DH,FFN,84,grad_norm_mean,0.12742044366896152
large,R-DH,FFN,85,grad_norm_mean,0.1925353360362351
large,R-DH,FFN,86,grad_norm_mean,0.1889024417847395
large,R-DH,FFN,87,grad_norm_mean,0.09371346291154622
large,R-DH,FFN,88,grad_norm_mean,0.11086841146461665
large,R-DH,FFN,89,grad_norm_mean,0.09049872132018208
large,R-DH,FFN,90,grad_norm_mean,0.12355589345097542
large,R-DH,FFN,91,grad_norm_mean,0.17942330068908632
large,R-DH,FFN,92,grad_norm_mean,0.20762033900246024
large,R-DH,FFN,93,grad_norm_mean,0.1490160807967186
large,R-DH,FFN,94,grad_norm_mean,0.12546804947778584
large,R-DH,GRU,0,grad_norm_mean,0.3265898611396551
large,R-DH,GRU,1,grad_norm_mean,0.02051240373402834
large,R-DH,GRU,2,grad_norm_mean,0.006049716460984201
large,R-DH,GRU,3,grad_norm_mean,0.06726356402505189
large,R-DH,GRU,4,grad_norm_mean,0.21846811566501856
large,R-DH,GRU,5,grad_norm_mean,0.06655666632577777
large,R-DH,GRU,6,grad_norm_mean,0.06431305054575205
large,R-DH,GRU,7,grad_norm_mean,0.06176382775884122
large,R-DH,GRU,8,grad_norm_mean,0.08112001493573189
large,R-DH,GRU,9,grad_norm_mean,0.05714860996231437
large,R-DH,GRU,10,grad_norm_mean,0.056920085288584235
large,R-DH,GRU,11,grad_norm_mean,0.041831773007288575
large,R-DH,GRU,12,grad_norm_mean,0.038025539251975715
large,R-DH,GRU,13,grad_norm_mean,0.03410269622690976
large,R-DH,GRU,14,grad_norm_mean,0.0522191863739863
large,R-DH,GRU,15,grad_norm_mean,0.03672681483440101
large,R-DH,GRU,16,grad_norm_mean,0.040197719307616356
large,R-DH,GRU,17,grad_norm_mean,0.03217952852137387
large,R-DH,GRU,18,grad_norm_mean,0.04619970247149467
large,R-DH,GRU,19,grad_norm_mean,0.038208590191788974
large,R-DH,GRU,20,grad_norm_mean,0.04510511425323784
large,R-DH,GRU,21,grad_norm_mean,0.06457221498712898
large,R-DH,GRU,22,grad_norm_mean,0.039270467963069676
large,R-DH,GRU,23,grad_norm_mean,0.028658827394247056
large,R-DH,GRU,24,grad_norm_mean,0.03505416110856459
large,R-DH,GRU,25,grad_norm_mean,0.05178965162485838
large,R-DH,GRU,26,grad_norm_mean,0.04393692342564463
large,R-DH,GRU,27,grad_norm_mean,0.037870402564294636
large,R-DH,GRU,28,grad_norm_mean,0.031144967908039688
large,R-DH,GRU,29,grad_norm_mean,0.0340273821959272
large,R-DH,GRU,30,grad_norm_mean,0.03938028533011675
large,R-DH,GRU,31,grad_norm_mean,0.04955134137999266
large,R-DH,GRU,32,grad_norm_mean,0.05550538322422653
large,R-DH,GRU,33,grad_norm_mean,0.034603460552170874
large,R-DH,GRU,34,grad_norm_mean,0.055565419141203165
large,R-DH,GRU,35,grad_norm_mean,0.04848715043626726
large,R-DH,GRU,36,grad_norm_mean,0.03565585953183472
large,R-DH,GRU,37,grad_norm_mean,0.03360019028186798
large,R-DH,GRU,38,grad_norm_mean,0.03130025970749557
large,R-DH,GRU,39,grad_norm_mean,0.028386183269321918
large,R-DH,GRU,40,grad_norm_mean,0.04926136177964509
large,R-DH,GRU,41,grad_norm_mean,0.053882869286462666
large,R-DH,GRU,42,grad_norm_mean,0.02566077564842999
large,R-DH,GRU,43,grad_norm_mean,0.029804063960909843
large,R-DH,GRU,44,grad_norm_mean,0.026220582658424973
large,R-DH,GRU,45,grad_norm_mean,0.026226257672533393
large,R-DH,GRU,46,grad_norm_mean,0.035867761843837796
large,R-DH,GRU,47,grad_norm_mean,0.03726429408416152
large,R-DH,GRU,48,grad_norm_mean,0.03106351364403963
large,R-DH,GRU,49,grad_norm_mean,0.03911177865229547
large,R-DH,GRU,50,grad_norm_mean,0.026764492318034173
large,R-DH,GRU,51,grad_norm_mean,0.024822619324550033
large,R-DH,GRU,52,grad_norm_mean,0.036894699186086656
large,R-DH,GRU,53,grad_norm_mean,0.030930571956560016
large,R-DH,GRU,54,grad_norm_mean,0.03157654739916325
large,R-DH,GRU,55,grad_norm_mean,0.027827030164189637
large,R-DH,GRU,56,grad_norm_mean,0.031463085766881706
large,R-DH,GRU,57,grad_norm_mean,0.019445432489737867
large,R-DH,GRU,58,grad_norm_mean,0.028640862088650465
large,R-DH,GRU,59,grad_norm_mean,0.02906140950508416
large,R-DH,GRU,60,grad_norm_mean,0.04261748678982258
large,R-DH,GRU,61,grad_norm_mean,0.03157373601570725
large,R-DH,GRU,62,grad_norm_mean,0.038532112073153255
large,R-DH,GRU,63,grad_norm_mean,0.04290493121370673
large,R-DH,GRU,64,grad_norm_mean,0.035540932603180406
large,R-DH,GRU,65,grad_norm_mean,0.026279036654159427
large,R-DH,GRU,66,grad_norm_mean,0.03389247434679419
large,R-DH,GRU,67,grad_norm_mean,0.0378566603641957
large,R-DH,GRU,68,grad_norm_mean,0.027574372990056873
large,R-DH,GRU,69,grad_norm_mean,0.023457721527665853
large,R-DH,GRU,70,grad_norm_mean,0.01898230300284922
large,R-DH,GRU,71,grad_norm_mean,0.030926179327070712
large,R-DH,GRU,72,grad_norm_mean,0.03225419786758721
large,R-DH,GRU,73,grad_norm_mean,0.025987733155488968
large,R-DH,GRU,74,grad_norm_mean,0.027174452459439634
large,R-DH,GRU,75,grad_norm_mean,0.03611434381455183
large,R-DH,GRU,76,grad_norm_mean,0.030537804076448082
large,R-DH,GRU,77,grad_norm_mean,0.027175014885142446
large,R-DH,GRU,78,grad_norm_mean,0.03130956729874015
large,R-DH,GRU,79,grad_norm_mean,0.02887301342561841
large,R-DH,GRU,80,grad_norm_mean,0.02834768882021308
large,R-DH,GRU,81,grad_norm_mean,0.035092586232349274
large,R-DH,GRU,82,grad_norm_mean,0.03290754482150078
large,R-DH,GRU,83,grad_norm_mean,0.03794994610361755
large,R-DH,GRU,84,grad_norm_mean,0.03140912908129394
large,R-DH,GRU,85,grad_norm_mean,0.029453246342018246
large,R-DH,GRU,86,grad_norm_mean,0.02875733976252377
large,R-DH,GRU,87,grad_norm_mean,0.03565396522171795
large,R-DH,GRU,88,grad_norm_mean,0.03489814877975732
large,R-DH,GRU,89,grad_norm_mean,0.027762881387025116
large,R-DH,GRU,90,grad_norm_mean,0.027233067061752082
large,R-DH,GRU,91,grad_norm_mean,0.03700444553978741
large,R-DH,GRU,92,grad_norm_mean,0.02662109937518835
large,R-DH,GRU,93,grad_norm_mean,0.04225950492545962
large,R-DH,GRU,94,grad_norm_mean,0.039795482717454436
large,R-DH,GRU,95,grad_norm_mean,0.03756945175118744
large,R-DH,GRU,96,grad_norm_mean,0.035818105936050414
large,R-DH,GRU,97,grad_norm_mean,0.031081617763265967
large,R-DH,GRU,98,grad_norm_mean,0.027289748564362525
large,R-DH,GRU,99,grad_norm_mean,0.026611467776820063
large,R-DH,sig2,0,grad_norm_mean,0.3228571586310863
large,R-DH,sig2,1,grad_norm_mean,0.009922300861217082
large,R-DH,sig2,2,grad_norm_mean,0.0042339650331996385
large,R-DH,sig2,3,grad_norm_mean,0.022412607411388306
large,R-DH,sig2,4,grad_norm_mean,0.03597720852121711
large,R-DH,sig2,5,grad_norm_mean,0.059707205602899195
large,R-DH,sig2,6,grad_norm_mean,0.09445402943529188
large,R-DH,sig2,7,grad_norm_mean,0.10298761585727334
large,R-DH,sig2,8,grad_norm_mean,0.04896535743027926
large,R-DH,sig2,9,grad_norm_mean,0.058014647802338004
large,R-DH,sig2,10,grad_norm_mean,0.06629765406250954
large,R-DH,sig2,11,grad_norm_mean,0.03976013036444783
large,R-DH,sig2,12,grad_norm_mean,0.05231149289757013
large,R-DH,sig2,13,grad_norm_mean,0.06141227032057941
large,R-DH,sig2,14,grad_norm_mean,0.0779246298596263
large,R-DH,sig2,15,grad_norm_mean,0.07511570835486055
large,R-DH,sig2,16,grad_norm_mean,0.047756223706528544
large,R-DH,sig2,17,grad_norm_mean,0.05460100050549954
large,R-DH,sig2,18,grad_norm_mean,0.048610120080411434
large,R-DH,sig2,19,grad_norm_mean,0.07837602635845542
large,R-DH,sig2,20,grad_norm_mean,0.07456543408334255
large,R-DH,sig2,21,grad_norm_mean,0.054842260852456096
large,R-DH,sig2,22,grad_norm_mean,0.0760147632099688
large,R-DH,sig2,23,grad_norm_mean,0.08292753109708428
large,R-DH,sig2,24,grad_norm_mean,0.06406205072999001
large,R-DH,sig2,25,grad_norm_mean,0.07560800318606198
large,R-DH,sig2,26,grad_norm_mean,0.07024829909205436
large,R-DH,sig2,27,grad_norm_mean,0.06601778506301344
large,R-DH,sig2,28,grad_norm_mean,0.0619979128241539
large,R-DH,sig2,29,grad_norm_mean,0.06882121358066798
large,R-DH,sig2,30,grad_norm_mean,0.0632556916680187
large,R-DH,sig2,31,grad_norm_mean,0.07729813270270824
large,R-DH,sig2,32,grad_norm_mean,0.10741585763171316
large,R-DH,sig2,33,grad_norm_mean,0.08608966902829707
large,R-DH,sig2,34,grad_norm_mean,0.12806297801434993
large,R-DH,sig2,35,grad_norm_mean,0.11223953641019761
large,R-DH,sig2,36,grad_norm_mean,0.0421516151051037
large,R-DH,sig2,37,grad_norm_mean,0.04148015836253762
large,R-DH,sig2,38,grad_norm_mean,0.06031434501055628
large,R-DH,sig2,39,grad_norm_mean,0.06371791424462572
large,R-DH,sig2,40,grad_norm_mean,0.05270523303188383
large,R-DH,sig2,41,grad_norm_mean,0.07283520203782246
large,R-DH,sig2,42,grad_norm_mean,0.0675821061944589
large,R-DH,sig2,43,grad_norm_mean,0.06256754726637155
large,R-DH,sig2,44,grad_norm_mean,0.05996260743122548
large,R-DH,sig2,45,grad_norm_mean,0.07165649875532835
large,R-DH,sig2,46,grad_norm_mean,0.06450740366708488
large,R-DH,sig2,47,grad_norm_mean,0.06575727065792307
large,R-DH,sig2,48,grad_norm_mean,0.06135234425310045
large,R-DH,sig2,49,grad_norm_mean,0.06157893959898502
large,R-DH,sig2,50,grad_norm_mean,0.07158204535953701
large,R-DH,sig2,51,grad_norm_mean,0.07907875920645893
large,R-DH,sig2,52,grad_norm_mean,0.08824940314516425
large,R-DH,sig2,53,grad_norm_mean,0.07316392888315022
large,R-DH,sig2,54,grad_norm_mean,0.08069816594943405
large,R-DH,sig2,55,grad_norm_mean,0.051858010911382736
large,R-DH,sig2,56,grad_norm_mean,0.07874326067976653
large,R-DH,sig2,57,grad_norm_mean,0.05308401556685567
large,R-DH,sig2,58,grad_norm_mean,0.07797746541909874
large,R-DH,sig2,59,grad_norm_mean,0.04110622685402632
large,R-DH,sig2,60,grad_norm_mean,0.04274775311350822
large,R-DH,sig2,61,grad_norm_mean,0.08409683220088482
large,R-DH,sig2,62,grad_norm_mean,0.06342719988897443
large,R-DH,sig2,63,grad_norm_mean,0.057758230809122325
large,R-DH,sig2,64,grad_norm_mean,0.08054736503399909
large,R-DH,sig2,65,grad_norm_mean,0.056100945360958575
large,R-DH,sig2,66,grad_norm_mean,0.09996819905936719
large,R-DH,sig2,67,grad_norm_mean,0.08903664369136095
large,R-DH,sig2,68,grad_norm_mean,0.0379508601501584
large,R-DH,sig2,69,grad_norm_mean,0.055173766473308204
large,R-HOR,FFN,0,grad_norm_mean,0.6479597813299587
large,R-HOR,FFN,1,grad_norm_mean,0.013303237877065135
large,R-HOR,FFN,2,grad_norm_mean,0.05257940800079415
large,R-HOR,FFN,3,grad_norm_mean,0.12061519419113474
large,R-HOR,FFN,4,grad_norm_mean,0.12484079755602344
large,R-HOR,FFN,5,grad_norm_mean,0.07872609950361713
large,R-HOR,FFN,6,grad_norm_mean,0.12016265605005526
large,R-HOR,FFN,7,grad_norm_mean,0.08607174846674165
large,R-HOR,FFN,8,grad_norm_mean,0.09719914828817691
large,R-HOR,FFN,9,grad_norm_mean,0.10108202263232201
large,R-HOR,FFN,10,grad_norm_mean,0.17020611549096723
large,R-HOR,FFN,11,grad_norm_mean,0.1358482126867579
large,R-HOR,FFN,12,grad_norm_mean,0.18366691217787803
large,R-HOR,FFN,13,grad_norm_mean,0.08536222655205958
large,R-HOR,FFN,14,grad_norm_mean,0.1394503538707091
large,R-HOR,FFN,15,grad_norm_mean,0.107191436683699
large,R-HOR,FFN,16,grad_norm_mean,0.13473617303515634
large,R-HOR,FFN,17,grad_norm_mean,0.12026574841189769
large,R-HOR,FFN,18,grad_norm_mean,0.11717078269970033
large,R-HOR,FFN,19,grad_norm_mean,0.11618266041360555
large,R-HOR,FFN,20,grad_norm_mean,0.14863561826848215
large,R-HOR,FFN,21,grad_norm_mean,0.12715576784384827
large,R-HOR,FFN,22,grad_norm_mean,0.11861167992314985
large,R-HOR,FFN,23,grad_norm_mean,0.17089374543678376
large,R-HOR,FFN,24,grad_norm_mean,0.17242052406072617
large,R-HOR,FFN,25,grad_norm_mean,0.11026638788321326
large,R-HOR,FFN,26,grad_norm_mean,0.18631656756324153
large,R-HOR,FFN,27,grad_norm_mean,0.15368986075683946
large,R-HOR,FFN,28,grad_norm_mean,0.14615341032584828
large,R-HOR,FFN,29,grad_norm_mean,0.14911184595116683
large,R-HOR,FFN,30,grad_norm_mean,0.1281344837118541
large,R-HOR,FFN,31,grad_norm_mean,0.12087269181445721
large,R-HOR,FFN,32,grad_norm_mean,0.14200566543806944
large,R-HOR,FFN,33,grad_norm_mean,0.19127317079372944
large,R-HOR,FFN,34,grad_norm_mean,0.10050115379835328
large,R-HOR,FFN,35,grad_norm_mean,0.13121424402080237
large,R-HOR,FFN,36,grad_norm_mean,0.10139301755735951
large,R-HOR,FFN,37,grad_norm_mean,0.12111163235479785
large,R-HOR,FFN,38,grad_norm_mean,0.11873977006443086
large,R-HOR,FFN,39,grad_norm_mean,0.1032239880052305
large,R-HOR,FFN,40,grad_norm_mean,0.12357273866092006
large,R-HOR,FFN,41,grad_norm_mean,0.11421889403174
large,R-HOR,FFN,42,grad_norm_mean,0.14748784995848133
large,R-HOR,FFN,43,grad_norm_mean,0.1236663613348238
large,R-HOR,FFN,44,grad_norm_mean,0.11976029714869876
large,R-HOR,FFN,45,grad_norm_mean,0.12758065525802872
large,R-HOR,FFN,46,grad_norm_mean,0.0863290930226926
large,R-HOR,FFN,47,grad_norm_mean,0.11659326734802415
large,R-HOR,FFN,48,grad_norm_mean,0.09899067455121587
large,R-HOR,FFN,49,grad_norm_mean,0.09602271200668427
large,R-HOR,FFN,50,grad_norm_mean,0.09119258310285307
large,R-HOR,FFN,51,grad_norm_mean,0.0884238415728173
large,R-HOR,FFN,52,grad_norm_mean,0.08383386609174552
large,R-HOR,FFN,53,grad_norm_mean,0.09289521651883278
large,R-HOR,FFN,54,grad_norm_mean,0.1160312422340916
large,R-HOR,FFN,55,grad_norm_mean,0.122844671199639
large,R-HOR,FFN,56,grad_norm_mean,0.09383042709481332
large,R-HOR,FFN,57,grad_norm_mean,0.06673284983562847
large,R-HOR,FFN,58,grad_norm_mean,0.0994407705241634
large,R-HOR,FFN,59,grad_norm_mean,0.07220357052621341
large,R-HOR,FFN,60,grad_norm_mean,0.10115452285014814
large,R-HOR,FFN,61,grad_norm_mean,0.12150236904140442
large,R-HOR,FFN,62,grad_norm_mean,0.09464479814614019
large,R-HOR,FFN,63,grad_norm_mean,0.11890159412136962
large,R-HOR,FFN,64,grad_norm_mean,0.12454815971995553
large,R-HOR,FFN,65,grad_norm_mean,0.14154659482019563
large,R-HOR,FFN,66,grad_norm_mean,0.10866155730740677
large,R-HOR,FFN,67,grad_norm_mean,0.06467307749534806
large,R-HOR,FFN,68,grad_norm_mean,0.06861436282915453
large,R-HOR,FFN,69,grad_norm_mean,0.07760342913529565
large,R-HOR,FFN,70,grad_norm_mean,0.09238716944931977
large,R-HOR,FFN,71,grad_norm_mean,0.12627646230882214
large,R-HOR,FFN,72,grad_norm_mean,0.10249514340032492
large,R-HOR,FFN,73,grad_norm_mean,0.07656972909406308
large,R-HOR,FFN,74,grad_norm_mean,0.06923413661218458
large,R-HOR,GRU,0,grad_norm_mean,0.2164408564567566
large,R-HOR,GRU,1,grad_norm_mean,0.011738940724171698
large,R-HOR,GRU,2,grad_norm_mean,0.09147912459147553
large,R-HOR,GRU,3,grad_norm_mean,0.07705556955789367
large,R-HOR,GRU,4,grad_norm_mean,0.03858852197205828
large,R-HOR,GRU,5,grad_norm_mean,0.07137494158720778
large,R-HOR,GRU,6,grad_norm_mean,0.07202045813262943
large,R-HOR,GRU,7,grad_norm_mean,0.05828982417381579
large,R-HOR,GRU,8,grad_norm_mean,0.05154813749475345
large,R-HOR,GRU,9,grad_norm_mean,0.06140881635609173
large,R-HOR,GRU,10,grad_norm_mean,0.05438726446441104
large,R-HOR,GRU,11,grad_norm_mean,0.07326118903414856
large,R-HOR,GRU,12,grad_norm_mean,0.06167114192559835
large,R-HOR,GRU,13,grad_norm_mean,0.041994653026302974
large,R-HOR,GRU,14,grad_norm_mean,0.042229218062974756
large,R-HOR,GRU,15,grad_norm_mean,0.07135439093314833
large,R-HOR,GRU,16,grad_norm_mean,0.061595344225004796
large,R-HOR,GRU,17,grad_norm_mean,0.0311134118556736
large,R-HOR,GRU,18,grad_norm_mean,0.04829507176914523
large,R-HOR,GRU,19,grad_norm_mean,0.046864808567108646
large,R-HOR,GRU,20,grad_norm_mean,0.04015645042302147
large,R-HOR,GRU,21,grad_norm_mean,0.03776988759636879
large,R-HOR,GRU,22,grad_norm_mean,0.03202988934372702
large,R-HOR,GRU,23,grad_norm_mean,0.04265111159052579
large,R-HOR,GRU,24,grad_norm_mean,0.048691348533236214
large,R-HOR,GRU,25,grad_norm_mean,0.035622344502518256
large,R-HOR,GRU,26,grad_norm_mean,0.03885388345788083
large,R-HOR,GRU,27,grad_norm_mean,0.0342062238543745
large,R-HOR,GRU,28,grad_norm_mean,0.03407852039221795
large,R-HOR,GRU,29,grad_norm_mean,0.026662728448788964
large,R-HOR,GRU,30,grad_norm_mean,0.04019924337344785
large,R-HOR,GRU,31,grad_norm_mean,0.03169786745321847
large,R-HOR,GRU,32,grad_norm_mean,0.0398718444330077
large,R-HOR,GRU,33,grad_norm_mean,0.035623973445786584
large,R-HOR,GRU,34,grad_norm_mean,0.03737233020365238
large,R-HOR,GRU,35,grad_norm_mean,0.030072308460911436
large,R-HOR,GRU,36,grad_norm_mean,0.024675219349803462
large,R-HOR,GRU,37,grad_norm_mean,0.036931806304041415
large,R-HOR,GRU,38,grad_norm_mean,0.038244480687764384
large,R-HOR,GRU,39,grad_norm_mean,0.038962155790819276
large,R-HOR,GRU,40,grad_norm_mean,0.030144442804157734
large,R-HOR,GRU,41,grad_norm_mean,0.03206201955195396
large,R-HOR,GRU,42,grad_norm_mean,0.03563074142702164
large,R-HOR,GRU,43,grad_norm_mean,0.04050855023125487
large,R-HOR,GRU,44,grad_norm_mean,0.03553218139155257
large,R-HOR,GRU,45,grad_norm_mean,0.028617550498775898
large,R-HOR,GRU,46,grad_norm_mean,0.029016371275628765
large,R-HOR,GRU,47,grad_norm_mean,0.028018239945653948
large,R-HOR,GRU,48,grad_norm_mean,0.03600074531089875
large,R-HOR,GRU,49,grad_norm_mean,0.03123706498093182
large,R-HOR,GRU,50,grad_norm_mean,0.028240359718761137
large,R-HOR,GRU,51,grad_norm_mean,0.03637939454206536
large,R-HOR,GRU,52,grad_norm_mean,0.03739192087443605
large,R-HOR,GRU,53,grad_norm_mean,0.04103994018007671
large,R-HOR,GRU,54,grad_norm_mean,0.028837616825776714
large,R-HOR,GRU,55,grad_norm_mean,0.034213428055086446
large,R-HOR,GRU,56,grad_norm_mean,0.029613926976678834
large,R-HOR,GRU,57,grad_norm_mean,0.02761428857282285
large,R-HOR,GRU,58,grad_norm_mean,0.031192313849685654
large,R-HOR,GRU,59,grad_norm_mean,0.026834589188858386
large,R-HOR,GRU,60,grad_norm_mean,0.024993272903825966
large,R-HOR,GRU,61,grad_norm_mean,0.03632354039338327
large,R-HOR,GRU,62,grad_norm_mean,0.024224147561096376
large,R-HOR,GRU,63,grad_norm_mean,0.026941271979481943
large,R-HOR,GRU,64,grad_norm_mean,0.031098746243984468
large,R-HOR,GRU,65,grad_norm_mean,0.023822272827308023
large,R-HOR,GRU,66,grad_norm_mean,0.03160211546046118
large,R-HOR,GRU,67,grad_norm_mean,0.038027696792156465
large,R-HOR,GRU,68,grad_norm_mean,0.027760122632307392
large,R-HOR,GRU,69,grad_norm_mean,0.028192463661393812
large,R-HOR,GRU,70,grad_norm_mean,0.033283482125449564
large,R-HOR,GRU,71,grad_norm_mean,0.03305931719801118
large,R-HOR,GRU,72,grad_norm_mean,0.03397717606276274
large,R-HOR,GRU,73,grad_norm_mean,0.02884869079195684
large,R-HOR,GRU,74,grad_norm_mean,0.02973145576975038
large,R-HOR,sig2,0,grad_norm_mean,0.2130524474477786
large,R-HOR,sig2,1,grad_norm_mean,0.005330861869057821
large,R-HOR,sig2,2,grad_norm_mean,0.0337164364905367
large,R-HOR,sig2,3,grad_norm_mean,0.040018510809468645
large,R-HOR,sig2,4,grad_norm_mean,0.06342290365888227
large,R-HOR,sig2,5,grad_norm_mean,0.056853111142352704
large,R-HOR,sig2,6,grad_norm_mean,0.060972268512893106
large,R-HOR,sig2,7,grad_norm_mean,0.08391809917145199
large,R-HOR,sig2,8,grad_norm_mean,0.07222222656972947
large,R-HOR,sig2,9,grad_norm_mean,0.05589416340714501
large,R-HOR,sig2,10,grad_norm_mean,0.0903196899340518
large,R-HOR,sig2,11,grad_norm_mean,0.06818774611418767
large,R-HOR,sig2,12,grad_norm_mean,0.08355908608064055
large,R-HOR,sig2,13,grad_norm_mean,0.05858558266153259
large,R-HOR,sig2,14,grad_norm_mean,0.06722847651690245
large,R-HOR,sig2,15,grad_norm_mean,0.10759369692494793
large,R-HOR,sig2,16,grad_norm_mean,0.0922722001409819
large,R-HOR,sig2,17,grad_norm_mean,0.0533889842730376
large,R-HOR,sig2,18,grad_norm_mean,0.0584599937222177
large,R-HOR,sig2,19,grad_norm_mean,0.06802647110194929
large,R-HOR,sig2,20,grad_norm_mean,0.08196398002966758
large,R-HOR,sig2,21,grad_norm_mean,0.08767772892550114
large,R-HOR,sig2,22,grad_norm_mean,0.09119909301760697
large,R-HOR,sig2,23,grad_norm_mean,0.0867620627546022
large,R-HOR,sig2,24,grad_norm_mean,0.07069865548081937
large,R-HOR,sig2,25,grad_norm_mean,0.0667290766723454
large,R-HOR,sig2,26,grad_norm_mean,0.07182770120280405
large,R-HOR,sig2,27,grad_norm_mean,0.06165990702086879
large,R-HOR,sig2,28,grad_norm_mean,0.07430191749646779
large,R-HOR,sig2,29,grad_norm_mean,0.07310043341450152
large,R-HOR,sig2,30,grad_norm_mean,0.0709311059646068
large,R-HOR,sig2,31,grad_norm_mean,0.0667044832220962
large,R-HOR,sig2,32,grad_norm_mean,0.0931853300951902
large,R-HOR,sig2,33,grad_norm_mean,0.10001011625412971
large,R-HOR,sig2,34,grad_norm_mean,0.05164927379378388
large,R-HOR,sig2,35,grad_norm_mean,0.07317798272255928
large,R-HOR,sig2,36,grad_norm_mean,0.05811758309362396
large,R-HOR,sig2,37,grad_norm_mean,0.08851119100807174
large,R-HOR,sig2,38,grad_norm_mean,0.08679654737634043
large,R-HOR,sig2,39,grad_norm_mean,0.07490051958349443
large,R-HOR,sig2,40,grad_norm_mean,0.06880732331304781
large,R-HOR,sig2,41,grad_norm_mean,0.09623116441071033
large,R-HOR,sig2,42,grad_norm_mean,0.08751233778293094
large,R-HOR,sig2,43,grad_norm_mean,0.08528390280421703
large,R-HOR,sig2,44,grad_norm_mean,0.07739867735654116
large,R-HOR,sig2,45,grad_norm_mean,0.07213106084494822
large,R-HOR,sig2,46,grad_norm_mean,0.07956627706786798
large,R-HOR,sig2,47,grad_norm_mean,0.07722081676606209
large,R-HOR,sig2,48,grad_norm_mean,0.05213289575711373
large,R-HOR,sig2,49,grad_norm_mean,0.05606750416899881
large,R-HOR,sig2,50,grad_norm_mean,0.05235328092690437
large,R-HOR,sig2,51,grad_norm_mean,0.07865830324590206
large,R-HOR,sig2,52,grad_norm_mean,0.0657419259209306
large,R-HOR,sig2,53,grad_norm_mean,0.07476232663517998
large,R-HOR,sig2,54,grad_norm_mean,0.09208481500466023
large,R-HOR,sig2,55,grad_norm_mean,0.10853642008958324
large,R-HOR,sig2,56,grad_norm_mean,0.08294621758884
large,R-HOR,sig2,57,grad_norm_mean,0.06836168879582998
large,R-HOR,sig2,58,grad_norm_mean,0.06246699011253734
large,R-HOR,sig2,59,grad_norm_mean,0.06709552658421378
large,R-HOR,sig2,60,grad_norm_mean,0.09164442752878513
large,R-HOR,sig2,61,grad_norm_mean,0.08360248228775398
large,R-HOR,sig2,62,grad_norm_mean,0.07325910203038685
large,R-HOR,sig2,63,grad_norm_mean,0.08320118619068977
large,R-HOR,sig2,64,grad_norm_mean,0.06787418904564073
large,R-HOR,sig2,65,grad_norm_mean,0.08770402010169721
large,R-HOR,sig2,66,grad_norm_mean,0.0549729896348811
large,R-HOR,sig2,67,grad_norm_mean,0.06667840890886803
large,R-HOR,sig2,68,grad_norm_mean,0.08898450064683153
large,R-HOR,sig2,69,grad_norm_mean,0.07781295138861864
large,R-HOR,sig2,70,grad_norm_mean,0.06314498441474091
large,R-HOR,sig2,71,grad_norm_mean,0.09500640955182814
large,R-HOR,sig2,72,grad_norm_mean,0.08946448246077184
large,R-HOR,sig2,73,grad_norm_mean,0.0952454514561161
large,R-HOR,sig2,74,grad_norm_mean,0.06943715048292952
large,R-GPU,FFN,0,update_to_weight_ratio,0.11373636871576309
large,R-GPU,FFN,1,update_to_weight_ratio,0.07894856482744217
large,R-GPU,FFN,2,update_to_weight_ratio,0.03980809077620506
large,R-GPU,FFN,3,update_to_weight_ratio,0.022033391520380974
large,R-GPU,FFN,4,update_to_weight_ratio,0.022715382277965546
large,R-GPU,FFN,5,update_to_weight_ratio,0.017473146319389343
large,R-GPU,FFN,6,update_to_weight_ratio,0.0257556214928627
large,R-GPU,FFN,7,update_to_weight_ratio,0.042463503777980804
large,R-GPU,FFN,8,update_to_weight_ratio,0.03637302666902542
large,R-GPU,FFN,9,update_to_weight_ratio,0.030489657074213028
large,R-GPU,FFN,10,update_to_weight_ratio,0.024577168747782707
large,R-GPU,FFN,11,update_to_weight_ratio,0.021244598552584648
large,R-GPU,FFN,12,update_to_weight_ratio,0.019836559891700745
large,R-GPU,FFN,13,update_to_weight_ratio,0.016154106706380844
large,R-GPU,FFN,14,update_to_weight_ratio,0.014920806512236595
large,R-GPU,FFN,15,update_to_weight_ratio,0.014491076581180096
large,R-GPU,FFN,16,update_to_weight_ratio,0.013018372468650341
large,R-GPU,FFN,17,update_to_weight_ratio,0.013430858962237835
large,R-GPU,FFN,18,update_to_weight_ratio,0.010401339270174503
large,R-GPU,FFN,19,update_to_weight_ratio,0.012350554578006268
large,R-GPU,FFN,20,update_to_weight_ratio,0.01134970597922802
large,R-GPU,FFN,21,update_to_weight_ratio,0.011031325906515121
large,R-GPU,FFN,22,update_to_weight_ratio,0.01072963047772646
large,R-GPU,FFN,23,update_to_weight_ratio,0.010031661950051785
large,R-GPU,FFN,24,update_to_weight_ratio,0.010477310977876186
large,R-GPU,FFN,25,update_to_weight_ratio,0.009775036945939064
large,R-GPU,FFN,26,update_to_weight_ratio,0.010179638862609863
large,R-GPU,FFN,27,update_to_weight_ratio,0.010124953463673592
large,R-GPU,FFN,28,update_to_weight_ratio,0.010096825659275055
large,R-GPU,FFN,29,update_to_weight_ratio,0.010203173384070396
large,R-GPU,FFN,30,update_to_weight_ratio,0.008552261628210545
large,R-GPU,FFN,31,update_to_weight_ratio,0.008332309313118458
large,R-GPU,FFN,32,update_to_weight_ratio,0.014910120517015457
large,R-GPU,FFN,33,update_to_weight_ratio,0.011946676298975945
large,R-GPU,FFN,34,update_to_weight_ratio,0.010820722207427025
large,R-GPU,FFN,35,update_to_weight_ratio,0.011991387233138084
large,R-GPU,FFN,36,update_to_weight_ratio,0.007318394258618355
large,R-GPU,FFN,37,update_to_weight_ratio,0.009041208773851395
large,R-GPU,FFN,38,update_to_weight_ratio,0.00850018858909607
large,R-GPU,FFN,39,update_to_weight_ratio,0.0072797201573848724
large,R-GPU,FFN,40,update_to_weight_ratio,0.008384899236261845
large,R-GPU,FFN,41,update_to_weight_ratio,0.007741212844848633
large,R-GPU,FFN,42,update_to_weight_ratio,0.007346015423536301
large,R-GPU,FFN,43,update_to_weight_ratio,0.007693069521337748
large,R-GPU,FFN,44,update_to_weight_ratio,0.007663133554160595
large,R-GPU,FFN,45,update_to_weight_ratio,0.00788255874067545
large,R-GPU,FFN,46,update_to_weight_ratio,0.006695905234664679
large,R-GPU,FFN,47,update_to_weight_ratio,0.00640730420127511
large,R-GPU,FFN,48,update_to_weight_ratio,0.006582073401659727
large,R-GPU,FFN,49,update_to_weight_ratio,0.006881189998239279
large,R-GPU,GRU,0,update_to_weight_ratio,0.1321927011013031
large,R-GPU,GRU,1,update_to_weight_ratio,0.10158823430538177
large,R-GPU,GRU,2,update_to_weight_ratio,0.0648614838719368
large,R-GPU,GRU,3,update_to_weight_ratio,0.0327347069978714
large,R-GPU,GRU,4,update_to_weight_ratio,0.016582269221544266
large,R-GPU,GRU,5,update_to_weight_ratio,0.01349366270005703
large,R-GPU,GRU,6,update_to_weight_ratio,0.015079564414918423
large,R-GPU,GRU,7,update_to_weight_ratio,0.03364131972193718
large,R-GPU,GRU,8,update_to_weight_ratio,0.048800211399793625
large,R-GPU,GRU,9,update_to_weight_ratio,0.04606317728757858
large,R-GPU,GRU,10,update_to_weight_ratio,0.03637639060616493
large,R-GPU,GRU,11,update_to_weight_ratio,0.033297449350357056
large,R-GPU,GRU,12,update_to_weight_ratio,0.029768893495202065
large,R-GPU,GRU,13,update_to_weight_ratio,0.027495235204696655
large,R-GPU,GRU,14,update_to_weight_ratio,0.025742853060364723
large,R-GPU,GRU,15,update_to_weight_ratio,0.023696590214967728
large,R-GPU,GRU,16,update_to_weight_ratio,0.022343000397086143
large,R-GPU,GRU,17,update_to_weight_ratio,0.02091057412326336
large,R-GPU,GRU,18,update_to_weight_ratio,0.01976003311574459
large,R-GPU,GRU,19,update_to_weight_ratio,0.017654769122600555
large,R-GPU,GRU,20,update_to_weight_ratio,0.01766882836818695
large,R-GPU,GRU,21,update_to_weight_ratio,0.017803361639380455
large,R-GPU,GRU,22,update_to_weight_ratio,0.018835097551345825
large,R-GPU,GRU,23,update_to_weight_ratio,0.019901268184185028
large,R-GPU,GRU,24,update_to_weight_ratio,0.02162519469857216
large,R-GPU,GRU,25,update_to_weight_ratio,0.021327722817659378
large,R-GPU,GRU,26,update_to_weight_ratio,0.01908344216644764
large,R-GPU,GRU,27,update_to_weight_ratio,0.018250171095132828
large,R-GPU,GRU,28,update_to_weight_ratio,0.019938189536333084
large,R-GPU,GRU,29,update_to_weight_ratio,0.017290184274315834
large,R-GPU,GRU,30,update_to_weight_ratio,0.016247354447841644
large,R-GPU,GRU,31,update_to_weight_ratio,0.014483556151390076
large,R-GPU,GRU,32,update_to_weight_ratio,0.013803592883050442
large,R-GPU,GRU,33,update_to_weight_ratio,0.013651675544679165
large,R-GPU,GRU,34,update_to_weight_ratio,0.012135324068367481
large,R-GPU,GRU,35,update_to_weight_ratio,0.01180342584848404
large,R-GPU,GRU,36,update_to_weight_ratio,0.011779502965509892
large,R-GPU,GRU,37,update_to_weight_ratio,0.011200161650776863
large,R-GPU,GRU,38,update_to_weight_ratio,0.011568226851522923
large,R-GPU,GRU,39,update_to_weight_ratio,0.011834950186312199
large,R-GPU,GRU,40,update_to_weight_ratio,0.011636601760983467
large,R-GPU,GRU,41,update_to_weight_ratio,0.012524287216365337
large,R-GPU,GRU,42,update_to_weight_ratio,0.012549652718007565
large,R-GPU,GRU,43,update_to_weight_ratio,0.011958034709095955
large,R-GPU,GRU,44,update_to_weight_ratio,0.011219958774745464
large,R-GPU,GRU,45,update_to_weight_ratio,0.011758511886000633
large,R-GPU,GRU,46,update_to_weight_ratio,0.012611347250640392
large,R-GPU,GRU,47,update_to_weight_ratio,0.011603884398937225
large,R-GPU,GRU,48,update_to_weight_ratio,0.011884942650794983
large,R-GPU,GRU,49,update_to_weight_ratio,0.011901202611625195
large,R-GPU,sig2,0,update_to_weight_ratio,0.14615868031978607
large,R-GPU,sig2,1,update_to_weight_ratio,0.14934267103672028
large,R-GPU,sig2,2,update_to_weight_ratio,0.07629591971635818
large,R-GPU,sig2,3,update_to_weight_ratio,0.04137586057186127
large,R-GPU,sig2,4,update_to_weight_ratio,0.03533618524670601
large,R-GPU,sig2,5,update_to_weight_ratio,0.03267257288098335
large,R-GPU,sig2,6,update_to_weight_ratio,0.037793662399053574
large,R-GPU,sig2,7,update_to_weight_ratio,0.06536281853914261
large,R-GPU,sig2,8,update_to_weight_ratio,0.07437863945960999
large,R-GPU,sig2,9,update_to_weight_ratio,0.07580365985631943
large,R-GPU,sig2,10,update_to_weight_ratio,0.06545305252075195
large,R-GPU,sig2,11,update_to_weight_ratio,0.05971679836511612
large,R-GPU,sig2,12,update_to_weight_ratio,0.046667955815792084
large,R-GPU,sig2,13,update_to_weight_ratio,0.04240984842181206
large,R-GPU,sig2,14,update_to_weight_ratio,0.03749582916498184
large,R-GPU,sig2,15,update_to_weight_ratio,0.03089616820216179
large,R-GPU,sig2,16,update_to_weight_ratio,0.02857798896729946
large,R-GPU,sig2,17,update_to_weight_ratio,0.027522388845682144
large,R-GPU,sig2,18,update_to_weight_ratio,0.029963044449687004
large,R-GPU,sig2,19,update_to_weight_ratio,0.028257839381694794
large,R-GPU,sig2,20,update_to_weight_ratio,0.024066351354122162
large,R-GPU,sig2,21,update_to_weight_ratio,0.02379724197089672
large,R-GPU,sig2,22,update_to_weight_ratio,0.02305968478322029
large,R-GPU,sig2,23,update_to_weight_ratio,0.021173181012272835
large,R-GPU,sig2,24,update_to_weight_ratio,0.017193904146552086
large,R-GPU,sig2,25,update_to_weight_ratio,0.020738894119858742
large,R-GPU,sig2,26,update_to_weight_ratio,0.019912490621209145
large,R-GPU,sig2,27,update_to_weight_ratio,0.01696571707725525
large,R-GPU,sig2,28,update_to_weight_ratio,0.016655949875712395
large,R-GPU,sig2,29,update_to_weight_ratio,0.016000596806406975
large,R-GPU,sig2,30,update_to_weight_ratio,0.014718428254127502
large,R-GPU,sig2,31,update_to_weight_ratio,0.012305892072618008
large,R-GPU,sig2,32,update_to_weight_ratio,0.01220651250332594
large,R-GPU,sig2,33,update_to_weight_ratio,0.011489040218293667
large,R-GPU,sig2,34,update_to_weight_ratio,0.010695496574044228
large,R-GPU,sig2,35,update_to_weight_ratio,0.010529927909374237
large,R-GPU,sig2,36,update_to_weight_ratio,0.011190871708095074
large,R-GPU,sig2,37,update_to_weight_ratio,0.011599832214415073
large,R-GPU,sig2,38,update_to_weight_ratio,0.010655200108885765
large,R-GPU,sig2,39,update_to_weight_ratio,0.011355582624673843
large,R-GPU,sig2,40,update_to_weight_ratio,0.011319688521325588
large,R-GPU,sig2,41,update_to_weight_ratio,0.0107366181910038
large,R-GPU,sig2,42,update_to_weight_ratio,0.011249168775975704
large,R-GPU,sig2,43,update_to_weight_ratio,0.010963615961372852
large,R-GPU,sig2,44,update_to_weight_ratio,0.010795464739203453
large,R-GPU,sig2,45,update_to_weight_ratio,0.010708289220929146
large,R-GPU,sig2,46,update_to_weight_ratio,0.009447937831282616
large,R-GPU,sig2,47,update_to_weight_ratio,0.010311217978596687
large,R-GPU,sig2,48,update_to_weight_ratio,0.010404502041637897
large,R-GPU,sig2,49,update_to_weight_ratio,0.009340197779238224
large,R-NTBN,FFN,0,update_to_weight_ratio,0.05064082145690918
large,R-NTBN,FFN,1,update_to_weight_ratio,0.03565208986401558
large,R-NTBN,FFN,2,update_to_weight_ratio,0.030688684433698654
large,R-NTBN,FFN,3,update_to_weight_ratio,0.026355834677815437
large,R-NTBN,FFN,4,update_to_weight_ratio,0.02443777024745941
large,R-NTBN,FFN,5,update_to_weight_ratio,0.021642396226525307
large,R-NTBN,FFN,6,update_to_weight_ratio,0.01945461332798004
large,R-NTBN,FFN,7,update_to_weight_ratio,0.01768539659678936
large,R-NTBN,FFN,8,update_to_weight_ratio,0.016320986673235893
large,R-NTBN,FFN,9,update_to_weight_ratio,0.015228147618472576
large,R-NTBN,FFN,10,update_to_weight_ratio,0.014343822374939919
large,R-NTBN,FFN,11,update_to_weight_ratio,0.0136064188554883
large,R-NTBN,FFN,12,update_to_weight_ratio,0.013041132129728794
large,R-NTBN,FFN,13,update_to_weight_ratio,0.012710963375866413
large,R-NTBN,FFN,14,update_to_weight_ratio,0.012384496629238129
large,R-NTBN,FFN,15,update_to_weight_ratio,0.012015129439532757
large,R-NTBN,FFN,16,update_to_weight_ratio,0.011617420241236687
large,R-NTBN,FFN,17,update_to_weight_ratio,0.01129450649023056
large,R-NTBN,FFN,18,update_to_weight_ratio,0.01036885753273964
large,R-NTBN,FFN,19,update_to_weight_ratio,0.009517771191895008
large,R-NTBN,FFN,20,update_to_weight_ratio,0.008659988641738892
large,R-NTBN,FFN,21,update_to_weight_ratio,0.007684377487748861
large,R-NTBN,FFN,22,update_to_weight_ratio,0.0069188643246889114
large,R-NTBN,FFN,23,update_to_weight_ratio,0.006277855020016432
large,R-NTBN,FFN,24,update_to_weight_ratio,0.005901924334466457
large,R-NTBN,FFN,25,update_to_weight_ratio,0.005707991775125265
large,R-NTBN,FFN,26,update_to_weight_ratio,0.005526293069124222
large,R-NTBN,FFN,27,update_to_weight_ratio,0.005475823767483234
large,R-NTBN,FFN,28,update_to_weight_ratio,0.005286735948175192
large,R-NTBN,FFN,29,update_to_weight_ratio,0.005069904029369354
large,R-NTBN,FFN,30,update_to_weight_ratio,0.004889305680990219
large,R-NTBN,FFN,31,update_to_weight_ratio,0.004840700421482325
large,R-NTBN,FFN,32,update_to_weight_ratio,0.00483514741063118
large,R-NTBN,FFN,33,update_to_weight_ratio,0.005026116501539946
large,R-NTBN,FFN,34,update_to_weight_ratio,0.0049350690096616745
large,R-NTBN,FFN,35,update_to_weight_ratio,0.005007184576243162
large,R-NTBN,FFN,36,update_to_weight_ratio,0.004915885627269745
large,R-NTBN,FFN,37,update_to_weight_ratio,0.004976526368409395
large,R-NTBN,FFN,38,update_to_weight_ratio,0.004632504191249609
large,R-NTBN,FFN,39,update_to_weight_ratio,0.004213311243802309
large,R-NTBN,FFN,40,update_to_weight_ratio,0.004133494570851326
large,R-NTBN,FFN,41,update_to_weight_ratio,0.004175552632659674
large,R-NTBN,FFN,42,update_to_weight_ratio,0.004435867536813021
large,R-NTBN,FFN,43,update_to_weight_ratio,0.00502910977229476
large,R-NTBN,FFN,44,update_to_weight_ratio,0.005816344637423754
large,R-NTBN,FFN,45,update_to_weight_ratio,0.006480042822659016
large,R-NTBN,FFN,46,update_to_weight_ratio,0.006320263724774122
large,R-NTBN,FFN,47,update_to_weight_ratio,0.006359015591442585
large,R-NTBN,FFN,48,update_to_weight_ratio,0.005909064318984747
large,R-NTBN,FFN,49,update_to_weight_ratio,0.005805693566799164
large,R-NTBN,FFN,50,update_to_weight_ratio,0.005844767205417156
large,R-NTBN,FFN,51,update_to_weight_ratio,0.005879210773855448
large,R-NTBN,FFN,52,update_to_weight_ratio,0.005846426356583834
large,R-NTBN,FFN,53,update_to_weight_ratio,0.0066618178971111774
large,R-NTBN,FFN,54,update_to_weight_ratio,0.006778194569051266
large,R-NTBN,FFN,55,update_to_weight_ratio,0.007118808105587959
large,R-NTBN,FFN,56,update_to_weight_ratio,0.007617240771651268
large,R-NTBN,FFN,57,update_to_weight_ratio,0.007696543354541063
large,R-NTBN,FFN,58,update_to_weight_ratio,0.008318335749208927
large,R-NTBN,FFN,59,update_to_weight_ratio,0.009002180770039558
large,R-NTBN,FFN,60,update_to_weight_ratio,0.008774488233029842
large,R-NTBN,FFN,61,update_to_weight_ratio,0.00903941411525011
large,R-NTBN,FFN,62,update_to_weight_ratio,0.009363921359181404
large,R-NTBN,FFN,63,update_to_weight_ratio,0.00959825050085783
large,R-NTBN,FFN,64,update_to_weight_ratio,0.00987076573073864
large,R-NTBN,FFN,65,update_to_weight_ratio,0.00968007929623127
large,R-NTBN,FFN,66,update_to_weight_ratio,0.00996160227805376
large,R-NTBN,FFN,67,update_to_weight_ratio,0.01004730723798275
large,R-NTBN,FFN,68,update_to_weight_ratio,0.009900142438709736
large,R-NTBN,FFN,69,update_to_weight_ratio,0.009612194262444973
large,R-NTBN,FFN,70,update_to_weight_ratio,0.00947802048176527
large,R-NTBN,FFN,71,update_to_weight_ratio,0.009336907416582108
large,R-NTBN,FFN,72,update_to_weight_ratio,0.00928785465657711
large,R-NTBN,FFN,73,update_to_weight_ratio,0.009280296973884106
large,R-NTBN,FFN,74,update_to_weight_ratio,0.00877153780311346
large,R-NTBN,FFN,75,update_to_weight_ratio,0.008897620253264904
large,R-NTBN,FFN,76,update_to_weight_ratio,0.008953998796641827
large,R-NTBN,FFN,77,update_to_weight_ratio,0.008144300431013107
large,R-NTBN,FFN,78,update_to_weight_ratio,0.0077631487511098385
large,R-NTBN,FFN,79,update_to_weight_ratio,0.007364979479461908
large,R-NTBN,FFN,80,update_to_weight_ratio,0.00722841639071703
large,R-NTBN,FFN,81,update_to_weight_ratio,0.007469979114830494
large,R-NTBN,FFN,82,update_to_weight_ratio,0.006961626932024956
large,R-NTBN,FFN,83,update_to_weight_ratio,0.006204396951943636
large,R-NTBN,FFN,84,update_to_weight_ratio,0.0059597487561404705
large,R-NTBN,FFN,85,update_to_weight_ratio,0.005473834462463856
large,R-NTBN,FFN,86,update_to_weight_ratio,0.005283433943986893
large,R-NTBN,FFN,87,update_to_weight_ratio,0.005328967235982418
large,R-NTBN,FFN,88,update_to_weight_ratio,0.005153391510248184
large,R-NTBN,FFN,89,update_to_weight_ratio,0.005143138114362955
large,R-NTBN,FFN,90,update_to_weight_ratio,0.005030956119298935
large,R-NTBN,FFN,91,update_to_weight_ratio,0.0048752655275166035
large,R-NTBN,FFN,92,update_to_weight_ratio,0.004747627768665552
large,R-NTBN,FFN,93,update_to_weight_ratio,0.0043438817374408245
large,R-NTBN,FFN,94,update_to_weight_ratio,0.004105160012841225
large,R-NTBN,FFN,95,update_to_weight_ratio,0.003926003817468882
large,R-NTBN,FFN,96,update_to_weight_ratio,0.0037481144536286592
large,R-NTBN,FFN,97,update_to_weight_ratio,0.00370299955829978
large,R-NTBN,FFN,98,update_to_weight_ratio,0.0037198641803115606
large,R-NTBN,FFN,99,update_to_weight_ratio,0.003834981471300125
large,R-NTBN,FFN,100,update_to_weight_ratio,0.0038678154814988375
large,R-NTBN,FFN,101,update_to_weight_ratio,0.0035863788798451424
large,R-NTBN,FFN,102,update_to_weight_ratio,0.003794121090322733
large,R-NTBN,FFN,103,update_to_weight_ratio,0.0036906893365085125
large,R-NTBN,FFN,104,update_to_weight_ratio,0.0035579579416662455
large,R-NTBN,FFN,105,update_to_weight_ratio,0.003427923657000065
large,R-NTBN,FFN,106,update_to_weight_ratio,0.003190690418705344
large,R-NTBN,FFN,107,update_to_weight_ratio,0.0031033989507704973
large,R-NTBN,FFN,108,update_to_weight_ratio,0.002998004201799631
large,R-NTBN,FFN,109,update_to_weight_ratio,0.002882404252886772
large,R-NTBN,FFN,110,update_to_weight_ratio,0.0030110829975456
large,R-NTBN,FFN,111,update_to_weight_ratio,0.0031286070588976145
large,R-NTBN,FFN,112,update_to_weight_ratio,0.0030927767511457205
large,R-NTBN,FFN,113,update_to_weight_ratio,0.0027929451316595078
large,R-NTBN,FFN,114,update_to_weight_ratio,0.0028913605492562056
large,R-NTBN,FFN,115,update_to_weight_ratio,0.002746008336544037
large,R-NTBN,FFN,116,update_to_weight_ratio,0.0026394613087177277
large,R-NTBN,FFN,117,update_to_weight_ratio,0.00227646273560822
large,R-NTBN,FFN,118,update_to_weight_ratio,0.002329843118786812
large,R-NTBN,FFN,119,update_to_weight_ratio,0.002488193567842245
large,R-NTBN,GRU,0,update_to_weight_ratio,0.05846753343939781
large,R-NTBN,GRU,1,update_to_weight_ratio,0.03885556012392044
large,R-NTBN,GRU,2,update_to_weight_ratio,0.03504321351647377
large,R-NTBN,GRU,3,update_to_weight_ratio,0.031975239515304565
large,R-NTBN,GRU,4,update_to_weight_ratio,0.026551565155386925
large,R-NTBN,GRU,5,update_to_weight_ratio,0.024689026176929474
large,R-NTBN,GRU,6,update_to_weight_ratio,0.024981321766972542
large,R-NTBN,GRU,7,update_to_weight_ratio,0.021941907703876495
large,R-NTBN,GRU,8,update_to_weight_ratio,0.019777756184339523
large,R-NTBN,GRU,9,update_to_weight_ratio,0.02022462710738182
large,R-NTBN,GRU,10,update_to_weight_ratio,0.01818862557411194
large,R-NTBN,GRU,11,update_to_weight_ratio,0.015299568884074688
large,R-NTBN,GRU,12,update_to_weight_ratio,0.013983676210045815
large,R-NTBN,GRU,13,update_to_weight_ratio,0.013556688092648983
large,R-NTBN,GRU,14,update_to_weight_ratio,0.01284700259566307
large,R-NTBN,GRU,15,update_to_weight_ratio,0.011751464568078518
large,R-NTBN,GRU,16,update_to_weight_ratio,0.011011849157512188
large,R-NTBN,GRU,17,update_to_weight_ratio,0.010198382660746574
large,R-NTBN,GRU,18,update_to_weight_ratio,0.009288398548960686
large,R-NTBN,GRU,19,update_to_weight_ratio,0.008423903025686741
large,R-NTBN,GRU,20,update_to_weight_ratio,0.007606842555105686
large,R-NTBN,GRU,21,update_to_weight_ratio,0.00691951671615243
large,R-NTBN,GRU,22,update_to_weight_ratio,0.006555265747010708
large,R-NTBN,GRU,23,update_to_weight_ratio,0.006040474865585566
large,R-NTBN,GRU,24,update_to_weight_ratio,0.005519239231944084
large,R-NTBN,GRU,25,update_to_weight_ratio,0.005039246287196875
large,R-NTBN,GRU,26,update_to_weight_ratio,0.004628024064004421
large,R-NTBN,GRU,27,update_to_weight_ratio,0.004221777431666851
large,R-NTBN,GRU,28,update_to_weight_ratio,0.0038418122567236423
large,R-NTBN,GRU,29,update_to_weight_ratio,0.003496316960081458
large,R-NTBN,GRU,30,update_to_weight_ratio,0.0032283689361065626
large,R-NTBN,GRU,31,update_to_weight_ratio,0.003128394717350602
large,R-NTBN,GRU,32,update_to_weight_ratio,0.003014077665284276
large,R-NTBN,GRU,33,update_to_weight_ratio,0.002853295998647809
large,R-NTBN,GRU,34,update_to_weight_ratio,0.002859059488400817
large,R-NTBN,GRU,35,update_to_weight_ratio,0.002690436551347375
large,R-NTBN,GRU,36,update_to_weight_ratio,0.002562267705798149
large,R-NTBN,GRU,37,update_to_weight_ratio,0.002364551415666938
large,R-NTBN,GRU,38,update_to_weight_ratio,0.0021886934991925955
large,R-NTBN,GRU,39,update_to_weight_ratio,0.001967944670468569
large,R-NTBN,GRU,40,update_to_weight_ratio,0.0017802455695345998
large,R-NTBN,GRU,41,update_to_weight_ratio,0.0017874302575364709
large,R-NTBN,GRU,42,update_to_weight_ratio,0.0021755583584308624
large,R-NTBN,GRU,43,update_to_weight_ratio,0.002527438336983323
large,R-NTBN,GRU,44,update_to_weight_ratio,0.002629318041726947
large,R-NTBN,GRU,45,update_to_weight_ratio,0.002737355651333928
large,R-NTBN,GRU,46,update_to_weight_ratio,0.0028325847815722227
large,R-NTBN,GRU,47,update_to_weight_ratio,0.0029790312983095646
large,R-NTBN,GRU,48,update_to_weight_ratio,0.0033611722756177187
large,R-NTBN,GRU,49,update_to_weight_ratio,0.004092513583600521
large,R-NTBN,GRU,50,update_to_weight_ratio,0.005475479643791914
large,R-NTBN,GRU,51,update_to_weight_ratio,0.0062347399070858955
large,R-NTBN,GRU,52,update_to_weight_ratio,0.008046414703130722
large,R-NTBN,GRU,53,update_to_weight_ratio,0.009526398032903671
large,R-NTBN,GRU,54,update_to_weight_ratio,0.01072620041668415
large,R-NTBN,GRU,55,update_to_weight_ratio,0.012013881467282772
large,R-NTBN,GRU,56,update_to_weight_ratio,0.013568703085184097
large,R-NTBN,GRU,57,update_to_weight_ratio,0.014000043272972107
large,R-NTBN,GRU,58,update_to_weight_ratio,0.01494835689663887
large,R-NTBN,GRU,59,update_to_weight_ratio,0.01387686189264059
large,R-NTBN,GRU,60,update_to_weight_ratio,0.012561285868287086
large,R-NTBN,GRU,61,update_to_weight_ratio,0.011871675960719585
large,R-NTBN,GRU,62,update_to_weight_ratio,0.013023019768297672
large,R-NTBN,GRU,63,update_to_weight_ratio,0.011835455894470215
large,R-NTBN,GRU,64,update_to_weight_ratio,0.012377675622701645
large,R-NTBN,GRU,65,update_to_weight_ratio,0.011633134447038174
large,R-NTBN,GRU,66,update_to_weight_ratio,0.012193385511636734
large,R-NTBN,GRU,67,update_to_weight_ratio,0.011990410275757313
large,R-NTBN,GRU,68,update_to_weight_ratio,0.012527991086244583
large,R-NTBN,GRU,69,update_to_weight_ratio,0.011048516258597374
large,R-NTBN,GRU,70,update_to_weight_ratio,0.0110787870362401
large,R-NTBN,GRU,71,update_to_weight_ratio,0.010900660417973995
large,R-NTBN,GRU,72,update_to_weight_ratio,0.010694775730371475
large,R-NTBN,GRU,73,update_to_weight_ratio,0.008991207927465439
large,R-NTBN,GRU,74,update_to_weight_ratio,0.008849029429256916
large,R-NTBN,GRU,75,update_to_weight_ratio,0.008776026777923107
large,R-NTBN,GRU,76,update_to_weight_ratio,0.007902928628027439
large,R-NTBN,GRU,77,update_to_weight_ratio,0.006919084582477808
large,R-NTBN,GRU,78,update_to_weight_ratio,0.006430662237107754
large,R-NTBN,GRU,79,update_to_weight_ratio,0.006287016905844212
large,R-NTBN,GRU,80,update_to_weight_ratio,0.0059381877072155476
large,R-NTBN,GRU,81,update_to_weight_ratio,0.00535277696326375
large,R-NTBN,GRU,82,update_to_weight_ratio,0.004828355275094509
large,R-NTBN,GRU,83,update_to_weight_ratio,0.0052667842246592045
large,R-NTBN,GRU,84,update_to_weight_ratio,0.0049638873897492886
large,R-NTBN,GRU,85,update_to_weight_ratio,0.004601967521011829
large,R-NTBN,GRU,86,update_to_weight_ratio,0.004725649952888489
large,R-NTBN,GRU,87,update_to_weight_ratio,0.004469132982194424
large,R-NTBN,GRU,88,update_to_weight_ratio,0.004388752393424511
large,R-NTBN,GRU,89,update_to_weight_ratio,0.004608764313161373
large,R-NTBN,GRU,90,update_to_weight_ratio,0.004584703594446182
large,R-NTBN,GRU,91,update_to_weight_ratio,0.004702678881585598
large,R-NTBN,GRU,92,update_to_weight_ratio,0.00488172797486186
large,R-NTBN,GRU,93,update_to_weight_ratio,0.004599863197654486
large,R-NTBN,GRU,94,update_to_weight_ratio,0.0046176305040717125
large,R-NTBN,GRU,95,update_to_weight_ratio,0.004812183324247599
large,R-NTBN,GRU,96,update_to_weight_ratio,0.0049147470854222775
large,R-NTBN,GRU,97,update_to_weight_ratio,0.004615343175828457
large,R-NTBN,GRU,98,update_to_weight_ratio,0.00451156310737133
large,R-NTBN,GRU,99,update_to_weight_ratio,0.004439556505531073
large,R-NTBN,GRU,100,update_to_weight_ratio,0.00447470135986805
large,R-NTBN,GRU,101,update_to_weight_ratio,0.004435766022652388
large,R-NTBN,GRU,102,update_to_weight_ratio,0.00448621716350317
large,R-NTBN,GRU,103,update_to_weight_ratio,0.004460219293832779
large,R-NTBN,GRU,104,update_to_weight_ratio,0.004291577730327845
large,R-NTBN,GRU,105,update_to_weight_ratio,0.00423393165692687
large,R-NTBN,GRU,106,update_to_weight_ratio,0.0041913921013474464
large,R-NTBN,GRU,107,update_to_weight_ratio,0.004156618379056454
large,R-NTBN,GRU,108,update_to_weight_ratio,0.004150733817368746
large,R-NTBN,GRU,109,update_to_weight_ratio,0.004037845879793167
large,R-NTBN,GRU,110,update_to_weight_ratio,0.003824250539764762
large,R-NTBN,GRU,111,update_to_weight_ratio,0.0036606488283723593
large,R-NTBN,GRU,112,update_to_weight_ratio,0.003508840687572956
large,R-NTBN,GRU,113,update_to_weight_ratio,0.0034186134580522776
large,R-NTBN,GRU,114,update_to_weight_ratio,0.003403568174690008
large,R-NTBN,GRU,115,update_to_weight_ratio,0.003487453330308199
large,R-NTBN,GRU,116,update_to_weight_ratio,0.0036064740270376205
large,R-NTBN,GRU,117,update_to_weight_ratio,0.0036931189242750406
large,R-NTBN,GRU,118,update_to_weight_ratio,0.0038296557031571865
large,R-NTBN,GRU,119,update_to_weight_ratio,0.003790033981204033
large,R-NTBN,sig2,0,update_to_weight_ratio,0.04429227486252785
large,R-NTBN,sig2,1,update_to_weight_ratio,0.03377372398972511
large,R-NTBN,sig2,2,update_to_weight_ratio,0.03259755298495293
large,R-NTBN,sig2,3,update_to_weight_ratio,0.031000426039099693
large,R-NTBN,sig2,4,update_to_weight_ratio,0.030118850991129875
large,R-NTBN,sig2,5,update_to_weight_ratio,0.0301973856985569
large,R-NTBN,sig2,6,update_to_weight_ratio,0.03132053092122078
large,R-NTBN,sig2,7,update_to_weight_ratio,0.030955146998167038
large,R-NTBN,sig2,8,update_to_weight_ratio,0.02835087478160858
large,R-NTBN,sig2,9,update_to_weight_ratio,0.026009151712059975
large,R-NTBN,sig2,10,update_to_weight_ratio,0.02372811920940876
large,R-NTBN,sig2,11,update_to_weight_ratio,0.021643778309226036
large,R-NTBN,sig2,12,update_to_weight_ratio,0.019535893574357033
large,R-NTBN,sig2,13,update_to_weight_ratio,0.017743311822414398
large,R-NTBN,sig2,14,update_to_weight_ratio,0.015980860218405724
large,R-NTBN,sig2,15,update_to_weight_ratio,0.014445114880800247
large,R-NTBN,sig2,16,update_to_weight_ratio,0.013057702220976353
large,R-NTBN,sig2,17,update_to_weight_ratio,0.011829491704702377
large,R-NTBN,sig2,18,update_to_weight_ratio,0.010939612053334713
large,R-NTBN,sig2,19,update_to_weight_ratio,0.009911463595926762
large,R-NTBN,sig2,20,update_to_weight_ratio,0.00898673478513956
large,R-NTBN,sig2,21,update_to_weight_ratio,0.008157473988831043
large,R-NTBN,sig2,22,update_to_weight_ratio,0.007532236631959677
large,R-NTBN,sig2,23,update_to_weight_ratio,0.007043032441288233
large,R-NTBN,sig2,24,update_to_weight_ratio,0.006704480387270451
large,R-NTBN,sig2,25,update_to_weight_ratio,0.006276398431509733
large,R-NTBN,sig2,26,update_to_weight_ratio,0.0059107220731675625
large,R-NTBN,sig2,27,update_to_weight_ratio,0.005751950200647116
large,R-NTBN,sig2,28,update_to_weight_ratio,0.00542124267667532
large,R-NTBN,sig2,29,update_to_weight_ratio,0.005371619947254658
large,R-NTBN,sig2,30,update_to_weight_ratio,0.005527524743229151
large,R-NTBN,sig2,31,update_to_weight_ratio,0.00565798394382
large,R-NTBN,sig2,32,update_to_weight_ratio,0.005694157909601927
large,R-NTBN,sig2,33,update_to_weight_ratio,0.005650992970913649
large,R-NTBN,sig2,34,update_to_weight_ratio,0.005911719053983688
large,R-NTBN,sig2,35,update_to_weight_ratio,0.006477313581854105
large,R-NTBN,sig2,36,update_to_weight_ratio,0.006889729294925928
large,R-NTBN,sig2,37,update_to_weight_ratio,0.006629686336964369
large,R-NTBN,sig2,38,update_to_weight_ratio,0.006431874819099903
large,R-NTBN,sig2,39,update_to_weight_ratio,0.006350475363433361
large,R-NTBN,sig2,40,update_to_weight_ratio,0.0062002213671803474
large,R-NTBN,sig2,41,update_to_weight_ratio,0.0060195461846888065
large,R-NTBN,sig2,42,update_to_weight_ratio,0.00581072922796011
large,R-NTBN,sig2,43,update_to_weight_ratio,0.00575218815356493
large,R-NTBN,sig2,44,update_to_weight_ratio,0.005568523891270161
large,R-NTBN,sig2,45,update_to_weight_ratio,0.005872480105608702
large,R-NTBN,sig2,46,update_to_weight_ratio,0.005553478375077248
large,R-NTBN,sig2,47,update_to_weight_ratio,0.0055356714874506
large,R-NTBN,sig2,48,update_to_weight_ratio,0.005591303110122681
large,R-NTBN,sig2,49,update_to_weight_ratio,0.0061159683391451836
large,R-NTBN,sig2,50,update_to_weight_ratio,0.006284711882472038
large,R-NTBN,sig2,51,update_to_weight_ratio,0.0060713100247085094
large,R-NTBN,sig2,52,update_to_weight_ratio,0.006878371816128492
large,R-NTBN,sig2,53,update_to_weight_ratio,0.007302744779735804
large,R-NTBN,sig2,54,update_to_weight_ratio,0.008473253808915615
large,R-NTBN,sig2,55,update_to_weight_ratio,0.0095780985429883
large,R-NTBN,sig2,56,update_to_weight_ratio,0.011075527407228947
large,R-NTBN,sig2,57,update_to_weight_ratio,0.011737971566617489
large,R-NTBN,sig2,58,update_to_weight_ratio,0.012188157998025417
large,R-NTBN,sig2,59,update_to_weight_ratio,0.012718640267848969
large,R-NTBN,sig2,60,update_to_weight_ratio,0.012742489576339722
large,R-NTBN,sig2,61,update_to_weight_ratio,0.012625802308321
large,R-NTBN,sig2,62,update_to_weight_ratio,0.01172938197851181
large,R-NTBN,sig2,63,update_to_weight_ratio,0.011789458803832531
large,R-NTBN,sig2,64,update_to_weight_ratio,0.01191884558647871
large,R-NTBN,sig2,65,update_to_weight_ratio,0.01197716873139143
large,R-NTBN,sig2,66,update_to_weight_ratio,0.012063436210155487
large,R-NTBN,sig2,67,update_to_weight_ratio,0.012138308957219124
large,R-NTBN,sig2,68,update_to_weight_ratio,0.01226803194731474
large,R-NTBN,sig2,69,update_to_weight_ratio,0.01207737997174263
large,R-NTBN,sig2,70,update_to_weight_ratio,0.011747166514396667
large,R-NTBN,sig2,71,update_to_weight_ratio,0.011330214329063892
large,R-NTBN,sig2,72,update_to_weight_ratio,0.010719966143369675
large,R-NTBN,sig2,73,update_to_weight_ratio,0.010005460120737553
large,R-NTBN,sig2,74,update_to_weight_ratio,0.009305457584559917
large,R-NTBN,sig2,75,update_to_weight_ratio,0.00891104992479086
large,R-NTBN,sig2,76,update_to_weight_ratio,0.008715854026377201
large,R-NTBN,sig2,77,update_to_weight_ratio,0.008355378173291683
large,R-NTBN,sig2,78,update_to_weight_ratio,0.008063838817179203
large,R-NTBN,sig2,79,update_to_weight_ratio,0.007806973997503519
large,R-NTBN,sig2,80,update_to_weight_ratio,0.008112461306154728
large,R-NTBN,sig2,81,update_to_weight_ratio,0.007938290946185589
large,R-NTBN,sig2,82,update_to_weight_ratio,0.008133366703987122
large,R-NTBN,sig2,83,update_to_weight_ratio,0.007887057960033417
large,R-NTBN,sig2,84,update_to_weight_ratio,0.007829176262021065
large,R-NTBN,sig2,85,update_to_weight_ratio,0.007667808327823877
large,R-NTBN,sig2,86,update_to_weight_ratio,0.007686891593039036
large,R-NTBN,sig2,87,update_to_weight_ratio,0.007859887555241585
large,R-NTBN,sig2,88,update_to_weight_ratio,0.007822967134416103
large,R-NTBN,sig2,89,update_to_weight_ratio,0.008016668260097504
large,R-NTBN,sig2,90,update_to_weight_ratio,0.008220273070037365
large,R-NTBN,sig2,91,update_to_weight_ratio,0.00853811576962471
large,R-NTBN,sig2,92,update_to_weight_ratio,0.008598404005169868
large,R-NTBN,sig2,93,update_to_weight_ratio,0.008772648870944977
large,R-NTBN,sig2,94,update_to_weight_ratio,0.008334361016750336
large,R-NTBN,sig2,95,update_to_weight_ratio,0.008149276487529278
large,R-NTBN,sig2,96,update_to_weight_ratio,0.007603890728205442
large,R-NTBN,sig2,97,update_to_weight_ratio,0.007114119362086058
large,R-NTBN,sig2,98,update_to_weight_ratio,0.006808406673371792
large,R-NTBN,sig2,99,update_to_weight_ratio,0.006583714857697487
large,R-NTBN,sig2,100,update_to_weight_ratio,0.006553685292601585
large,R-NTBN,sig2,101,update_to_weight_ratio,0.006514659151434898
large,R-NTBN,sig2,102,update_to_weight_ratio,0.006569355260580778
large,R-NTBN,sig2,103,update_to_weight_ratio,0.006598176900297403
large,R-NTBN,sig2,104,update_to_weight_ratio,0.006384848151355982
large,R-NTBN,sig2,105,update_to_weight_ratio,0.006393267773091793
large,R-NTBN,sig2,106,update_to_weight_ratio,0.006255268584936857
large,R-NTBN,sig2,107,update_to_weight_ratio,0.006370986811816692
large,R-NTBN,sig2,108,update_to_weight_ratio,0.006279530934989452
large,R-NTBN,sig2,109,update_to_weight_ratio,0.006363554857671261
large,R-NTBN,sig2,110,update_to_weight_ratio,0.006453240290284157
large,R-NTBN,sig2,111,update_to_weight_ratio,0.006361780222505331
large,R-NTBN,sig2,112,update_to_weight_ratio,0.006747795734554529
large,R-NTBN,sig2,113,update_to_weight_ratio,0.006763811223208904
large,R-NTBN,sig2,114,update_to_weight_ratio,0.00732775591313839
large,R-NTBN,sig2,115,update_to_weight_ratio,0.006991769652813673
large,R-NTBN,sig2,116,update_to_weight_ratio,0.006995857693254948
large,R-NTBN,sig2,117,update_to_weight_ratio,0.00683855963870883
large,R-NTBN,sig2,118,update_to_weight_ratio,0.006628332193940878
large,R-NTBN,sig2,119,update_to_weight_ratio,0.006912292446941137
large,R-SIG,FFN,0,update_to_weight_ratio,0.2954391837120056
large,R-SIG,FFN,1,update_to_weight_ratio,0.07327137142419815
large,R-SIG,FFN,2,update_to_weight_ratio,0.12324769794940948
large,R-SIG,FFN,3,update_to_weight_ratio,0.0858088880777359
large,R-SIG,FFN,4,update_to_weight_ratio,0.07737453281879425
large,R-SIG,FFN,5,update_to_weight_ratio,0.05115170031785965
large,R-SIG,FFN,6,update_to_weight_ratio,0.030798565596342087
large,R-SIG,FFN,7,update_to_weight_ratio,0.03372635319828987
large,R-SIG,FFN,8,update_to_weight_ratio,0.0349145270884037
large,R-SIG,FFN,9,update_to_weight_ratio,0.0352054089307785
large,R-SIG,FFN,10,update_to_weight_ratio,0.03144602105021477
large,R-SIG,FFN,11,update_to_weight_ratio,0.02529602311551571
large,R-SIG,FFN,12,update_to_weight_ratio,0.028098562732338905
large,R-SIG,FFN,13,update_to_weight_ratio,0.03750044107437134
large,R-SIG,FFN,14,update_to_weight_ratio,0.022686734795570374
large,R-SIG,FFN,15,update_to_weight_ratio,0.02593803219497204
large,R-SIG,FFN,16,update_to_weight_ratio,0.022236691787838936
large,R-SIG,FFN,17,update_to_weight_ratio,0.024014675989747047
large,R-SIG,FFN,18,update_to_weight_ratio,0.016286758705973625
large,R-SIG,FFN,19,update_to_weight_ratio,0.02332218736410141
large,R-SIG,FFN,20,update_to_weight_ratio,0.020815327763557434
large,R-SIG,FFN,21,update_to_weight_ratio,0.018281912431120872
large,R-SIG,FFN,22,update_to_weight_ratio,0.018191201612353325
large,R-SIG,FFN,23,update_to_weight_ratio,0.017201872542500496
large,R-SIG,FFN,24,update_to_weight_ratio,0.017754213884472847
large,R-SIG,FFN,25,update_to_weight_ratio,0.017804624512791634
large,R-SIG,FFN,26,update_to_weight_ratio,0.014867433346807957
large,R-SIG,FFN,27,update_to_weight_ratio,0.014547677710652351
large,R-SIG,FFN,28,update_to_weight_ratio,0.015377616509795189
large,R-SIG,FFN,29,update_to_weight_ratio,0.01802472211420536
large,R-SIG,FFN,30,update_to_weight_ratio,0.015135244466364384
large,R-SIG,FFN,31,update_to_weight_ratio,0.013600698672235012
large,R-SIG,FFN,32,update_to_weight_ratio,0.01143184769898653
large,R-SIG,FFN,33,update_to_weight_ratio,0.011041595600545406
large,R-SIG,FFN,34,update_to_weight_ratio,0.010201205499470234
large,R-SIG,FFN,35,update_to_weight_ratio,0.008586596697568893
large,R-SIG,FFN,36,update_to_weight_ratio,0.011278161779046059
large,R-SIG,FFN,37,update_to_weight_ratio,0.010428285226225853
large,R-SIG,FFN,38,update_to_weight_ratio,0.009971825405955315
large,R-SIG,FFN,39,update_to_weight_ratio,0.013116249814629555
large,R-SIG,FFN,40,update_to_weight_ratio,0.011829271912574768
large,R-SIG,FFN,41,update_to_weight_ratio,0.008328626863658428
large,R-SIG,FFN,42,update_to_weight_ratio,0.009485220536589622
large,R-SIG,FFN,43,update_to_weight_ratio,0.00707582663744688
large,R-SIG,FFN,44,update_to_weight_ratio,0.008269031532108784
large,R-SIG,FFN,45,update_to_weight_ratio,0.006795418914407492
large,R-SIG,FFN,46,update_to_weight_ratio,0.008355916477739811
large,R-SIG,FFN,47,update_to_weight_ratio,0.006551844067871571
large,R-SIG,FFN,48,update_to_weight_ratio,0.006527658086270094
large,R-SIG,FFN,49,update_to_weight_ratio,0.005713071208447218
large,R-SIG,FFN,50,update_to_weight_ratio,0.005164979491382837
large,R-SIG,FFN,51,update_to_weight_ratio,0.004581554792821407
large,R-SIG,FFN,52,update_to_weight_ratio,0.0047326041385531425
large,R-SIG,FFN,53,update_to_weight_ratio,0.005740932654589415
large,R-SIG,FFN,54,update_to_weight_ratio,0.0042365314438939095
large,R-SIG,FFN,55,update_to_weight_ratio,0.00509085925295949
large,R-SIG,FFN,56,update_to_weight_ratio,0.00381899019703269
large,R-SIG,FFN,57,update_to_weight_ratio,0.0030980289448052645
large,R-SIG,FFN,58,update_to_weight_ratio,0.00317703397013247
large,R-SIG,FFN,59,update_to_weight_ratio,0.003200758481398225
large,R-SIG,FFN,60,update_to_weight_ratio,0.0028586885891854763
large,R-SIG,FFN,61,update_to_weight_ratio,0.0028913766145706177
large,R-SIG,FFN,62,update_to_weight_ratio,0.0029697490390390158
large,R-SIG,FFN,63,update_to_weight_ratio,0.003526943502947688
large,R-SIG,GRU,0,update_to_weight_ratio,0.37803635001182556
large,R-SIG,GRU,1,update_to_weight_ratio,0.072072833776474
large,R-SIG,GRU,2,update_to_weight_ratio,0.2118222564458847
large,R-SIG,GRU,3,update_to_weight_ratio,0.12848901748657227
large,R-SIG,GRU,4,update_to_weight_ratio,0.08283731341362
large,R-SIG,GRU,5,update_to_weight_ratio,0.08615947514772415
large,R-SIG,GRU,6,update_to_weight_ratio,0.0733678936958313
large,R-SIG,GRU,7,update_to_weight_ratio,0.06744920462369919
large,R-SIG,GRU,8,update_to_weight_ratio,0.05405319482088089
large,R-SIG,GRU,9,update_to_weight_ratio,0.053564902395009995
large,R-SIG,GRU,10,update_to_weight_ratio,0.04708556830883026
large,R-SIG,GRU,11,update_to_weight_ratio,0.04102976620197296
large,R-SIG,GRU,12,update_to_weight_ratio,0.04298454523086548
large,R-SIG,GRU,13,update_to_weight_ratio,0.03995022550225258
large,R-SIG,GRU,14,update_to_weight_ratio,0.03844207152724266
large,R-SIG,GRU,15,update_to_weight_ratio,0.04452340304851532
large,R-SIG,GRU,16,update_to_weight_ratio,0.0439072884619236
large,R-SIG,GRU,17,update_to_weight_ratio,0.037647102028131485
large,R-SIG,GRU,18,update_to_weight_ratio,0.034479770809412
large,R-SIG,GRU,19,update_to_weight_ratio,0.03787047788500786
large,R-SIG,GRU,20,update_to_weight_ratio,0.03433762118220329
large,R-SIG,GRU,21,update_to_weight_ratio,0.03112153336405754
large,R-SIG,GRU,22,update_to_weight_ratio,0.032166775315999985
large,R-SIG,GRU,23,update_to_weight_ratio,0.03188652917742729
large,R-SIG,GRU,24,update_to_weight_ratio,0.028182273730635643
large,R-SIG,GRU,25,update_to_weight_ratio,0.027798280119895935
large,R-SIG,GRU,26,update_to_weight_ratio,0.02725735493004322
large,R-SIG,GRU,27,update_to_weight_ratio,0.025691747665405273
large,R-SIG,GRU,28,update_to_weight_ratio,0.026413938030600548
large,R-SIG,GRU,29,update_to_weight_ratio,0.02766861394047737
large,R-SIG,GRU,30,update_to_weight_ratio,0.029906122013926506
large,R-SIG,GRU,31,update_to_weight_ratio,0.025651969015598297
large,R-SIG,GRU,32,update_to_weight_ratio,0.020743241533637047
large,R-SIG,GRU,33,update_to_weight_ratio,0.019737249240279198
large,R-SIG,GRU,34,update_to_weight_ratio,0.021236173808574677
large,R-SIG,GRU,35,update_to_weight_ratio,0.018888765946030617
large,R-SIG,GRU,36,update_to_weight_ratio,0.020149707794189453
large,R-SIG,GRU,37,update_to_weight_ratio,0.02032904513180256
large,R-SIG,GRU,38,update_to_weight_ratio,0.01769116520881653
large,R-SIG,GRU,39,update_to_weight_ratio,0.018165310844779015
large,R-SIG,GRU,40,update_to_weight_ratio,0.01491281297057867
large,R-SIG,GRU,41,update_to_weight_ratio,0.013189352117478848
large,R-SIG,GRU,42,update_to_weight_ratio,0.014333563856780529
large,R-SIG,GRU,43,update_to_weight_ratio,0.013813222758471966
large,R-SIG,GRU,44,update_to_weight_ratio,0.013092667795717716
large,R-SIG,GRU,45,update_to_weight_ratio,0.012592004612088203
large,R-SIG,GRU,46,update_to_weight_ratio,0.012259350158274174
large,R-SIG,GRU,47,update_to_weight_ratio,0.011211816221475601
large,R-SIG,GRU,48,update_to_weight_ratio,0.01074313186109066
large,R-SIG,GRU,49,update_to_weight_ratio,0.009002277627587318
large,R-SIG,GRU,50,update_to_weight_ratio,0.008359706029295921
large,R-SIG,GRU,51,update_to_weight_ratio,0.008245697245001793
large,R-SIG,GRU,52,update_to_weight_ratio,0.009089849889278412
large,R-SIG,GRU,53,update_to_weight_ratio,0.008459760807454586
large,R-SIG,GRU,54,update_to_weight_ratio,0.007435910869389772
large,R-SIG,GRU,55,update_to_weight_ratio,0.0077171023003757
large,R-SIG,GRU,56,update_to_weight_ratio,0.0065597170032560825
large,R-SIG,GRU,57,update_to_weight_ratio,0.006364255677908659
large,R-SIG,GRU,58,update_to_weight_ratio,0.005904580466449261
large,R-SIG,GRU,59,update_to_weight_ratio,0.006595325190573931
large,R-SIG,GRU,60,update_to_weight_ratio,0.006139775272458792
large,R-SIG,GRU,61,update_to_weight_ratio,0.0058642723597586155
large,R-SIG,GRU,62,update_to_weight_ratio,0.005630516447126865
large,R-SIG,GRU,63,update_to_weight_ratio,0.00570355961099267
large,R-SIG,sig2,0,update_to_weight_ratio,0.45673421025276184
large,R-SIG,sig2,1,update_to_weight_ratio,0.08915723115205765
large,R-SIG,sig2,2,update_to_weight_ratio,0.19774603843688965
large,R-SIG,sig2,3,update_to_weight_ratio,0.16582109034061432
large,R-SIG,sig2,4,update_to_weight_ratio,0.12878458201885223
large,R-SIG,sig2,5,update_to_weight_ratio,0.118495874106884
large,R-SIG,sig2,6,update_to_weight_ratio,0.11113833636045456
large,R-SIG,sig2,7,update_to_weight_ratio,0.1068158820271492
large,R-SIG,sig2,8,update_to_weight_ratio,0.08290088176727295
large,R-SIG,sig2,9,update_to_weight_ratio,0.06571918725967407
large,R-SIG,sig2,10,update_to_weight_ratio,0.06832577288150787
large,R-SIG,sig2,11,update_to_weight_ratio,0.04826703667640686
large,R-SIG,sig2,12,update_to_weight_ratio,0.04383057728409767
large,R-SIG,sig2,13,update_to_weight_ratio,0.04000585898756981
large,R-SIG,sig2,14,update_to_weight_ratio,0.04106980562210083
large,R-SIG,sig2,15,update_to_weight_ratio,0.03477495536208153
large,R-SIG,sig2,16,update_to_weight_ratio,0.032780151814222336
large,R-SIG,sig2,17,update_to_weight_ratio,0.03809358552098274
large,R-SIG,sig2,18,update_to_weight_ratio,0.0278451070189476
large,R-SIG,sig2,19,update_to_weight_ratio,0.02568645402789116
large,R-SIG,sig2,20,update_to_weight_ratio,0.02652103267610073
large,R-SIG,sig2,21,update_to_weight_ratio,0.02121400088071823
large,R-SIG,sig2,22,update_to_weight_ratio,0.021920207887887955
large,R-SIG,sig2,23,update_to_weight_ratio,0.01820461079478264
large,R-SIG,sig2,24,update_to_weight_ratio,0.01963953487575054
large,R-SIG,sig2,25,update_to_weight_ratio,0.01821165904402733
large,R-SIG,sig2,26,update_to_weight_ratio,0.017291948199272156
large,R-SIG,sig2,27,update_to_weight_ratio,0.015326538123190403
large,R-SIG,sig2,28,update_to_weight_ratio,0.012513210065662861
large,R-SIG,sig2,29,update_to_weight_ratio,0.01515054702758789
large,R-SIG,sig2,30,update_to_weight_ratio,0.013643505051732063
large,R-SIG,sig2,31,update_to_weight_ratio,0.010847607627511024
large,R-SIG,sig2,32,update_to_weight_ratio,0.010476412251591682
large,R-SIG,sig2,33,update_to_weight_ratio,0.010900977998971939
large,R-SIG,sig2,34,update_to_weight_ratio,0.011113889515399933
large,R-SIG,sig2,35,update_to_weight_ratio,0.009682534262537956
large,R-SIG,sig2,36,update_to_weight_ratio,0.010345948860049248
large,R-SIG,sig2,37,update_to_weight_ratio,0.008975232020020485
large,R-SIG,sig2,38,update_to_weight_ratio,0.008947881869971752
large,R-SIG,sig2,39,update_to_weight_ratio,0.007406332995742559
large,R-SIG,sig2,40,update_to_weight_ratio,0.008366353809833527
large,R-SIG,sig2,41,update_to_weight_ratio,0.008253267034888268
large,R-SIG,sig2,42,update_to_weight_ratio,0.007967324927449226
large,R-SIG,sig2,43,update_to_weight_ratio,0.005634969100356102
large,R-SIG,sig2,44,update_to_weight_ratio,0.00634776521474123
large,R-SIG,sig2,45,update_to_weight_ratio,0.005310666281729937
large,R-SIG,sig2,46,update_to_weight_ratio,0.004763592965900898
large,R-SIG,sig2,47,update_to_weight_ratio,0.005729684606194496
large,R-SIG,sig2,48,update_to_weight_ratio,0.0051149181090295315
large,R-SIG,sig2,49,update_to_weight_ratio,0.004601897206157446
large,R-SIG,sig2,50,update_to_weight_ratio,0.004187177401036024
large,R-SIG,sig2,51,update_to_weight_ratio,0.0034538633190095425
large,R-SIG,sig2,52,update_to_weight_ratio,0.003349699778482318
large,R-SIG,sig2,53,update_to_weight_ratio,0.004122816491872072
large,R-SIG,sig2,54,update_to_weight_ratio,0.003177702659741044
large,R-SIG,sig2,55,update_to_weight_ratio,0.0035094355698674917
large,R-SIG,sig2,56,update_to_weight_ratio,0.0028666288126260042
large,R-SIG,sig2,57,update_to_weight_ratio,0.0033209379762411118
large,R-SIG,sig2,58,update_to_weight_ratio,0.0023211606312543154
large,R-SIG,sig2,59,update_to_weight_ratio,0.0026216194964945316
large,R-SIG,sig2,60,update_to_weight_ratio,0.0021575368009507656
large,R-SIG,sig2,61,update_to_weight_ratio,0.0025524974334985018
large,R-SIG,sig2,62,update_to_weight_ratio,0.0029160319827497005
large,R-SIG,sig2,63,update_to_weight_ratio,0.0022523868829011917
large,R-DH,FFN,0,update_to_weight_ratio,0.1736925095319748
large,R-DH,FFN,1,update_to_weight_ratio,0.05698908492922783
large,R-DH,FFN,2,update_to_weight_ratio,0.02230338752269745
large,R-DH,FFN,3,update_to_weight_ratio,0.056428972631692886
large,R-DH,FFN,4,update_to_weight_ratio,0.07004598528146744
large,R-DH,FFN,5,update_to_weight_ratio,0.04101312905550003
large,R-DH,FFN,6,update_to_weight_ratio,0.03546193614602089
large,R-DH,FFN,7,update_to_weight_ratio,0.026812203228473663
large,R-DH,FFN,8,update_to_weight_ratio,0.024446770548820496
large,R-DH,FFN,9,update_to_weight_ratio,0.021167581900954247
large,R-DH,FFN,10,update_to_weight_ratio,0.019997095689177513
large,R-DH,FFN,11,update_to_weight_ratio,0.018377695232629776
large,R-DH,FFN,12,update_to_weight_ratio,0.018551219254732132
large,R-DH,FFN,13,update_to_weight_ratio,0.019226135686039925
large,R-DH,FFN,14,update_to_weight_ratio,0.01710069365799427
large,R-DH,FFN,15,update_to_weight_ratio,0.01977694220840931
large,R-DH,FFN,16,update_to_weight_ratio,0.017401715740561485
large,R-DH,FFN,17,update_to_weight_ratio,0.017225641757249832
large,R-DH,FFN,18,update_to_weight_ratio,0.01483610738068819
large,R-DH,FFN,19,update_to_weight_ratio,0.013261564075946808
large,R-DH,FFN,20,update_to_weight_ratio,0.012892371043562889
large,R-DH,FFN,21,update_to_weight_ratio,0.016443872824311256
large,R-DH,FFN,22,update_to_weight_ratio,0.01478665042668581
large,R-DH,FFN,23,update_to_weight_ratio,0.012978041544556618
large,R-DH,FFN,24,update_to_weight_ratio,0.012167748063802719
large,R-DH,FFN,25,update_to_weight_ratio,0.01237199641764164
large,R-DH,FFN,26,update_to_weight_ratio,0.015403149649500847
large,R-DH,FFN,27,update_to_weight_ratio,0.01983753591775894
large,R-DH,FFN,28,update_to_weight_ratio,0.013955799862742424
large,R-DH,FFN,29,update_to_weight_ratio,0.014350873418152332
large,R-DH,FFN,30,update_to_weight_ratio,0.013460549525916576
large,R-DH,FFN,31,update_to_weight_ratio,0.01511461939662695
large,R-DH,FFN,32,update_to_weight_ratio,0.012739088386297226
large,R-DH,FFN,33,update_to_weight_ratio,0.014744943007826805
large,R-DH,FFN,34,update_to_weight_ratio,0.015297455713152885
large,R-DH,FFN,35,update_to_weight_ratio,0.013734512031078339
large,R-DH,FFN,36,update_to_weight_ratio,0.012114517390727997
large,R-DH,FFN,37,update_to_weight_ratio,0.01302808802574873
large,R-DH,FFN,38,update_to_weight_ratio,0.011780736036598682
large,R-DH,FFN,39,update_to_weight_ratio,0.01279988419264555
large,R-DH,FFN,40,update_to_weight_ratio,0.010990617796778679
large,R-DH,FFN,41,update_to_weight_ratio,0.012462766841053963
large,R-DH,FFN,42,update_to_weight_ratio,0.012701878324151039
large,R-DH,FFN,43,update_to_weight_ratio,0.012290479615330696
large,R-DH,FFN,44,update_to_weight_ratio,0.010174778290092945
large,R-DH,FFN,45,update_to_weight_ratio,0.01563209481537342
large,R-DH,FFN,46,update_to_weight_ratio,0.014123618602752686
large,R-DH,FFN,47,update_to_weight_ratio,0.012938300147652626
large,R-DH,FFN,48,update_to_weight_ratio,0.012290352024137974
large,R-DH,FFN,49,update_to_weight_ratio,0.010634533129632473
large,R-DH,FFN,50,update_to_weight_ratio,0.010423639789223671
large,R-DH,FFN,51,update_to_weight_ratio,0.009760509245097637
large,R-DH,FFN,52,update_to_weight_ratio,0.008615330792963505
large,R-DH,FFN,53,update_to_weight_ratio,0.007868326269090176
large,R-DH,FFN,54,update_to_weight_ratio,0.008435272611677647
large,R-DH,FFN,55,update_to_weight_ratio,0.009964805096387863
large,R-DH,FFN,56,update_to_weight_ratio,0.008536563254892826
large,R-DH,FFN,57,update_to_weight_ratio,0.009478400461375713
large,R-DH,FFN,58,update_to_weight_ratio,0.00877947174012661
large,R-DH,FFN,59,update_to_weight_ratio,0.009018711745738983
large,R-DH,FFN,60,update_to_weight_ratio,0.008584883064031601
large,R-DH,FFN,61,update_to_weight_ratio,0.007594910450279713
large,R-DH,FFN,62,update_to_weight_ratio,0.009345726110041142
large,R-DH,FFN,63,update_to_weight_ratio,0.009586872532963753
large,R-DH,FFN,64,update_to_weight_ratio,0.010574702871963382
large,R-DH,FFN,65,update_to_weight_ratio,0.012830572668462992
large,R-DH,FFN,66,update_to_weight_ratio,0.010910295182839036
large,R-DH,FFN,67,update_to_weight_ratio,0.00868333363905549
large,R-DH,FFN,68,update_to_weight_ratio,0.008987302426248789
large,R-DH,FFN,69,update_to_weight_ratio,0.0076213800348341465
large,R-DH,FFN,70,update_to_weight_ratio,0.0076082085724920034
large,R-DH,FFN,71,update_to_weight_ratio,0.008551327744498849
large,R-DH,FFN,72,update_to_weight_ratio,0.008509639417752624
large,R-DH,FFN,73,update_to_weight_ratio,0.009096788708120584
large,R-DH,FFN,74,update_to_weight_ratio,0.008105846587568521
large,R-DH,FFN,75,update_to_weight_ratio,0.01052994467318058
large,R-DH,FFN,76,update_to_weight_ratio,0.010096585378050804
large,R-DH,FFN,77,update_to_weight_ratio,0.009551231749355793
large,R-DH,FFN,78,update_to_weight_ratio,0.00766783719882369
large,R-DH,FFN,79,update_to_weight_ratio,0.007661467883735895
large,R-DH,FFN,80,update_to_weight_ratio,0.008136277087032795
large,R-DH,FFN,81,update_to_weight_ratio,0.032209355384111404
large,R-DH,FFN,82,update_to_weight_ratio,0.014462856575846672
large,R-DH,FFN,83,update_to_weight_ratio,0.009817475453019142
large,R-DH,FFN,84,update_to_weight_ratio,0.012147204019129276
large,R-DH,FFN,85,update_to_weight_ratio,0.016939302906394005
large,R-DH,FFN,86,update_to_weight_ratio,0.012029006145894527
large,R-DH,FFN,87,update_to_weight_ratio,0.013967188075184822
large,R-DH,FFN,88,update_to_weight_ratio,0.011494037695229053
large,R-DH,FFN,89,update_to_weight_ratio,0.010479044169187546
large,R-DH,FFN,90,update_to_weight_ratio,0.008716125041246414
large,R-DH,FFN,91,update_to_weight_ratio,0.010799863375723362
large,R-DH,FFN,92,update_to_weight_ratio,0.011275970377027988
large,R-DH,FFN,93,update_to_weight_ratio,0.016119936481118202
large,R-DH,FFN,94,update_to_weight_ratio,0.012114052660763264
large,R-DH,GRU,0,update_to_weight_ratio,0.19803860783576965
large,R-DH,GRU,1,update_to_weight_ratio,0.09649401903152466
large,R-DH,GRU,2,update_to_weight_ratio,0.03390027955174446
large,R-DH,GRU,3,update_to_weight_ratio,0.0504547543823719
large,R-DH,GRU,4,update_to_weight_ratio,0.09276013821363449
large,R-DH,GRU,5,update_to_weight_ratio,0.06738477200269699
large,R-DH,GRU,6,update_to_weight_ratio,0.05721459165215492
large,R-DH,GRU,7,update_to_weight_ratio,0.04794777184724808
large,R-DH,GRU,8,update_to_weight_ratio,0.04078833758831024
large,R-DH,GRU,9,update_to_weight_ratio,0.0362747423350811
large,R-DH,GRU,10,update_to_weight_ratio,0.03440631926059723
large,R-DH,GRU,11,update_to_weight_ratio,0.038079891353845596
large,R-DH,GRU,12,update_to_weight_ratio,0.04228069633245468
large,R-DH,GRU,13,update_to_weight_ratio,0.037420853972435
large,R-DH,GRU,14,update_to_weight_ratio,0.03613496199250221
large,R-DH,GRU,15,update_to_weight_ratio,0.030985843390226364
large,R-DH,GRU,16,update_to_weight_ratio,0.028435206040740013
large,R-DH,GRU,17,update_to_weight_ratio,0.023670107126235962
large,R-DH,GRU,18,update_to_weight_ratio,0.02159236930310726
large,R-DH,GRU,19,update_to_weight_ratio,0.02065402828156948
large,R-DH,GRU,20,update_to_weight_ratio,0.020305829122662544
large,R-DH,GRU,21,update_to_weight_ratio,0.02090792916715145
large,R-DH,GRU,22,update_to_weight_ratio,0.020284954458475113
large,R-DH,GRU,23,update_to_weight_ratio,0.020602010190486908
large,R-DH,GRU,24,update_to_weight_ratio,0.020196978002786636
large,R-DH,GRU,25,update_to_weight_ratio,0.021253274753689766
large,R-DH,GRU,26,update_to_weight_ratio,0.021173086017370224
large,R-DH,GRU,27,update_to_weight_ratio,0.020606979727745056
large,R-DH,GRU,28,update_to_weight_ratio,0.020066536962985992
large,R-DH,GRU,29,update_to_weight_ratio,0.020634593442082405
large,R-DH,GRU,30,update_to_weight_ratio,0.019998647272586823
large,R-DH,GRU,31,update_to_weight_ratio,0.020212680101394653
large,R-DH,GRU,32,update_to_weight_ratio,0.01941567473113537
large,R-DH,GRU,33,update_to_weight_ratio,0.018819238990545273
large,R-DH,GRU,34,update_to_weight_ratio,0.018291933462023735
large,R-DH,GRU,35,update_to_weight_ratio,0.01938086561858654
large,R-DH,GRU,36,update_to_weight_ratio,0.019844403490424156
large,R-DH,GRU,37,update_to_weight_ratio,0.01849018782377243
large,R-DH,GRU,38,update_to_weight_ratio,0.018926868215203285
large,R-DH,GRU,39,update_to_weight_ratio,0.018712008371949196
large,R-DH,GRU,40,update_to_weight_ratio,0.018265798687934875
large,R-DH,GRU,41,update_to_weight_ratio,0.01810404472053051
large,R-DH,GRU,42,update_to_weight_ratio,0.017770914360880852
large,R-DH,GRU,43,update_to_weight_ratio,0.017687523737549782
large,R-DH,GRU,44,update_to_weight_ratio,0.017851488664746284
large,R-DH,GRU,45,update_to_weight_ratio,0.01685488224029541
large,R-DH,GRU,46,update_to_weight_ratio,0.017812330275774002
large,R-DH,GRU,47,update_to_weight_ratio,0.016814127564430237
large,R-DH,GRU,48,update_to_weight_ratio,0.016115905717015266
large,R-DH,GRU,49,update_to_weight_ratio,0.01722157932817936
large,R-DH,GRU,50,update_to_weight_ratio,0.016621101647615433
large,R-DH,GRU,51,update_to_weight_ratio,0.01635722629725933
large,R-DH,GRU,52,update_to_weight_ratio,0.015903018414974213
large,R-DH,GRU,53,update_to_weight_ratio,0.016519490629434586
large,R-DH,GRU,54,update_to_weight_ratio,0.015177961438894272
large,R-DH,GRU,55,update_to_weight_ratio,0.01673891954123974
large,R-DH,GRU,56,update_to_weight_ratio,0.01663213223218918
large,R-DH,GRU,57,update_to_weight_ratio,0.016294462606310844
large,R-DH,GRU,58,update_to_weight_ratio,0.014950555749237537
large,R-DH,GRU,59,update_to_weight_ratio,0.017387961968779564
large,R-DH,GRU,60,update_to_weight_ratio,0.015340341255068779
large,R-DH,GRU,61,update_to_weight_ratio,0.015652025118470192
large,R-DH,GRU,62,update_to_weight_ratio,0.016469508409500122
large,R-DH,GRU,63,update_to_weight_ratio,0.01563212461769581
large,R-DH,GRU,64,update_to_weight_ratio,0.015635715797543526
large,R-DH,GRU,65,update_to_weight_ratio,0.016348104923963547
large,R-DH,GRU,66,update_to_weight_ratio,0.015635352581739426
large,R-DH,GRU,67,update_to_weight_ratio,0.015796147286891937
large,R-DH,GRU,68,update_to_weight_ratio,0.015934405848383904
large,R-DH,GRU,69,update_to_weight_ratio,0.016435394063591957
large,R-DH,GRU,70,update_to_weight_ratio,0.017353605479002
large,R-DH,GRU,71,update_to_weight_ratio,0.015156992711126804
large,R-DH,GRU,72,update_to_weight_ratio,0.01653124950826168
large,R-DH,GRU,73,update_to_weight_ratio,0.019001632928848267
large,R-DH,GRU,74,update_to_weight_ratio,0.017717774957418442
large,R-DH,GRU,75,update_to_weight_ratio,0.017671789973974228
large,R-DH,GRU,76,update_to_weight_ratio,0.01632232964038849
large,R-DH,GRU,77,update_to_weight_ratio,0.015111914835870266
large,R-DH,GRU,78,update_to_weight_ratio,0.015424062497913837
large,R-DH,GRU,79,update_to_weight_ratio,0.015154237858951092
large,R-DH,GRU,80,update_to_weight_ratio,0.015190468169748783
large,R-DH,GRU,81,update_to_weight_ratio,0.016007261350750923
large,R-DH,GRU,82,update_to_weight_ratio,0.017914142459630966
large,R-DH,GRU,83,update_to_weight_ratio,0.016833171248435974
large,R-DH,GRU,84,update_to_weight_ratio,0.01673812046647072
large,R-DH,GRU,85,update_to_weight_ratio,0.017003994435071945
large,R-DH,GRU,86,update_to_weight_ratio,0.015398461371660233
large,R-DH,GRU,87,update_to_weight_ratio,0.014517447911202908
large,R-DH,GRU,88,update_to_weight_ratio,0.015469086822122335
large,R-DH,GRU,89,update_to_weight_ratio,0.016312631778419018
large,R-DH,GRU,90,update_to_weight_ratio,0.015238840132951736
large,R-DH,GRU,91,update_to_weight_ratio,0.01455930806696415
large,R-DH,GRU,92,update_to_weight_ratio,0.01964658312499523
large,R-DH,GRU,93,update_to_weight_ratio,0.016270000487565994
large,R-DH,GRU,94,update_to_weight_ratio,0.01498262770473957
large,R-DH,GRU,95,update_to_weight_ratio,0.01634819433093071
large,R-DH,GRU,96,update_to_weight_ratio,0.013482606038451195
large,R-DH,GRU,97,update_to_weight_ratio,0.015463833697140217
large,R-DH,GRU,98,update_to_weight_ratio,0.01509049441665411
large,R-DH,GRU,99,update_to_weight_ratio,0.01591593772172928
large,R-DH,sig2,0,update_to_weight_ratio,0.269656777381897
large,R-DH,sig2,1,update_to_weight_ratio,0.10611758381128311
large,R-DH,sig2,2,update_to_weight_ratio,0.06308057904243469
large,R-DH,sig2,3,update_to_weight_ratio,0.10463052242994308
large,R-DH,sig2,4,update_to_weight_ratio,0.14886923134326935
large,R-DH,sig2,5,update_to_weight_ratio,0.12253019958734512
large,R-DH,sig2,6,update_to_weight_ratio,0.07853994518518448
large,R-DH,sig2,7,update_to_weight_ratio,0.059830665588378906
large,R-DH,sig2,8,update_to_weight_ratio,0.05144261196255684
large,R-DH,sig2,9,update_to_weight_ratio,0.04252549260854721
large,R-DH,sig2,10,update_to_weight_ratio,0.040166839957237244
large,R-DH,sig2,11,update_to_weight_ratio,0.03650692477822304
large,R-DH,sig2,12,update_to_weight_ratio,0.03291478380560875
large,R-DH,sig2,13,update_to_weight_ratio,0.03083214908838272
large,R-DH,sig2,14,update_to_weight_ratio,0.030964946374297142
large,R-DH,sig2,15,update_to_weight_ratio,0.024292441084980965
large,R-DH,sig2,16,update_to_weight_ratio,0.023338396102190018
large,R-DH,sig2,17,update_to_weight_ratio,0.018733467906713486
large,R-DH,sig2,18,update_to_weight_ratio,0.021768981590867043
large,R-DH,sig2,19,update_to_weight_ratio,0.017470354214310646
large,R-DH,sig2,20,update_to_weight_ratio,0.017959386110305786
large,R-DH,sig2,21,update_to_weight_ratio,0.020021701231598854
large,R-DH,sig2,22,update_to_weight_ratio,0.016543298959732056
large,R-DH,sig2,23,update_to_weight_ratio,0.01650698110461235
large,R-DH,sig2,24,update_to_weight_ratio,0.016699552536010742
large,R-DH,sig2,25,update_to_weight_ratio,0.015059790574014187
large,R-DH,sig2,26,update_to_weight_ratio,0.016145290806889534
large,R-DH,sig2,27,update_to_weight_ratio,0.014886175282299519
large,R-DH,sig2,28,update_to_weight_ratio,0.0166428592056036
large,R-DH,sig2,29,update_to_weight_ratio,0.015692979097366333
large,R-DH,sig2,30,update_to_weight_ratio,0.015895411372184753
large,R-DH,sig2,31,update_to_weight_ratio,0.014338639564812183
large,R-DH,sig2,32,update_to_weight_ratio,0.014639526605606079
large,R-DH,sig2,33,update_to_weight_ratio,0.015394401736557484
large,R-DH,sig2,34,update_to_weight_ratio,0.012419934384524822
large,R-DH,sig2,35,update_to_weight_ratio,0.013296794146299362
large,R-DH,sig2,36,update_to_weight_ratio,0.013266672380268574
large,R-DH,sig2,37,update_to_weight_ratio,0.014504216611385345
large,R-DH,sig2,38,update_to_weight_ratio,0.012349962256848812
large,R-DH,sig2,39,update_to_weight_ratio,0.01388351060450077
large,R-DH,sig2,40,update_to_weight_ratio,0.012287912424653769
large,R-DH,sig2,41,update_to_weight_ratio,0.012013569939881563
large,R-DH,sig2,42,update_to_weight_ratio,0.0141711444593966
large,R-DH,sig2,43,update_to_weight_ratio,0.013789685908704996
large,R-DH,sig2,44,update_to_weight_ratio,0.012586076278239489
large,R-DH,sig2,45,update_to_weight_ratio,0.011929192580282688
large,R-DH,sig2,46,update_to_weight_ratio,0.012002263218164444
large,R-DH,sig2,47,update_to_weight_ratio,0.012027363292872906
large,R-DH,sig2,48,update_to_weight_ratio,0.0123783596791327
large,R-DH,sig2,49,update_to_weight_ratio,0.012099957093596458
large,R-DH,sig2,50,update_to_weight_ratio,0.010530180297791958
large,R-DH,sig2,51,update_to_weight_ratio,0.011800950858741999
large,R-DH,sig2,52,update_to_weight_ratio,0.013154626823961735
large,R-DH,sig2,53,update_to_weight_ratio,0.014829601161181927
large,R-DH,sig2,54,update_to_weight_ratio,0.0113618653267622
large,R-DH,sig2,55,update_to_weight_ratio,0.010581299662590027
large,R-DH,sig2,56,update_to_weight_ratio,0.011969389393925667
large,R-DH,sig2,57,update_to_weight_ratio,0.011219237931072712
large,R-DH,sig2,58,update_to_weight_ratio,0.014115013182163239
large,R-DH,sig2,59,update_to_weight_ratio,0.014773054979741573
large,R-DH,sig2,60,update_to_weight_ratio,0.010874409228563309
large,R-DH,sig2,61,update_to_weight_ratio,0.011066150851547718
large,R-DH,sig2,62,update_to_weight_ratio,0.010159188881516457
large,R-DH,sig2,63,update_to_weight_ratio,0.011706787161529064
large,R-DH,sig2,64,update_to_weight_ratio,0.011280838400125504
large,R-DH,sig2,65,update_to_weight_ratio,0.01202045101672411
large,R-DH,sig2,66,update_to_weight_ratio,0.011695106513798237
large,R-DH,sig2,67,update_to_weight_ratio,0.0119937090203166
large,R-DH,sig2,68,update_to_weight_ratio,0.011116569861769676
large,R-DH,sig2,69,update_to_weight_ratio,0.011716505512595177
large,R-HOR,FFN,0,update_to_weight_ratio,0.20264284312725067
large,R-HOR,FFN,1,update_to_weight_ratio,0.040266770869493484
large,R-HOR,FFN,2,update_to_weight_ratio,0.09148787707090378
large,R-HOR,FFN,3,update_to_weight_ratio,0.06257698684930801
large,R-HOR,FFN,4,update_to_weight_ratio,0.042332760989665985
large,R-HOR,FFN,5,update_to_weight_ratio,0.03238876536488533
large,R-HOR,FFN,6,update_to_weight_ratio,0.030413072556257248
large,R-HOR,FFN,7,update_to_weight_ratio,0.026876086369156837
large,R-HOR,FFN,8,update_to_weight_ratio,0.022749578580260277
large,R-HOR,FFN,9,update_to_weight_ratio,0.021569568663835526
large,R-HOR,FFN,10,update_to_weight_ratio,0.01883084326982498
large,R-HOR,FFN,11,update_to_weight_ratio,0.019466910511255264
large,R-HOR,FFN,12,update_to_weight_ratio,0.020228171721100807
large,R-HOR,FFN,13,update_to_weight_ratio,0.01816512830555439
large,R-HOR,FFN,14,update_to_weight_ratio,0.024133309721946716
large,R-HOR,FFN,15,update_to_weight_ratio,0.017813153564929962
large,R-HOR,FFN,16,update_to_weight_ratio,0.020470749586820602
large,R-HOR,FFN,17,update_to_weight_ratio,0.020491167902946472
large,R-HOR,FFN,18,update_to_weight_ratio,0.021040549501776695
large,R-HOR,FFN,19,update_to_weight_ratio,0.021134229376912117
large,R-HOR,FFN,20,update_to_weight_ratio,0.014746748842298985
large,R-HOR,FFN,21,update_to_weight_ratio,0.021507658064365387
large,R-HOR,FFN,22,update_to_weight_ratio,0.02561194822192192
large,R-HOR,FFN,23,update_to_weight_ratio,0.017257925122976303
large,R-HOR,FFN,24,update_to_weight_ratio,0.014320481568574905
large,R-HOR,FFN,25,update_to_weight_ratio,0.01747352071106434
large,R-HOR,FFN,26,update_to_weight_ratio,0.017320802435278893
large,R-HOR,FFN,27,update_to_weight_ratio,0.016507446765899658
large,R-HOR,FFN,28,update_to_weight_ratio,0.016549086198210716
large,R-HOR,FFN,29,update_to_weight_ratio,0.01866520754992962
large,R-HOR,FFN,30,update_to_weight_ratio,0.017438922077417374
large,R-HOR,FFN,31,update_to_weight_ratio,0.020036375150084496
large,R-HOR,FFN,32,update_to_weight_ratio,0.017817694693803787
large,R-HOR,FFN,33,update_to_weight_ratio,0.014850638806819916
large,R-HOR,FFN,34,update_to_weight_ratio,0.014632279984652996
large,R-HOR,FFN,35,update_to_weight_ratio,0.013355515897274017
large,R-HOR,FFN,36,update_to_weight_ratio,0.013360357843339443
large,R-HOR,FFN,37,update_to_weight_ratio,0.015415581874549389
large,R-HOR,FFN,38,update_to_weight_ratio,0.013603712432086468
large,R-HOR,FFN,39,update_to_weight_ratio,0.01206238754093647
large,R-HOR,FFN,40,update_to_weight_ratio,0.013009324669837952
large,R-HOR,FFN,41,update_to_weight_ratio,0.017904072999954224
large,R-HOR,FFN,42,update_to_weight_ratio,0.014342782087624073
large,R-HOR,FFN,43,update_to_weight_ratio,0.010912297293543816
large,R-HOR,FFN,44,update_to_weight_ratio,0.014866434037685394
large,R-HOR,FFN,45,update_to_weight_ratio,0.012946861796081066
large,R-HOR,FFN,46,update_to_weight_ratio,0.0141979418694973
large,R-HOR,FFN,47,update_to_weight_ratio,0.012044411152601242
large,R-HOR,FFN,48,update_to_weight_ratio,0.011091187596321106
large,R-HOR,FFN,49,update_to_weight_ratio,0.011576245538890362
large,R-HOR,FFN,50,update_to_weight_ratio,0.013995960354804993
large,R-HOR,FFN,51,update_to_weight_ratio,0.011915567331016064
large,R-HOR,FFN,52,update_to_weight_ratio,0.012164784595370293
large,R-HOR,FFN,53,update_to_weight_ratio,0.012029384262859821
large,R-HOR,FFN,54,update_to_weight_ratio,0.010954120196402073
large,R-HOR,FFN,55,update_to_weight_ratio,0.012475459836423397
large,R-HOR,FFN,56,update_to_weight_ratio,0.013668236322700977
large,R-HOR,FFN,57,update_to_weight_ratio,0.012438471429049969
large,R-HOR,FFN,58,update_to_weight_ratio,0.011611196212470531
large,R-HOR,FFN,59,update_to_weight_ratio,0.012312131002545357
large,R-HOR,FFN,60,update_to_weight_ratio,0.013449263758957386
large,R-HOR,FFN,61,update_to_weight_ratio,0.009614097885787487
large,R-HOR,FFN,62,update_to_weight_ratio,0.01005251519382
large,R-HOR,FFN,63,update_to_weight_ratio,0.010054098442196846
large,R-HOR,FFN,64,update_to_weight_ratio,0.01120983436703682
large,R-HOR,FFN,65,update_to_weight_ratio,0.00979746226221323
large,R-HOR,FFN,66,update_to_weight_ratio,0.012372532859444618
large,R-HOR,FFN,67,update_to_weight_ratio,0.01265732478350401
large,R-HOR,FFN,68,update_to_weight_ratio,0.013399737887084484
large,R-HOR,FFN,69,update_to_weight_ratio,0.014451303519308567
large,R-HOR,FFN,70,update_to_weight_ratio,0.023347623646259308
large,R-HOR,FFN,71,update_to_weight_ratio,0.01087228674441576
large,R-HOR,FFN,72,update_to_weight_ratio,0.009977285750210285
large,R-HOR,FFN,73,update_to_weight_ratio,0.00970437191426754
large,R-HOR,FFN,74,update_to_weight_ratio,0.010351462289690971
large,R-HOR,GRU,0,update_to_weight_ratio,0.24721509218215942
large,R-HOR,GRU,1,update_to_weight_ratio,0.05415429547429085
large,R-HOR,GRU,2,update_to_weight_ratio,0.09569492936134338
large,R-HOR,GRU,3,update_to_weight_ratio,0.11405441910028458
large,R-HOR,GRU,4,update_to_weight_ratio,0.08457432687282562
large,R-HOR,GRU,5,update_to_weight_ratio,0.06492003798484802
large,R-HOR,GRU,6,update_to_weight_ratio,0.057717204093933105
large,R-HOR,GRU,7,update_to_weight_ratio,0.06236841902136803
large,R-HOR,GRU,8,update_to_weight_ratio,0.06021581590175629
large,R-HOR,GRU,9,update_to_weight_ratio,0.05449189990758896
large,R-HOR,GRU,10,update_to_weight_ratio,0.04207586869597435
large,R-HOR,GRU,11,update_to_weight_ratio,0.03493277728557587
large,R-HOR,GRU,12,update_to_weight_ratio,0.03269687667489052
large,R-HOR,GRU,13,update_to_weight_ratio,0.030488362535834312
large,R-HOR,GRU,14,update_to_weight_ratio,0.0308900848031044
large,R-HOR,GRU,15,update_to_weight_ratio,0.03321760147809982
large,R-HOR,GRU,16,update_to_weight_ratio,0.03226190060377121
large,R-HOR,GRU,17,update_to_weight_ratio,0.03162683546543121
large,R-HOR,GRU,18,update_to_weight_ratio,0.03138135373592377
large,R-HOR,GRU,19,update_to_weight_ratio,0.031845822930336
large,R-HOR,GRU,20,update_to_weight_ratio,0.03009861335158348
large,R-HOR,GRU,21,update_to_weight_ratio,0.030403023585677147
large,R-HOR,GRU,22,update_to_weight_ratio,0.027828387916088104
large,R-HOR,GRU,23,update_to_weight_ratio,0.02827291749417782
large,R-HOR,GRU,24,update_to_weight_ratio,0.026659052819013596
large,R-HOR,GRU,25,update_to_weight_ratio,0.026891274377703667
large,R-HOR,GRU,26,update_to_weight_ratio,0.025946976616978645
large,R-HOR,GRU,27,update_to_weight_ratio,0.02636653184890747
large,R-HOR,GRU,28,update_to_weight_ratio,0.02534553036093712
large,R-HOR,GRU,29,update_to_weight_ratio,0.022491702809929848
large,R-HOR,GRU,30,update_to_weight_ratio,0.023878974840044975
large,R-HOR,GRU,31,update_to_weight_ratio,0.024599114432930946
large,R-HOR,GRU,32,update_to_weight_ratio,0.022579150274395943
large,R-HOR,GRU,33,update_to_weight_ratio,0.02298757992684841
large,R-HOR,GRU,34,update_to_weight_ratio,0.021408334374427795
large,R-HOR,GRU,35,update_to_weight_ratio,0.021959837526082993
large,R-HOR,GRU,36,update_to_weight_ratio,0.02376125194132328
large,R-HOR,GRU,37,update_to_weight_ratio,0.020910922437906265
large,R-HOR,GRU,38,update_to_weight_ratio,0.021292248740792274
large,R-HOR,GRU,39,update_to_weight_ratio,0.021584371104836464
large,R-HOR,GRU,40,update_to_weight_ratio,0.020973438397049904
large,R-HOR,GRU,41,update_to_weight_ratio,0.021093226969242096
large,R-HOR,GRU,42,update_to_weight_ratio,0.022019529715180397
large,R-HOR,GRU,43,update_to_weight_ratio,0.021529555320739746
large,R-HOR,GRU,44,update_to_weight_ratio,0.02115105278789997
large,R-HOR,GRU,45,update_to_weight_ratio,0.020743051543831825
large,R-HOR,GRU,46,update_to_weight_ratio,0.021471217274665833
large,R-HOR,GRU,47,update_to_weight_ratio,0.020929930731654167
large,R-HOR,GRU,48,update_to_weight_ratio,0.0207989364862442
large,R-HOR,GRU,49,update_to_weight_ratio,0.019145997241139412
large,R-HOR,GRU,50,update_to_weight_ratio,0.02056911028921604
large,R-HOR,GRU,51,update_to_weight_ratio,0.020887678489089012
large,R-HOR,GRU,52,update_to_weight_ratio,0.019717322662472725
large,R-HOR,GRU,53,update_to_weight_ratio,0.018105173483490944
large,R-HOR,GRU,54,update_to_weight_ratio,0.01931380107998848
large,R-HOR,GRU,55,update_to_weight_ratio,0.019215187057852745
large,R-HOR,GRU,56,update_to_weight_ratio,0.018572403118014336
large,R-HOR,GRU,57,update_to_weight_ratio,0.019072316586971283
large,R-HOR,GRU,58,update_to_weight_ratio,0.01861223578453064
large,R-HOR,GRU,59,update_to_weight_ratio,0.01976686343550682
large,R-HOR,GRU,60,update_to_weight_ratio,0.018236201256513596
large,R-HOR,GRU,61,update_to_weight_ratio,0.018833879381418228
large,R-HOR,GRU,62,update_to_weight_ratio,0.018229231238365173
large,R-HOR,GRU,63,update_to_weight_ratio,0.01833396777510643
large,R-HOR,GRU,64,update_to_weight_ratio,0.018537083640694618
large,R-HOR,GRU,65,update_to_weight_ratio,0.017739297822117805
large,R-HOR,GRU,66,update_to_weight_ratio,0.01819923147559166
large,R-HOR,GRU,67,update_to_weight_ratio,0.018548479303717613
large,R-HOR,GRU,68,update_to_weight_ratio,0.017748726531863213
large,R-HOR,GRU,69,update_to_weight_ratio,0.018304305151104927
large,R-HOR,GRU,70,update_to_weight_ratio,0.018017081543803215
large,R-HOR,GRU,71,update_to_weight_ratio,0.017777327448129654
large,R-HOR,GRU,72,update_to_weight_ratio,0.018075212836265564
large,R-HOR,GRU,73,update_to_weight_ratio,0.018459616228938103
large,R-HOR,GRU,74,update_to_weight_ratio,0.017935583367943764
large,R-HOR,sig2,0,update_to_weight_ratio,0.33497756719589233
large,R-HOR,sig2,1,update_to_weight_ratio,0.10951477289199829
large,R-HOR,sig2,2,update_to_weight_ratio,0.18144120275974274
large,R-HOR,sig2,3,update_to_weight_ratio,0.1593180149793625
large,R-HOR,sig2,4,update_to_weight_ratio,0.13384072482585907
large,R-HOR,sig2,5,update_to_weight_ratio,0.09683380275964737
large,R-HOR,sig2,6,update_to_weight_ratio,0.07113592326641083
large,R-HOR,sig2,7,update_to_weight_ratio,0.04913175106048584
large,R-HOR,sig2,8,update_to_weight_ratio,0.04251404479146004
large,R-HOR,sig2,9,update_to_weight_ratio,0.04286307096481323
large,R-HOR,sig2,10,update_to_weight_ratio,0.03686434030532837
large,R-HOR,sig2,11,update_to_weight_ratio,0.03329584747552872
large,R-HOR,sig2,12,update_to_weight_ratio,0.027062948793172836
large,R-HOR,sig2,13,update_to_weight_ratio,0.028367236256599426
large,R-HOR,sig2,14,update_to_weight_ratio,0.0258177500218153
large,R-HOR,sig2,15,update_to_weight_ratio,0.02372836135327816
large,R-HOR,sig2,16,update_to_weight_ratio,0.02447405643761158
large,R-HOR,sig2,17,update_to_weight_ratio,0.023823386058211327
large,R-HOR,sig2,18,update_to_weight_ratio,0.02473503351211548
large,R-HOR,sig2,19,update_to_weight_ratio,0.02602459490299225
large,R-HOR,sig2,20,update_to_weight_ratio,0.02458825521171093
large,R-HOR,sig2,21,update_to_weight_ratio,0.02232019230723381
large,R-HOR,sig2,22,update_to_weight_ratio,0.02268008142709732
large,R-HOR,sig2,23,update_to_weight_ratio,0.02216043509542942
large,R-HOR,sig2,24,update_to_weight_ratio,0.021977050229907036
large,R-HOR,sig2,25,update_to_weight_ratio,0.02061522752046585
large,R-HOR,sig2,26,update_to_weight_ratio,0.018978528678417206
large,R-HOR,sig2,27,update_to_weight_ratio,0.019589465111494064
large,R-HOR,sig2,28,update_to_weight_ratio,0.019423307850956917
large,R-HOR,sig2,29,update_to_weight_ratio,0.019095033407211304
large,R-HOR,sig2,30,update_to_weight_ratio,0.018753720447421074
large,R-HOR,sig2,31,update_to_weight_ratio,0.017674164846539497
large,R-HOR,sig2,32,update_to_weight_ratio,0.016612889245152473
large,R-HOR,sig2,33,update_to_weight_ratio,0.014478534460067749
large,R-HOR,sig2,34,update_to_weight_ratio,0.018374556675553322
large,R-HOR,sig2,35,update_to_weight_ratio,0.01541957352310419
large,R-HOR,sig2,36,update_to_weight_ratio,0.014474908821284771
large,R-HOR,sig2,37,update_to_weight_ratio,0.015304789878427982
large,R-HOR,sig2,38,update_to_weight_ratio,0.014884209260344505
large,R-HOR,sig2,39,update_to_weight_ratio,0.014048210345208645
large,R-HOR,sig2,40,update_to_weight_ratio,0.01608322188258171
large,R-HOR,sig2,41,update_to_weight_ratio,0.014128218404948711
large,R-HOR,sig2,42,update_to_weight_ratio,0.014227882958948612
large,R-HOR,sig2,43,update_to_weight_ratio,0.013750886544585228
large,R-HOR,sig2,44,update_to_weight_ratio,0.01433542836457491
large,R-HOR,sig2,45,update_to_weight_ratio,0.013106311671435833
large,R-HOR,sig2,46,update_to_weight_ratio,0.015426209196448326
large,R-HOR,sig2,47,update_to_weight_ratio,0.01274682953953743
large,R-HOR,sig2,48,update_to_weight_ratio,0.013295688666403294
large,R-HOR,sig2,49,update_to_weight_ratio,0.014270712621510029
large,R-HOR,sig2,50,update_to_weight_ratio,0.013560311868786812
large,R-HOR,sig2,51,update_to_weight_ratio,0.013165485113859177
large,R-HOR,sig2,52,update_to_weight_ratio,0.014469300396740437
large,R-HOR,sig2,53,update_to_weight_ratio,0.013705666176974773
large,R-HOR,sig2,54,update_to_weight_ratio,0.015312464907765388
large,R-HOR,sig2,55,update_to_weight_ratio,0.014111942611634731
large,R-HOR,sig2,56,update_to_weight_ratio,0.013034998439252377
large,R-HOR,sig2,57,update_to_weight_ratio,0.012812672182917595
large,R-HOR,sig2,58,update_to_weight_ratio,0.012994819320738316
large,R-HOR,sig2,59,update_to_weight_ratio,0.012670776806771755
large,R-HOR,sig2,60,update_to_weight_ratio,0.012724471278488636
large,R-HOR,sig2,61,update_to_weight_ratio,0.012252465821802616
large,R-HOR,sig2,62,update_to_weight_ratio,0.01248535979539156
large,R-HOR,sig2,63,update_to_weight_ratio,0.01271070260554552
large,R-HOR,sig2,64,update_to_weight_ratio,0.011830785311758518
large,R-HOR,sig2,65,update_to_weight_ratio,0.011924432590603828
large,R-HOR,sig2,66,update_to_weight_ratio,0.012474311515688896
large,R-HOR,sig2,67,update_to_weight_ratio,0.011846698820590973
large,R-HOR,sig2,68,update_to_weight_ratio,0.012416849844157696
large,R-HOR,sig2,69,update_to_weight_ratio,0.01529096718877554
large,R-HOR,sig2,70,update_to_weight_ratio,0.012247918173670769
large,R-HOR,sig2,71,update_to_weight_ratio,0.011389760300517082
large,R-HOR,sig2,72,update_to_weight_ratio,0.011138549074530602
large,R-HOR,sig2,73,update_to_weight_ratio,0.010961058549582958
large,R-HOR,sig2,74,update_to_weight_ratio,0.01108598243445158
