H,path,time_years,variance,spot,seed
0.05,0,0.0,0.04,1.0,21
0.05,0,0.00390625,0.08954626908382773,1.0041880644006487,21
0.05,0,0.0078125,0.041309136459946584,1.0179497398274535,21
0.05,0,0.01171875,0.012777038314585619,1.0149252968269151,21
0.05,0,0.015625,0.008104933144475291,1.0164411958034687,21
0.05,0,0.01953125,0.029989403103249518,1.010910575043559,21
0.05,0,0.0234375,0.03801789427090303,1.0230381371370432,21
0.05,0,0.02734375,0.004188970735759026,1.045118679130661,21
0.05,0,0.03125,0.059143948662204966,1.0412254811091404,21
0.05,0,0.03515625,0.1335931059929351,1.0319886360055173,21
0.05,0,0.0390625,0.05256026397338256,1.048887765975752,21
0.05,0,0.04296875,0.040920391752228336,1.0422926821210667,21
0.05,0,0.046875,0.02152499777597551,1.064030076118862,21
0.05,0,0.05078125,0.04097334100493196,1.0589270366035894,21
0.05,0,0.0546875,0.06972959343964837,1.0508097844703097,21
0.05,0,0.05859375,0.024475033054248307,1.0409939464169806,21
0.05,0,0.0625,0.015906911135854872,1.033476467996418,21
0.05,0,0.06640625,0.028004789511903154,1.0473067470419402,21
0.05,0,0.0703125,0.022193812373845413,1.0403652396784477,21
0.05,0,0.07421875,0.017861557320736236,1.049466341401184,21
0.05,0,0.078125,0.018964508308477738,1.0455722543405748,21
0.05,0,0.08203125,0.051661641588339746,1.0467141101415476,21
0.05,0,0.0859375,0.03862720387073609,1.040148879540213,21
0.05,0,0.08984375,0.01295761617817513,1.0574554931189735,21
0.05,0,0.09375,0.01028899926134499,1.0765810244029184,21
0.05,0,0.09765625,0.014447434767097865,1.0754181694988794,21
0.05,0,0.1015625,0.035579162475345566,1.0683971961618821,21
0.05,0,0.10546875,0.015078192118382398,1.0562050561634047,21
0.05,0,0.109375,0.013718699349699943,1.054517334242692,21
0.05,0,0.11328125,0.019150403583898336,1.0545452704853695,21
0.05,0,0.1171875,0.013048004354109457,1.0675498279995839,21
0.05,0,0.12109375,0.018639693601781252,1.0649781494989223,21
0.05,0,0.125,0.010379429007566228,1.0740566792815327,21
0.05,0,0.12890625,0.04443526160001837,1.0785960952584714,21
0.05,0,0.1328125,0.02195674937664593,1.0834922678002221,21
0.05,0,0.13671875,0.016400721335059664,1.0939239268947023,21
0.05,0,0.140625,0.009219646258639826,1.1009818008065768,21
0.05,0,0.14453125,0.025007024985330084,1.0965949389928344,21
0.05,0,0.1484375,0.024782613952734685,1.09486474499535,21
0.05,0,0.15234375,0.06785756101693899,1.1061804351867426,21
0.05,0,0.15625,0.017219350622578396,1.0880862426714095,21
0.05,0,0.16015625,0.01488925807797378,1.0891209877424766,21
0.05,0,0.1640625,0.0743031100738381,1.0776149237022183,21
0.05,0,0.16796875,0.03871759171927823,1.0641866415657433,21
0.05,0,0.171875,0.0884800323395816,1.0664380893390255,21
0.05,0,0.17578125,0.03815313725618385,1.0484488820926585,21
0.05,0,0.1796875,0.0325666773422781,1.0498993360621303,21
0.05,0,0.18359375,0.012801509690547599,1.0640637991040665,21
0.05,0,0.1875,0.043991085856802926,1.0668026648446571,21
0.05,0,0.19140625,0.015033628328874003,1.082044041562567,21
0.05,0,0.1953125,0.035616227948884756,1.0786971908384875,21
0.05,0,0.19921875,0.007391450858122531,1.0870370250436023,21
0.05,0,0.203125,0.03426219798224732,1.0893002615039464,21
0.05,0,0.20703125,0.001633236579199386,1.1035535482283985,21
0.05,0,0.2109375,0.008912640559182668,1.107399127047865,21
0.05,0,0.21484375,0.047501953082326576,1.1071713669274745,21
0.05,0,0.21875,0.010868598048668224,1.1034762374712181,21
0.05,0,0.22265625,0.02458566737329447,1.1025429263541386,21
0.05,0,0.2265625,0.01889535063886737,1.104239814862601,21
0.05,0,0.23046875,0.01909801994284466,1.0987337378078077,21
0.05,0,0.234375,0.01528955852400084,1.104343263235803,21
0.05,0,0.23828125,0.011291182844933845,1.1069030174917023,21
0.05,0,0.2421875,0.016712650152499186,1.1067064399017537,21
0.05,0,0.24609375,0.045852858573488135,1.0972751040198312,21
0.05,0,0.25,0.06590309360817369,1.0785813219158071,21
0.05,0,0.25390625,0.004141550269686072,1.1108026957194956,21
0.05,0,0.2578125,0.005657454644423184,1.1112207546725592,21
0.05,0,0.26171875,0.010127465856195377,1.1124090562718,21
0.05,0,0.265625,0.005646352828544136,1.1156109457774745,21
0.05,0,0.26953125,0.0024376966330514806,1.120011667916558,21
0.05,0,0.2734375,0.010225283004595062,1.1144395089381216,21
0.05,0,0.27734375,0.021720049981909094,1.1159763485656458,21
0.05,0,0.28125,0.015520478541542261,1.1235211584863032,21
0.05,0,0.28515625,0.02098263204205424,1.128120374524659,21
0.05,0,0.2890625,0.004196959066596479,1.128380467731345,21
0.05,0,0.29296875,0.005522477908076738,1.1326093397403618,21
0.05,0,0.296875,0.011546047956586723,1.123304490305185,21
0.05,0,0.30078125,0.009388134318798638,1.130428653248857,21
0.05,0,0.3046875,0.013362424953149734,1.1202888283335282,21
0.05,0,0.30859375,0.013892142877664942,1.1193163296324904,21
0.05,0,0.3125,0.026978245008071857,1.1271180519548403,21
0.05,0,0.31640625,0.012595317729398316,1.1408470022952424,21
0.05,0,0.3203125,0.01160679023978742,1.1446142010514935,21
0.05,0,0.32421875,0.03651421817819663,1.1365906384099254,21
0.05,0,0.328125,0.019939816218390895,1.1655339815731578,21
0.05,0,0.33203125,0.014413647090128547,1.1782554283314681,21
0.05,0,0.3359375,0.01201998171279674,1.1855802430661309,21
0.05,0,0.33984375,0.027412668962735406,1.1940361160805097,21
0.05,0,0.34375,0.044909911975815786,1.1905794809267456,21
0.05,0,0.34765625,0.007171086948141287,1.1678207949922914,21
0.05,0,0.3515625,0.017139074495826016,1.1693113114896512,21
0.05,0,0.35546875,0.02452155294326213,1.1656242986165775,21
0.05,0,0.359375,0.022974376281865758,1.1650427902006946,21
0.05,0,0.36328125,0.01068181116010787,1.163301098862503,21
0.05,0,0.3671875,0.026190955539516225,1.1613790935930621,21
0.05,0,0.37109375,0.007512805192719691,1.1636446368399596,21
0.05,0,0.375,0.0402524019802969,1.1710185676274851,21
0.05,0,0.37890625,0.008446904779146187,1.170547574851202,21
0.05,0,0.3828125,0.023080261955079357,1.1680365256687049,21
0.05,0,0.38671875,0.03215580273771385,1.174859831003044,21
0.05,0,0.390625,0.02184258649839578,1.1963987771350275,21
0.05,0,0.39453125,0.00373676247601797,1.2062503944702567,21
0.05,0,0.3984375,0.008286552530164016,1.2068604482051968,21
0.05,0,0.40234375,0.04488499602212403,1.204483176122688,21
0.05,0,0.40625,0.013795376230677088,1.2183867420664383,21
0.05,0,0.41015625,0.006649548248968781,1.2155039163449606,21
0.05,0,0.4140625,0.006374417147450929,1.2244887949362089,21
0.05,0,0.41796875,0.008155676791518914,1.2236056192089662,21
0.05,0,0.421875,0.0038095893016600792,1.2300842074471383,21
0.05,0,0.42578125,0.003443454221432268,1.2320831367451668,21
0.05,0,0.4296875,0.0034342391552159264,1.22984052255718,21
0.05,0,0.43359375,0.010728878263142018,1.2281999307714981,21
0.05,0,0.4375,0.009534120071213174,1.2305175223977824,21
0.05,0,0.44140625,0.0036454780568153182,1.2356460340228974,21
0.05,0,0.4453125,0.00706413343473298,1.2346834951919818,21
0.05,0,0.44921875,0.0031696055239355796,1.2435968957877725,21
0.05,0,0.453125,0.006093766862784985,1.2378783932195088,21
0.05,0,0.45703125,0.04770971225885834,1.2373079101557616,21
0.05,0,0.4609375,0.015509096936580593,1.268582586723781,21
0.05,0,0.46484375,0.022453475990939,1.2545024670685196,21
0.05,0,0.46875,0.00913269815500771,1.2669537647370581,21
0.05,0,0.47265625,0.0032442583453491532,1.278461806449418,21
0.05,0,0.4765625,0.008792779042758667,1.277496092625701,21
0.05,0,0.48046875,0.017408323140816147,1.2815143818639527,21
0.05,0,0.484375,0.007923568274818717,1.2836417665162208,21
0.05,0,0.48828125,0.006340883187719555,1.2847951464571565,21
0.05,0,0.4921875,0.009023117792619158,1.288548756399511,21
0.05,0,0.49609375,0.010850009146330955,1.2863327016212218,21
0.05,0,0.5,0.028200115647369964,1.2724741230998964,21
0.05,0,0.50390625,0.0045180868335755525,1.2934443761350023,21
0.05,0,0.5078125,0.00952641562803172,1.2951540620205673,21
0.05,0,0.51171875,0.00817359339665242,1.2860560171045194,21
0.05,0,0.515625,0.011997412210252856,1.2825654654104488,21
0.05,0,0.51953125,0.04535421290420794,1.2745638160156427,21
0.05,0,0.5234375,0.008364322191834653,1.2750755860645406,21
0.05,0,0.52734375,0.013838179575582674,1.2823304117068304,21
0.05,0,0.53125,0.009899833024851364,1.2800525854081635,21
0.05,0,0.53515625,0.010786408927336295,1.2862012217892624,21
0.05,0,0.5390625,0.009991098685754962,1.2871468079614208,21
0.05,0,0.54296875,0.01238758706224624,1.2904538096519345,21
0.05,0,0.546875,0.01523011115007315,1.2946986140856527,21
0.05,0,0.55078125,0.00556524507472355,1.3106967475196853,21
0.05,0,0.5546875,0.004249685094375755,1.3222598181011465,21
0.05,0,0.55859375,0.0031403905477020884,1.3096701394422925,21
0.05,0,0.5625,0.013095483187400983,1.3158607676635277,21
0.05,0,0.56640625,0.0025838548343589313,1.318964585003925,21
0.05,0,0.5703125,0.006259363913510223,1.317472310524152,21
0.05,0,0.57421875,0.015209131497868013,1.3189142907225726,21
0.05,0,0.578125,0.01163627979014105,1.3229215360871984,21
0.05,0,0.58203125,0.018264619510588668,1.3266074114735074,21
0.05,0,0.5859375,0.014414220632008264,1.3062363945183328,21
0.05,0,0.58984375,0.03902256691884873,1.3082998590845696,21
0.05,0,0.59375,0.02214732732096131,1.3051669713447276,21
0.05,0,0.59765625,0.016380949218629256,1.304318907364999,21
0.05,0,0.6015625,0.03012474493585191,1.2980111231267648,21
0.05,0,0.60546875,0.03588393975485175,1.304220486283533,21
0.05,0,0.609375,0.021194812802844187,1.2871878431685788,21
0.05,0,0.61328125,0.012181547282356748,1.2965599004920885,21
0.05,0,0.6171875,0.04956597049001691,1.2993807927549503,21
0.05,0,0.62109375,0.02412683019705933,1.3109687804962347,21
0.05,0,0.625,0.011796700057908718,1.3340699906991431,21
0.05,0,0.62890625,0.00519329613009496,1.3470695145637457,21
0.05,0,0.6328125,0.0062481768432599925,1.3512133837041174,21
0.05,0,0.63671875,0.026925818260566125,1.342454238049876,21
0.05,0,0.640625,0.022199183152992043,1.3456771592256502,21
0.05,0,0.64453125,0.061762611228387256,1.3342995486982139,21
0.05,0,0.6484375,0.012961698315386898,1.3181447537685953,21
0.05,0,0.65234375,0.04278906039755655,1.3128734473104122,21
0.05,0,0.65625,0.03725504121546703,1.315966700090057,21
0.05,0,0.66015625,0.02554458441227499,1.299599531007726,21
0.05,0,0.6640625,0.039031604884124875,1.3030201630893996,21
0.05,0,0.66796875,0.02403788607540316,1.2937055050031478,21
0.05,0,0.671875,0.022810183697846913,1.3063921094127773,21
0.05,0,0.67578125,0.17659190347293202,1.2971842493220547,21
0.05,0,0.6796875,0.013007210808542717,1.3188706452823076,21
0.05,0,0.68359375,0.01294405170202675,1.3147303653057896,21
0.05,0,0.6875,0.02431321958200016,1.3184679046818342,21
0.05,0,0.69140625,0.02030265601680038,1.332977341730784,21
0.05,0,0.6953125,0.06259814985106772,1.3297816134843194,21
0.05,0,0.69921875,0.08644240943539903,1.2988918519924024,21
0.05,0,0.703125,0.05891053914889664,1.2682544461115337,21
0.05,0,0.70703125,0.054365850645796694,1.2605050778373659,21
0.05,0,0.7109375,0.09050845171543352,1.2548968077745701,21
0.05,0,0.71484375,0.09878697099675025,1.281778734399878,21
0.05,0,0.71875,0.07355152921777064,1.2904614639489682,21
0.05,0,0.72265625,0.028380108329743067,1.3121854781584257,21
0.05,0,0.7265625,0.01363807181227342,1.3429295424700802,21
0.05,0,0.73046875,0.03146794242056257,1.3371226685044848,21
0.05,0,0.734375,0.012545995329316724,1.3462162514827307,21
0.05,0,0.73828125,0.0723135376313492,1.3425736090262537,21
0.05,0,0.7421875,0.03452535811923013,1.335719672887059,21
0.05,0,0.74609375,0.10457729127323356,1.3455709225238748,21
0.05,0,0.75,0.04066994276946291,1.3254635509239545,21
0.05,0,0.75390625,0.02695814639770745,1.3335737371709107,21
0.05,0,0.7578125,0.050900330013720727,1.3241608735228192,21
0.05,0,0.76171875,0.02456977997917996,1.3274969763514834,21
0.05,0,0.765625,0.0523641409749476,1.3198212198208725,21
0.05,0,0.76953125,0.04811028871408166,1.3159049350686134,21
0.05,0,0.7734375,0.027672917608962386,1.3330119123461883,21
0.05,0,0.77734375,0.008261214056179004,1.3257794680135746,21
0.05,0,0.78125,0.014213810361981098,1.3329560556659394,21
0.05,0,0.78515625,0.032514474330635416,1.3209912001054567,21
0.05,0,0.7890625,0.05009806999296916,1.3147275417907711,21
0.05,0,0.79296875,0.03023725291538975,1.3144521970597147,21
0.05,0,0.796875,0.16205979608398902,1.289716388546081,21
0.05,0,0.80078125,0.029282921144160753,1.3309382832920105,21
0.05,0,0.8046875,0.06018010371762082,1.3483545961738135,21
0.05,0,0.80859375,0.05271961653251174,1.3529606808935886,21
0.05,0,0.8125,0.20373292677273655,1.3447628487716925,21
0.05,0,0.81640625,0.18670870737318365,1.2855664062212826,21
0.05,0,0.8203125,0.15695655199732408,1.2528074827295093,21
0.05,0,0.82421875,0.1560993306181443,1.247922283782952,21
0.05,0,0.828125,0.060339427243316916,1.2143109120968762,21
0.05,0,0.83203125,0.06424367721050701,1.1961126670564222,21
0.05,0,0.8359375,0.020689572220346265,1.2312664091141796,21
0.05,0,0.83984375,0.008929063562585939,1.2337084109278846,21
0.05,0,0.84375,0.0036316741045853648,1.2386924751262915,21
0.05,0,0.84765625,0.016542779082378743,1.2348307678621593,21
0.05,0,0.8515625,0.018872877606606404,1.240772631275775,21
0.05,0,0.85546875,0.008732765602116718,1.2464582442802723,21
0.05,0,0.859375,0.008726612677626035,1.2561202640364482,21
0.05,0,0.86328125,0.00455542463462081,1.2620773129561687,21
0.05,0,0.8671875,0.033251842061400076,1.2610426254729417,21
0.05,0,0.87109375,0.03311273324837442,1.2495494631823085,21
0.05,0,0.875,0.022229941146984202,1.2658087562965732,21
0.05,0,0.87890625,0.02346100564955092,1.252088869878042,21
0.05,0,0.8828125,0.013946818343360324,1.2609941893461403,21
0.05,0,0.88671875,0.04264694770599141,1.2518845974613997,21
0.05,0,0.890625,0.026274005106835495,1.2464558666415102,21
0.05,0,0.89453125,0.021653275029772604,1.251768698234592,21
0.05,0,0.8984375,0.03473618929411567,1.2455618800396444,21
0.05,0,0.90234375,0.03039070279491228,1.250421867383484,21
0.05,0,0.90625,0.008681865278117203,1.2525089153813396,21
0.05,0,0.91015625,0.016331160559784393,1.2511986385394922,21
0.05,0,0.9140625,0.008845435402269359,1.2373949379569769,21
0.05,0,0.91796875,0.03784909462976346,1.2349656096612593,21
0.05,0,0.921875,0.01328852991432038,1.203533819731989,21
0.05,0,0.92578125,0.0446528234603986,1.2095054654002202,21
0.05,0,0.9296875,0.03228498544790245,1.2087470511270657,21
0.05,0,0.93359375,0.03043992059168315,1.2128068954598716,21
0.05,0,0.9375,0.018008423597661763,1.2089837662678111,21
0.05,0,0.94140625,0.06055564106919438,1.1955408739088387,21
0.05,0,0.9453125,0.020174344014478932,1.176601673722033,21
0.05,0,0.94921875,0.055542239443723544,1.1695762999977122,21
0.05,0,0.953125,0.023039104325784942,1.1701570085997384,21
0.05,0,0.95703125,0.055308394939777246,1.155383988870322,21
0.05,0,0.9609375,0.05097098838748499,1.1274519882765566,21
0.05,0,0.96484375,0.0845609140591469,1.1272951394203965,21
0.05,0,0.96875,0.018182866575031754,1.1552357242892113,21
0.05,0,0.97265625,0.028339879371913294,1.155236094723644,21
0.05,0,0.9765625,0.02778038378674244,1.1651768045407112,21
0.05,0,0.98046875,0.03818837381805084,1.1416211037606216,21
0.05,0,0.984375,0.02221584266533835,1.1352581957008359,21
0.05,0,0.98828125,0.11575676661425048,1.123660940291494,21
0.05,0,0.9921875,0.01947112174254173,1.1269878203657162,21
0.05,0,0.99609375,0.01680714535422391,1.1309049583815671,21
0.05,0,1.0,0.027250115127163632,1.1384240857642451,21
0.05,1,0.0,0.04,1.0,21
0.05,1,0.00390625,0.01743723343933394,1.002564813252436,21
0.05,1,0.0078125,0.010729986509111236,0.9956688031272289,21
0.05,1,0.01171875,0.10810190967605411,0.984844251823875,21
0.05,1,0.015625,0.02493367685400509,0.9793375545881325,21
0.05,1,0.01953125,0.053822318260085295,0.9811335628469798,21
0.05,1,0.0234375,0.011075729886626369,0.9701621995366879,21
0.05,1,0.02734375,0.10515053932921768,0.960058917804284,21
0.05,1,0.03125,0.03237630047527189,0.9396437602260175,21
0.05,1,0.03515625,0.03968544537612586,0.9483088157390637,21
0.05,1,0.0390625,0.20186456079250722,0.9329949269299099,21
0.05,1,0.04296875,0.13307509385080826,0.9471196384668154,21
0.05,1,0.046875,0.02668153250476402,0.9405222079069328,21
0.05,1,0.05078125,0.09651415644321741,0.9480824786051777,21
0.05,1,0.0546875,0.08967070757376407,0.9215933841267668,21
0.05,1,0.05859375,0.05617277684888963,0.9038187441298379,21
0.05,1,0.0625,0.031124842501222796,0.9178072015179087,21
0.05,1,0.06640625,0.03727282030599705,0.9142258360080932,21
0.05,1,0.0703125,0.01394673977883569,0.9163969325970976,21
0.05,1,0.07421875,0.10584694219573529,0.9106286994246692,21
0.05,1,0.078125,0.06347814162436553,0.8895472434476087,21
0.05,1,0.08203125,0.03326493600867985,0.8815111693250988,21
0.05,1,0.0859375,0.03144421262688755,0.8756402067001541,21
0.05,1,0.08984375,0.19578923235948126,0.8498259021587674,21
0.05,1,0.09375,0.020507942302377687,0.8636902842883515,21
0.05,1,0.09765625,0.1659705507635528,0.8623959504202294,21
0.05,1,0.1015625,0.03967539180593113,0.8736260836238867,21
0.05,1,0.10546875,0.028261723064260037,0.8794399645018337,21
0.05,1,0.109375,0.07385202593403208,0.8805225804286988,21
0.05,1,0.11328125,0.24519841951247284,0.8802485596437255,21
0.05,1,0.1171875,0.21026263310685875,0.9137762670290666,21
0.05,1,0.12109375,0.02079753042386995,0.9180238228616984,21
0.05,1,0.125,0.08646277402897917,0.9154601486542207,21
0.05,1,0.12890625,0.10147272675073592,0.9055246316537612,21
0.05,1,0.1328125,0.021602402004870517,0.9399942282254207,21
0.05,1,0.13671875,0.05841075052923901,0.9385021273049491,21
0.05,1,0.140625,0.04362428200360133,0.9649956836564623,21
0.05,1,0.14453125,0.07696271179355368,0.9423565123938016,21
0.05,1,0.1484375,0.058944046463266946,0.9223574329041688,21
0.05,1,0.15234375,0.0633910829031438,0.9004797658584704,21
0.05,1,0.15625,0.060868569868378346,0.909079238821564,21
0.05,1,0.16015625,0.15085910691668145,0.9226060537012029,21
0.05,1,0.1640625,0.04466258972142649,0.9469417744324825,21
0.05,1,0.16796875,0.009657267521445892,0.9512114057745443,21
0.05,1,0.171875,0.07558838237614281,0.9485989994617053,21
0.05,1,0.17578125,0.01865640016356641,0.9651727605593504,21
0.05,1,0.1796875,0.02308402267989312,0.9852307917054854,21
0.05,1,0.18359375,0.12315863895385669,0.9797427520118692,21
0.05,1,0.1875,0.008582860190385849,1.0158350332068595,21
0.05,1,0.19140625,0.11809921370511214,1.006542937360774,21
0.05,1,0.1953125,0.07557983822449532,0.9799852000328726,21
0.05,1,0.19921875,0.019859561542660126,1.0105131310487647,21
0.05,1,0.203125,0.02770465271618248,1.0115897891002532,21
0.05,1,0.20703125,0.04745419570214394,1.017098532336471,21
0.05,1,0.2109375,0.01365610508775454,1.0220613743042282,21
0.05,1,0.21484375,0.0480274177326092,1.0197043582790064,21
0.05,1,0.21875,0.03059237333310459,1.0247408927473076,21
0.05,1,0.22265625,0.034054268980477434,1.034265228626591,21
0.05,1,0.2265625,0.022702300545026654,1.0199234102699695,21
0.05,1,0.23046875,0.02305860734518916,1.0257163066075745,21
0.05,1,0.234375,0.07945195013299473,1.0214811089708686,21
0.05,1,0.23828125,0.011146230694392259,1.0105715316115795,21
0.05,1,0.2421875,0.018713957620635286,0.9998091516995611,21
0.05,1,0.24609375,0.05040172608895536,0.9886598879060184,21
0.05,1,0.25,0.08909878410348687,0.9738544372081914,21
0.05,1,0.25390625,0.08406193152285958,0.9886713433936541,21
0.05,1,0.2578125,0.08516944227934653,0.9739697616628161,21
0.05,1,0.26171875,0.058662843841179514,0.9693531456175598,21
0.05,1,0.265625,0.01902615702333873,0.9804785984400559,21
0.05,1,0.26953125,0.028656898935263606,0.9833151033588506,21
0.05,1,0.2734375,0.035696600571420156,0.9772888119015113,21
0.05,1,0.27734375,0.015912869008061936,0.9919537407513963,21
0.05,1,0.28125,0.04451382556174691,0.9960674833586942,21
0.05,1,0.28515625,0.02109478934974191,0.9944392749988504,21
0.05,1,0.2890625,0.02505554230101652,1.0135063631661985,21
0.05,1,0.29296875,0.017070508235620972,1.0291168318083836,21
0.05,1,0.296875,0.017640462671812678,1.0238975608942715,21
0.05,1,0.30078125,0.014741707592056716,1.0247210147206263,21
0.05,1,0.3046875,0.06167783665033061,1.0144893808470887,21
0.05,1,0.30859375,0.1051526163518011,0.9745021002004965,21
0.05,1,0.3125,0.030110422010428496,0.9866627474781358,21
0.05,1,0.31640625,0.02872221839028418,0.9980855889364794,21
0.05,1,0.3203125,0.06669839198612483,0.9997591889028898,21
0.05,1,0.32421875,0.03336172034452979,0.9829106347651654,21
0.05,1,0.328125,0.09878408292739338,0.9782957910416816,21
0.05,1,0.33203125,0.03483930394958643,0.9518806288731563,21
0.05,1,0.3359375,0.025984346109387567,0.9668811140962988,21
0.05,1,0.33984375,0.009527551837035653,0.9877507164489363,21
0.05,1,0.34375,0.05973762231212328,0.9770089753413769,21
0.05,1,0.34765625,0.12131568470312963,0.9731449947179475,21
0.05,1,0.3515625,0.16071361660552902,0.9663004156744728,21
0.05,1,0.35546875,0.05565300764475594,0.9506915094153906,21
0.05,1,0.359375,0.2291576953355483,0.963936519626075,21
0.05,1,0.36328125,0.020918254403202396,0.966341840393415,21
0.05,1,0.3671875,0.14273823166041044,0.9603168697100893,21
0.05,1,0.37109375,0.024026069274883596,0.9865070903122968,21
0.05,1,0.375,0.30229935393110724,0.995876876145846,21
0.05,1,0.37890625,0.027817928265419515,1.0018192713839658,21
0.05,1,0.3828125,0.03420332844638668,0.9848851902821167,21
0.05,1,0.38671875,0.071586962465207,0.9855877780198603,21
0.05,1,0.390625,0.05376184090434769,1.0090080879614451,21
0.05,1,0.39453125,0.10651618123717542,0.9962207418692927,21
0.05,1,0.3984375,0.0349007138836964,0.9897052261369582,21
0.05,1,0.40234375,0.12087572916577587,0.9751464445851646,21
0.05,1,0.40625,0.07674585531947448,1.0154770654668963,21
0.05,1,0.41015625,0.11856736500731418,0.9849267087919507,21
0.05,1,0.4140625,0.07457528153829125,0.9731015827730621,21
0.05,1,0.41796875,0.09280551215706515,0.9523740833763271,21
0.05,1,0.421875,0.1432666706580592,0.9522184477419265,21
0.05,1,0.42578125,0.10757256031523856,0.9758807594158181,21
0.05,1,0.4296875,0.0892391252698769,0.9663655788496637,21
0.05,1,0.43359375,0.09634714372857853,0.9661295416720531,21
0.05,1,0.4375,0.0314028087918638,0.9781278940996619,21
0.05,1,0.44140625,0.06484671354353277,0.9791299585667692,21
0.05,1,0.4453125,0.09009991839362007,0.9868109484058698,21
0.05,1,0.44921875,0.04199615391235522,0.9782638652334918,21
0.05,1,0.453125,0.014246222461750153,0.9890154545652096,21
0.05,1,0.45703125,0.14106152522863763,1.0005884814520258,21
0.05,1,0.4609375,0.07438259441482141,0.9946871247801111,21
0.05,1,0.46484375,0.18198238237260517,0.9715948258906524,21
0.05,1,0.46875,0.02454665485500971,0.97377212614994,21
0.05,1,0.47265625,0.09187368796264508,0.9565891223914595,21
0.05,1,0.4765625,0.1041619285959352,0.9766717486172791,21
0.05,1,0.48046875,0.0597835232018287,0.9777658069686702,21
0.05,1,0.484375,0.09664391610469013,0.967515005941336,21
0.05,1,0.48828125,0.04727299156577569,0.946505596268156,21
0.05,1,0.4921875,0.20363981669226947,0.9333336142344083,21
0.05,1,0.49609375,0.05431011716937482,0.9228796943309727,21
0.05,1,0.5,0.025853519338366833,0.9166813598145813,21
0.05,1,0.50390625,0.06588694036105744,0.9167615631317134,21
0.05,1,0.5078125,0.11304611031181722,0.9054632382756411,21
0.05,1,0.51171875,0.5597556987284016,0.9271650064972456,21
0.05,1,0.515625,0.09059397029288524,0.9035011254325573,21
0.05,1,0.51953125,0.07620167252457274,0.9375570067708769,21
0.05,1,0.5234375,0.05014306477727314,0.9447720778351706,21
0.05,1,0.52734375,0.19478278033958243,0.928748447265385,21
0.05,1,0.53125,0.2005381900326264,0.8777466232782029,21
0.05,1,0.53515625,0.03673504125934137,0.8706475195695316,21
0.05,1,0.5390625,0.051324970794752664,0.8896304850446652,21
0.05,1,0.54296875,0.100140833754974,0.8791137193241472,21
0.05,1,0.546875,0.06837627366847122,0.8657695818200533,21
0.05,1,0.55078125,0.03151511559110691,0.832355333522064,21
0.05,1,0.5546875,0.24062525527062265,0.8276942409508306,21
0.05,1,0.55859375,0.03891852259997204,0.8125372944756546,21
0.05,1,0.5625,0.07718740367676177,0.816005378618004,21
0.05,1,0.56640625,0.06797104997377022,0.7891280487594586,21
0.05,1,0.5703125,0.050329072553656415,0.8143673718008033,21
0.05,1,0.57421875,0.11207625738741456,0.8061329092477874,21
0.05,1,0.578125,0.08216370662541246,0.8142154051143213,21
0.05,1,0.58203125,0.03605693535103948,0.7997328366848511,21
0.05,1,0.5859375,0.10165267856871132,0.7961657585902643,21
0.05,1,0.58984375,0.07147687921954013,0.7950528480649061,21
0.05,1,0.59375,0.022154103220714014,0.8158621864910949,21
0.05,1,0.59765625,0.021104222961019752,0.8247341352076251,21
0.05,1,0.6015625,0.04554534482729487,0.8166269720298464,21
0.05,1,0.60546875,0.028342093892435454,0.8191996190522407,21
0.05,1,0.609375,0.05985688332445059,0.8059617809005414,21
0.05,1,0.61328125,0.14359038246267838,0.8166938831010939,21
0.05,1,0.6171875,0.09821478708370968,0.8071744422087448,21
0.05,1,0.62109375,0.06194963236656638,0.7923995228296935,21
0.05,1,0.625,0.07904131003682528,0.7644038655855901,21
0.05,1,0.62890625,0.03836971541067994,0.7620474376909782,21
0.05,1,0.6328125,0.034634711331373615,0.769234817794874,21
0.05,1,0.63671875,0.2830687985959993,0.775201775334178,21
0.05,1,0.640625,0.2624242541561795,0.759310994168558,21
0.05,1,0.64453125,0.06045773472623668,0.7781870697958496,21
0.05,1,0.6484375,0.10034649273136503,0.761306448427484,21
0.05,1,0.65234375,0.0677008010789356,0.7725026355016936,21
0.05,1,0.65625,0.03937604801933799,0.7788203177376652,21
0.05,1,0.66015625,0.16179685431261362,0.767043903924868,21
0.05,1,0.6640625,0.08480564781674989,0.7438628686030916,21
0.05,1,0.66796875,0.04177913420674373,0.7499383170034796,21
0.05,1,0.671875,0.049276153702445646,0.7573424518719662,21
0.05,1,0.67578125,0.07344391348160995,0.7557301940399636,21
0.05,1,0.6796875,0.16306693491408672,0.7763583048335339,21
0.05,1,0.68359375,0.04528517351490763,0.7586586989108834,21
0.05,1,0.6875,0.05918599100107473,0.772831546583684,21
0.05,1,0.69140625,0.1090111578438866,0.7794994678900601,21
0.05,1,0.6953125,0.03555941204638767,0.7999107850196536,21
0.05,1,0.69921875,0.04099377756879715,0.7969156749380558,21
0.05,1,0.703125,0.04298510975004308,0.7966318778943077,21
0.05,1,0.70703125,0.057966105197368015,0.8027010066403653,21
0.05,1,0.7109375,0.011362069746948906,0.8263715178756125,21
0.05,1,0.71484375,0.07361346395598516,0.8192935931777673,21
0.05,1,0.71875,0.029501818977952225,0.8181991053724649,21
0.05,1,0.72265625,0.059136696521029944,0.8169322072857635,21
0.05,1,0.7265625,0.11150443419796638,0.8027242689972163,21
0.05,1,0.73046875,0.11380010622618096,0.7663338115744752,21
0.05,1,0.734375,0.16755793268616137,0.7411696317227232,21
0.05,1,0.73828125,0.14544442069417557,0.7484454220666196,21
0.05,1,0.7421875,0.06747144697599579,0.7354101526536099,21
0.05,1,0.74609375,0.027328471062508637,0.7337718945709,21
0.05,1,0.75,0.3231302391678232,0.7309687115255963,21
0.05,1,0.75390625,0.25130647102825676,0.7237552020271197,21
0.05,1,0.7578125,0.1598695695935706,0.7130376793157935,21
0.05,1,0.76171875,0.05578495364559216,0.7338398925506416,21
0.05,1,0.765625,0.0227807055809592,0.7452852517320779,21
0.05,1,0.76953125,0.039149619048391246,0.7461734103408534,21
0.05,1,0.7734375,0.07648625980386724,0.746068749915618,21
0.05,1,0.77734375,0.05188310086957622,0.7409370903806356,21
0.05,1,0.78125,0.026760039586983017,0.7504654056086509,21
0.05,1,0.78515625,0.022295441318920466,0.7451498805327619,21
0.05,1,0.7890625,0.08022228229038307,0.7425404816450756,21
0.05,1,0.79296875,0.11304138353163064,0.7457078113152358,21
0.05,1,0.796875,0.05216289112132838,0.7392633735342173,21
0.05,1,0.80078125,0.04161574651971661,0.7297056664769656,21
0.05,1,0.8046875,0.09920481852341068,0.7145620754769632,21
0.05,1,0.80859375,0.2018344694947904,0.6967903700530227,21
0.05,1,0.8125,0.752841394142664,0.6396856972164953,21
0.05,1,0.81640625,0.029424986979469617,0.6450913260442829,21
0.05,1,0.8203125,0.12969606376348977,0.6432670187445604,21
0.05,1,0.82421875,0.08354979898628638,0.6510327645699127,21
0.05,1,0.828125,0.12329471726015184,0.6667256258474379,21
0.05,1,0.83203125,0.07201977218092105,0.6820165661870032,21
0.05,1,0.8359375,0.03825349399109211,0.711827104952134,21
0.05,1,0.83984375,0.04581569778955214,0.7180643720239234,21
0.05,1,0.84375,0.012661816792023587,0.7246044174138023,21
0.05,1,0.84765625,0.02050733134069735,0.7170253757498062,21
0.05,1,0.8515625,0.08194799850190737,0.7083992994603632,21
0.05,1,0.85546875,0.05663646549166163,0.7129981233493883,21
0.05,1,0.859375,0.038288696588062006,0.7069656960121015,21
0.05,1,0.86328125,0.07673769943350817,0.7032336113385889,21
0.05,1,0.8671875,0.08709357975600744,0.7034846575636143,21
0.05,1,0.87109375,0.10105376148254912,0.6977775309957883,21
0.05,1,0.875,0.20916481467726397,0.6952050626946027,21
0.05,1,0.87890625,0.060867403118280386,0.6934823250547492,21
0.05,1,0.8828125,0.05699712511185715,0.6878935432406242,21
0.05,1,0.88671875,0.1000101571585688,0.6896884531094611,21
0.05,1,0.890625,0.09868508696349389,0.6988272336134637,21
0.05,1,0.89453125,0.16148353621096237,0.7091547786117012,21
0.05,1,0.8984375,0.09696651238885125,0.7103887871327526,21
0.05,1,0.90234375,0.03460528279681741,0.6997772993520289,21
0.05,1,0.90625,0.08663267739923317,0.6911771139983132,21
0.05,1,0.91015625,0.03810451586540124,0.6745609751160424,21
0.05,1,0.9140625,0.013161410863623593,0.6758070179539577,21
0.05,1,0.91796875,0.023266705068851014,0.6830997035589425,21
0.05,1,0.921875,0.025017108107241545,0.6795146557838401,21
0.05,1,0.92578125,0.028495394894801296,0.6914575006696003,21
0.05,1,0.9296875,0.10441412254426995,0.6886804836797455,21
0.05,1,0.93359375,0.10047327530028072,0.6988202137872797,21
0.05,1,0.9375,0.19558624449340012,0.6665646108964379,21
0.05,1,0.94140625,0.039856886163608156,0.6826272138382995,21
0.05,1,0.9453125,0.08662655513878255,0.6892214081294517,21
0.05,1,0.94921875,0.12009507482757821,0.6916026849234679,21
0.05,1,0.953125,0.0782235461873956,0.7110199138178065,21
0.05,1,0.95703125,0.07934771666550586,0.7164066910266557,21
0.05,1,0.9609375,0.03460668247151264,0.7043409685892783,21
0.05,1,0.96484375,0.055899684964401834,0.7033288003906144,21
0.05,1,0.96875,0.0436474798185441,0.6909113684716107,21
0.05,1,0.97265625,0.010502390087874115,0.6880957561271973,21
0.05,1,0.9765625,0.01973655393880725,0.6939539948347705,21
0.05,1,0.98046875,0.050836227635935545,0.6900497875923739,21
0.05,1,0.984375,0.016140895130555503,0.6856826530338275,21
0.05,1,0.98828125,0.030116543127358675,0.6860665448390012,21
0.05,1,0.9921875,0.04161262991606814,0.6940002251730151,21
0.05,1,0.99609375,0.05011345537698127,0.696474065362644,21
0.05,1,1.0,0.01766547462164901,0.7018488045826605,21
0.05,2,0.0,0.04,1.0,21
0.05,2,0.00390625,0.08667798892232337,1.002135692146415,21
0.05,2,0.0078125,0.08933951777972286,1.0337637008563139,21
0.05,2,0.01171875,0.02984740987954782,1.048607415104833,21
0.05,2,0.015625,0.010472463484783983,1.0490316627081655,21
0.05,2,0.01953125,0.015152802091898386,1.0363922681810231,21
0.05,2,0.0234375,0.02161208179989369,1.0412486533409404,21
0.05,2,0.02734375,0.009764442855520633,1.0405703999658984,21
0.05,2,0.03125,0.01595075309727618,1.0435065512525263,21
0.05,2,0.03515625,0.031907682849242856,1.0435919128523865,21
0.05,2,0.0390625,0.02755657254090981,1.055736526894097,21
0.05,2,0.04296875,0.01588105925498125,1.0425221153901745,21
0.05,2,0.046875,0.0637351431547782,1.0448781693349007,21
0.05,2,0.05078125,0.04209628937018153,1.0466563048018507,21
0.05,2,0.0546875,0.038831525552125136,1.0178911996510254,21
0.05,2,0.05859375,0.05168950856478127,1.0159348280199298,21
0.05,2,0.0625,0.01791213973304401,1.0212362108935635,21
0.05,2,0.06640625,0.01805472404051422,1.0188766537790672,21
0.05,2,0.0703125,0.008664566334892243,1.028130040616907,21
0.05,2,0.07421875,0.024629287667343975,1.0318438837513086,21
0.05,2,0.078125,0.031814411895678546,1.0382473669992105,21
0.05,2,0.08203125,0.027435978107367972,1.0168842843263968,21
0.05,2,0.0859375,0.05056563707245161,0.9942919667590719,21
0.05,2,0.08984375,0.016010702582747578,1.0110058968198425,21
0.05,2,0.09375,0.030021720173515832,1.0156340260986438,21
0.05,2,0.09765625,0.03193810299259365,1.025475551336396,21
0.05,2,0.1015625,0.03938536825289152,1.0263363430797556,21
0.05,2,0.10546875,0.02377578880030468,1.0189972313294104,21
0.05,2,0.109375,0.0727527157410543,1.0155775938993306,21
0.05,2,0.11328125,0.02721880949470701,1.0169508354165067,21
0.05,2,0.1171875,0.013159892760823117,1.0215326843407728,21
0.05,2,0.12109375,0.02572081055054556,1.020434632543241,21
0.05,2,0.125,0.023788429389019233,1.0297737237700904,21
0.05,2,0.12890625,0.02257301855794179,1.0335369936027243,21
0.05,2,0.1328125,0.019470650166220384,1.039751090213502,21
0.05,2,0.13671875,0.004333078866290972,1.0549637892050079,21
0.05,2,0.140625,0.009386688312272792,1.0583654549923052,21
0.05,2,0.14453125,0.01629511992716443,1.0656334768871643,21
0.05,2,0.1484375,0.019357504189238938,1.0689266504847785,21
0.05,2,0.15234375,0.008455819471231918,1.074924325177644,21
0.05,2,0.15625,0.018023742344272044,1.0829143441951279,21
0.05,2,0.16015625,0.014463936565960234,1.090573084096641,21
0.05,2,0.1640625,0.009332583256633303,1.0888191609166058,21
0.05,2,0.16796875,0.03061897838524622,1.0818073634130145,21
0.05,2,0.171875,0.014240848813271454,1.0721044610934733,21
0.05,2,0.17578125,0.03822262597327132,1.0629774267722272,21
0.05,2,0.1796875,0.02478065310498407,1.039128178475189,21
0.05,2,0.18359375,0.02853748163835751,1.0304317572904693,21
0.05,2,0.1875,0.012949078030699794,1.042547568684155,21
0.05,2,0.19140625,0.06277510894857147,1.0421715049586078,21
0.05,2,0.1953125,0.04197576315249538,1.0287566740873118,21
0.05,2,0.19921875,0.08514456142064691,1.0255590500986753,21
0.05,2,0.203125,0.00711907690127728,1.0391160173553866,21
0.05,2,0.20703125,0.01590639403095643,1.0253388426768328,21
0.05,2,0.2109375,0.023405426719585478,1.0242494665357282,21
0.05,2,0.21484375,0.014607109058758973,1.0428135461067531,21
0.05,2,0.21875,0.047375987939564615,1.0388008761602208,21
0.05,2,0.22265625,0.012628276403441501,1.0356612275464072,21
0.05,2,0.2265625,0.010833123053078325,1.0291525804870747,21
0.05,2,0.23046875,0.006186332543700917,1.0244767350461847,21
0.05,2,0.234375,0.0560162890880082,1.020445712252657,21
0.05,2,0.23828125,0.030867233285420712,1.0252009943569418,21
0.05,2,0.2421875,0.008206351109100033,1.0244408738157995,21
0.05,2,0.24609375,0.022216468855650776,1.033505309018715,21
0.05,2,0.25,0.006549526797362925,1.046600326437967,21
0.05,2,0.25390625,0.03239283117807605,1.0483495505733256,21
0.05,2,0.2578125,0.0410316982605647,1.050322712422187,21
0.05,2,0.26171875,0.01472994249675202,1.0408841647653782,21
0.05,2,0.265625,0.018528455226764055,1.0350217625887925,21
0.05,2,0.26953125,0.014784795248805,1.0284017805378762,21
0.05,2,0.2734375,0.004173058626166114,1.0403949844852134,21
0.05,2,0.27734375,0.009011052064136283,1.0448514412025174,21
0.05,2,0.28125,0.035459728489178846,1.0441042470612405,21
0.05,2,0.28515625,0.016098385805371315,1.0443400278774622,21
0.05,2,0.2890625,0.005487314402283924,1.0556519710163959,21
0.05,2,0.29296875,0.010777327065285811,1.0546344395882778,21
0.05,2,0.296875,0.015575168135426963,1.052145344942446,21
0.05,2,0.30078125,0.014559338820331004,1.0547511545172923,21
0.05,2,0.3046875,0.005262180773159304,1.0550836082154935,21
0.05,2,0.30859375,0.02547200868102016,1.046352774278477,21
0.05,2,0.3125,0.0207633202742052,1.0401580328618445,21
0.05,2,0.31640625,0.0026433518693990367,1.041546219359503,21
0.05,2,0.3203125,0.009634340661409177,1.0423512952040517,21
0.05,2,0.32421875,0.007889692590079066,1.0356262849035998,21
0.05,2,0.328125,0.020316075435775197,1.0279293647456695,21
0.05,2,0.33203125,0.021613328930748837,1.0130801022129567,21
0.05,2,0.3359375,0.02759248760273417,1.0105096745619035,21
0.05,2,0.33984375,0.062039048472361955,1.0138243348910883,21
0.05,2,0.34375,0.012690887525495933,0.9975355780639813,21
0.05,2,0.34765625,0.015439772730253175,0.9913514577167325,21
0.05,2,0.3515625,0.09758290856663654,0.9860432682402038,21
0.05,2,0.35546875,0.025242413005523656,0.9897867658860074,21
0.05,2,0.359375,0.013826090406465694,0.98336037416797,21
0.05,2,0.36328125,0.017678840649992963,0.9924556894278141,21
0.05,2,0.3671875,0.04705661331483546,0.9916319333750078,21
0.05,2,0.37109375,0.10626612160791801,0.9804433430743423,21
0.05,2,0.375,0.056778329511202215,0.9841510316397452,21
0.05,2,0.37890625,0.03140232266204334,0.9751249480831173,21
0.05,2,0.3828125,0.07538252351192394,0.9615683032292656,21
0.05,2,0.38671875,0.04540187261323641,0.9584037603236388,21
0.05,2,0.390625,0.030334025444339604,0.938546300582912,21
0.05,2,0.39453125,0.04072328496269547,0.9414760067970765,21
0.05,2,0.3984375,0.028302127373814465,0.9442071351071549,21
0.05,2,0.40234375,0.013737733380628185,0.9428240436502419,21
0.05,2,0.40625,0.07436979507249572,0.9392938676985313,21
0.05,2,0.41015625,0.2933966418125856,0.930956112627913,21
0.05,2,0.4140625,0.027034335827635207,0.9229076718957275,21
0.05,2,0.41796875,0.014845879286630087,0.9282521777898463,21
0.05,2,0.421875,0.023547221584581036,0.928079609504323,21
0.05,2,0.42578125,0.02812448966569953,0.9174222226086037,21
0.05,2,0.4296875,0.025940709609724777,0.9265266336774308,21
0.05,2,0.43359375,0.024263537372780572,0.9273893198854762,21
0.05,2,0.4375,0.002874615684502002,0.9471003057743432,21
0.05,2,0.44140625,0.013222651878185561,0.9495560191544646,21
0.05,2,0.4453125,0.021803984245946775,0.95308640663099,21
0.05,2,0.44921875,0.004423013671860096,0.9538953469326746,21
0.05,2,0.453125,0.01595249169162807,0.9529812542743326,21
0.05,2,0.45703125,0.011258544245684461,0.9498847055180427,21
0.05,2,0.4609375,0.014518602949231327,0.956461438967032,21
0.05,2,0.46484375,0.009032471426705133,0.9571784297402349,21
0.05,2,0.46875,0.0061359813437160135,0.9633118162369975,21
0.05,2,0.47265625,0.026429800471109162,0.9646678859191329,21
0.05,2,0.4765625,0.030315800549022557,0.9661853783836821,21
0.05,2,0.48046875,0.011429497605274366,0.9637585998681567,21
0.05,2,0.484375,0.024144639139619017,0.971485725335871,21
0.05,2,0.48828125,0.030190483110997923,0.973813508693338,21
0.05,2,0.4921875,0.009025274760410644,0.9740138041404672,21
0.05,2,0.49609375,0.031244411041798426,0.9769730594462646,21
0.05,2,0.5,0.015077029112123042,0.9817940635082617,21
0.05,2,0.50390625,0.005614863960917761,0.9916002146253702,21
0.05,2,0.5078125,0.025565310096069004,0.9933423494749978,21
0.05,2,0.51171875,0.019074215532761025,0.9839361740030559,21
0.05,2,0.515625,0.012274741894548125,0.9959093154286682,21
0.05,2,0.51953125,0.028167529263601488,0.9914761051246233,21
0.05,2,0.5234375,0.02657761032821529,0.9818453954898184,21
0.05,2,0.52734375,0.02664804936300661,0.990936653988759,21
0.05,2,0.53125,0.05988035154809068,0.9884194332017233,21
0.05,2,0.53515625,0.019089434144836184,0.984073080012919,21
0.05,2,0.5390625,0.015549943913375672,0.9901800595602349,21
0.05,2,0.54296875,0.014228685379456013,0.9878801316063748,21
0.05,2,0.546875,0.016397490775740063,0.9939989562388651,21
0.05,2,0.55078125,0.014038291787460626,0.992680246165169,21
0.05,2,0.5546875,0.02334596258250173,0.9905913467417141,21
0.05,2,0.55859375,0.037027175919070114,0.9798801310436418,21
0.05,2,0.5625,0.038304076347687,0.9803950896496583,21
0.05,2,0.56640625,0.04163593655078194,0.9539325857357595,21
0.05,2,0.5703125,0.021907903363607702,0.9609578254507621,21
0.05,2,0.57421875,0.004068623413166468,0.9620109445529478,21
0.05,2,0.578125,0.02299377764405305,0.9623206455650237,21
0.05,2,0.58203125,0.031185312770893744,0.9766940114865665,21
0.05,2,0.5859375,0.03986354551945436,0.9823714034811846,21
0.05,2,0.58984375,0.018507189111486314,0.9930162965747128,21
0.05,2,0.59375,0.006600428189331556,0.985720032883669,21
0.05,2,0.59765625,0.011281406742754952,0.9885286937794322,21
0.05,2,0.6015625,0.025968050296142256,0.9819340204387909,21
0.05,2,0.60546875,0.016014006811411526,0.9769405232358823,21
0.05,2,0.609375,0.014758204996195954,0.9670208769423877,21
0.05,2,0.61328125,0.018448416759159786,0.9607542583997537,21
0.05,2,0.6171875,0.035746136167043835,0.97335479892824,21
0.05,2,0.62109375,0.09473484501328512,0.980184413441526,21
0.05,2,0.625,0.04154284454011749,0.980174276236321,21
0.05,2,0.62890625,0.015511525432958709,0.9625698789529318,21
0.05,2,0.6328125,0.038188484424859906,0.9590099769879117,21
0.05,2,0.63671875,0.019181488606848884,0.9490981685596735,21
0.05,2,0.640625,0.029416822120668765,0.9586670721628643,21
0.05,2,0.64453125,0.0519905691651749,0.936211524907266,21
0.05,2,0.6484375,0.038701314811228994,0.9319172511406592,21
0.05,2,0.65234375,0.029750118781857484,0.9482608761449903,21
0.05,2,0.65625,0.002945360090357553,0.9577625139490707,21
0.05,2,0.66015625,0.02446833547777033,0.9563265014853518,21
0.05,2,0.6640625,0.06697243484258594,0.9508437611269468,21
0.05,2,0.66796875,0.014289010174922873,0.9593767996498567,21
0.05,2,0.671875,0.07612299492886021,0.9510424653885945,21
0.05,2,0.67578125,0.0890248402268788,0.9337452129822529,21
0.05,2,0.6796875,0.08517457555376445,0.8960366399553867,21
0.05,2,0.68359375,0.02026405149953572,0.9064638302738296,21
0.05,2,0.6875,0.022370942053938487,0.9108216209990987,21
0.05,2,0.69140625,0.03348666918816983,0.9068062103673261,21
0.05,2,0.6953125,0.1526723112946642,0.9044653638706973,21
0.05,2,0.69921875,0.02476302654665812,0.9318833693264086,21
0.05,2,0.703125,0.027336411638607082,0.916548322273948,21
0.05,2,0.70703125,0.054639368880437814,0.9301582167857315,21
0.05,2,0.7109375,0.025482066947131666,0.9261478677826042,21
0.05,2,0.71484375,0.05759156244590999,0.915351277908475,21
0.05,2,0.71875,0.0468688017142751,0.9003086833631198,21
0.05,2,0.72265625,0.05042353471550699,0.907537075451277,21
0.05,2,0.7265625,0.053275425532413906,0.908089450316137,21
0.05,2,0.73046875,0.0713263752865723,0.8996454530610869,21
0.05,2,0.734375,0.025008232189711804,0.907758767623861,21
0.05,2,0.73828125,0.012855793042063865,0.9147276644102361,21
0.05,2,0.7421875,0.026670579691259577,0.9210713510143578,21
0.05,2,0.74609375,0.01969685263770738,0.9115009611426357,21
0.05,2,0.75,0.008463563247173895,0.9069198964661096,21
0.05,2,0.75390625,0.04870013740128515,0.9024880031827608,21
0.05,2,0.7578125,0.028826752861628228,0.889424745167124,21
0.05,2,0.76171875,0.048265098215305544,0.8813495889328878,21
0.05,2,0.765625,0.013967479108836956,0.8811841519582166,21
0.05,2,0.76953125,0.026810547561369545,0.8821636134574514,21
0.05,2,0.7734375,0.041707931384576354,0.8713829700474175,21
0.05,2,0.77734375,0.0833562863878298,0.8792264645294322,21
0.05,2,0.78125,0.03579357034745459,0.8937342890440313,21
0.05,2,0.78515625,0.05686007511392112,0.8836231576195975,21
0.05,2,0.7890625,0.02049491447575562,0.9116118547173799,21
0.05,2,0.79296875,0.01933514882839487,0.9183783612116576,21
0.05,2,0.796875,0.00967861353620659,0.930849447761244,21
0.05,2,0.80078125,0.05424040304321933,0.9236186181901701,21
0.05,2,0.8046875,0.017152076988800828,0.925672247756986,21
0.05,2,0.80859375,0.031227437293787172,0.9347550373325283,21
0.05,2,0.8125,0.0373171289447215,0.9149325298151181,21
0.05,2,0.81640625,0.0229790364963789,0.9119956728918643,21
0.05,2,0.8203125,0.007308601273204631,0.9120358314645598,21
0.05,2,0.82421875,0.03392155597374754,0.9115763441505942,21
0.05,2,0.828125,0.02030670363223735,0.8955130858449158,21
0.05,2,0.83203125,0.01197205077330107,0.8983869982719125,21
0.05,2,0.8359375,0.007913936958691367,0.9002144467132625,21
0.05,2,0.83984375,0.021188064837029313,0.9030766429996862,21
0.05,2,0.84375,0.06432570318564962,0.8930655841736462,21
0.05,2,0.84765625,0.005625589276438634,0.8929254706941949,21
0.05,2,0.8515625,0.008704959781997494,0.8958846477672873,21
0.05,2,0.85546875,0.010492235931117207,0.897224814508177,21
0.05,2,0.859375,0.016392683223620277,0.8892571998356913,21
0.05,2,0.86328125,0.06440505790540532,0.8858873350688649,21
0.05,2,0.8671875,0.008258583198920137,0.8908315377935356,21
0.05,2,0.87109375,0.041523984601693896,0.8868521681331042,21
0.05,2,0.875,0.04850553875511267,0.8805503954959274,21
0.05,2,0.87890625,0.010455013496481511,0.8866326850672546,21
0.05,2,0.8828125,0.008726632017589043,0.8891135785548373,21
0.05,2,0.88671875,0.03226064262106974,0.8935370659996907,21
0.05,2,0.890625,0.014338911514214035,0.9266698799386228,21
0.05,2,0.89453125,0.023856122231365233,0.9290756958430557,21
0.05,2,0.8984375,0.03753511564314701,0.9359259973768429,21
0.05,2,0.90234375,0.028832557286432272,0.9531011475637853,21
0.05,2,0.90625,0.010580075816237065,0.9550984623669507,21
0.05,2,0.91015625,0.004583487593261192,0.9599285392802174,21
0.05,2,0.9140625,0.01858314271899594,0.959563757812855,21
0.05,2,0.91796875,0.009048467883941763,0.9650043868125626,21
0.05,2,0.921875,0.007338392176167018,0.9661337680157193,21
0.05,2,0.92578125,0.02120434160157621,0.9643783266012245,21
0.05,2,0.9296875,0.02765523425344672,0.9630201862959838,21
0.05,2,0.93359375,0.019882596654717404,0.9650184460476566,21
0.05,2,0.9375,0.030096590684447328,0.9652575288076743,21
0.05,2,0.94140625,0.028965422645734002,0.9701011944313109,21
0.05,2,0.9453125,0.019655999291022474,0.9822231623730775,21
0.05,2,0.94921875,0.006902420428423673,0.9773136708065655,21
0.05,2,0.953125,0.01237473419545132,0.9814241020431576,21
0.05,2,0.95703125,0.009625788557195961,0.9894203530645223,21
0.05,2,0.9609375,0.031930417425844,0.9784729611723685,21
0.05,2,0.96484375,0.004458911022617506,0.9884941329201438,21
0.05,2,0.96875,0.003297433470977499,0.9965510485135274,21
0.05,2,0.97265625,0.006609760975770998,0.999172333460227,21
0.05,2,0.9765625,0.013803345197097945,0.9894005950403758,21
0.05,2,0.98046875,0.0042947444732572325,0.9979544019261913,21
0.05,2,0.984375,0.004841032733768934,1.0032869410694993,21
0.05,2,0.98828125,0.008957917515904757,0.9989675032446369,21
0.05,2,0.9921875,0.01121960375992095,0.9950760555358209,21
0.05,2,0.99609375,0.017859089354958904,0.9985652619009823,21
0.05,2,1.0,0.01090267580634096,1.0053412648691031,21
0.05,3,0.0,0.04,1.0,21
0.05,3,0.00390625,0.024567703283240393,1.0172638874548665,21
0.05,3,0.0078125,0.04172249539789369,1.0086727889893465,21
0.05,3,0.01171875,0.02482243644188845,1.0181539257134546,21
0.05,3,0.015625,0.08342505098315066,0.9991541612436186,21
0.05,3,0.01953125,0.038605583733642375,0.9893072254279857,21
0.05,3,0.0234375,0.049814113463246254,0.9805947779598769,21
0.05,3,0.02734375,0.03404491115862095,1.0021739437136028,21
0.05,3,0.03125,0.012503790683476622,1.0201655600032422,21
0.05,3,0.03515625,0.056531549985191616,1.0177911771310606,21
0.05,3,0.0390625,0.04350823837744773,1.0295148901583169,21
0.05,3,0.04296875,0.0911295690259498,1.0107302530351001,21
0.05,3,0.046875,0.03512229331209079,1.0084417595726514,21
0.05,3,0.05078125,0.056713647519294766,1.0086851023441565,21
0.05,3,0.0546875,0.11495031385851494,1.005820148907351,21
0.05,3,0.05859375,0.1198159978739598,0.9740008006562677,21
0.05,3,0.0625,0.09861222411363946,0.9897030471830269,21
0.05,3,0.06640625,0.12940011663497053,0.9815856525646358,21
0.05,3,0.0703125,0.255805894794466,0.9687915553641293,21
0.05,3,0.07421875,0.10492722156241094,0.9764374072021302,21
0.05,3,0.078125,0.037129060917097105,0.9887996218641633,21
0.05,3,0.08203125,0.08093165310672959,0.9730284614618541,21
0.05,3,0.0859375,0.02274978307881415,0.9937109415759112,21
0.05,3,0.08984375,0.012139880315502758,0.994653789294805,21
0.05,3,0.09375,0.0730204933454813,0.9927340774730865,21
0.05,3,0.09765625,0.06275315034969017,0.9718954497238869,21
0.05,3,0.1015625,0.026277319868811988,0.9879396104912768,21
0.05,3,0.10546875,0.1020212760234984,0.9852309394439089,21
0.05,3,0.109375,0.029646343781515375,1.0027414446859724,21
0.05,3,0.11328125,0.02541645408818213,1.0114667304546496,21
0.05,3,0.1171875,0.04140540575312029,1.0021990967244638,21
0.05,3,0.12109375,0.04088409292224798,0.9884418199198876,21
0.05,3,0.125,0.0250789211594068,0.9912753090777353,21
0.05,3,0.12890625,0.0430592211028149,0.9793471820590391,21
0.05,3,0.1328125,0.06771166423835605,0.9650209959244507,21
0.05,3,0.13671875,0.07617498230193906,0.9433974113593069,21
0.05,3,0.140625,0.13449912113544862,0.9253973803465219,21
0.05,3,0.14453125,0.3775889114601162,0.9001242608777089,21
0.05,3,0.1484375,0.09983328696035768,0.8629384972245364,21
0.05,3,0.15234375,0.029763094364275714,0.8950106601303306,21
0.05,3,0.15625,0.0578293741010992,0.8989072140183582,21
0.05,3,0.16015625,0.05383222527449596,0.8961950168939445,21
0.05,3,0.1640625,0.042783508235913884,0.9145121339297582,21
0.05,3,0.16796875,0.013140349333514961,0.9024991220696613,21
0.05,3,0.171875,0.06808790544726455,0.8932392848300487,21
0.05,3,0.17578125,0.0629057832751643,0.8697688443259617,21
0.05,3,0.1796875,0.0658810013006774,0.8807102741183191,21
0.05,3,0.18359375,0.036109494806429054,0.897891211981439,21
0.05,3,0.1875,0.013408322972557868,0.8959085560214766,21
0.05,3,0.19140625,0.029386024631711,0.889565860368537,21
0.05,3,0.1953125,0.03721761572660646,0.8723564714333555,21
0.05,3,0.19921875,0.07300764653266324,0.8611057238161607,21
0.05,3,0.203125,0.133798206742982,0.8381145022087284,21
0.05,3,0.20703125,0.04774447186224859,0.8709317455037746,21
0.05,3,0.2109375,0.023792138640011246,0.8656284402870267,21
0.05,3,0.21484375,0.08606306936651958,0.8527289379749856,21
0.05,3,0.21875,0.15121412506153517,0.8356650062026845,21
0.05,3,0.22265625,0.09517931659013383,0.8155795887772451,21
0.05,3,0.2265625,0.11774614214566047,0.8364168152367686,21
0.05,3,0.23046875,0.017191142221965452,0.8458861441439339,21
0.05,3,0.234375,0.3667975098051545,0.837304849276621,21
0.05,3,0.23828125,0.04712623350304692,0.8534571914418941,21
0.05,3,0.2421875,0.04110008719895038,0.8559115589350625,21
0.05,3,0.24609375,0.014760324883328384,0.8603650855565844,21
0.05,3,0.25,0.034857528837249935,0.8598225976180983,21
0.05,3,0.25390625,0.03951221718602404,0.8644729395777893,21
0.05,3,0.2578125,0.19891830518820292,0.851720848589889,21
0.05,3,0.26171875,0.017334929245264676,0.8362848959829411,21
0.05,3,0.265625,0.04157869415909585,0.8310314844279273,21
0.05,3,0.26953125,0.2615119151480508,0.8217348061051601,21
0.05,3,0.2734375,0.13348833803440813,0.8250400566154072,21
0.05,3,0.27734375,0.060297636188106414,0.8414169880130192,21
0.05,3,0.28125,0.048311245599593246,0.8359698105199155,21
0.05,3,0.28515625,0.11887485740162382,0.8343902849675631,21
0.05,3,0.2890625,0.12136435545270388,0.8318252308429627,21
0.05,3,0.29296875,0.17535570540292483,0.8469065088383805,21
0.05,3,0.296875,0.10966978764287476,0.849738357876329,21
0.05,3,0.30078125,0.05664702907342057,0.8804628674178825,21
0.05,3,0.3046875,0.07116101404881875,0.8711301195275991,21
0.05,3,0.30859375,0.02103909965867161,0.8663359828052238,21
0.05,3,0.3125,0.03687955887120078,0.8807351741533317,21
0.05,3,0.31640625,0.1653899645423497,0.8823851930667297,21
0.05,3,0.3203125,0.03548776375081511,0.9050639612859005,21
0.05,3,0.32421875,0.06863420203008,0.8744155250253137,21
0.05,3,0.328125,0.03441834285443351,0.8881195461070233,21
0.05,3,0.33203125,0.2922854512249857,0.8922237158094528,21
0.05,3,0.3359375,0.0807154484427674,0.9476541055367043,21
0.05,3,0.33984375,0.026015369062938155,0.9763773501554057,21
0.05,3,0.34375,0.2855916058905334,0.9568431187550568,21
0.05,3,0.34765625,0.2850718539077277,0.9429323449889854,21
0.05,3,0.3515625,0.1537443122723952,0.9137037974691611,21
0.05,3,0.35546875,0.02445983422473766,0.9186779144028608,21
0.05,3,0.359375,0.04373996226485726,0.9260615766186777,21
0.05,3,0.36328125,0.06714455198050359,0.9347144120858506,21
0.05,3,0.3671875,0.11341833832914563,0.9358542595643978,21
0.05,3,0.37109375,0.020043970932564138,0.9179213226488385,21
0.05,3,0.375,0.13646363793880847,0.9112441859645595,21
0.05,3,0.37890625,0.11293928209479764,0.9187806572214829,21
0.05,3,0.3828125,0.1172388806904233,0.9222283250991888,21
0.05,3,0.38671875,0.08026501345879762,0.9202964514923508,21
0.05,3,0.390625,0.0404056558613315,0.9424175318439925,21
0.05,3,0.39453125,0.06946414075396463,0.9472505634192547,21
0.05,3,0.3984375,0.05861522042499182,0.9860691351180493,21
0.05,3,0.40234375,0.048230520863170534,0.9906427459144165,21
0.05,3,0.40625,0.025498565536675663,0.9899175957975297,21
0.05,3,0.41015625,0.09217599192676594,0.9821497487368915,21
0.05,3,0.4140625,0.10729349330914666,0.9647565506081583,21
0.05,3,0.41796875,0.19193039094905376,0.9468197301799655,21
0.05,3,0.421875,0.07482000957378183,0.9793191314120872,21
0.05,3,0.42578125,0.040196487995857524,0.9864576971653691,21
0.05,3,0.4296875,0.06709654763383156,0.9789919426133138,21
0.05,3,0.43359375,0.039322669163929784,0.9781500442891793,21
0.05,3,0.4375,0.03974610132214208,0.966818047128982,21
0.05,3,0.44140625,0.31797298358421966,0.9628596668440186,21
0.05,3,0.4453125,0.05438722578264976,0.954910748919076,21
0.05,3,0.44921875,0.03284876657166665,0.9584835323877132,21
0.05,3,0.453125,0.08029635383265055,0.9459022246197624,21
0.05,3,0.45703125,0.19727816757883865,0.9200826641457525,21
0.05,3,0.4609375,0.22141791873326885,0.9366003989725666,21
0.05,3,0.46484375,0.09267915043447879,0.9160566730841894,21
0.05,3,0.46875,0.1667665961031847,0.9158773281743018,21
0.05,3,0.47265625,0.1774597440499771,0.9558202805481432,21
0.05,3,0.4765625,0.04876600259158525,0.9539296353325303,21
0.05,3,0.48046875,0.04785934702758171,0.9418415382451572,21
0.05,3,0.484375,0.11489872553472834,0.9406679164497396,21
0.05,3,0.48828125,0.1538187758597599,0.9279256742011626,21
0.05,3,0.4921875,0.10849290545700671,0.9478198955654578,21
0.05,3,0.49609375,0.06800695611177852,0.9608181456811375,21
0.05,3,0.5,0.1321539376711892,0.9729389451007777,21
0.05,3,0.50390625,0.04731929316387251,0.9943221472052245,21
0.05,3,0.5078125,0.05680675068857711,0.9861980570803661,21
0.05,3,0.51171875,0.027993088981146937,1.013266866135919,21
0.05,3,0.515625,0.10352594625408772,1.016232142648448,21
0.05,3,0.51953125,0.03406036549184972,1.0060725855827914,21
0.05,3,0.5234375,0.0875727255869207,1.0145227953906581,21
0.05,3,0.52734375,0.1498268891323009,0.9905949379218022,21
0.05,3,0.53125,0.25094699499265344,0.9764984267034404,21
0.05,3,0.53515625,0.10401902857007755,0.970694236714663,21
0.05,3,0.5390625,0.05323576268319602,0.9706483823171735,21
0.05,3,0.54296875,0.17917760652208808,0.9624304100010229,21
0.05,3,0.546875,0.12149265241627329,0.9477789366562414,21
0.05,3,0.55078125,0.04752237076071336,0.9664206895247027,21
0.05,3,0.5546875,0.026600427013717027,0.9666486287160552,21
0.05,3,0.55859375,0.01840185304248946,0.9742668881013241,21
0.05,3,0.5625,0.08549866470901844,0.9440561663266964,21
0.05,3,0.56640625,0.17888259659477598,0.948101887427875,21
0.05,3,0.5703125,0.15596093094632965,0.9253724115314513,21
0.05,3,0.57421875,0.14014998900778966,0.9209088381980859,21
0.05,3,0.578125,0.1655955077584349,0.8981447331932972,21
0.05,3,0.58203125,0.0441810231857244,0.9264666243488157,21
0.05,3,0.5859375,0.0651385911999358,0.9401961367019949,21
0.05,3,0.58984375,0.24752113643743678,0.9397499518419834,21
0.05,3,0.59375,0.07110316788040706,0.9652001151216967,21
0.05,3,0.59765625,0.06401882180349032,0.9513883394483964,21
0.05,3,0.6015625,0.05478135533052474,0.9761201469328555,21
0.05,3,0.60546875,0.06589796598226288,0.9298367960073202,21
0.05,3,0.609375,0.04985036955411285,0.9220722373305518,21
0.05,3,0.61328125,0.1357281755145405,0.9209555602334966,21
0.05,3,0.6171875,0.013879858497412531,0.9401825127566577,21
0.05,3,0.62109375,0.016423419162236705,0.9478311237956748,21
0.05,3,0.625,0.06062457752460519,0.945253267799022,21
0.05,3,0.62890625,0.05206358591047613,0.9548608729630167,21
0.05,3,0.6328125,0.017681611542420057,0.978814852553192,21
0.05,3,0.63671875,0.02149489275486744,0.9694489028942238,21
0.05,3,0.640625,0.11559615134472964,0.9666030158737883,21
0.05,3,0.64453125,0.048109891180457734,0.9766771406809935,21
0.05,3,0.6484375,0.030806762462803037,0.979345831752374,21
0.05,3,0.65234375,0.015016549748729853,0.9817663530672842,21
0.05,3,0.65625,0.028712759618998118,0.9771973129915803,21
0.05,3,0.66015625,0.02171331038379692,0.9871287417047406,21
0.05,3,0.6640625,0.015967466802740072,0.995838432638265,21
0.05,3,0.66796875,0.011166564530758386,1.0023894669413598,21
0.05,3,0.671875,0.021225326750005657,0.9894782304821653,21
0.05,3,0.67578125,0.016648022003503328,1.0000648994037102,21
0.05,3,0.6796875,0.01231533373330693,0.989733348962494,21
0.05,3,0.68359375,0.14954638104658877,0.9911425065526167,21
0.05,3,0.6875,0.04587779265858614,0.9698991665948191,21
0.05,3,0.69140625,0.06391628134447758,0.9593148596702818,21
0.05,3,0.6953125,0.033477531317693314,0.9613648544354915,21
0.05,3,0.69921875,0.04860313775608585,0.9554543105218496,21
0.05,3,0.703125,0.09091173262611994,0.9460382427185353,21
0.05,3,0.70703125,0.0771255396554572,0.9288091122052609,21
0.05,3,0.7109375,0.06837299703935218,0.8917839977767928,21
0.05,3,0.71484375,0.07901079646558623,0.8891667101766011,21
0.05,3,0.71875,0.027771487248245443,0.8928337888780534,21
0.05,3,0.72265625,0.06732230451614662,0.8907811893410342,21
0.05,3,0.7265625,0.011432891016655644,0.9107271063158446,21
0.05,3,0.73046875,0.027109933244512018,0.9045651119690897,21
0.05,3,0.734375,0.13725905264759453,0.8914756518913095,21
0.05,3,0.73828125,0.07293565744497348,0.8850281102224776,21
0.05,3,0.7421875,0.05816923008387479,0.8972579276322098,21
0.05,3,0.74609375,0.12809142464166115,0.8986983278509363,21
0.05,3,0.75,0.06635514219190872,0.8829705353500855,21
0.05,3,0.75390625,0.1605236803976203,0.8781372067546741,21
0.05,3,0.7578125,0.09462607486692404,0.9145634371389663,21
0.05,3,0.76171875,0.011704121330851398,0.9094508143719653,21
0.05,3,0.765625,0.01776043395409018,0.908871596126012,21
0.05,3,0.76953125,0.07683878051531413,0.8939548783982735,21
0.05,3,0.7734375,0.025331357344413448,0.9038162610206483,21
0.05,3,0.77734375,0.0185668275003377,0.8922122782192167,21
0.05,3,0.78125,0.058358213545561304,0.8867054954940383,21
0.05,3,0.78515625,0.01659745657142591,0.9059381431435659,21
0.05,3,0.7890625,0.05313847446915488,0.9015862021351263,21
0.05,3,0.79296875,0.03680214664693809,0.8962495853668455,21
0.05,3,0.796875,0.018038707990548054,0.9043692282099037,21
0.05,3,0.80078125,0.03638125756356243,0.9099665186173801,21
0.05,3,0.8046875,0.08956834721537478,0.9150585973312421,21
0.05,3,0.80859375,0.0552199526071838,0.9112188116768372,21
0.05,3,0.8125,0.024876790144940385,0.8962049970252778,21
0.05,3,0.81640625,0.10331293926989585,0.8907126602268446,21
0.05,3,0.8203125,0.050040256087986575,0.8871505075336779,21
0.05,3,0.82421875,0.1510291877871417,0.8788868496662409,21
0.05,3,0.828125,0.3214011262365354,0.851369588316697,21
0.05,3,0.83203125,0.11092295968030498,0.8072553622935826,21
0.05,3,0.8359375,0.02818519574712265,0.787270103133213,21
0.05,3,0.83984375,0.2725431738733436,0.7633256445957641,21
0.05,3,0.84375,0.1483429498184272,0.7375952118401438,21
0.05,3,0.84765625,0.3917744607379735,0.6979515809686423,21
0.05,3,0.8515625,0.20337222636473484,0.6706794486323042,21
0.05,3,0.85546875,0.08332970061275356,0.6846712598321301,21
0.05,3,0.859375,0.04965195171110418,0.6905279994888864,21
0.05,3,0.86328125,0.067716422287779,0.6855214049560522,21
0.05,3,0.8671875,0.07793917091958828,0.6822037376418916,21
0.05,3,0.87109375,0.055632420607261944,0.6901531504120748,21
0.05,3,0.875,0.11117210881781411,0.6852945110392513,21
0.05,3,0.87890625,0.11547515806614983,0.66527063310115,21
0.05,3,0.8828125,0.09820412722053283,0.6800328900439627,21
0.05,3,0.88671875,0.34442203948990974,0.6616329602582874,21
0.05,3,0.890625,0.06236427837917732,0.6819585943148985,21
0.05,3,0.89453125,0.06222152839541099,0.681665728326806,21
0.05,3,0.8984375,0.11837592447252458,0.683341044051736,21
0.05,3,0.90234375,0.03474975319087234,0.7058098141624541,21
0.05,3,0.90625,0.05631098432972741,0.7044761921195425,21
0.05,3,0.91015625,0.1964502832594148,0.6989648127559411,21
0.05,3,0.9140625,0.056726965064390615,0.717570698412611,21
0.05,3,0.91796875,0.037552170076723346,0.7162743932241835,21
0.05,3,0.921875,0.027572717969689783,0.7261990409791074,21
0.05,3,0.92578125,0.05629394873031776,0.7288689681484136,21
0.05,3,0.9296875,0.1471857852421693,0.7241660143863513,21
0.05,3,0.93359375,0.10844952928821139,0.7278257059883675,21
0.05,3,0.9375,0.44410162498462014,0.7067690206707763,21
0.05,3,0.94140625,0.07943486135227129,0.6988985920883436,21
0.05,3,0.9453125,0.20566854192292783,0.6879688295632855,21
0.05,3,0.94921875,0.039377149891785604,0.7169954401824158,21
0.05,3,0.953125,0.2110336203920848,0.6907882895525758,21
0.05,3,0.95703125,1.287970959233823,0.651566326117797,21
0.05,3,0.9609375,0.9716126456199315,0.6796884745185383,21
0.05,3,0.96484375,0.05993696056508215,0.7012672658545047,21
0.05,3,0.96875,0.32528479675043687,0.7105731726479977,21
0.05,3,0.97265625,0.6451882150241497,0.6780196592105717,21
0.05,3,0.9765625,0.11557073879262583,0.7652422669651701,21
0.05,3,0.98046875,0.06506649253306797,0.7780238593278311,21
0.05,3,0.984375,0.11243356695483638,0.7630921092388792,21
0.05,3,0.98828125,0.07418857615524865,0.7816922424466625,21
0.05,3,0.9921875,0.1458097170433867,0.7802701929420506,21
0.05,3,0.99609375,0.208455326653288,0.7785647131419569,21
0.05,3,1.0,0.16715268177087678,0.783456992022261,21
0.25,0,0.0,0.04,1.0,21
0.25,0,0.00390625,0.047850565357306536,1.0041880644006487,21
0.25,0,0.0078125,0.03062599083539221,1.0142643502098647,21
0.25,0,0.01171875,0.027671873780304918,1.011678849974747,21
0.25,0,0.015625,0.022966528754213327,1.0138858059875935,21
0.25,0,0.01953125,0.027454566026340013,1.0045982539003864,21
0.25,0,0.0234375,0.03221668111381789,1.0161289931328967,21
0.25,0,0.02734375,0.01749601378182155,1.0363063652088624,21
0.25,0,0.03125,0.03537404033828902,1.0284143361388858,21
0.25,0,0.03515625,0.05560021658742669,1.0213722929918354,21
0.25,0,0.0390625,0.03690940829485763,1.0321927854682464,21
0.25,0,0.04296875,0.040315512077946494,1.0267656585994718,21
0.25,0,0.046875,0.030926320770394568,1.0480193593228087,21
0.25,0,0.05078125,0.03355033550651672,1.0419870815982464,21
0.25,0,0.0546875,0.03711144284860736,1.0347638167761493,21
0.25,0,0.05859375,0.027971063381667625,1.0277308549681292,21
0.25,0,0.0625,0.02974577425238326,1.0197951656922843,21
0.25,0,0.06640625,0.025685883043274616,1.038486918354765,21
0.25,0,0.0703125,0.02863941690905149,1.031896357266706,21
0.25,0,0.07421875,0.02958593434791509,1.0421498651977967,21
0.25,0,0.078125,0.030602346006679226,1.037162350853955,21
0.25,0,0.08203125,0.03565761262276045,1.0385881875522134,21
0.25,0,0.0859375,0.03182170407568353,1.0331879695803634,21
0.25,0,0.08984375,0.023056888467647915,1.0487857900968887,21
0.25,0,0.09375,0.018357598617653976,1.0741530216584545,21
0.25,0,0.09765625,0.020955937270883844,1.0725938696630066,21
0.25,0,0.1015625,0.02308280587405371,1.0641585062001246,21
0.25,0,0.10546875,0.027181169755764244,1.0543777038358422,21
0.25,0,0.109375,0.03149777728417855,1.0521019875379474,21
0.25,0,0.11328125,0.02720608989336245,1.0521222115487094,21
0.25,0,0.1171875,0.02664616497705269,1.0675959860848452,21
0.25,0,0.12109375,0.024426431911535637,1.0639060643577105,21
0.25,0,0.125,0.020525534514219207,1.074288158137898,21
0.25,0,0.12890625,0.02914797964144443,1.0806660191258795,21
0.25,0,0.1328125,0.025820019765719904,1.084651902209835,21
0.25,0,0.13671875,0.024768105802837243,1.0959765102514432,21
0.25,0,0.140625,0.020966664224693093,1.1046626257677015,21
0.25,0,0.14453125,0.027518424191220983,1.0980166013824924,21
0.25,0,0.1484375,0.0262741585814502,1.096196570327899,21
0.25,0,0.15234375,0.033093434332664394,1.1078621209249162,21
0.25,0,0.15625,0.025608639391896768,1.0952060019057472,21
0.25,0,0.16015625,0.026124896534203804,1.0964664004771303,21
0.25,0,0.1640625,0.04022294032914847,1.08113531981349,21
0.25,0,0.16796875,0.03925414845551089,1.0712369322427264,21
0.25,0,0.171875,0.0475100357736607,1.0735183980360534,21
0.25,0,0.17578125,0.04386809674289155,1.0602546118787803,21
0.25,0,0.1796875,0.030374657729976218,1.0618213672399126,21
0.25,0,0.18359375,0.026414192993645794,1.0756552490235756,21
0.25,0,0.1875,0.037279119711219944,1.0796176381148634,21
0.25,0,0.19140625,0.02425766745929219,1.0938155857775675,21
0.25,0,0.1953125,0.027312748710181096,1.0895087797703735,21
0.25,0,0.19921875,0.01618316089857931,1.0968899999222566,21
0.25,0,0.203125,0.021274090112499536,1.100259625342293,21
0.25,0,0.20703125,0.012112753415649451,1.1116007720405825,21
0.25,0,0.2109375,0.012747261832587233,1.1221647405643411,21
0.25,0,0.21484375,0.020154075447773586,1.1218841533853299,21
0.25,0,0.21875,0.01781293862417282,1.1194674484204343,21
0.25,0,0.22265625,0.023186287422104573,1.1182469278299325,21
0.25,0,0.2265625,0.020926624526757746,1.1199197592030643,21
0.25,0,0.23046875,0.026356869138667378,1.1140415022666141,21
0.25,0,0.234375,0.020220465221737247,1.1207176084083421,21
0.25,0,0.23828125,0.019748116033458697,1.123699705208779,21
0.25,0,0.2421875,0.017969918499557085,1.123425229069189,21
0.25,0,0.24609375,0.027215626730106798,1.1134980078104513,21
0.25,0,0.25,0.0308990105795589,1.0988716901914088,21
0.25,0,0.25390625,0.014397593697707085,1.1212763495827798,21
0.25,0,0.2578125,0.014252452983358244,1.1220486702524846,21
0.25,0,0.26171875,0.013604576088520759,1.1239421549644646,21
0.25,0,0.265625,0.010682153072428953,1.1276884403531369,21
0.25,0,0.26953125,0.007222822384630083,1.1338050208010195,21
0.25,0,0.2734375,0.012600146430890856,1.1241061695260266,21
0.25,0,0.27734375,0.014685236962574393,1.1258243493332036,21
0.25,0,0.28125,0.01290100274364578,1.1320861719868067,21
0.25,0,0.28515625,0.014412953763870138,1.1363133233065816,21
0.25,0,0.2890625,0.010458938443992665,1.1365370572331452,21
0.25,0,0.29296875,0.009410456742125354,1.1432598041714657,21
0.25,0,0.296875,0.012172365880446609,1.1310097284521843,21
0.25,0,0.30078125,0.01108760702620534,1.1383746596568187,21
0.25,0,0.3046875,0.014558686016114732,1.1272801374046515,21
0.25,0,0.30859375,0.018546007495378384,1.1262573812145866,21
0.25,0,0.3125,0.017059011210132285,1.1353269323430104,21
0.25,0,0.31640625,0.01699162761921959,1.1463197326517003,21
0.25,0,0.3203125,0.016098743496594993,1.1507121221454772,21
0.25,0,0.32421875,0.021775149300281623,1.141212830241093,21
0.25,0,0.328125,0.01700779426831607,1.1636049752672233,21
0.25,0,0.33203125,0.015532666668866008,1.1753328611122726,21
0.25,0,0.3359375,0.0156167975576527,1.1829174153906705,21
0.25,0,0.33984375,0.018872690577581033,1.19253443756386,21
0.25,0,0.34375,0.02140918550402058,1.1896782330069724,21
0.25,0,0.34765625,0.015592914960929528,1.1739516713257885,21
0.25,0,0.3515625,0.016142532793586465,1.1761502506589676,21
0.25,0,0.35546875,0.017360601407324986,1.1725520610666935,21
0.25,0,0.359375,0.019956928453616015,1.1720673362237302,21
0.25,0,0.36328125,0.017103731450823226,1.1704375030375846,21
0.25,0,0.3671875,0.023074923952776726,1.167982858493494,21
0.25,0,0.37109375,0.015342371403973883,1.1701247771907328,21
0.25,0,0.375,0.018415820983050595,1.1807248858931734,21
0.25,0,0.37890625,0.01751756456762839,1.1804239606905917,21
0.25,0,0.3828125,0.019112410010574964,1.1767667443106238,21
0.25,0,0.38671875,0.022303781265917127,1.1830250302783172,21
0.25,0,0.390625,0.018357715313681803,1.2010711328121542,21
0.25,0,0.39453125,0.013360401537955334,1.21013884838824,21
0.25,0,0.3984375,0.013470622398384613,1.2112814688943636,21
0.25,0,0.40234375,0.02082099865814472,1.2082333348827496,21
0.25,0,0.40625,0.014374850830429125,1.2177380951792118,21
0.25,0,0.41015625,0.013801670361515582,1.2147962902636957,21
0.25,0,0.4140625,0.009628217336296879,1.2277440742648944,21
0.25,0,0.41796875,0.011228591847290158,1.2266515553778208,21
0.25,0,0.421875,0.006449296937302041,1.2342717117309938,21
0.25,0,0.42578125,0.006590603595716723,1.2368784436010136,21
0.25,0,0.4296875,0.00672348487315026,1.2337604951459642,21
0.25,0,0.43359375,0.00915569777796952,1.2314536505520817,21
0.25,0,0.4375,0.008246912727615638,1.2336019329774146,21
0.25,0,0.44140625,0.007521727394646079,1.2383844553991983,21
0.25,0,0.4453125,0.008222535713739581,1.23699349520507,21
0.25,0,0.44921875,0.0055657711811562425,1.2466292564871222,21
0.25,0,0.453125,0.007200554055337031,1.2390353717263836,21
0.25,0,0.45703125,0.012441599955930804,1.2384132801446215,21
0.25,0,0.4609375,0.009738760249360393,1.2543299511910786,21
0.25,0,0.46484375,0.01474094235406314,1.2432912858929794,21
0.25,0,0.46875,0.010294482632213036,1.2532889029932486,21
0.25,0,0.47265625,0.0071574816694887815,1.2653771350195708,21
0.25,0,0.4765625,0.009046972235182596,1.2639519006078141,21
0.25,0,0.48046875,0.010496255240169998,1.2679844190583431,21
0.25,0,0.484375,0.00825515071849516,1.2696260711744218,21
0.25,0,0.48828125,0.007945918046602413,1.2707900777961207,21
0.25,0,0.4921875,0.007393076405314986,1.2749447936166294,21
0.25,0,0.49609375,0.00779149443948441,1.2729618095172643,21
0.25,0,0.5,0.010901145370221126,1.2613338014099185,21
0.25,0,0.50390625,0.006830146018288091,1.274234280036606,21
0.25,0,0.5078125,0.0075808786703358555,1.2763022986669936,21
0.25,0,0.51171875,0.009043931366606847,1.2683036449393348,21
0.25,0,0.515625,0.008612019016437966,1.2646817895864617,21
0.25,0,0.51953125,0.01305487353952775,1.2579975882065442,21
0.25,0,0.5234375,0.008329782842619005,1.2582962806760492,21
0.25,0,0.52734375,0.007997028510294983,1.2654408403519817,21
0.25,0,0.53125,0.00866587743849125,1.263737917997735,21
0.25,0,0.53515625,0.007863585799947349,1.2694178923985233,21
0.25,0,0.5390625,0.009575933700759355,1.2702180248508097,21
0.25,0,0.54296875,0.009055704936313656,1.273413432505605,21
0.25,0,0.546875,0.009450557768386953,1.276997806426825,21
0.25,0,0.55078125,0.006948816733706325,1.2894179087267246,21
0.25,0,0.5546875,0.004848501360675127,1.3021335656722637,21
0.25,0,0.55859375,0.00628252373332222,1.2888943274714166,21
0.25,0,0.5625,0.006775856816984884,1.2975152784594046,21
0.25,0,0.56640625,0.005530443463552708,1.2997227690384694,21
0.25,0,0.5703125,0.007871500370260166,1.297567541222912,21
0.25,0,0.57421875,0.010939088787381817,1.2991581019287401,21
0.25,0,0.578125,0.008752498497951242,1.3025098857076742,21
0.25,0,0.58203125,0.009391938748520427,1.3056600808617527,21
0.25,0,0.5859375,0.009974758400850997,1.2912608419464287,21
0.25,0,0.58984375,0.014133789912528023,1.2929625631537047,21
0.25,0,0.59375,0.012918695359237602,1.2911219023865121,21
0.25,0,0.59765625,0.011812046974846883,1.2904911905903487,21
0.25,0,0.6015625,0.014262894952503697,1.2851949445698325,21
0.25,0,0.60546875,0.014166254009872453,1.289438462005788,21
0.25,0,0.609375,0.012387433046817402,1.2788529886060536,21
0.25,0,0.61328125,0.013403241347262984,1.285975004623415,21
0.25,0,0.6171875,0.014821234565531414,1.2889083972643371,21
0.25,0,0.62109375,0.0113111307644021,1.295212382726978,21
0.25,0,0.625,0.008822251609897105,1.3108100196041892,21
0.25,0,0.62890625,0.006910247474371975,1.3218521526773523,21
0.25,0,0.6328125,0.007075139380367363,1.3265414307680694,21
0.25,0,0.63671875,0.010741484625708534,1.3173916415295113,21
0.25,0,0.640625,0.011945712992891133,1.3194045235340006,21
0.25,0,0.64453125,0.01765648416907626,1.3112231371765097,21
0.25,0,0.6484375,0.013991734163757744,1.3027500136310417,21
0.25,0,0.65234375,0.017803753647207567,1.297336317477399,21
0.25,0,0.65625,0.01690233692842803,1.2993320276592062,21
0.25,0,0.66015625,0.017923882603405127,1.288445391461901,21
0.25,0,0.6640625,0.019944977275011003,1.2912942728484522,21
0.25,0,0.66796875,0.018833386735777308,1.2847089244259071,21
0.25,0,0.671875,0.01659297224310944,1.2958602881305203,21
0.25,0,0.67578125,0.028118336924070064,1.288073374063499,21
0.25,0,0.6796875,0.01726284129834115,1.2967306583330795,21
0.25,0,0.68359375,0.01603347848701684,1.2920363697504385,21
0.25,0,0.6875,0.016213041622423718,1.296120827876437,21
0.25,0,0.69140625,0.01360521893274862,1.3077660534741495,21
0.25,0,0.6953125,0.0189217900452037,1.305206607928736,21
0.25,0,0.69921875,0.02660088178407931,1.2884882793736347,21
0.25,0,0.703125,0.03462236320820832,1.2715922760740976,21
0.25,0,0.70703125,0.03160079021639484,1.2656575930392977,21
0.25,0,0.7109375,0.0343280869705817,1.2613863289896579,21
0.25,0,0.71484375,0.03099105299874384,1.2780130244541414,21
0.25,0,0.71875,0.036617224042172124,1.2829157503107023,21
0.25,0,0.72265625,0.03244555539841468,1.2981554213541224,21
0.25,0,0.7265625,0.01792398781292026,1.3306971041480087,21
0.25,0,0.73046875,0.022899936716262625,1.3240968408506735,21
0.25,0,0.734375,0.01661282065137836,1.3317851343178353,21
0.25,0,0.73828125,0.02998229734025813,1.327633615483345,21
0.25,0,0.7421875,0.028358723930608103,1.3233083116075501,21
0.25,0,0.74609375,0.03578237226645286,1.3321581656734944,21
0.25,0,0.75,0.03414288505840241,1.320542793303905,21
0.25,0,0.75390625,0.03203971391336728,1.3279523546499197,21
0.25,0,0.7578125,0.03173245770026371,1.3177303071575475,21
0.25,0,0.76171875,0.025885159229166593,1.3203727224393749,21
0.25,0,0.765625,0.03721683835658628,1.3125353515076235,21
0.25,0,0.76953125,0.03936068160280043,1.3092689104296622,21
0.25,0,0.7734375,0.02816557348645613,1.3246655138718808,21
0.25,0,0.77734375,0.022921009510371505,1.3174141985072514,21
0.25,0,0.78125,0.020154397302387324,1.3292903696092904,21
0.25,0,0.78515625,0.030685085061925032,1.3150860029857596,21
0.25,0,0.7890625,0.030703269555907665,1.3090301996285147,21
0.25,0,0.79296875,0.029764651301505893,1.3088373438404481,21
0.25,0,0.796875,0.04916905359250198,1.2843992124496295,21
0.25,0,0.80078125,0.02334724655858614,1.3069538596668948,21
0.25,0,0.8046875,0.030421522243782567,1.3222215025663424,21
0.25,0,0.80859375,0.02999857287887411,1.3254633441925134,21
0.25,0,0.8125,0.05006648197398776,1.3194257703243268,21
0.25,0,0.81640625,0.06200271861274497,1.2904349083941054,21
0.25,0,0.8203125,0.0638650200373889,1.2714952145869138,21
0.25,0,0.82421875,0.04812176106317281,1.2684201181069263,21
0.25,0,0.828125,0.04436659444293636,1.2494306111730134,21
0.25,0,0.83203125,0.04452833290288432,1.2333750607068528,21
0.25,0,0.8359375,0.02572781467624771,1.263502234873127,21
0.25,0,0.83984375,0.019816869721798167,1.2662904298300526,21
0.25,0,0.84375,0.013579441208217274,1.273902878106572,21
0.25,0,0.84765625,0.02045582413291247,1.266218220974653,21
0.25,0,0.8515625,0.020692011371204175,1.2729902138769171,21
0.25,0,0.85546875,0.01549112353063055,1.2790964547197672,21
0.25,0,0.859375,0.013194064277378924,1.2923092961763964,21
0.25,0,0.86328125,0.008845426433122501,1.2998429998513752,21
0.25,0,0.8671875,0.015419897413564317,1.2983519651791888,21
0.25,0,0.87109375,0.01908222323981655,1.2903002626136797,21
0.25,0,0.875,0.014724359870720316,1.3030412781635188,21
0.25,0,0.87890625,0.016984648197246762,1.2915436394104614,21
0.25,0,0.8828125,0.012734400934600973,1.2993629501504877,21
0.25,0,0.88671875,0.020100813288528432,1.2903935041718346,21
0.25,0,0.890625,0.017401541950907564,1.2865722895095184,21
0.25,0,0.89453125,0.01705472355514579,1.2910434280045147,21
0.25,0,0.8984375,0.0211434838559318,1.2853659866193332,21
0.25,0,0.90234375,0.020332502618823824,1.2892921677646565,21
0.25,0,0.90625,0.014688565574643264,1.2910634724333623,21
0.25,0,0.91015625,0.017938675883144888,1.2892984350508256,21
0.25,0,0.9140625,0.017989878916117186,1.2743926967273003,21
0.25,0,0.91796875,0.02629429315439974,1.2708127591293918,21
0.25,0,0.921875,0.02882004633384836,1.243809131377075,21
0.25,0,0.92578125,0.02295657904088449,1.2528857722858957,21
0.25,0,0.9296875,0.023420977313968545,1.252344583924906,21
0.25,0,0.93359375,0.023586996513039797,1.2559363080578565,21
0.25,0,0.9375,0.02390692147908143,1.2524584437914033,21
0.25,0,0.94140625,0.026519598079322977,1.2364187046250916,21
0.25,0,0.9453125,0.023486618057418952,1.2234542113981441,21
0.25,0,0.94921875,0.026974324700954608,1.2155699593435094,21
0.25,0,0.953125,0.022853946248775,1.2160183962330675,21
0.25,0,0.95703125,0.028053570726684466,1.2007280253150654,21
0.25,0,0.9609375,0.03510595902822755,1.180007741228598,21
0.25,0,0.96484375,0.037091600517431995,1.1798880829231153,21
0.25,0,0.96875,0.020674341982569972,1.199220511183594,21
0.25,0,0.97265625,0.025267794206951254,1.199217909784283,21
0.25,0,0.9765625,0.02148086014102951,1.2089629261621313,21
0.25,0,0.98046875,0.028871519821084136,1.1874514947043178,21
0.25,0,0.984375,0.023579894265943393,1.1817047504259997,21
0.25,0,0.98828125,0.039048409124947295,1.1692682846340607,21
0.25,0,0.9921875,0.028922383428767802,1.1713422013976111,21
0.25,0,0.99609375,0.02213142307181329,1.1762941386059234,21
0.25,0,1.0,0.02325088265489157,1.1852665423223219,21
0.25,1,0.0,0.04,1.0,21
0.25,1,0.00390625,0.029646684161083892,1.002564813252436,21
0.25,1,0.0078125,0.031822403513457095,0.9935690064356839,21
0.25,1,0.01171875,0.06426816771188486,0.9750146759835373,21
0.25,1,0.015625,0.05230279498180612,0.9708446157811158,21
0.25,1,0.01953125,0.045759394170480173,0.973393559435259,21
0.25,1,0.0234375,0.044022208288240314,0.9633600019202581,21
0.25,1,0.02734375,0.06998412791807204,0.9434218411261401,21
0.25,1,0.03125,0.0623128183426438,0.927051664731365,21
0.25,1,0.03515625,0.06340415328296217,0.9389009696524118,21
0.25,1,0.0390625,0.08378572508782405,0.9197536400769779,21
0.25,1,0.04296875,0.08459212241194519,0.9287842801832382,21
0.25,1,0.046875,0.06117329344137903,0.9236611888048947,21
0.25,1,0.05078125,0.07189273119962776,0.9348887958424443,21
0.25,1,0.0546875,0.0908159062800235,0.9123216909686075,21
0.25,1,0.05859375,0.08256392830492774,0.8946139600866178,21
0.25,1,0.0625,0.053922772770628735,0.9114020446868386,21
0.25,1,0.06640625,0.061708406558584415,0.9067009810826498,21
0.25,1,0.0703125,0.051905747896228704,0.909448049058574,21
0.25,1,0.07421875,0.06894923197107675,0.8983929370916538,21
0.25,1,0.078125,0.06372770719866738,0.8815973287368646,21
0.25,1,0.08203125,0.06294770462697255,0.873617290708007,21
0.25,1,0.0859375,0.06331218662593052,0.8655944002363308,21
0.25,1,0.08984375,0.13294855822939666,0.829579527515051,21
0.25,1,0.09375,0.07054990429366886,0.8407628348955496,21
0.25,1,0.09765625,0.12142099676668444,0.8383741447481786,21
0.25,1,0.1015625,0.09906852654257316,0.847737258732738,21
0.25,1,0.10546875,0.0813090805817431,0.856608341955176,21
0.25,1,0.109375,0.11168306990029007,0.8583417903816178,21
0.25,1,0.11328125,0.17325969169426908,0.8579783528913898,21
0.25,1,0.1171875,0.14317959596076568,0.8854233678951107,21
0.25,1,0.12109375,0.06993206221129807,0.888870971641847,21
0.25,1,0.125,0.08393526528757832,0.8842695906734457,21
0.25,1,0.12890625,0.1061867523208926,0.8748152824951068,21
0.25,1,0.1328125,0.060331282906817434,0.9088911043803559,21
0.25,1,0.13671875,0.06029946146844588,0.9064384474626145,21
0.25,1,0.140625,0.0569840320254793,0.9324413661145136,21
0.25,1,0.14453125,0.0888201490744335,0.9074692569472206,21
0.25,1,0.1484375,0.0909504452824863,0.8867859031814294,21
0.25,1,0.15234375,0.08839849472172999,0.860703782441344,21
0.25,1,0.15625,0.08630399834838974,0.8703955640256624,21
0.25,1,0.16015625,0.08967789108241854,0.885815040947453,21
0.25,1,0.1640625,0.06834697876127498,0.9038229664095816,21
0.25,1,0.16796875,0.05413441640641369,0.9088436581622287,21
0.25,1,0.171875,0.08630215425993187,0.9028899486647184,21
0.25,1,0.17578125,0.054024425436118996,0.9197461202327266,21
0.25,1,0.1796875,0.04383714965739767,0.9524674738977079,21
0.25,1,0.18359375,0.07851922334503667,0.9451416769817309,21
0.25,1,0.1875,0.04192085421819385,0.9728782640763901,21
0.25,1,0.19140625,0.06884230506849598,0.9532768540717096,21
0.25,1,0.1953125,0.06490527940193737,0.934051606499822,21
0.25,1,0.19921875,0.04232491607079835,0.960994883422268,21
0.25,1,0.203125,0.05086532275982901,0.9624649418018155,21
0.25,1,0.20703125,0.05254146051655046,0.969548348755499,21
0.25,1,0.2109375,0.04038793826514144,0.974521968878583,21
0.25,1,0.21484375,0.056472780081235935,0.9706282205444835,21
0.25,1,0.21875,0.04369442288163837,0.9758195164186089,21
0.25,1,0.22265625,0.04181848499444543,0.9866547565866179,21
0.25,1,0.2265625,0.04106286145200751,0.9714971480123111,21
0.25,1,0.23046875,0.03647362224170453,0.9789052219075189,21
0.25,1,0.234375,0.044646935872079456,0.9738102487150994,21
0.25,1,0.23828125,0.03471824549571151,0.9660314890889076,21
0.25,1,0.2421875,0.054496039326780245,0.9479205068570786,21
0.25,1,0.24609375,0.07696558266937484,0.9299121530351064,21
0.25,1,0.25,0.0967565992954065,0.9127080023883031,21
0.25,1,0.25390625,0.09606248006627256,0.9271765769325102,21
0.25,1,0.2578125,0.08842912608224694,0.9124346742596157,21
0.25,1,0.26171875,0.07282361823745552,0.9080250281955738,21
0.25,1,0.265625,0.051919284455027734,0.9196306991953682,21
0.25,1,0.26953125,0.05204576478879161,0.9239927511739957,21
0.25,1,0.2734375,0.06830937218322454,0.916345464376675,21
0.25,1,0.27734375,0.05023468226139863,0.9353868435300368,21
0.25,1,0.28125,0.05487690096962943,0.9422498298255352,21
0.25,1,0.28515625,0.04432411842657917,0.9405298165129456,21
0.25,1,0.2890625,0.04239485616604613,0.9667564593348394,21
0.25,1,0.29296875,0.02923816877260384,0.9861514638032277,21
0.25,1,0.296875,0.038293624399423715,0.9795979304361387,21
0.25,1,0.30078125,0.03676742245240797,0.9807353352878944,21
0.25,1,0.3046875,0.05385477779138792,0.9652897336718673,21
0.25,1,0.30859375,0.09332930502134348,0.9296967215567528,21
0.25,1,0.3125,0.05908605015066326,0.9406331770955821,21
0.25,1,0.31640625,0.0467213947235188,0.9558918399574355,21
0.25,1,0.3203125,0.0575877219708614,0.9579177214652322,21
0.25,1,0.32421875,0.05599970439594294,0.9429164035223403,21
0.25,1,0.328125,0.07989308278999761,0.9371613231584024,21
0.25,1,0.33203125,0.07549314666228486,0.9143893911246193,21
0.25,1,0.3359375,0.05899246777060191,0.935635408041048,21
0.25,1,0.33984375,0.04858220635090543,0.9661929696804227,21
0.25,1,0.34375,0.07780735832261061,0.9425785012980941,21
0.25,1,0.34765625,0.09435012100856924,0.9383076217394266,21
0.25,1,0.3515625,0.12081209015033158,0.9325081562977334,21
0.25,1,0.35546875,0.10248288825311987,0.9194673600926002,21
0.25,1,0.359375,0.12020474602955666,0.9368443524102044,21
0.25,1,0.36328125,0.06163884822251849,0.9386207762006663,21
0.25,1,0.3671875,0.08851698477969874,0.9285508952953366,21
0.25,1,0.37109375,0.057176971922769965,0.9484802011947547,21
0.25,1,0.375,0.08652913065228958,0.9623753455795606,21
0.25,1,0.37890625,0.054275871186146935,0.965585208930543,21
0.25,1,0.3828125,0.06654252047905285,0.9428351636897604,21
0.25,1,0.38671875,0.07748615370852284,0.9437387139010057,21
0.25,1,0.390625,0.06886199126504082,0.9670757259276268,21
0.25,1,0.39453125,0.10378263922043901,0.953201704945044,21
0.25,1,0.3984375,0.07724478717206412,0.9470503090254728,21
0.25,1,0.40234375,0.09498192650464728,0.9263533045211925,21
0.25,1,0.40625,0.09040354993880854,0.9602595238369025,21
0.25,1,0.41015625,0.15136721263836422,0.9289327377989717,21
0.25,1,0.4140625,0.10412851667695286,0.916310037592926,21
0.25,1,0.41796875,0.10392523674619923,0.8932638426770906,21
0.25,1,0.421875,0.1372432054140559,0.893099396982842,21
0.25,1,0.42578125,0.1202906012723221,0.9148207041707576,21
0.25,1,0.4296875,0.12613548981198086,0.9053794142740391,21
0.25,1,0.43359375,0.11146162382245876,0.9050810818393964,21
0.25,1,0.4375,0.0934219126874744,0.9171624447294258,21
0.25,1,0.44140625,0.11687174367810428,0.918713239768166,21
0.25,1,0.4453125,0.10768467798040585,0.9283475226740283,21
0.25,1,0.44921875,0.08561505581923144,0.9195441732787613,21
0.25,1,0.453125,0.06435262304641548,0.933961005803503,21
0.25,1,0.45703125,0.0971299047761319,0.9572779905219093,21
0.25,1,0.4609375,0.07676592402389665,0.9526277329100171,21
0.25,1,0.46484375,0.10931490959259847,0.9301623458411594,21
0.25,1,0.46875,0.0671101251896484,0.9318352207286787,21
0.25,1,0.47265625,0.11189822952956503,0.9047573346444941,21
0.25,1,0.4765625,0.10734271831650669,0.9257235040039204,21
0.25,1,0.48046875,0.1096006223652565,0.9267733132688643,21
0.25,1,0.484375,0.10902963168857109,0.9135910016758333,21
0.25,1,0.48828125,0.10364591631124424,0.8925228172375478,21
0.25,1,0.4921875,0.1557589931541175,0.8741355475468877,21
0.25,1,0.49609375,0.11596866913282604,0.8656044636846218,21
0.25,1,0.5,0.12266328765484909,0.8570610456927461,21
0.25,1,0.50390625,0.13510398443241564,0.8571133115564192,21
0.25,1,0.5078125,0.12599929569465926,0.8419604295729131,21
0.25,1,0.51171875,0.16765104143246695,0.8632678809625427,21
0.25,1,0.515625,0.12485682206740215,0.8513698385997097,21
0.25,1,0.51953125,0.09579450820164746,0.8891336597739411,21
0.25,1,0.5234375,0.08674267962094807,0.8967909038054024,21
0.25,1,0.52734375,0.13714283149384127,0.8768041031324301,21
0.25,1,0.53125,0.14505034828788663,0.8362627815791132,21
0.25,1,0.53515625,0.1041846566504017,0.8305484072678236,21
0.25,1,0.5390625,0.0844092187632935,0.8612005078790548,21
0.25,1,0.54296875,0.14021457250497138,0.848135653054028,21
0.25,1,0.546875,0.1255763332674809,0.8328880287546365,21
0.25,1,0.55078125,0.12182587946459092,0.7895754418876653,21
0.25,1,0.5546875,0.18146811257332338,0.7808143957654194,21
0.25,1,0.55859375,0.12029460226680894,0.7684235260199478,21
0.25,1,0.5625,0.11434476665240693,0.7741206490129349,21
0.25,1,0.56640625,0.15076779298102871,0.7431690560486562,21
0.25,1,0.5703125,0.10466906856043692,0.7787697998654556,21
0.25,1,0.57421875,0.12889924902013516,0.7673911780018076,21
0.25,1,0.578125,0.10963147046605862,0.7756323080051968,21
0.25,1,0.58203125,0.1233489789995361,0.75969617592037,21
0.25,1,0.5859375,0.12983665755811713,0.7533573734384821,21
0.25,1,0.58984375,0.14255550620534294,0.7521453776477655,21
0.25,1,0.59375,0.08354451841800752,0.7800330280998417,21
0.25,1,0.59765625,0.06943690009090968,0.7965263544378889,21
0.25,1,0.6015625,0.10023896081052648,0.7823330698723229,21
0.25,1,0.60546875,0.09412149196633811,0.7859420221891806,21
0.25,1,0.609375,0.1227558951917286,0.7628882416551998,21
0.25,1,0.61328125,0.11059021876615407,0.7774214832556086,21
0.25,1,0.6171875,0.11554583645411742,0.769486453941196,21
0.25,1,0.62109375,0.07592242127663056,0.7542077447925112,21
0.25,1,0.625,0.11605355029931644,0.7247550151688361,21
0.25,1,0.62890625,0.09539326565830748,0.72202007641806,21
0.25,1,0.6328125,0.11457579165525605,0.7327367856077627,21
0.25,1,0.63671875,0.15392932277728547,0.7430326488660808,21
0.25,1,0.640625,0.15187241064544763,0.7318486032426685,21
0.25,1,0.64453125,0.12298275404170136,0.7457178914183438,21
0.25,1,0.6484375,0.15308643205161598,0.7227016549808088,21
0.25,1,0.65234375,0.1410385561657326,0.7358100324186737,21
0.25,1,0.65625,0.10357373856766583,0.7444482752326557,21
0.25,1,0.66015625,0.147622433232528,0.7262213758763426,21
0.25,1,0.6640625,0.1305623042762571,0.7052526350611661,21
0.25,1,0.66796875,0.10032643868256007,0.7123714429448593,21
0.25,1,0.671875,0.10353905888459465,0.7232496175944715,21
0.25,1,0.67578125,0.11231058610914653,0.7209736223590106,21
0.25,1,0.6796875,0.15592139994940732,0.7453561205344532,21
0.25,1,0.68359375,0.13690215891842614,0.7287405887004857,21
0.25,1,0.6875,0.11867037929921379,0.7524888467437689,21
0.25,1,0.69140625,0.13384253480622507,0.7616466675275063,21
0.25,1,0.6953125,0.08418113643468543,0.7837565955279222,21
0.25,1,0.69921875,0.09459061923193358,0.7792010441122453,21
0.25,1,0.703125,0.08431285055012978,0.7787304119809244,21
0.25,1,0.70703125,0.08943839869921613,0.7870149083089815,21
0.25,1,0.7109375,0.05178930544912045,0.8159171072314472,21
0.25,1,0.71484375,0.09662330287002427,0.8010265535512244,21
0.25,1,0.71875,0.07264053936845709,0.7997815088653347,21
0.25,1,0.72265625,0.06599040684561791,0.7977981018228979,21
0.25,1,0.7265625,0.09967432691041396,0.7831427766978273,21
0.25,1,0.73046875,0.11997656648900808,0.7495424002244637,21
0.25,1,0.734375,0.15176167007399927,0.7242773063538883,21
0.25,1,0.73828125,0.17854853936158221,0.731053235284309,21
0.25,1,0.7421875,0.14610447543592275,0.7169350797053858,21
0.25,1,0.74609375,0.11604084348433767,0.7145207782711962,21
0.25,1,0.75,0.20516981438822407,0.7088247326429737,21
0.25,1,0.75390625,0.2121665557360415,0.7033171360590329,21
0.25,1,0.7578125,0.1970293798309873,0.6937672210440403,21
0.25,1,0.76171875,0.13054738621485398,0.7162451689738013,21
0.25,1,0.765625,0.08764877833788699,0.7333397895907479,21
0.25,1,0.76953125,0.09752002789253589,0.7349932967286036,21
0.25,1,0.7734375,0.09209584906362485,0.7347793151482739,21
0.25,1,0.77734375,0.11107222216909485,0.7292237427301149,21
0.25,1,0.78125,0.08069666202156854,0.7429344781469346,21
0.25,1,0.78515625,0.09836127919166737,0.7337712906825292,21
0.25,1,0.7890625,0.132157804072803,0.7283112674773039,21
0.25,1,0.79296875,0.12497293658473815,0.7322593181167656,21
0.25,1,0.796875,0.11419335000844169,0.7255983230926251,21
0.25,1,0.80078125,0.13803014673204156,0.7117099683539344,21
0.25,1,0.8046875,0.19572797782314857,0.6849568156493585,21
0.25,1,0.80859375,0.17100998217523727,0.6610766809123115,21
0.25,1,0.8125,0.3681293960850624,0.6110573707923241,21
0.25,1,0.81640625,0.1770134888631667,0.6148537428351415,21
0.25,1,0.8203125,0.22214245302892743,0.6104727287224161,21
0.25,1,0.82421875,0.18341052301513053,0.6200723690029192,21
0.25,1,0.828125,0.17279322814302867,0.6422708665780097,21
0.25,1,0.83203125,0.1621127332163356,0.6597108141262332,21
0.25,1,0.8359375,0.10196580428108697,0.7033686565795173,21
0.25,1,0.83984375,0.08910643853728864,0.7134036976411859,21
0.25,1,0.84375,0.08176427119181855,0.722445875656598,21
0.25,1,0.84765625,0.08551554576646454,0.7033299679802195,21
0.25,1,0.8515625,0.11803899849757947,0.6861012816800423,21
0.25,1,0.85546875,0.13487692285945385,0.6914238114059535,21
0.25,1,0.859375,0.1343804156877574,0.6823537804270157,21
0.25,1,0.86328125,0.15181390805116746,0.6755383585359143,21
0.25,1,0.8671875,0.15723855420747257,0.6758196612701476,21
0.25,1,0.87109375,0.18814415969594298,0.6684106245582024,21
0.25,1,0.875,0.1905576051848128,0.6649852373474158,21
0.25,1,0.87890625,0.15758127814856687,0.6634240738100982,21
0.25,1,0.8828125,0.1324146092786726,0.654766263694312,21
0.25,1,0.88671875,0.14662460612714137,0.6573136258673098,21
0.25,1,0.890625,0.1433300969754429,0.6678410412206864,21
0.25,1,0.89453125,0.14783116777881233,0.6797210306304237,21
0.25,1,0.8984375,0.13905807979630008,0.6808615531415636,21
0.25,1,0.90234375,0.13066459865102034,0.6686702279163462,21
0.25,1,0.90625,0.17509053870875302,0.6527133097058897,21
0.25,1,0.91015625,0.17589039039627546,0.6304553073830638,21
0.25,1,0.9140625,0.10426764502848121,0.6328438027945832,21
0.25,1,0.91796875,0.08699169040727023,0.6521683125617801,21
0.25,1,0.921875,0.09532580624234172,0.645513338748472,21
0.25,1,0.92578125,0.09413220887221,0.6677842122389823,21
0.25,1,0.9296875,0.13164918807534653,0.6628628872805756,21
0.25,1,0.93359375,0.13581961165895184,0.673812568276534,21
0.25,1,0.9375,0.19815047635046693,0.6377659083356612,21
0.25,1,0.94140625,0.11352346486567949,0.6532345159951172,21
0.25,1,0.9453125,0.12457165510338573,0.6638595986146159,21
0.25,1,0.94921875,0.144291884761744,0.6665841044471025,21
0.25,1,0.953125,0.10245014162508077,0.6871082668435446,21
0.25,1,0.95703125,0.10653278739517959,0.6930514616245503,21
0.25,1,0.9609375,0.1063925882048917,0.6795253710934643,21
0.25,1,0.96484375,0.09753529445774627,0.6777535953499648,21
0.25,1,0.96875,0.11953249366752737,0.6619619353546372,21
0.25,1,0.97265625,0.07788377645217094,0.6574429197780407,21
0.25,1,0.9765625,0.07492576161268102,0.6727326814364555,21
0.25,1,0.98046875,0.08496313896954635,0.6653305976555252,21
0.25,1,0.984375,0.06886659767974428,0.6598672978649108,21
0.25,1,0.98828125,0.07253309196386008,0.660584789920695,21
0.25,1,0.9921875,0.08020872818226835,0.6724437039048374,21
0.25,1,0.99609375,0.08038265009337463,0.6757442625329986,21
0.25,1,1.0,0.06736727485265018,0.6823329821347615,21
0.25,2,0.0,0.04,1.0,21
0.25,2,0.00390625,0.043358491447354,1.002135692146415,21
0.25,2,0.0078125,0.03760938353616027,1.0244390545089503,21
0.25,2,0.01171875,0.03059899257794454,1.0340003275580052,21
0.25,2,0.015625,0.020612996454526366,1.0344231368180976,21
0.25,2,0.01953125,0.030108469059883555,1.0169682667669144,21
0.25,2,0.0234375,0.02684509483030535,1.0236745066306223,21
0.25,2,0.02734375,0.026345271558271613,1.0229258615930097,21
0.25,2,0.03125,0.022433233801131762,1.0276505676816508,21
0.25,2,0.03515625,0.02736600519279108,1.0277432026722202,21
0.25,2,0.0390625,0.02619477887656039,1.0388192153449758,21
0.25,2,0.04296875,0.030441602875263516,1.0261412614885932,21
0.25,2,0.046875,0.04189626158635217,1.0293363694928361,21
0.25,2,0.05078125,0.04688233984837111,1.0307760437224713,21
0.25,2,0.0546875,0.042765250863110955,1.0008984503296998,21
0.25,2,0.05859375,0.03971922500733825,0.9988758165022027,21
0.25,2,0.0625,0.035891560575917775,1.003454442020401,21
0.25,2,0.06640625,0.03695582343984745,1.0001535435800093,21
0.25,2,0.0703125,0.02496585768234355,1.0131523655076957,21
0.25,2,0.07421875,0.030459237620477166,1.0193520317623164,21
0.25,2,0.078125,0.03129265062301949,1.0263832547306908,21
0.25,2,0.08203125,0.04324326929151731,1.0054369057920634,21
0.25,2,0.0859375,0.04673987107613409,0.9774559281304164,21
0.25,2,0.08984375,0.031198139240090243,0.9932515915023433,21
0.25,2,0.09375,0.0362248507197573,0.9995870876191841,21
0.25,2,0.09765625,0.03139496260116985,1.0102254893053781,21
0.25,2,0.1015625,0.034721175196494924,1.0110667696049798,21
0.25,2,0.10546875,0.04258751846658554,1.0042813768868721,21
0.25,2,0.109375,0.05484114924293814,0.9997522963529377,21
0.25,2,0.11328125,0.03872608378243412,1.0009421589562657,21
0.25,2,0.1171875,0.03297969237637759,1.0063113812355242,21
0.25,2,0.12109375,0.041921608818044874,1.0045757051553874,21
0.25,2,0.125,0.028160936881923584,1.0163100841423625,21
0.25,2,0.12890625,0.027619643897621206,1.0203472077274238,21
0.25,2,0.1328125,0.029133900491525373,1.027130057135488,21
0.25,2,0.13671875,0.022419853274562702,1.045531896892214,21
0.25,2,0.140625,0.023676881911566902,1.0531903000019236,21
0.25,2,0.14453125,0.028544243160176286,1.0646818949111454,21
0.25,2,0.1484375,0.02581102004254348,1.0690241907495148,21
0.25,2,0.15234375,0.019457824342969374,1.0759462109445461,21
0.25,2,0.15625,0.020984704641540373,1.0880873262938737,21
0.25,2,0.16015625,0.016538799585559864,1.0963897497316415,21
0.25,2,0.1640625,0.016497770533384783,1.09450205002327,21
0.25,2,0.16796875,0.021344931642280192,1.0851319979213583,21
0.25,2,0.171875,0.023691505612215683,1.0770086600575364,21
0.25,2,0.17578125,0.03286783687057214,1.0651861410908219,21
0.25,2,0.1796875,0.03648877062553473,1.043011553638021,21
0.25,2,0.18359375,0.03349560364190175,1.032415950289175,21
0.25,2,0.1875,0.023687231484206116,1.0455685724580974,21
0.25,2,0.19140625,0.03554949836325992,1.045045903302584,21
0.25,2,0.1953125,0.03650954602668238,1.0349304371511565,21
0.25,2,0.19921875,0.035782506664660714,1.0319353800904505,21
0.25,2,0.203125,0.020376657385573864,1.0407976456671746,21
0.25,2,0.20703125,0.02092936754822799,1.0175420586502986,21
0.25,2,0.2109375,0.021313136541371326,1.016296733747572,21
0.25,2,0.21484375,0.01582216715148986,1.03386891427494,21
0.25,2,0.21875,0.027241819740330256,1.0297275854779844,21
0.25,2,0.22265625,0.020739951360333814,1.0273841569334483,21
0.25,2,0.2265625,0.02470143015895555,1.0191079964068945,21
0.25,2,0.23046875,0.019135232541686944,1.012107878137118,21
0.25,2,0.234375,0.025631780539287656,1.0050982263296435,21
0.25,2,0.23828125,0.022178372037150392,1.0082882923595062,21
0.25,2,0.2421875,0.015746865137238625,1.007662415675702,21
0.25,2,0.24609375,0.017205746724433164,1.0200253838115751,21
0.25,2,0.25,0.01311218869710673,1.0313952528627712,21
0.25,2,0.25390625,0.017223387683940328,1.0338273935230815,21
0.25,2,0.2578125,0.018414464185331072,1.0352588261672824,21
0.25,2,0.26171875,0.017422124269410543,1.0290354412120855,21
0.25,2,0.265625,0.02178159859520513,1.0227311054399093,21
0.25,2,0.26953125,0.017265689257541898,1.0156372491007075,21
0.25,2,0.2734375,0.011475644890980708,1.0284402268940163,21
0.25,2,0.27734375,0.011907985839821417,1.0357465006322888,21
0.25,2,0.28125,0.018168141961102096,1.0348919556182525,21
0.25,2,0.28515625,0.01553357252547783,1.035073814762473,21
0.25,2,0.2890625,0.012901005873927616,1.0460864737845907,21
0.25,2,0.29296875,0.015468656532089604,1.0445316561891866,21
0.25,2,0.296875,0.018373946838686,1.0415736800231343,21
0.25,2,0.30078125,0.014860899446914226,1.0443728363929563,21
0.25,2,0.3046875,0.012219553251228513,1.0447051018158233,21
0.25,2,0.30859375,0.018666354099039714,1.0315515422738815,21
0.25,2,0.3125,0.018608088398764048,1.0263276188908184,21
0.25,2,0.31640625,0.012579906230280529,1.027626368847134,21
0.25,2,0.3203125,0.013833923804134554,1.0293462872030659,21
0.25,2,0.32421875,0.014897798670333709,1.0213888544461462,21
0.25,2,0.328125,0.018222766095214452,1.0109641281321047,21
0.25,2,0.33203125,0.023217527887541594,0.9971294464516814,21
0.25,2,0.3359375,0.022486037077953047,0.9945058152190551,21
0.25,2,0.33984375,0.027123935859222,0.9974549411511929,21
0.25,2,0.34375,0.02290183522960527,0.986856182884312,21
0.25,2,0.34765625,0.030125507227399526,0.9786352532665497,21
0.25,2,0.3515625,0.03948672973009641,0.9713072184632684,21
0.25,2,0.35546875,0.027520293135061297,0.9736942800502356,21
0.25,2,0.359375,0.025009652945138475,0.9670920373917145,21
0.25,2,0.36328125,0.027304029237920014,0.9791292382415767,21
0.25,2,0.3671875,0.032098443834575156,0.9781091681488846,21
0.25,2,0.37109375,0.042070228111144234,0.968998250555556,21
0.25,2,0.375,0.03913713743629479,0.9713493233961213,21
0.25,2,0.37890625,0.03329678327836348,0.9639622815453922,21
0.25,2,0.3828125,0.042999359855415274,0.9501635793706346,21
0.25,2,0.38671875,0.041373690545965854,0.9478267205805062,21
0.25,2,0.390625,0.044811699463054994,0.9290745142465807,21
0.25,2,0.39453125,0.0397527759531071,0.9325861537288298,21
0.25,2,0.3984375,0.0455390419354762,0.9352598971487279,21
0.25,2,0.40234375,0.032256007433430614,0.9335048712994801,21
0.25,2,0.40625,0.04661569114551806,0.9281340284231224,21
0.25,2,0.41015625,0.07034360206880344,0.9216273716153395,21
0.25,2,0.4140625,0.03819132492962063,0.9178487330139651,21
0.25,2,0.41796875,0.032550262065086606,0.9241587354532873,21
0.25,2,0.421875,0.03539345030640285,0.9238852784987193,21
0.25,2,0.42578125,0.03702292473532477,0.9108836585462103,21
0.25,2,0.4296875,0.028201533012786523,0.9212540927664223,21
0.25,2,0.43359375,0.03248750185332273,0.922146407376983,21
0.25,2,0.4375,0.016600763844091482,0.9448550864149985,21
0.25,2,0.44140625,0.017556584005142456,0.9507351670223444,21
0.25,2,0.4453125,0.02292024484058927,0.954805063697966,21
0.25,2,0.44921875,0.018808194292309354,0.9556349022742402,21
0.25,2,0.453125,0.023967940113966756,0.9537294095550667,21
0.25,2,0.45703125,0.02161730211242602,0.9499240467407812,21
0.25,2,0.4609375,0.016033609628643728,0.9590384830341961,21
0.25,2,0.46484375,0.017535097764541024,0.9597925437719627,21
0.25,2,0.46875,0.012921742348051202,0.9683630737491126,21
0.25,2,0.47265625,0.01973940799742566,0.9703342956566544,21
0.25,2,0.4765625,0.020147622810085128,0.9716591788146662,21
0.25,2,0.48046875,0.01882843111568287,0.9696777870244652,21
0.25,2,0.484375,0.02307633245885326,0.979659772118347,21
0.25,2,0.48828125,0.02005692294423362,0.9819555742521535,21
0.25,2,0.4921875,0.018868330145530077,0.9821289206839308,21
0.25,2,0.49609375,0.02516626343106332,0.9864350500358003,21
0.25,2,0.5,0.02071621150101897,0.9908081537701021,21
0.25,2,0.50390625,0.015268131940540173,1.002412331716773,21
0.25,2,0.5078125,0.020466020345202635,1.005306310301874,21
0.25,2,0.51171875,0.01857962311177588,0.9967894037232116,21
0.25,2,0.515625,0.016691079300754804,1.0087601967383357,21
0.25,2,0.51953125,0.02083445221047731,1.003521199364369,21
0.25,2,0.5234375,0.026064379439244105,0.9951386875984506,21
0.25,2,0.52734375,0.026048544232854586,1.0042637245287291,21
0.25,2,0.53125,0.02914722809202053,1.0017420557890664,21
0.25,2,0.53515625,0.02610542677301984,0.9986914073621002,21
0.25,2,0.5390625,0.022761510631651053,1.0059354651355676,21
0.25,2,0.54296875,0.02159093121062799,1.0031015462145505,21
0.25,2,0.546875,0.020341255648203868,1.0107525436626834,21
0.25,2,0.55078125,0.02147013268919281,1.009255049234579,21
0.25,2,0.5546875,0.02303222413373131,1.0066211737542579,21
0.25,2,0.55859375,0.028131116440888282,0.9958099211104923,21
0.25,2,0.5625,0.02969037183224793,0.9962741186528928,21
0.25,2,0.56640625,0.03515642283565782,0.9725679606094325,21
0.25,2,0.5703125,0.02343806080336627,0.9791535358419817,21
0.25,2,0.57421875,0.016371942644581066,0.98026196856716,21
0.25,2,0.578125,0.02335024607874074,0.9808793816453801,21
0.25,2,0.58203125,0.02486786838985267,0.9956435686599946,21
0.25,2,0.5859375,0.024639299640535798,1.0008159800361391,21
0.25,2,0.58984375,0.022475910239243026,1.009345370298378,21
0.25,2,0.59375,0.01953252320990264,1.0011715436786908,21
0.25,2,0.59765625,0.022726511207435924,1.0060678615118503,21
0.25,2,0.6015625,0.02644288356666408,0.9965420145684006,21
0.25,2,0.60546875,0.02437792853005158,0.9914277639921298,21
0.25,2,0.609375,0.03140002068476667,0.9790132565366062,21
0.25,2,0.61328125,0.02913554531193972,0.9697542247383284,21
0.25,2,0.6171875,0.023692236098046892,0.9857530366006116,21
0.25,2,0.62109375,0.029164915340506813,0.9913907981921207,21
0.25,2,0.625,0.029675093870898693,0.9914304171631706,21
0.25,2,0.62890625,0.027594987593223267,0.9763700064025661,21
0.25,2,0.6328125,0.02403102166527965,0.971543638148398,21
0.25,2,0.63671875,0.02605488979538779,0.9635813982686636,21
0.25,2,0.640625,0.027306995594907957,0.9749062882495281,21
0.25,2,0.64453125,0.03566202660729699,0.9528969468802122,21
0.25,2,0.6484375,0.028758823937592763,0.9492892842375467,21
0.25,2,0.65234375,0.02553157146839343,0.9636320345686618,21
0.25,2,0.65625,0.01725194155656964,0.9725775176681011,21
0.25,2,0.66015625,0.030896505507753233,0.9690329290398922,21
0.25,2,0.6640625,0.039423368045158134,0.9627859064193098,21
0.25,2,0.66796875,0.027622924764587945,0.9694307311111302,21
0.25,2,0.671875,0.04770278840351702,0.9577267783549036,21
0.25,2,0.67578125,0.055421908301227174,0.9439346044816355,21
0.25,2,0.6796875,0.059313297717367805,0.9137534864117062,21
0.25,2,0.68359375,0.03646797251990391,0.9226396103588843,21
0.25,2,0.6875,0.04002344029249521,0.9285779771392629,21
0.25,2,0.69140625,0.03888807848183632,0.923088264934622,21
0.25,2,0.6953125,0.057388339542284374,0.9205156100590095,21
0.25,2,0.69921875,0.03009422461646022,0.9375912762888543,21
0.25,2,0.703125,0.04402112660199579,0.9205917286350862,21
0.25,2,0.70703125,0.03778346722323857,0.9379562304167568,21
0.25,2,0.7109375,0.035975204609063775,0.9346061386071891,21
0.25,2,0.71484375,0.04129687361733244,0.9216646152289933,21
0.25,2,0.71875,0.04032688835483033,0.9088357530303068,21
0.25,2,0.72265625,0.04185156681980686,0.9156079000135694,21
0.25,2,0.7265625,0.043176454959225195,0.91612291118428,21
0.25,2,0.73046875,0.043216514471649106,0.9084589286099848,21
0.25,2,0.734375,0.03580477733020913,0.9148517923876327,21
0.25,2,0.73828125,0.026065810164570206,0.923251267857446,21
0.25,2,0.7421875,0.03149889837274526,0.9323676050545969,21
0.25,2,0.74609375,0.034017255323112346,0.9218396171445942,21
0.25,2,0.75,0.026965475306726133,0.9157413063217321,21
0.25,2,0.75390625,0.033517431808103675,0.9077479283888389,21
0.25,2,0.7578125,0.034551525208985766,0.8968459884007155,21
0.25,2,0.76171875,0.03981052719878517,0.887930180408595,21
0.25,2,0.765625,0.02847468472568215,0.8877857843812014,21
0.25,2,0.76953125,0.027484816256704635,0.8891802643609422,21
0.25,2,0.7734375,0.03374096404578225,0.8781783413021997,21
0.25,2,0.77734375,0.03524928864353054,0.8852913798398131,21
0.25,2,0.78125,0.0308798220282866,0.8947966494442232,21
0.25,2,0.78515625,0.034452105010397686,0.8853942839425816,21
0.25,2,0.7890625,0.022687856550956946,0.9071661564450115,21
0.25,2,0.79296875,0.023481470116960407,0.9142501119799347,21
0.25,2,0.796875,0.018581772689086777,0.9279372004112929,21
0.25,2,0.80078125,0.030603704490105216,0.9179552393594261,21
0.25,2,0.8046875,0.020182601607224862,0.9195061450932817,21
0.25,2,0.80859375,0.021475855403388238,0.9292942787972005,21
0.25,2,0.8125,0.024830819259825526,0.9129297348001557,21
0.25,2,0.81640625,0.023174820633505712,0.9105485924440883,21
0.25,2,0.8203125,0.01807262058602354,0.9105886832746917,21
0.25,2,0.82421875,0.020987497387730786,0.9098556926466651,21
0.25,2,0.828125,0.02560629647168587,0.8972306118808965,21
0.25,2,0.83203125,0.019961096064073088,0.9004597183494392,21
0.25,2,0.8359375,0.017090726627895042,0.9028176034558059,21
0.25,2,0.83984375,0.01815315639265172,0.9070293759837131,21
0.25,2,0.84375,0.024956459759986085,0.8977211355111111,21
0.25,2,0.84765625,0.017337198069657646,0.8976598966635573,21
0.25,2,0.8515625,0.01690183014521163,0.9028757097923243,21
0.25,2,0.85546875,0.016842248696640208,0.9047498244370789,21
0.25,2,0.859375,0.021594927398967845,0.894576330777976,21
0.25,2,0.86328125,0.025267415796837205,0.8906816557564232,21
0.25,2,0.8671875,0.01904355309913358,0.8938183156082214,21
0.25,2,0.87109375,0.027483572725765803,0.8877510450387156,21
0.25,2,0.875,0.029624551224773202,0.8826264567249374,21
0.25,2,0.87890625,0.01986768082442077,0.8874017564818093,21
0.25,2,0.8828125,0.020386353111329206,0.8908169902204537,21
0.25,2,0.88671875,0.021057652764207742,0.8975874891603174,21
0.25,2,0.890625,0.01578112237489623,0.9243921629196793,21
0.25,2,0.89453125,0.02147581858156682,0.9269086891997997,21
0.25,2,0.8984375,0.02072561761065018,0.9333939912823259,21
0.25,2,0.90234375,0.01618747550349251,0.9461054192930616,21
0.25,2,0.90625,0.012975320902594288,0.9476006304159497,21
0.25,2,0.91015625,0.010239623659138138,0.9529066883450925,21
0.25,2,0.9140625,0.015666512025042035,0.9523591977833995,21
0.25,2,0.91796875,0.015379305885901738,0.957318616052933,21
0.25,2,0.921875,0.013906780296125161,0.9587728247598103,21
0.25,2,0.92578125,0.0162241287255439,0.9563683817628493,21
0.25,2,0.9296875,0.01845222995763445,0.9551944897139711,21
0.25,2,0.93359375,0.01559757619413792,0.9568209044167447,21
0.25,2,0.9375,0.015730936470687497,0.9570346229049892,21
0.25,2,0.94140625,0.0156356873191189,0.9605155033313965,21
0.25,2,0.9453125,0.014252247823975684,0.9693298338274532,21
0.25,2,0.94921875,0.013205178748515003,0.9652073381519409,21
0.25,2,0.953125,0.016036480292995887,0.9708198667944623,21
0.25,2,0.95703125,0.011245703028419245,0.9798256038378443,21
0.25,2,0.9609375,0.01714471111990939,0.9681112664148358,21
0.25,2,0.96484375,0.01115525044785716,0.975378648211679,21
0.25,2,0.96875,0.007069019558862817,0.9879750800737109,21
0.25,2,0.97265625,0.008044417022381447,0.9917780396146003,21
0.25,2,0.9765625,0.011676642699952625,0.9810816055226266,21
0.25,2,0.98046875,0.008190058012681281,0.9888820361648161,21
0.25,2,0.984375,0.0074753988712546815,0.9961820305981824,21
0.25,2,0.98828125,0.009132813177370488,0.9908524620936529,21
0.25,2,0.9921875,0.009449944158118131,0.986955032890009,21
0.25,2,0.99609375,0.010632077980698103,0.9901323091270042,21
0.25,2,1.0,0.012199858951313215,0.9953184786296387,21
0.25,3,0.0,0.04,1.0,21
0.25,3,0.00390625,0.035857834456947846,1.0172638874548665,21
0.25,3,0.0078125,0.03754167947145891,1.006881811213989,21
0.25,3,0.01171875,0.039604225012690314,1.0158612879093618,21
0.25,3,0.015625,0.05970257518078398,0.9919592041674887,21
0.25,3,0.01953125,0.05570685136455926,0.9837036906860072,21
0.25,3,0.0234375,0.06198196028761039,0.9732887447557618,21
0.25,3,0.02734375,0.04714688823083749,0.9971978969747539,21
0.25,3,0.03125,0.03496951401348369,1.0182843774825021,21
0.25,3,0.03515625,0.04768901808417393,1.0142961798642267,21
0.25,3,0.0390625,0.04037195336654436,1.0250305093061853,21
0.25,3,0.04296875,0.05542216218514096,1.0070113494956676,21
0.25,3,0.046875,0.04930159329646264,1.0052635045957594,21
0.25,3,0.05078125,0.066090490511937,1.005535809520959,21
0.25,3,0.0546875,0.07271820813550404,1.0024435445963913,21
0.25,3,0.05859375,0.09268798287652968,0.9771735160029426,21
0.25,3,0.0625,0.08570410644748751,0.9910404142527021,21
0.25,3,0.06640625,0.08762141329715402,0.9834725454118274,21
0.25,3,0.0703125,0.11047700712748215,0.9729478693105538,21
0.25,3,0.07421875,0.09068810134763729,0.9780973731393223,21
0.25,3,0.078125,0.06790116491506043,0.9896179082984619,21
0.25,3,0.08203125,0.09648872479319584,0.9682992232432702,21
0.25,3,0.0859375,0.05534427997307738,0.9907785593969963,21
0.25,3,0.08984375,0.048969156037316004,0.9922067019965107,21
0.25,3,0.09375,0.06613926839357966,0.988316884656632,21
0.25,3,0.09765625,0.05926404037304683,0.9685689445737459,21
0.25,3,0.1015625,0.03801146695116917,0.9841070378702346,21
0.25,3,0.10546875,0.04978967013983741,0.9808505146149354,21
0.25,3,0.109375,0.04358274711403837,0.9930381371121715,21
0.25,3,0.11328125,0.04318557428081789,1.0035096233926144,21
0.25,3,0.1171875,0.04377861146470305,0.9915215025219448,21
0.25,3,0.12109375,0.046839588694734646,0.9775266043010131,21
0.25,3,0.125,0.04594732939579461,0.9805203685995092,21
0.25,3,0.12890625,0.06732542933658783,0.9645616204240772,21
0.25,3,0.1328125,0.07738128546553841,0.946925795685953,21
0.25,3,0.13671875,0.08794203189325686,0.9242518264305274,21
0.25,3,0.140625,0.10640492038426283,0.9053066957395488,21
0.25,3,0.14453125,0.13805991715909596,0.8833048481240225,21
0.25,3,0.1484375,0.11031706917962461,0.8612076671976451,21
0.25,3,0.15234375,0.06004284617439972,0.8948764231614892,21
0.25,3,0.15625,0.08176734680241449,0.900383825411557,21
0.25,3,0.16015625,0.07976799729259032,0.8971316121715721,21
0.25,3,0.1640625,0.05545733695140427,0.9194758437184132,21
0.25,3,0.16796875,0.04510441961029096,0.9057251563005051,21
0.25,3,0.171875,0.06956067598873507,0.8885474187547281,21
0.25,3,0.17578125,0.07410303413641861,0.8649512201382853,21
0.25,3,0.1796875,0.06529257629914291,0.8767571394718147,21
0.25,3,0.18359375,0.05325253893760795,0.8937841794332994,21
0.25,3,0.1875,0.04115328313507535,0.8913716679817689,21
0.25,3,0.19140625,0.05536959919647963,0.880315098578648,21
0.25,3,0.1953125,0.07375251150272234,0.8569974426312224,21
0.25,3,0.19921875,0.09071234090784837,0.8414443702979053,21
0.25,3,0.203125,0.10545307799107598,0.8164254997633743,21
0.25,3,0.20703125,0.06441690017161086,0.8447665091414069,21
0.25,3,0.2109375,0.05864203539610869,0.8387797803764029,21
0.25,3,0.21484375,0.08477238522365617,0.8192056994624106,21
0.25,3,0.21875,0.09466826218393645,0.8029357624581289,21
0.25,3,0.22265625,0.10261054975773509,0.787665627241332,21
0.25,3,0.2265625,0.08777857555884666,0.8085646847750855,21
0.25,3,0.23046875,0.06175308409781577,0.8164844737236683,21
0.25,3,0.234375,0.13132941360602904,0.800811388129237,21
0.25,3,0.23828125,0.07087879481793659,0.8101591567371871,21
0.25,3,0.2421875,0.057591283820273446,0.81299660457832,21
0.25,3,0.24609375,0.049799040204419484,0.8179922122082397,21
0.25,3,0.25,0.06825844109105898,0.8170088902182905,21
0.25,3,0.25390625,0.07281180847972533,0.8231677174847729,21
0.25,3,0.2578125,0.11832427519788294,0.8066974503983202,21
0.25,3,0.26171875,0.07369573448166777,0.7954526474454139,21
0.25,3,0.265625,0.08778237903200686,0.7851258526995988,21
0.25,3,0.26953125,0.13389870694847242,0.7723549961948756,21
0.25,3,0.2734375,0.1157017864809703,0.7746572177742401,21
0.25,3,0.27734375,0.08179915332482392,0.7889764905828173,21
0.25,3,0.28125,0.10842931017400265,0.7830129126229193,21
0.25,3,0.28515625,0.130111025214989,0.7807425465406074,21
0.25,3,0.2890625,0.14323363888365148,0.7782229901376886,21
0.25,3,0.29296875,0.14007288112044966,0.7935453310515275,21
0.25,3,0.296875,0.12890834290530387,0.795942297872503,21
0.25,3,0.30078125,0.09214627692995254,0.8271747985324054,21
0.25,3,0.3046875,0.11080811026126164,0.8159767657251157,21
0.25,3,0.30859375,0.09115358063736446,0.8103421222200503,21
0.25,3,0.3125,0.08201569180261728,0.8385511680690733,21
0.25,3,0.31640625,0.0986203467772611,0.8408506379288146,21
0.25,3,0.3203125,0.09301779353142305,0.8575391906090225,21
0.25,3,0.32421875,0.14447724814699744,0.8109637841313779,21
0.25,3,0.328125,0.09827939890176435,0.8293960207270455,21
0.25,3,0.33203125,0.13127508589683456,0.8358175182541067,21
0.25,3,0.3359375,0.10520080137800189,0.870379798291415,21
0.25,3,0.33984375,0.07110610367396794,0.9005387669201532,21
0.25,3,0.34375,0.15929004432598154,0.8708995736193903,21
0.25,3,0.34765625,0.1698049099754174,0.8615170783052817,21
0.25,3,0.3515625,0.16147674199238515,0.8409151983473038,21
0.25,3,0.35546875,0.1001702020907728,0.845600621567612,21
0.25,3,0.359375,0.0987223616518263,0.8593257545116608,21
0.25,3,0.36328125,0.09356553326152099,0.871360551957452,21
0.25,3,0.3671875,0.14153478464568608,0.8725906604828312,21
0.25,3,0.37109375,0.08083489637605251,0.8539084178784101,21
0.25,3,0.375,0.1305548541578993,0.8414135222526502,21
0.25,3,0.37890625,0.12792989331795068,0.8482243571919521,21
0.25,3,0.3828125,0.15261036533926897,0.8515994766503424,21
0.25,3,0.38671875,0.14440711870508716,0.8495331842305839,21
0.25,3,0.390625,0.09114804230683042,0.8769718879129902,21
0.25,3,0.39453125,0.1037383652806751,0.8836828303883454,21
0.25,3,0.3984375,0.09364790129231843,0.9281027205204827,21
0.25,3,0.40234375,0.10001874709865194,0.933511549012505,21
0.25,3,0.40625,0.0768443343702373,0.9324720071783046,21
0.25,3,0.41015625,0.1006864331926293,0.9197477954992997,21
0.25,3,0.4140625,0.13956602974108953,0.9027235414852361,21
0.25,3,0.41796875,0.15260524685627883,0.8835770778420301,21
0.25,3,0.421875,0.10855564528552444,0.9106040534588044,21
0.25,3,0.42578125,0.09432639948599608,0.9185722105613444,21
0.25,3,0.4296875,0.11720717262789863,0.9078860478205265,21
0.25,3,0.43359375,0.11222381978175966,0.906803762201195,21
0.25,3,0.4375,0.10855040650111163,0.8890477706456199,21
0.25,3,0.44140625,0.13507265542409477,0.882966458497548,21
0.25,3,0.4453125,0.10756603092908625,0.8783324807370858,21
0.25,3,0.44921875,0.09366593234033259,0.8829039917461631,21
0.25,3,0.453125,0.14589704114384872,0.8633583679025494,21
0.25,3,0.45703125,0.2306560429352489,0.8316824761121799,21
0.25,3,0.4609375,0.2557295583917523,0.8478099590834274,21
0.25,3,0.46484375,0.18449571546673496,0.8278125524754534,21
0.25,3,0.46875,0.24580792357540238,0.8274970480751489,21
0.25,3,0.47265625,0.16390798010617733,0.871439486315092,21
0.25,3,0.4765625,0.12758472387903524,0.8697940914516326,21
0.25,3,0.48046875,0.16878918566647655,0.8519550602134554,21
0.25,3,0.484375,0.16399695285869859,0.8498314803887551,21
0.25,3,0.48828125,0.1902710656148273,0.8360528752394144,21
0.25,3,0.4921875,0.14840101480266796,0.8559802061505231,21
0.25,3,0.49609375,0.13201911008004952,0.8696886154280868,21
0.25,3,0.5,0.125344965258576,0.8849480873136668,21
0.25,3,0.50390625,0.10685492591746933,0.9038902986359669,21
0.25,3,0.5078125,0.10252474107775925,0.8927528710239406,21
0.25,3,0.51171875,0.07649195012057004,0.9257790142728244,21
0.25,3,0.515625,0.09425433221878797,0.9302068747552121,21
0.25,3,0.51953125,0.07955688696583893,0.9213396346669294,21
0.25,3,0.5234375,0.09599354680017402,0.9331426503220898,21
0.25,3,0.52734375,0.14922100108326097,0.9101055132331911,21
0.25,3,0.53125,0.16262422180415448,0.8971809510449477,21
0.25,3,0.53515625,0.14070088641943806,0.8929542448124657,21
0.25,3,0.5390625,0.11400557967208841,0.8928707899364465,21
0.25,3,0.54296875,0.11922354662421623,0.8817678645322743,21
0.25,3,0.546875,0.13492589937322477,0.8708484434562178,21
0.25,3,0.55078125,0.09760234345712072,0.8888967113736099,21
0.25,3,0.5546875,0.0832864949758431,0.889145958773707,21
0.25,3,0.55859375,0.06515780249335063,0.901519230166972,21
0.25,3,0.5625,0.13773855406041421,0.8495855445789129,21
0.25,3,0.56640625,0.15797625693324865,0.8541606453345936,21
0.25,3,0.5703125,0.16099772712588864,0.8349195660281187,21
0.25,3,0.57421875,0.1284497194558067,0.8308238210002366,21
0.25,3,0.578125,0.19609418841589574,0.8111611011138514,21
0.25,3,0.58203125,0.13302942918670302,0.8390083920679889,21
0.25,3,0.5859375,0.11114069050620685,0.8606058666342796,21
0.25,3,0.58984375,0.1625124033591064,0.8600286584413791,21
0.25,3,0.59375,0.10663655050211569,0.8789184555352197,21
0.25,3,0.59765625,0.1250724165358007,0.8635078809016938,21
0.25,3,0.6015625,0.1033329130662786,0.8949825760798475,21
0.25,3,0.60546875,0.16258791031420525,0.8371752020616474,21
0.25,3,0.609375,0.12955928968432665,0.8261252572160929,21
0.25,3,0.61328125,0.14473262832545727,0.8244337335729898,21
0.25,3,0.6171875,0.0979410044531112,0.842205838162416,21
0.25,3,0.62109375,0.081506574615448,0.860426338428412,21
0.25,3,0.625,0.10776502022511934,0.8551467939259473,21
0.25,3,0.62890625,0.08679685016732723,0.8667091419753281,21
0.25,3,0.6328125,0.05743397382336375,0.8948503186432606,21
0.25,3,0.63671875,0.08208964903863404,0.8794335699248707,21
0.25,3,0.640625,0.11226210451132856,0.8743270546401187,21
0.25,3,0.64453125,0.09008473393255775,0.8833092665674446,21
0.25,3,0.6484375,0.06633163246034178,0.8865716277421964,21
0.25,3,0.65234375,0.052244850868169435,0.8897520871572184,21
0.25,3,0.65625,0.06636041842468951,0.8820022424179078,21
0.25,3,0.66015625,0.05330087835089813,0.8956259871146044,21
0.25,3,0.6640625,0.05185015808831353,0.9080038263686265,21
0.25,3,0.66796875,0.03611756555398093,0.9187546000662324,21
0.25,3,0.671875,0.05121981763200437,0.8975531503731056,21
0.25,3,0.67578125,0.0450862686267154,0.9124825355120119,21
0.25,3,0.6796875,0.048386967046532815,0.896990099820114,21
0.25,3,0.68359375,0.07760528138813128,0.8994812024620817,21
0.25,3,0.6875,0.07034773831793067,0.8856034073037984,21
0.25,3,0.69140625,0.07777297611050553,0.8736285356134444,21
0.25,3,0.6953125,0.06555538370845379,0.8756756668042166,21
0.25,3,0.69921875,0.06695297783828386,0.8681194767855319,21
0.25,3,0.703125,0.10256052535191497,0.8580701425612456,21
0.25,3,0.70703125,0.13281475766082917,0.8414716562465199,21
0.25,3,0.7109375,0.13350331061557888,0.7976806114162284,21
0.25,3,0.71484375,0.1293357049232652,0.7943522887398347,21
0.25,3,0.71875,0.0771455346146107,0.7985021152022302,21
0.25,3,0.72265625,0.09864672632886722,0.7953969133740094,21
0.25,3,0.7265625,0.05932687787596766,0.8169790567740329,21
0.25,3,0.73046875,0.07876663982981336,0.8043892585517257,21
0.25,3,0.734375,0.13916779184334457,0.7846000351177451,21
0.25,3,0.73828125,0.12398318005083224,0.7788848319227766,21
0.25,3,0.7421875,0.10026766209886923,0.7929023581752254,21
0.25,3,0.74609375,0.10847142760041174,0.7945368581082157,21
0.25,3,0.75,0.10273591239904381,0.7817464822825141,21
0.25,3,0.75390625,0.13846404746419225,0.7763948247912557,21
0.25,3,0.7578125,0.0856304561765303,0.8062791643908145,21
0.25,3,0.76171875,0.052907241265548834,0.8019977519992558,21
0.25,3,0.765625,0.05764475387776094,0.800868320765358,21
0.25,3,0.76953125,0.10093256928329183,0.77730513923031,21
0.25,3,0.7734375,0.06717890874266248,0.7871206651982456,21
0.25,3,0.77734375,0.0581338454397043,0.7706909595390677,21
0.25,3,0.78125,0.07604993302722167,0.7622563504464935,21
0.25,3,0.78515625,0.06253193523070684,0.78114455087438,21
0.25,3,0.7890625,0.06621580003092845,0.773831595558775,21
0.25,3,0.79296875,0.07174738509027034,0.7687099346952405,21
0.25,3,0.796875,0.07394049757227614,0.7784202190960663,21
0.25,3,0.80078125,0.06973055167764444,0.7881475865709512,21
0.25,3,0.8046875,0.08503565541931589,0.7942300132060923,21
0.25,3,0.80859375,0.08034340019723503,0.7909859551712605,21
0.25,3,0.8125,0.07394130426490034,0.775271557735297,21
0.25,3,0.81640625,0.08602551935562266,0.7670519707907699,21
0.25,3,0.8203125,0.08923369750693662,0.7642645792191429,21
0.25,3,0.82421875,0.10081452065111948,0.7547398615184545,21
0.25,3,0.828125,0.14640407542704287,0.7354099233500918,21
0.25,3,0.83203125,0.1483225494213388,0.709567591158155,21
0.25,3,0.8359375,0.11007220544899432,0.6892666509403108,21
0.25,3,0.83984375,0.18298859165049108,0.6483846761191734,21
0.25,3,0.84375,0.23258652612546457,0.6304703785951241,21
0.25,3,0.84765625,0.31686350503864996,0.5882774630872365,21
0.25,3,0.8515625,0.26256118346736257,0.56760297832089,21
0.25,3,0.85546875,0.17893522326232472,0.5810409267683101,21
0.25,3,0.859375,0.14174808141906423,0.5882734122406641,21
0.25,3,0.86328125,0.15842123839218988,0.5810191788481386,21
0.25,3,0.8671875,0.18181929639362068,0.5766619914614698,21
0.25,3,0.87109375,0.15214272340558974,0.5868847414541187,21
0.25,3,0.875,0.17481049375699684,0.5799997798244928,21
0.25,3,0.87890625,0.20749000521538805,0.5587893134498867,21
0.25,3,0.8828125,0.1720365409462501,0.5754135506664992,21
0.25,3,0.88671875,0.2830951072397422,0.5548518738618161,21
0.25,3,0.890625,0.14938158969669768,0.5703158572580844,21
0.25,3,0.89453125,0.1471960208692776,0.5698780022422238,21
0.25,3,0.8984375,0.19121579924435084,0.5719760903806372,21
0.25,3,0.90234375,0.15552399514040596,0.5959371387127868,21
0.25,3,0.90625,0.16282073724775248,0.5934624381293211,21
0.25,3,0.91015625,0.20202540628521187,0.5855125035976332,21
0.25,3,0.9140625,0.14527137083813926,0.6013176320468738,21
0.25,3,0.91796875,0.1586779996450867,0.5995163964054904,21
0.25,3,0.921875,0.13244116701999492,0.6166188265151866,21
0.25,3,0.92578125,0.13453869332770163,0.6215108727562341,21
0.25,3,0.9296875,0.1494766994864633,0.6152651194833963,21
0.25,3,0.93359375,0.16989356761247784,0.6183972396995275,21
0.25,3,0.9375,0.24572130351676358,0.5960469649440778,21
0.25,3,0.94140625,0.17409854725302984,0.5912003817230338,21
0.25,3,0.9453125,0.21096694436688362,0.5775007378384174,21
0.25,3,0.94921875,0.11666409473827169,0.6021818008392443,21
0.25,3,0.953125,0.25554577046293875,0.5647430950476259,21
0.25,3,0.95703125,0.4195662390018726,0.5295360290956552,21
0.25,3,0.9609375,0.4185981728722812,0.5427966909786343,21
0.25,3,0.96484375,0.27149647551384976,0.5542841877954677,21
0.25,3,0.96875,0.3035610344780766,0.569895834668687,21
0.25,3,0.97265625,0.5377122808553455,0.5446654706865304,21
0.25,3,0.9765625,0.2832793304949096,0.6083496664326385,21
0.25,3,0.98046875,0.1894424132076101,0.624208112134,21
0.25,3,0.984375,0.29666589475140126,0.6038131985453153,21
0.25,3,0.98828125,0.2290127184815054,0.6277618721111203,21
0.25,3,0.9921875,0.2427091891705867,0.6256361956970642,21
0.25,3,0.99609375,0.2777180507288048,0.6238059392541895,21
0.25,3,1.0,0.22432135808009931,0.6282869924108613,21
0.45,0,0.0,0.04,1.0,21
0.45,0,0.00390625,0.04132975512677419,1.0041880644006487,21
0.45,0,0.0078125,0.035526364080427635,1.0135555568503483,21
0.45,0,0.01171875,0.0352371588847549,1.0107680824403007,21
0.45,0,0.015625,0.03296355870707095,1.0132486840052457,21
0.45,0,0.01953125,0.03275936082058952,1.0021283129987593,21
0.45,0,0.0234375,0.034403370344966766,1.0146940549646952,21
0.45,0,0.02734375,0.029540356065876565,1.0355201142529675,21
0.45,0,0.03125,0.03421067262795468,1.02527117245524,21
0.45,0,0.03515625,0.04070654886914831,1.0183678156672233,21
0.45,0,0.0390625,0.03687340623147228,1.0276058400942156,21
0.45,0,0.04296875,0.03862536117168268,1.022205495478289,21
0.45,0,0.046875,0.03584745708856323,1.0429137152388661,21
0.45,0,0.05078125,0.03557908309212039,1.0364471077913344,21
0.45,0,0.0546875,0.03602271895848458,1.0290469025958884,21
0.45,0,0.05859375,0.0335532985209815,1.0221568840110629,21
0.45,0,0.0625,0.03483496095656447,1.0135098725112799,21
0.45,0,0.06640625,0.03175628227340365,1.0336225503778989,21
0.45,0,0.0703125,0.033118052124376546,1.0263249879704788,21
0.45,0,0.07421875,0.03404646384824508,1.0372909693503123,21
0.45,0,0.078125,0.03460108981025688,1.0319618973090925,21
0.45,0,0.08203125,0.03525606890188592,1.033466334350746,21
0.45,0,0.0859375,0.034137865762854804,1.0281234131811199,21
0.45,0,0.08984375,0.03117046367591649,1.0442016347725636,21
0.45,0,0.09375,0.027991270224244018,1.0736156930438876,21
0.45,0,0.09765625,0.028381522182367076,1.0716805717257536,21
0.45,0,0.1015625,0.027993644298333044,1.061870219273895,21
0.45,0,0.10546875,0.03119272441391001,1.0511220154224663,21
0.45,0,0.109375,0.034026804114211245,1.0486876095409943,21
0.45,0,0.11328125,0.03194014157491149,1.0487059215341101,21
0.45,0,0.1171875,0.03209685813584593,1.065422659102395,21
0.45,0,0.12109375,0.030310301640250052,1.0613758962996471,21
0.45,0,0.125,0.028589545279523766,1.0729134091201982,21
0.45,0,0.12890625,0.03050524062882358,1.0804257447914314,21
0.45,0,0.1328125,0.0301275536487405,1.0845011847543857,21
0.45,0,0.13671875,0.02997247880052243,1.0967326249051936,21
0.45,0,0.140625,0.02862177038454982,1.1062923253381434,21
0.45,0,0.14453125,0.030356570381205046,1.0985108928705984,21
0.45,0,0.1484375,0.029925288610681416,1.096595414256729,21
0.45,0,0.15234375,0.0313808942191075,1.1090500331713604,21
0.45,0,0.15625,0.03029708578575913,1.0967124725016468,21
0.45,0,0.16015625,0.03070381910512192,1.0980801180173398,21
0.45,0,0.1640625,0.03425655614769077,1.0814400465534177,21
0.45,0,0.16796875,0.035768219940687095,1.072305424133384,21
0.45,0,0.171875,0.03788253212756247,1.074488873025843,21
0.45,0,0.17578125,0.0388883209615865,1.0626358268220613,21
0.45,0,0.1796875,0.03374752694506967,1.064119245740354,21
0.45,0,0.18359375,0.03265579802613945,1.0787340201242392,21
0.45,0,0.1875,0.035349186504136244,1.0831463252646374,21
0.45,0,0.19140625,0.031197682556406207,1.0970167233625947,21
0.45,0,0.1953125,0.030797771117256866,1.0921116737561363,21
0.45,0,0.19921875,0.026225540468715513,1.0999661837977177,21
0.45,0,0.203125,0.02639991469480535,1.1042574402417902,21
0.45,0,0.20703125,0.023777800931596472,1.1169386416207774,21
0.45,0,0.2109375,0.021674496473279722,1.131823973705393,21
0.45,0,0.21484375,0.023560799685663648,1.1314437970776106,21
0.45,0,0.21875,0.024073608866562516,1.1288048736292222,21
0.45,0,0.22265625,0.025942412868469975,1.1273668674838246,21
0.45,0,0.2265625,0.025383665504617393,1.129147715095638,21
0.45,0,0.23046875,0.028051623105538995,1.1226169356287625,21
0.45,0,0.234375,0.025660405550019475,1.1295561105537548,21
0.45,0,0.23828125,0.025488341654583416,1.1329361674811242,21
0.45,0,0.2421875,0.023820491882050262,1.1326150298560758,21
0.45,0,0.24609375,0.026738793612897584,1.1210928292708116,21
0.45,0,0.25,0.02816045171528042,1.1064959904788256,21
0.45,0,0.25390625,0.02346093970351144,1.1280262264263468,21
0.45,0,0.2578125,0.022336613054683378,1.1290069321620222,21
0.45,0,0.26171875,0.02080761463158181,1.1313826296609932,21
0.45,0,0.265625,0.018808217554837314,1.1360393787422847,21
0.45,0,0.26953125,0.01601200911521328,1.1442125737300495,21
0.45,0,0.2734375,0.01819632201061688,1.1296581862866228,21
0.45,0,0.27734375,0.018765293018261683,1.1317267269517368,21
0.45,0,0.28125,0.018001036692681126,1.1388400449229967,21
0.45,0,0.28515625,0.018388087123353034,1.1438586289581174,21
0.45,0,0.2890625,0.017289664251934348,1.144108309418687,21
0.45,0,0.29296875,0.016016575782159263,1.1528082134412692,21
0.45,0,0.296875,0.016884244272938213,1.13671127233025,21
0.45,0,0.30078125,0.016336636858557917,1.145428386437712,21
0.45,0,0.3046875,0.01790551685471855,1.1318857295995368,21
0.45,0,0.30859375,0.020121062833747927,1.1307430264917449,21
0.45,0,0.3125,0.019145486807174227,1.1402272747640372,21
0.45,0,0.31640625,0.019818390787023316,1.1519241519074876,21
0.45,0,0.3203125,0.0195656382035907,1.1566884615135684,21
0.45,0,0.32421875,0.02106046404609655,1.14616216030055,21
0.45,0,0.328125,0.019716709235563686,1.1682765190352644,21
0.45,0,0.33203125,0.019103084063441314,1.1809562311296222,21
0.45,0,0.3359375,0.0191801883174839,1.1894062956966462,21
0.45,0,0.33984375,0.019931595459926874,1.2001229578534767,21
0.45,0,0.34375,0.02062926445388251,1.197167884241907,21
0.45,0,0.34765625,0.01985983004484321,1.1816322422481822,21
0.45,0,0.3515625,0.019195106142406562,1.1841247695572754,21
0.45,0,0.35546875,0.019282726455193154,1.180171364083394,21
0.45,0,0.359375,0.020528448840430806,1.1796549234630636,21
0.45,0,0.36328125,0.02015365948613005,1.1779905709954142,21
0.45,0,0.3671875,0.02196528644680852,1.1753054456964747,21
0.45,0,0.37109375,0.019860425988785825,1.1774095441167518,21
0.45,0,0.375,0.019458860618259768,1.1895468994184881,21
0.45,0,0.37890625,0.020474892447379902,1.1892340315082086,21
0.45,0,0.3828125,0.02034179775040848,1.1852475761049228,21
0.45,0,0.38671875,0.021388520968788516,1.1917496288142844,21
0.45,0,0.390625,0.020186542716082338,1.209550178519057,21
0.45,0,0.39453125,0.019075997531092098,1.2191254951820605,21
0.45,0,0.3984375,0.01814957813988203,1.22049366799442,21
0.45,0,0.40234375,0.019852599387922717,1.2169233791487566,21
0.45,0,0.40625,0.018058525108602733,1.2262715070742451,21
0.45,0,0.41015625,0.018134977436948224,1.2229469750895352,21
0.45,0,0.4140625,0.015400610771953364,1.237894427193811,21
0.45,0,0.41796875,0.015712868139293144,1.236493647107896,21
0.45,0,0.421875,0.012631772368837165,1.2455794530633326,21
0.45,0,0.42578125,0.012200220564655114,1.2492537765875644,21
0.45,0,0.4296875,0.011977798625077784,1.2449632280401353,21
0.45,0,0.43359375,0.012689369569393474,1.2418499576420956,21
0.45,0,0.4375,0.012140912084933531,1.244396157461128,21
0.45,0,0.44140625,0.01207128230186165,1.2502469300158556,21
0.45,0,0.4453125,0.012014220344721627,1.2484620093420429,21
0.45,0,0.44921875,0.010426805211667525,1.2602218803152685,21
0.45,0,0.453125,0.01092315609817341,1.2497196474432528,21
0.45,0,0.45703125,0.01241567708011503,1.2489418678788191,21
0.45,0,0.4609375,0.011976404468672137,1.2649770509552873,21
0.45,0,0.46484375,0.014064933428359124,1.2526348867828252,21
0.45,0,0.46875,0.01291099359312977,1.2624738715470394,21
0.45,0,0.47265625,0.011495197434121092,1.2761150605641722,21
0.45,0,0.4765625,0.011822879304303613,1.274287779232198,21
0.45,0,0.48046875,0.012120904559557421,1.2789326831901586,21
0.45,0,0.484375,0.011337164532841296,1.280710029819734,21
0.45,0,0.48828125,0.0111094023095384,1.2820819794615776,21
0.45,0,0.4921875,0.010442016488416098,1.287035436575575,21
0.45,0,0.49609375,0.010382511344723922,1.2846526117621457,21
0.45,0,0.5,0.011342017201037276,1.2711125711110758,21
0.45,0,0.50390625,0.010224485358589415,1.2843741402844786,21
0.45,0,0.5078125,0.010106579202212536,1.2869202736200678,21
0.45,0,0.51171875,0.010900128549296593,1.2776091088934152,21
0.45,0,0.515625,0.010529176904032616,1.273601878879342,21
0.45,0,0.51953125,0.011724373641093586,1.2661584950812657,21
0.45,0,0.5234375,0.010646079408372434,1.2664449936822992,21
0.45,0,0.52734375,0.010038412687536311,1.2745743114203738,21
0.45,0,0.53125,0.010410171194876913,1.2726500826055978,21
0.45,0,0.53515625,0.009916679976480188,1.2789184840569847,21
0.45,0,0.5390625,0.010735596122299596,1.279821063723079,21
0.45,0,0.54296875,0.010445619152756016,1.283228764228784,21
0.45,0,0.546875,0.010474416000391689,1.2871066635760047,21
0.45,0,0.55078125,0.009602381351453299,1.3002878020240243,21
0.45,0,0.5546875,0.008140955800784727,1.3153707868436164,21
0.45,0,0.55859375,0.008926389881602057,1.298062554277351,21
0.45,0,0.5625,0.008572580393141942,1.3084146549494229,21
0.45,0,0.56640625,0.008406239845714822,1.3109163189062678,21
0.45,0,0.5703125,0.009298974246911586,1.3082327575082962,21
0.45,0,0.57421875,0.010395279425487538,1.309973934776095,21
0.45,0,0.578125,0.009745099300233822,1.3132691274943187,21
0.45,0,0.58203125,0.009755546533423622,1.3166195254354651,21
0.45,0,0.5859375,0.010125911614847672,1.3018221228306897,21
0.45,0,0.58984375,0.011290726854568904,1.3035505281037219,21
0.45,0,0.59375,0.011412061856141338,1.301895192941679,21
0.45,0,0.59765625,0.011247991843168579,1.3012992992630834,21
0.45,0,0.6015625,0.011873361213616962,1.2960882159500402,21
0.45,0,0.60546875,0.01186435227094613,1.2999951284719917,21
0.45,0,0.609375,0.011537244510746272,1.2902278327825232,21
0.45,0,0.61328125,0.012281665695093457,1.297162621163451,21
0.45,0,0.6171875,0.012080041775692524,1.2999962839336066,21
0.45,0,0.62109375,0.011114717022066649,1.3057384422615357,21
0.45,0,0.625,0.010182375481414768,1.3213251545840115,21
0.45,0,0.62890625,0.009338442705198095,1.3332850321959484,21
0.45,0,0.6328125,0.009121746744798305,1.3387816048396446,21
0.45,0,0.63671875,0.010015436312591282,1.3282986153218908,21
0.45,0,0.640625,0.010688425972835303,1.330259246161559,21
0.45,0,0.64453125,0.012202245174694211,1.3224569724816249,21
0.45,0,0.6484375,0.012275343623133596,1.3153552341984123,21
0.45,0,0.65234375,0.012993264305104717,1.310236837633545,21
0.45,0,0.65625,0.012990933450038806,1.3119641845494747,21
0.45,0,0.66015625,0.013707366194474095,1.302326827419978,21
0.45,0,0.6640625,0.014281659727725977,1.3048496862352015,21
0.45,0,0.66796875,0.01449348134326076,1.2992230466532861,21
0.45,0,0.671875,0.01388384289769279,1.309116003532625,21
0.45,0,0.67578125,0.015737361451565478,1.3019216635329482,21
0.45,0,0.6796875,0.014876452195460958,1.308475996389127,21
0.45,0,0.68359375,0.014423567246858386,1.3040811198672229,21
0.45,0,0.6875,0.013983786023244165,1.3079928939891652,21
0.45,0,0.69140625,0.012974953603405975,1.3189062751755993,21
0.45,0,0.6953125,0.013947350140291064,1.3163862671767748,21
0.45,0,0.69921875,0.01608754830979513,1.3019024946064337,21
0.45,0,0.703125,0.019018328202493544,1.2886182570893783,21
0.45,0,0.70703125,0.019151538892459886,1.2841748173921903,21
0.45,0,0.7109375,0.01972038954829001,1.2808134031174232,21
0.45,0,0.71484375,0.019073220332451412,1.2936050827118024,21
0.45,0,0.71875,0.020957778182212276,1.2975098742702722,21
0.45,0,0.72265625,0.021402139567331533,1.3091708637227195,21
0.45,0,0.7265625,0.01735186369537201,1.3357755361599857,21
0.45,0,0.73046875,0.017974269793641095,1.329257157909259,21
0.45,0,0.734375,0.01634144712376835,1.3360989148346938,21
0.45,0,0.73828125,0.019054364951864747,1.3319684053244942,21
0.45,0,0.7421875,0.019763483806018185,1.328520468138393,21
0.45,0,0.74609375,0.020987104074686846,1.3359436447483424,21
0.45,0,0.75,0.021985076404276348,1.3270302670769982,21
0.45,0,0.75390625,0.022254750599854906,1.3330160110471327,21
0.45,0,0.7578125,0.021691840886840938,1.324470212592192,21
0.45,0,0.76171875,0.02062388946810548,1.3266775091968204,21
0.45,0,0.765625,0.02319317700092321,1.3196525696680368,21
0.45,0,0.76953125,0.024435183625611187,1.3170752144791504,21
0.45,0,0.7734375,0.022086842741037564,1.3292806091335043,21
0.45,0,0.77734375,0.021280439710825095,1.32284227062649,21
0.45,0,0.78125,0.019418393175366627,1.334332898578298,21
0.45,0,0.78515625,0.022008083402020432,1.3203369709156312,21
0.45,0,0.7890625,0.021896332888022937,1.3151962907160704,21
0.45,0,0.79296875,0.022262031639862116,1.3150430137664917,21
0.45,0,0.796875,0.025662299008818806,1.2937897199501267,21
0.45,0,0.80078125,0.020732572160323596,1.3101887589393861,21
0.45,0,0.8046875,0.021845952215352373,1.3246101622633026,21
0.45,0,0.80859375,0.02193439049487416,1.3273719869402711,21
0.45,0,0.8125,0.02571783533650978,1.3222097658297973,21
0.45,0,0.81640625,0.029312185629867697,1.3013482904231453,21
0.45,0,0.8203125,0.031107828406652712,1.2882189451592743,21
0.45,0,0.82421875,0.028192650077231984,1.2860775830581759,21
0.45,0,0.828125,0.02847073310424824,1.2713358004712123,21
0.45,0,0.83203125,0.028629420724773178,1.2582492255114377,21
0.45,0,0.8359375,0.0239403734053031,1.2828522672696625,21
0.45,0,0.83984375,0.021648531824808734,1.2855851511616543,21
0.45,0,0.84375,0.018685299996721007,1.2936615971214738,21
0.45,0,0.84765625,0.01995091562925953,1.284505319316521,21
0.45,0,0.8515625,0.019828365101888137,1.2912902102908004,21
0.45,0,0.85546875,0.01801968812678899,1.29735436710112,21
0.45,0,0.859375,0.016397972538196838,1.3118107054167831,21
0.45,0,0.86328125,0.013797170197891744,1.3203346819652735,21
0.45,0,0.8671875,0.015205274911855011,1.318436326635194,21
0.45,0,0.87109375,0.016665357675544404,1.3103172689723346,21
0.45,0,0.875,0.015308995843442759,1.3224079558209927,21
0.45,0,0.87890625,0.016002858404539477,1.3105103142986154,21
0.45,0,0.8828125,0.014476200528110439,1.318212288536137,21
0.45,0,0.88671875,0.01637577228687906,1.3085102741794703,21
0.45,0,0.890625,0.015962457593004062,1.3050168317913127,21
0.45,0,0.89453125,0.015931984662689743,1.3093619760752988,21
0.45,0,0.8984375,0.017068688810482225,1.3037977280156288,21
0.45,0,0.90234375,0.017076091985317014,1.3073803059240199,21
0.45,0,0.90625,0.015823935090479906,1.3090302414918367,21
0.45,0,0.91015625,0.016530268343472085,1.3071713359207817,21
0.45,0,0.9140625,0.017158016043645672,1.292662714653417,21
0.45,0,0.91796875,0.01897355094903077,1.2891173218534209,21
0.45,0,0.921875,0.02132059060716597,1.2658191742150333,21
0.45,0,0.92578125,0.01863059514782661,1.2737687837911644,21
0.45,0,0.9296875,0.018830678742935165,1.273278207747258,21
0.45,0,0.93359375,0.01896323851429041,1.276557542650358,21
0.45,0,0.9375,0.019658584555227072,1.2733929186785964,21
0.45,0,0.94140625,0.019480140189892498,1.2586009759683954,21
0.45,0,0.9453125,0.01956186599915336,1.247289650855066,21
0.45,0,0.94921875,0.01979044785948535,1.2399565272003557,21
0.45,0,0.953125,0.01930718061562608,1.2403563605396823,21
0.45,0,0.95703125,0.020159834094410894,1.2260179256436905,21
0.45,0,0.9609375,0.02254882556504612,1.208067916798277,21
0.45,0,0.96484375,0.0230627591671626,1.207982916751447,21
0.45,0,0.96875,0.0195200436882741,1.223578008544431,21
0.45,0,0.97265625,0.020376483848657086,1.2235767889285196,21
0.45,0,0.9765625,0.019013450885337967,1.2325075439340873,21
0.45,0,0.98046875,0.02105885250446978,1.2118670040347976,21
0.45,0,0.984375,0.020099399078390867,1.2068648017890358,21
0.45,0,0.98828125,0.022980152435570736,1.1951374799494061,21
0.45,0,0.9921875,0.022613956528238954,1.196779633536314,21
0.45,0,0.99609375,0.020371907870601138,1.2012592884144655,21
0.45,0,1.0,0.01998903275131571,1.2100510190609153,21
0.45,1,0.0,0.04,1.0,21
0.45,1,0.00390625,0.036388307668778236,1.002564813252436,21
0.45,1,0.0078125,0.037954127905438166,0.9925965027010563,21
0.45,1,0.01171875,0.046189401941857576,0.9723645525799663,21
0.45,1,0.015625,0.04720934605258274,0.9688534948496333,21
0.45,1,0.01953125,0.043501079810110976,0.9712747296671422,21
0.45,1,0.0234375,0.04617157087568103,0.9615140191939364,21
0.45,1,0.02734375,0.05116675328278695,0.941137173013555,21
0.45,1,0.03125,0.05294702748070706,0.9271716954754184,21
0.45,1,0.03515625,0.053791824871817655,0.9380984787395954,21
0.45,1,0.0390625,0.05662410380163964,0.9204712528621108,21
0.45,1,0.04296875,0.05909248860977141,0.9279167255277198,21
0.45,1,0.046875,0.05668886968442648,0.9236578589727814,21
0.45,1,0.05078125,0.05714876858647165,0.934467635896094,21
0.45,1,0.0546875,0.06404233503798838,0.9143421474397414,21
0.45,1,0.05859375,0.06465666493164775,0.8994371752338631,21
0.45,1,0.0625,0.055946280671075536,0.9143726382548026,21
0.45,1,0.06640625,0.057807112431699836,0.9095669902914547,21
0.45,1,0.0703125,0.05659672687484035,0.9122374971819105,21
0.45,1,0.07421875,0.0576848972451636,0.900657137670382,21
0.45,1,0.078125,0.057361569056889404,0.8852528494689452,21
0.45,1,0.08203125,0.05914376793099446,0.8776540334929064,21
0.45,1,0.0859375,0.06000338297983734,0.8698434750037278,21
0.45,1,0.08984375,0.07644327115842196,0.8345931879038925,21
0.45,1,0.09375,0.0681808016854587,0.8431507870982151,21
0.45,1,0.09765625,0.07777281186111284,0.8407977485698132,21
0.45,1,0.1015625,0.07884771919688106,0.8483367632027711,21
0.45,1,0.10546875,0.07481847279618158,0.8562679850469487,21
0.45,1,0.109375,0.08206088458099807,0.8579354030125866,21
0.45,1,0.11328125,0.095803155726911,0.8576469098039813,21
0.45,1,0.1171875,0.09226973893461057,0.8780213112070436,21
0.45,1,0.12109375,0.0765484131900878,0.8808037405052223,21
0.45,1,0.125,0.07524895813368247,0.8760280829697975,21
0.45,1,0.12890625,0.0822148123329667,0.8671643935232787,21
0.45,1,0.1328125,0.07039838814020422,0.896837062868735,21
0.45,1,0.13671875,0.06530542709412225,0.894213957068535,21
0.45,1,0.140625,0.06331731751564353,0.920920614285185,21
0.45,1,0.14453125,0.07396394381448972,0.8949358942028534,21
0.45,1,0.1484375,0.07764522658523758,0.8763155109894869,21
0.45,1,0.15234375,0.07765102366964498,0.8524848388149021,21
0.45,1,0.15625,0.07755934040044714,0.8614872143049332,21
0.45,1,0.16015625,0.07555597740153851,0.8759557003968582,21
0.45,1,0.1640625,0.07120394388245224,0.8922992967000053,21
0.45,1,0.16796875,0.06897619705114355,0.8973562721807478,21
0.45,1,0.171875,0.07572916566686537,0.8907098458902558,21
0.45,1,0.17578125,0.06705317789508311,0.9062866644461236,21
0.45,1,0.1796875,0.05934467422252456,0.9422667580692867,21
0.45,1,0.18359375,0.06848322210041326,0.9338245170313506,21
0.45,1,0.1875,0.06049373581694427,0.9594022856659785,21
0.45,1,0.19140625,0.06453836501090984,0.9362106877692338,21
0.45,1,0.1953125,0.06457199791220689,0.9179272580374217,21
0.45,1,0.19921875,0.057268870571751194,0.9443366868173886,21
0.45,1,0.203125,0.05976348973220809,0.9460024062981083,21
0.45,1,0.20703125,0.058935749763850444,0.9535428038708732,21
0.45,1,0.2109375,0.05566966901076133,0.958718048653171,21
0.45,1,0.21484375,0.05975924066890731,0.9542069465558605,21
0.45,1,0.21875,0.0549434481131612,0.959454093849031,21
0.45,1,0.22265625,0.05276059613988734,0.9713972667032122,21
0.45,1,0.2265625,0.05274592341979076,0.9546401342403502,21
0.45,1,0.23046875,0.049684825228905244,0.9628830153975507,21
0.45,1,0.234375,0.05012444448151789,0.9570230537241678,21
0.45,1,0.23828125,0.04935731962718728,0.9489197191733608,21
0.45,1,0.2421875,0.05844127104208378,0.9277319510738578,21
0.45,1,0.24609375,0.06657492688247259,0.9094829466793406,21
0.45,1,0.25,0.07389913511995726,0.8938322655880375,21
0.45,1,0.25390625,0.0763100639177342,0.9062219303102751,21
0.45,1,0.2578125,0.07503366885583886,0.8933847999302404,21
0.45,1,0.26171875,0.0707600021522193,0.8894180576320677,21
0.45,1,0.265625,0.06432595729863438,0.9006244692574334,21
0.45,1,0.26953125,0.06206242657322511,0.9053691794555693,21
0.45,1,0.2734375,0.06852155860614695,0.8971806367941216,21
0.45,1,0.27734375,0.06329338305690976,0.915852818501637,21
0.45,1,0.28125,0.06173678747809797,0.9233864111911677,21
0.45,1,0.28515625,0.05789442651797029,0.9215923236986107,21
0.45,1,0.2890625,0.055423586221092655,0.9510071534239429,21
0.45,1,0.29296875,0.04721215280260998,0.9728397471796933,21
0.45,1,0.296875,0.05122918184498225,0.9646128688995609,21
0.45,1,0.30078125,0.0508400554052515,0.965895334178967,21
0.45,1,0.3046875,0.05559918896780742,0.9480184380056426,21
0.45,1,0.30859375,0.06992975403891945,0.9125097303238213,21
0.45,1,0.3125,0.06379321625561934,0.9218136565272145,21
0.45,1,0.31640625,0.057547294763647935,0.9373517689993849,21
0.45,1,0.3203125,0.05944075597428233,0.9395463409844456,21
0.45,1,0.32421875,0.060977984686479365,0.9245980665884276,21
0.45,1,0.328125,0.06788247793997348,0.9187055149567112,21
0.45,1,0.33203125,0.07148218967828855,0.898118699070683,21
0.45,1,0.3359375,0.06630655135663192,0.918421985155332,21
0.45,1,0.33984375,0.063784136032033,0.9502464591580225,21
0.45,1,0.34375,0.07107571200889831,0.9236681363484222,21
0.45,1,0.34765625,0.07598962019533957,0.9196735882558792,21
0.45,1,0.3515625,0.08522101022350667,0.9145861625679573,21
0.45,1,0.35546875,0.0863816026958107,0.903860526260614,21
0.45,1,0.359375,0.0875944671650461,0.9195451489794456,21
0.45,1,0.36328125,0.07462756127066916,0.9210603928468157,21
0.45,1,0.3671875,0.07767885304414543,0.9101812855074983,21
0.45,1,0.37109375,0.0703672770405658,0.9284785276068295,21
0.45,1,0.375,0.07289492319614899,0.9435675088117343,21
0.45,1,0.37890625,0.06710278444160075,0.9464677428633766,21
0.45,1,0.3828125,0.07172085053261014,0.921693489259422,21
0.45,1,0.38671875,0.07442439450069493,0.9226057673864383,21
0.45,1,0.390625,0.07226002245976618,0.944962241137065,21
0.45,1,0.39453125,0.08354821900971539,0.9310743254954329,21
0.45,1,0.3984375,0.07986942348134035,0.9256987088278844,21
0.45,1,0.40234375,0.0822472443546534,0.9051289763051956,21
0.45,1,0.40625,0.08307685540201577,0.9359300856076458,21
0.45,1,0.41015625,0.1029949822353117,0.9066467770661744,21
0.45,1,0.4140625,0.09349917329913084,0.8965104602795461,21
0.45,1,0.41796875,0.09230565056315419,0.8751386989008163,21
0.45,1,0.421875,0.10242518899934534,0.874996497147403,21
0.45,1,0.42578125,0.10040185342370371,0.8933789432387571,21
0.45,1,0.4296875,0.10432522345508634,0.8849682118331842,21
0.45,1,0.43359375,0.09971122978609451,0.8847209577611473,21
0.45,1,0.4375,0.09770525731188939,0.8958966986803261,21
0.45,1,0.44140625,0.10400150761661257,0.8974421079758542,21
0.45,1,0.4453125,0.09988863753205868,0.9063284525396658,21
0.45,1,0.44921875,0.09371172063727146,0.898056116315558,21
0.45,1,0.453125,0.08653682915828263,0.9127847204408026,21
0.45,1,0.45703125,0.0906809496275161,0.9392410339731899,21
0.45,1,0.4609375,0.08453931222436392,0.9348378900776926,21
0.45,1,0.46484375,0.0932037394130752,0.9117092441367564,21
0.45,1,0.46875,0.08447124692390709,0.91323697819089,21
0.45,1,0.47265625,0.09775181919764321,0.8835015402815325,21
0.45,1,0.4765625,0.09757507096735728,0.9026349512514907,21
0.45,1,0.48046875,0.10216533716530014,0.9036192821514472,21
0.45,1,0.484375,0.1007944421097819,0.8912132345386635,21
0.45,1,0.48828125,0.10271558345324586,0.8714505323076712,21
0.45,1,0.4921875,0.11501962605166145,0.8535780782261191,21
0.45,1,0.49609375,0.11086517805569461,0.846445673126412,21
0.45,1,0.5,0.11890003952035232,0.8382804757285407,21
0.45,1,0.50390625,0.12055647229884973,0.8383338629049019,21
0.45,1,0.5078125,0.11482599876549848,0.8243381140633098,21
0.45,1,0.51171875,0.11953288794323243,0.8442508229128671,21
0.45,1,0.515625,0.11635794457052445,0.8344509186343714,21
0.45,1,0.51953125,0.1045209702359895,0.8701624039406958,21
0.45,1,0.5234375,0.10043848476885138,0.8779840103048385,21
0.45,1,0.52734375,0.1134163372904463,0.8569342682312295,21
0.45,1,0.53125,0.11821892753282676,0.8208431309276758,21
0.45,1,0.53515625,0.11310942111588221,0.8157980023521635,21
0.45,1,0.5390625,0.10113534616905906,0.8471852594621226,21
0.45,1,0.54296875,0.1200748185193066,0.8331130847648434,21
0.45,1,0.546875,0.11986560202278942,0.8192589957614628,21
0.45,1,0.55078125,0.12433519457768853,0.7776140965577617,21
0.45,1,0.5546875,0.13526161452199056,0.768895967553192,21
0.45,1,0.55859375,0.12658231764457287,0.758381814077917,21
0.45,1,0.5625,0.11926210108210848,0.7641453608878208,21
0.45,1,0.56640625,0.13467073934379234,0.7329524632989203,21
0.45,1,0.5703125,0.11893820687878813,0.766105321544784,21
0.45,1,0.57421875,0.12325363161811317,0.7541680542291788,21
0.45,1,0.578125,0.1169841553234021,0.7620910440703195,21
0.45,1,0.58203125,0.12783143715895348,0.7459166594119733,21
0.45,1,0.5859375,0.12590179539392232,0.7395779656037891,21
0.45,1,0.58984375,0.13399437644982082,0.7384091075460122,21
0.45,1,0.59375,0.11400043061048169,0.7649441037678855,21
0.45,1,0.59765625,0.1027923599702474,0.783846168861726,21
0.45,1,0.6015625,0.11334219774482746,0.7668575850556357,21
0.45,1,0.60546875,0.11399340209677837,0.7706096490938386,21
0.45,1,0.609375,0.12371132692223999,0.745755425725536,21
0.45,1,0.61328125,0.11450655330662406,0.7600172761905128,21
0.45,1,0.6171875,0.11791200387790193,0.7521215357232073,21
0.45,1,0.62109375,0.10056461090020319,0.7370353089774934,21
0.45,1,0.625,0.11661005506509531,0.7039905327495412,21
0.45,1,0.62890625,0.1131629512086493,0.7013272195313437,21
0.45,1,0.6328125,0.12347169125618783,0.7126595242657963,21
0.45,1,0.63671875,0.12832185826488485,0.7230511258068834,21
0.45,1,0.640625,0.12953166904209154,0.7131247376064315,21
0.45,1,0.64453125,0.12843244078944896,0.725611885961632,21
0.45,1,0.6484375,0.13862199403708383,0.7027294244205111,21
0.45,1,0.65234375,0.13895337400791483,0.7148630004930798,21
0.45,1,0.65625,0.1256949141574952,0.7231941665517467,21
0.45,1,0.66015625,0.13489952176639045,0.7036967221205295,21
0.45,1,0.6640625,0.13348774145699913,0.6842694805034074,21
0.45,1,0.66796875,0.12354921328609063,0.6912518424713001,21
0.45,1,0.671875,0.12278822421121126,0.7029586483354334,21
0.45,1,0.67578125,0.12417253991575875,0.7005362430252502,21
0.45,1,0.6796875,0.1378908724894749,0.7254601272541575,21
0.45,1,0.68359375,0.14201359286065138,0.7102538297203849,21
0.45,1,0.6875,0.13326348865872686,0.733831104649254,21
0.45,1,0.69140625,0.1353807897981697,0.7432875838995502,21
0.45,1,0.6953125,0.11709303283902445,0.7649888373411603,21
0.45,1,0.69921875,0.11943744168901883,0.7597210232494802,21
0.45,1,0.703125,0.11273858605461216,0.7591859249667623,21
0.45,1,0.70703125,0.1123486348954987,0.7685101357476302,21
0.45,1,0.7109375,0.09529928256282086,0.8001920969109668,21
0.45,1,0.71484375,0.11028570705471973,0.7804086489960357,21
0.45,1,0.71875,0.1032435281220968,0.7791020575653647,21
0.45,1,0.72265625,0.09428512549738338,0.7767739177595188,21
0.45,1,0.7265625,0.10713199684825815,0.75972576340212,21
0.45,1,0.73046875,0.1179904804585999,0.7259542896972204,21
0.45,1,0.734375,0.13113690683174212,0.7016855883287735,21
0.45,1,0.73828125,0.1460132501697545,0.7077995412542826,21
0.45,1,0.7421875,0.14358801568221213,0.695447921358771,21
0.45,1,0.74609375,0.13753608235054832,0.6931278967645422,21
0.45,1,0.75,0.1558935713385917,0.6870994492613272,21
0.45,1,0.75390625,0.1644850239601488,0.6824739919815177,21
0.45,1,0.7578125,0.16661606897696704,0.6743373244822694,21
0.45,1,0.76171875,0.1487226770844602,0.6944227433292032,21
0.45,1,0.765625,0.12902429992951933,0.7121137378704846,21
0.45,1,0.76953125,0.12806056981769104,0.7140306820209167,21
0.45,1,0.7734375,0.11928485175086051,0.7137697351287962,21
0.45,1,0.77734375,0.1299123811168035,0.7076110476535714,21
0.45,1,0.78125,0.11777994266779945,0.7219967558142902,21
0.45,1,0.78515625,0.1277854713604485,0.7112242343209455,21
0.45,1,0.7890625,0.13769894769016694,0.7051736853445015,21
0.45,1,0.79296875,0.13388429222289203,0.7090719689025492,21
0.45,1,0.796875,0.1339357498579481,0.7023907410210654,21
0.45,1,0.80078125,0.1479462647996045,0.6878285921918541,21
0.45,1,0.8046875,0.16878028337749865,0.6610719794534363,21
0.45,1,0.80859375,0.15812268555824374,0.6396591016230169,21
0.45,1,0.8125,0.20786273136550612,0.5930575324371243,21
0.45,1,0.81640625,0.18826492942766773,0.5959040963289499,21
0.45,1,0.8203125,0.1939939189642912,0.5915191292922152,21
0.45,1,0.82421875,0.1846923002073141,0.6002229391209652,21
0.45,1,0.828125,0.1761750397513002,0.6217863351280075,21
0.45,1,0.83203125,0.17522021974674917,0.6388345873073704,21
0.45,1,0.8359375,0.14735037019196084,0.6828343464013266,21
0.45,1,0.83984375,0.13318565370083416,0.6945287181803714,21
0.45,1,0.84375,0.13327095398773842,0.7052726740431271,21
0.45,1,0.84765625,0.13125580816972807,0.6814970203155504,21
0.45,1,0.8515625,0.13948036341035663,0.6608431909135654,21
0.45,1,0.85546875,0.15168811135508933,0.666403314151709,21
0.45,1,0.859375,0.15722639122999224,0.6571252878331654,21
0.45,1,0.86328125,0.16209455632854775,0.6500136489759305,21
0.45,1,0.8671875,0.16531722986139222,0.6502867039182009,21
0.45,1,0.87109375,0.1793752157985621,0.6429726221754308,21
0.45,1,0.875,0.1772373980678437,0.6397605176352642,21
0.45,1,0.87890625,0.1748687621442539,0.638320110336063,21
0.45,1,0.8828125,0.16303855498808809,0.6295370341870091,21
0.45,1,0.88671875,0.1640361684628073,0.632235431077267,21
0.45,1,0.890625,0.16235493405539564,0.642939236850027,21
0.45,1,0.89453125,0.16009411476513435,0.6551060295771194,21
0.45,1,0.8984375,0.15951535127721175,0.6562419567322721,21
0.45,1,0.90234375,0.16375836352212977,0.643651531089166,21
0.45,1,0.90625,0.1789684724515315,0.6264595003347736,21
0.45,1,0.91015625,0.19088701920400084,0.6048632940992992,21
0.45,1,0.9140625,0.16326256760595864,0.6072416387906272,21
0.45,1,0.91796875,0.1432435364189857,0.6304925091154034,21
0.45,1,0.921875,0.14429443679030435,0.6222101319415843,21
0.45,1,0.92578125,0.14125477788511537,0.6486911608610987,21
0.45,1,0.9296875,0.15174254306898305,0.6428072466747948,21
0.45,1,0.93359375,0.155338186533003,0.6542008035907426,21
0.45,1,0.9375,0.17856407120975307,0.6168315089340646,21
0.45,1,0.94140625,0.15577960760525658,0.6310368152300069,21
0.45,1,0.9453125,0.15360935869419018,0.6430483562414873,21
0.45,1,0.94921875,0.16027273313191362,0.6459603283474986,21
0.45,1,0.953125,0.14150901717620026,0.666928518855164,21
0.45,1,0.95703125,0.14077550031664685,0.673685568188944,21
0.45,1,0.9609375,0.1458655091453423,0.6585699638696413,21
0.45,1,0.96484375,0.13728389111594858,0.6565325116858625,21
0.45,1,0.96875,0.1504532660329241,0.638396764389513,21
0.45,1,0.97265625,0.13580586052375646,0.6334891326298828,21
0.45,1,0.9765625,0.1271788166372086,0.6529736068268518,21
0.45,1,0.98046875,0.1256225403955701,0.6435915839710113,21
0.45,1,0.984375,0.12018894087064022,0.6371434450970269,21
0.45,1,0.98828125,0.11744323821521409,0.6380224232889848,21
0.45,1,0.9921875,0.11930476883007712,0.6526005124829074,21
0.45,1,0.99609375,0.11777562739208422,0.6564816531859465,21
0.45,1,1.0,0.11425741892266907,0.6642109853905737,21
0.45,2,0.0,0.04,1.0,21
0.45,2,0.00390625,0.039613897383223996,1.002135692146415,21
0.45,2,0.0078125,0.03707531589673985,1.0234474748086064,21
0.45,2,0.01171875,0.03539076107114383,1.0329316520327496,21
0.45,2,0.015625,0.03099576279453387,1.0333808890372502,21
0.45,2,0.01953125,0.03497252326502406,1.0120280348439061,21
0.45,2,0.0234375,0.03298490291807255,1.0192174105012706,21
0.45,2,0.02734375,0.03374047476944578,1.0183847833373614,21
0.45,2,0.03125,0.03062044781223297,1.0237016768026652,21
0.45,2,0.03515625,0.0315914600027762,1.0238006674975109,21
0.45,2,0.0390625,0.031130578801689603,1.0356557564947222,21
0.45,2,0.04296875,0.03407504731503595,1.0218794439222474,21
0.45,2,0.046875,0.037051988452074476,1.0252423825008616,21
0.45,2,0.05078125,0.04055437513065283,1.0265955357141199,21
0.45,2,0.0546875,0.040065621870222036,0.9988976784021598,21
0.45,2,0.05859375,0.03847552035705406,0.9969463618912455,21
0.45,2,0.0625,0.038791991752060266,1.0014450729931776,21
0.45,2,0.06640625,0.03945230635151075,0.998017604481561,21
0.45,2,0.0703125,0.034613826440218806,1.0114200003368627,21
0.45,2,0.07421875,0.035027423977747524,1.0187010381826163,21
0.45,2,0.078125,0.034785817937763336,1.0262334328977374,21
0.45,2,0.08203125,0.04033006338058402,1.0041609279040378,21
0.45,2,0.0859375,0.04151277279010707,0.9771629208094562,21
0.45,2,0.08984375,0.03731228981366031,0.9920427273578175,21
0.45,2,0.09375,0.03808903121724965,0.9989586734703717,21
0.45,2,0.09765625,0.03563733996006562,1.00986012405806,21
0.45,2,0.1015625,0.036396117374271834,1.0107518247394731,21
0.45,2,0.10546875,0.04094959368798622,1.0038057560687408,21
0.45,2,0.109375,0.04420376400138214,0.999368115615238,21
0.45,2,0.11328125,0.04069917385123465,1.0004457237959752,21
0.45,2,0.1171875,0.039140562553347004,1.0059457057645278,21
0.45,2,0.12109375,0.04180724005246899,1.0040493813598068,21
0.45,2,0.125,0.03551881027388281,1.015761623595861,21
0.45,2,0.12890625,0.03433970055072853,1.0202864871448654,21
0.45,2,0.1328125,0.034922908153877864,1.027844937814344,21
0.45,2,0.13671875,0.03352650504635991,1.048017118991822,21
0.45,2,0.140625,0.03267018267570473,1.0573995856460672,21
0.45,2,0.14453125,0.03412920784634069,1.070955009470727,21
0.45,2,0.1484375,0.03240812814871176,1.0757259027270196,21
0.45,2,0.15234375,0.029503087691917004,1.083526537193551,21
0.45,2,0.15625,0.028671782974385464,1.0985897041512,21
0.45,2,0.16015625,0.02566121171060776,1.108385377522677,21
0.45,2,0.1640625,0.025459540317723184,1.1059978614105372,21
0.45,2,0.16796875,0.026434068203757634,1.0942371711676513,21
0.45,2,0.171875,0.028732861689961645,1.0851194811191331,21
0.45,2,0.17578125,0.03194586621172311,1.0720034495170234,21
0.45,2,0.1796875,0.03496958220046003,1.0499998479231314,21
0.45,2,0.18359375,0.034231316546715886,1.0395580682849157,21
0.45,2,0.1875,0.030721941693315644,1.0529464999338514,21
0.45,2,0.19140625,0.03333558487712352,1.0523393790727105,21
0.45,2,0.1953125,0.034796751908159285,1.0424762949031674,21
0.45,2,0.19921875,0.03359394599303611,1.039532633705637,21
0.45,2,0.203125,0.029687730335920072,1.048183875534407,21
0.45,2,0.20703125,0.028193579861598542,1.0199698557440333,21
0.45,2,0.2109375,0.027342326060694606,1.0185134148147366,21
0.45,2,0.21484375,0.024178794666529276,1.0384761445679989,21
0.45,2,0.21875,0.02807995318884356,1.033326983476768,21
0.45,2,0.22265625,0.027043266329947278,1.0309386533886868,21
0.45,2,0.2265625,0.029333076784656492,1.0214541889421727,21
0.45,2,0.23046875,0.027310413326289838,1.013805987128792,21
0.45,2,0.234375,0.027403300338642262,1.0054146559613277,21
0.45,2,0.23828125,0.026354109218116248,1.0087125616938297,21
0.45,2,0.2421875,0.024011793514402732,1.0080257487526303,21
0.45,2,0.24609375,0.023193216140186337,1.023310507617606,21
0.45,2,0.25,0.02153452310303231,1.036559126192208,21
0.45,2,0.25390625,0.021859271393300683,1.039683034267479,21
0.45,2,0.2578125,0.022010827124685776,1.0412999258559605,21
0.45,2,0.26171875,0.02251976852850319,1.0344543340340935,21
0.45,2,0.265625,0.02458487027324538,1.0272466255294825,21
0.45,2,0.26953125,0.022736621560700297,1.019675585723514,21
0.45,2,0.2734375,0.020005622954218278,1.0344338025899682,21
0.45,2,0.27734375,0.018984248193100392,1.0441379507541801,21
0.45,2,0.28125,0.020842652193867762,1.0430423046353179,21
0.45,2,0.28515625,0.02035781958563693,1.0432358070265355,21
0.45,2,0.2890625,0.019710812898769147,1.0559469705446458,21
0.45,2,0.29296875,0.020431913473961796,1.0539995942088534,21
0.45,2,0.296875,0.021649717508015993,1.0505644981570126,21
0.45,2,0.30078125,0.019923620084524286,1.0536260186488178,21
0.45,2,0.3046875,0.0189769716194405,1.0540085664292729,21
0.45,2,0.30859375,0.020799084503374532,1.0374888152243376,21
0.45,2,0.3125,0.021179154178944743,1.0319413668497444,21
0.45,2,0.31640625,0.019911798879669113,1.0333318976524017,21
0.45,2,0.3203125,0.019222652184077964,1.0354999558108966,21
0.45,2,0.32421875,0.01983323840062717,1.0260644828743453,21
0.45,2,0.328125,0.02064992104981397,1.013985503036663,21
0.45,2,0.33203125,0.023041878329717932,0.9992183602092121,21
0.45,2,0.3359375,0.022906564901178383,0.9965993542776482,21
0.45,2,0.33984375,0.023985030106486713,0.9995818240733191,21
0.45,2,0.34375,0.024455785304989607,0.9895936956565121,21
0.45,2,0.34765625,0.027649113546237718,0.9810745456176176,21
0.45,2,0.3515625,0.02911444488615479,0.9740378576728602,21
0.45,2,0.35546875,0.027121651720914595,0.9761021081357772,21
0.45,2,0.359375,0.02676746781164274,0.9695318637433171,21
0.45,2,0.36328125,0.027499069233506278,0.9820172780539626,21
0.45,2,0.3671875,0.028256173373300223,0.9809903663282485,21
0.45,2,0.37109375,0.030770024940567336,0.972418002316696,21
0.45,2,0.375,0.031406929381300776,0.9744453365736105,21
0.45,2,0.37890625,0.030548214101502418,0.9678110907813332,21
0.45,2,0.3828125,0.03278073159958114,0.9545398896692059,21
0.45,2,0.38671875,0.0336421640465009,0.9524986543946689,21
0.45,2,0.390625,0.03609708998635464,0.9354958091239588,21
0.45,2,0.39453125,0.03441816260061013,0.9386762749933906,21
0.45,2,0.3984375,0.0373140119441257,0.9411848814434497,21
0.45,2,0.40234375,0.03390896066268364,0.9395931988536094,21
0.45,2,0.40625,0.036244529513331875,0.9340494238745072,21
0.45,2,0.41015625,0.04096773350902006,0.9282818961768026,21
0.45,2,0.4140625,0.036362119903388605,0.9253989832915546,21
0.45,2,0.41796875,0.034654053162218375,0.931607795909656,21
0.45,2,0.421875,0.03484149029435112,0.9313214239800753,21
0.45,2,0.42578125,0.03519564759926694,0.9183175278125976,21
0.45,2,0.4296875,0.03135978143887859,0.92851151718989,21
0.45,2,0.43359375,0.03282890953439512,0.929456965606288,21
0.45,2,0.4375,0.027295580150206333,0.9524667811956313,21
0.45,2,0.44140625,0.024954136766914405,0.9600628178467714,21
0.45,2,0.4453125,0.026531061354633078,0.9649570082800893,21
0.45,2,0.44921875,0.02636367338657543,0.9658558152035296,21
0.45,2,0.453125,0.027331584044518933,0.9635684088460296,21
0.45,2,0.45703125,0.02661995858251128,0.9594601683672431,21
0.45,2,0.4609375,0.02283182380740089,0.9696763089111272,21
0.45,2,0.46484375,0.023563086721078697,0.9705791786772912,21
0.45,2,0.46875,0.020847561277884282,0.980626800352021,21
0.45,2,0.47265625,0.0226365418279954,0.9831545083528819,21
0.45,2,0.4765625,0.022701253561749953,0.9845892237118737,21
0.45,2,0.48046875,0.023106754499825303,0.9824556328900411,21
0.45,2,0.484375,0.02434420949111039,0.9936612531776153,21
0.45,2,0.48828125,0.02275776331825471,0.9960518083746466,21
0.45,2,0.4921875,0.02331764941141128,0.9962363988122734,21
0.45,2,0.49609375,0.024869060846237953,1.0010887596396851,21
0.45,2,0.5,0.023923288702668608,1.0055007762805306,21
0.45,2,0.50390625,0.02189745934811238,1.0181579927829525,21
0.45,2,0.5078125,0.022632741063328167,1.0216719923972362,21
0.45,2,0.51171875,0.02196065490959577,1.0125695812107947,21
0.45,2,0.515625,0.02124557525915011,1.0257934702146998,21
0.45,2,0.51953125,0.02221671586559876,1.0197801431437166,21
0.45,2,0.5234375,0.024688433031391514,1.0109835976235404,21
0.45,2,0.52734375,0.025158988111438525,1.020006165840033,21
0.45,2,0.53125,0.025574896313631582,1.0174899024085537,21
0.45,2,0.53515625,0.026024932430626282,1.0145905299339228,21
0.45,2,0.5390625,0.024941320435195726,1.0219385971921315,21
0.45,2,0.54296875,0.024363502033954793,1.0189228686284313,21
0.45,2,0.546875,0.023425195907252522,1.0271775591799173,21
0.45,2,0.55078125,0.023965960200744797,1.0255413281452828,21
0.45,2,0.5546875,0.024093029798628676,1.022711313466287,21
0.45,2,0.55859375,0.025698052648188884,1.0114774676539515,21
0.45,2,0.5625,0.026575855650048014,1.0119304628691441,21
0.45,2,0.56640625,0.02882247231888391,0.9891378636323918,21
0.45,2,0.5703125,0.025371902035331868,0.9952062614624887,21
0.45,2,0.57421875,0.02325111710480792,0.9963765304490616,21
0.45,2,0.578125,0.024412166072826855,0.9971171659652168,21
0.45,2,0.58203125,0.024720392222599478,1.0124647720411435,21
0.45,2,0.5859375,0.02431193377213225,1.0177090567462947,21
0.45,2,0.58984375,0.024201058828494073,1.0263246889484083,21
0.45,2,0.59375,0.02396485960686481,1.0176998605507332,21
0.45,2,0.59765625,0.02487868625742987,1.0232096686199486,21
0.45,2,0.6015625,0.02560475600350829,1.0130732124976427,21
0.45,2,0.60546875,0.025476722749261577,1.0079577901365402,21
0.45,2,0.609375,0.02870581859038368,0.9950557132690101,21
0.45,2,0.61328125,0.02811205389829738,0.9860584098328325,21
0.45,2,0.6171875,0.024847556757340704,1.0020365875464172,21
0.45,2,0.62109375,0.0253466478143217,1.007904798164732,21
0.45,2,0.625,0.02659975004847359,1.0079459745307309,21
0.45,2,0.62890625,0.027360131250522376,0.9934467708733137,21
0.45,2,0.6328125,0.024737271478487918,0.9885571058704491,21
0.45,2,0.63671875,0.026143978915727943,0.9803370562699619,21
0.45,2,0.640625,0.02627347460088579,0.9918785844913578,21
0.45,2,0.64453125,0.02877011033792477,0.9699101200797139,21
0.45,2,0.6484375,0.02701339791008225,0.966617423265722,21
0.45,2,0.65234375,0.025823527494252048,0.980770224761193,21
0.45,2,0.65625,0.024285860396828018,0.9899266696499781,21
0.45,2,0.66015625,0.02784156009426361,0.9856401999615672,21
0.45,2,0.6640625,0.0300042039566528,0.9796102840710692,21
0.45,2,0.66796875,0.028299419145930333,0.9855143658581239,21
0.45,2,0.671875,0.033004595357171145,0.9734716631916275,21
0.45,2,0.67578125,0.036046448906457,0.9618091606965516,21
0.45,2,0.6796875,0.038308695804697895,0.936946056530258,21
0.45,2,0.68359375,0.03409834384309179,0.9442790417578365,21
0.45,2,0.6875,0.03508355321549072,0.9501574504902848,21
0.45,2,0.69140625,0.03415130861075379,0.9449016454778767,21
0.45,2,0.6953125,0.037454711304189085,0.9424377880201806,21
0.45,2,0.69921875,0.03145851677066387,0.9565528883018805,21
0.45,2,0.703125,0.036218593935224495,0.9388231417327427,21
0.45,2,0.70703125,0.03332214799171567,0.9548786206424247,21
0.45,2,0.7109375,0.03360359924070687,0.9516794283761579,21
0.45,2,0.71484375,0.034273028628716576,0.9389424294938721,21
0.45,2,0.71875,0.03440673505607739,0.9270349160766153,21
0.45,2,0.72265625,0.03494861892129985,0.9334188879315821,21
0.45,2,0.7265625,0.03550706186461922,0.9339046691676284,21
0.45,2,0.73046875,0.0351713323243596,0.9268235460333579,21
0.45,2,0.734375,0.034208935503140615,0.9327122604576155,21
0.45,2,0.73828125,0.0306691149397292,0.9410832891360448,21
0.45,2,0.7421875,0.03146116508845353,0.9511626480814631,21
0.45,2,0.74609375,0.033005021161121376,0.9404288658414036,21
0.45,2,0.75,0.031344264543987956,0.9343014531357976,21
0.45,2,0.75390625,0.03125577608585113,0.9255077077585341,21
0.45,2,0.7578125,0.032413060038610095,0.9147737986592759,21
0.45,2,0.76171875,0.03379003586681743,0.905966164505469,21
0.45,2,0.765625,0.03133629402605533,0.9058355387165876,21
0.45,2,0.76953125,0.029499832877009743,0.907325614947482,21
0.45,2,0.7734375,0.03110589546685191,0.895695736871928,21
0.45,2,0.77734375,0.03069778211342772,0.9026627647263045,21
0.45,2,0.78125,0.030150155729632946,0.9117078940661244,21
0.45,2,0.78515625,0.030769941726144258,0.9022417354412119,21
0.45,2,0.7890625,0.026980153489598393,0.9231979722272889,21
0.45,2,0.79296875,0.02681432668452873,0.931058242199348,21
0.45,2,0.796875,0.024802853964785983,0.9459577858111325,21
0.45,2,0.80078125,0.02772679993735373,0.9342051006624523,21
0.45,2,0.8046875,0.024716223423176285,0.935709946238862,21
0.45,2,0.80859375,0.024114713424999563,0.9467345039405622,21
0.45,2,0.8125,0.02514422559074625,0.9290751097519339,21
0.45,2,0.81640625,0.02502879067213817,0.9266363470698695,21
0.45,2,0.8203125,0.02372877907990543,0.9266770367845589,21
0.45,2,0.82421875,0.023112866522233766,0.9258168901157028,21
0.45,2,0.828125,0.025633337969626503,0.912338244881469,21
0.45,2,0.83203125,0.023923443364858903,0.9156234355051384,21
0.45,2,0.8359375,0.02257709183515499,0.9182448390785303,21
0.45,2,0.83984375,0.021689103462599797,0.9231647982836676,21
0.45,2,0.84375,0.02320545642021694,0.9128109871939251,21
0.45,2,0.84765625,0.022526092011321316,0.9127524754607647,21
0.45,2,0.8515625,0.02167066174857773,0.9187952514608777,21
0.45,2,0.85546875,0.021185573124671463,0.9209505073796701,21
0.45,2,0.859375,0.022891251752860026,0.9093399611189052,21
0.45,2,0.86328125,0.023039162946945163,0.9052630159726404,21
0.45,2,0.8671875,0.02264353671021449,0.9083089014879385,21
0.45,2,0.87109375,0.024456897631464934,0.9015844657344154,21
0.45,2,0.875,0.025377138108096334,0.8966767224437244,21
0.45,2,0.87890625,0.023260813285979908,0.9011695029283314,21
0.45,2,0.8828125,0.023495240223481036,0.9049196921315673,21
0.45,2,0.88671875,0.02221922355040015,0.9123023848287621,21
0.45,2,0.890625,0.020107747665934844,0.9402979969993442,21
0.45,2,0.89453125,0.02193607423907286,0.9431837821806593,21
0.45,2,0.8984375,0.021210579847837457,0.9498531148527088,21
0.45,2,0.90234375,0.0190997230490803,0.9629397304185301,21
0.45,2,0.90625,0.01780773808494837,0.9645900366182099,21
0.45,2,0.91015625,0.016371569484991078,0.9709156642056856,21
0.45,2,0.9140625,0.01790218420576207,0.9702038693128469,21
0.45,2,0.91796875,0.018489015020650434,0.9756034580116565,21
0.45,2,0.921875,0.017928885566322147,0.9772253931798704,21
0.45,2,0.92578125,0.018020447240401822,0.9744391569168671,21
0.45,2,0.9296875,0.018729993388208934,0.973176897556515,21
0.45,2,0.93359375,0.017738556010468087,0.9748461014015146,21
0.45,2,0.9375,0.01722511225982481,0.975076207375553,21
0.45,2,0.94140625,0.01701744684653724,0.9787861690617307,21
0.45,2,0.9453125,0.016526156007812,0.9881571340362809,21
0.45,2,0.94921875,0.016705470377513586,0.983630189335226,21
0.45,2,0.953125,0.017619502293332274,0.9900621352401089,21
0.45,2,0.95703125,0.01532496374473904,0.9996895744877936,21
0.45,2,0.9609375,0.016902561996954283,0.985747219016199,21
0.45,2,0.96484375,0.015593634198625722,0.9930945863717029,21
0.45,2,0.96875,0.012737464195015577,1.0082711212372417,21
0.45,2,0.97265625,0.012425460936208933,1.0134778474065507,21
0.45,2,0.9765625,0.013779099851117539,0.999906314816609,21
0.45,2,0.98046875,0.012570595755532123,1.0085433440534874,21
0.45,2,0.984375,0.011748380020394448,1.017770383559367,21
0.45,2,0.98828125,0.012145738827870043,1.0109441914385349,21
0.45,2,0.9921875,0.012103143340990616,1.0063566981312522,21
0.45,2,0.99609375,0.012342919328716388,1.010021131257612,21
0.45,2,1.0,0.013426334321469294,1.0157206428449919,21
0.45,3,0.0,0.04,1.0,21
0.45,3,0.00390625,0.0389070967581375,1.0172638874548665,21
0.45,3,0.0078125,0.03850648271927157,1.0064486316106085,21
0.45,3,0.01171875,0.04043077716865145,1.0155384011507766,21
0.45,3,0.015625,0.04599513116697918,0.9913980268672045,21
0.45,3,0.01953125,0.04772745749039845,0.9841646600451016,21
0.45,3,0.0234375,0.0503210768253005,0.9745234124801357,21
0.45,3,0.02734375,0.046327211583180594,0.9960785218208517,21
0.45,3,0.03125,0.042506275415360006,1.0169563314706607,21
0.45,3,0.03515625,0.04446151230490695,1.0125581131200574,21
0.45,3,0.0390625,0.042002228508170314,1.0229063681397996,21
0.45,3,0.04296875,0.04610180913387909,1.0045667029447456,21
0.45,3,0.046875,0.046707768892479413,1.0029850436957595,21
0.45,3,0.05078125,0.052373794300089885,1.00325199391846,21
0.45,3,0.0546875,0.05405105943735302,1.0005176715060238,21
0.45,3,0.05859375,0.06109139409510452,0.9787514607677362,21
0.45,3,0.0625,0.06159729646264353,0.9900399532853634,21
0.45,3,0.06640625,0.06235476503024092,0.9836481015560057,21
0.45,3,0.0703125,0.06758157915127838,0.9747825889754677,21
0.45,3,0.07421875,0.06643739048244224,0.9788514276459003,21
0.45,3,0.078125,0.062314828355750286,0.9887329007087974,21
0.45,3,0.08203125,0.06978359663048277,0.9683241248652766,21
0.45,3,0.0859375,0.0596383560887427,0.9874324805488838,21
0.45,3,0.08984375,0.05732903170657462,0.9889058012951165,21
0.45,3,0.09375,0.05908970113631748,0.9847033523927972,21
0.45,3,0.09765625,0.05679698225650004,0.9661019497493631,21
0.45,3,0.1015625,0.04844267937944476,0.9812742425624682,21
0.45,3,0.10546875,0.04929127439562651,0.9775987459279576,21
0.45,3,0.109375,0.049146977168212404,0.9896851187585782,21
0.45,3,0.11328125,0.04913520449991889,1.0007654399521202,21
0.45,3,0.1171875,0.04802538275915169,0.9880122996753518,21
0.45,3,0.12109375,0.0491727512609995,0.9734069714124265,21
0.45,3,0.125,0.05009961387562014,0.9764593278795001,21
0.45,3,0.12890625,0.05797616345463677,0.9598661177636302,21
0.45,3,0.1328125,0.0619952627366047,0.9435777214848261,21
0.45,3,0.13671875,0.06673137225346717,0.9233419642487597,21
0.45,3,0.140625,0.07227995169913434,0.90685069303241,21
0.45,3,0.14453125,0.07897771122085605,0.8886736125432836,21
0.45,3,0.1484375,0.07896041083094973,0.8718505328209163,21
0.45,3,0.15234375,0.06522703687642777,0.9006269303521386,21
0.45,3,0.15625,0.07056294484270906,0.9064001227675038,21
0.45,3,0.16015625,0.07083085986069568,0.9033678795242774,21
0.45,3,0.1640625,0.06128115572455206,0.9245623177831891,21
0.45,3,0.16796875,0.05808531612958002,0.9100279648639128,21
0.45,3,0.171875,0.06365551518068907,0.8904550439826432,21
0.45,3,0.17578125,0.06642255153289284,0.8678259007190525,21
0.45,3,0.1796875,0.06329109339932668,0.879042775585523,21
0.45,3,0.18359375,0.059345426579924636,0.8958497456559866,21
0.45,3,0.1875,0.0550715019238472,0.8932918044249084,21
0.45,3,0.19140625,0.05931342321304611,0.880473598149578,21
0.45,3,0.1953125,0.0670676196945458,0.8563433847244966,21
0.45,3,0.19921875,0.07276335143531103,0.841522316831149,21
0.45,3,0.203125,0.07717330713196709,0.8190912774612527,21
0.45,3,0.20703125,0.06677886566660472,0.8433765277024425,21
0.45,3,0.2109375,0.0653764579700528,0.8372895032920162,21
0.45,3,0.21484375,0.07165338103032647,0.8166667720376393,21
0.45,3,0.21875,0.07419231030469582,0.8017528255514226,21
0.45,3,0.22265625,0.07977349763111663,0.7882544740506632,21
0.45,3,0.2265625,0.07510985275716175,0.8066836843070386,21
0.45,3,0.23046875,0.07090547900171801,0.8139996604390228,21
0.45,3,0.234375,0.08396388154643267,0.7972605428194747,21
0.45,3,0.23828125,0.07312212629075464,0.8047261604909643,21
0.45,3,0.2421875,0.06622349091810871,0.807587130184355,21
0.45,3,0.24609375,0.0642006877860382,0.8129025049305297,21
0.45,3,0.25,0.06987129075149272,0.8117809104900635,21
0.45,3,0.25390625,0.07221625166286937,0.8179711798761018,21
0.45,3,0.2578125,0.08310393297552357,0.8016717503638928,21
0.45,3,0.26171875,0.07880414804116502,0.7923208905155112,21
0.45,3,0.265625,0.08170142269137008,0.7816826184486284,21
0.45,3,0.26953125,0.09048482887085368,0.769417020865869,21
0.45,3,0.2734375,0.08994358246085953,0.7713313772876093,21
0.45,3,0.27734375,0.08118447658888903,0.7839071349955004,21
0.45,3,0.28125,0.09212931796803328,0.7780045608947107,21
0.45,3,0.28515625,0.09765109938061878,0.7759367893692202,21
0.45,3,0.2890625,0.10387239558544702,0.7737897698085812,21
0.45,3,0.29296875,0.10312724709089482,0.7867727050203162,21
0.45,3,0.296875,0.10287677189678654,0.788837704853876,21
0.45,3,0.30078125,0.09243392077820314,0.8164525290022571,21
0.45,3,0.3046875,0.09785481235848806,0.8053823040053488,21
0.45,3,0.30859375,0.09658560128479535,0.8001647004903915,21
0.45,3,0.3125,0.0897391632206239,0.8288474398774024,21
0.45,3,0.31640625,0.08893291188020908,0.831218650606719,21
0.45,3,0.3203125,0.09346428025497615,0.8468848554538121,21
0.45,3,0.32421875,0.1110406973118095,0.8007805636592243,21
0.45,3,0.328125,0.10055880439517,0.8167395788753042,21
0.45,3,0.33203125,0.10172374352602251,0.8231344380153188,21
0.45,3,0.3359375,0.09886526084656526,0.8530471924803366,21
0.45,3,0.33984375,0.08803392446486408,0.8816920754221733,21
0.45,3,0.34375,0.10904792693911873,0.8494489074347217,21
0.45,3,0.34765625,0.11601998660160831,0.8419073942935161,21
0.45,3,0.3515625,0.11995937281493209,0.82527005942132,21
0.45,3,0.35546875,0.10881781770576832,0.8292629462210795,21
0.45,3,0.359375,0.10417506085981368,0.8432893858459933,21
0.45,3,0.36328125,0.09868346498451815,0.8554190542641126,21
0.45,3,0.3671875,0.11416864629620851,0.8566549306762415,21
0.45,3,0.37109375,0.09987461272352867,0.8401853199085596,21
0.45,3,0.375,0.11009537687353703,0.8265148725069611,21
0.45,3,0.37890625,0.11175019280015606,0.8326724691384079,21
0.45,3,0.3828125,0.12170866352532285,0.8357814664960825,21
0.45,3,0.38671875,0.12378464168623417,0.8339939791034761,21
0.45,3,0.390625,0.10589017854701022,0.858920441253207,21
0.45,3,0.39453125,0.10668581970828671,0.8659940423374107,21
0.45,3,0.3984375,0.10248322804643699,0.9101516098457969,21
0.45,3,0.40234375,0.10573804390453793,0.9156930649877209,21
0.45,3,0.40625,0.09758141306267852,0.9146394533632574,21
0.45,3,0.41015625,0.10145815617658706,0.9005679054707171,21
0.45,3,0.4140625,0.11668776954638163,0.8838348343547487,21
0.45,3,0.41796875,0.12099199684792149,0.8666969787672139,21
0.45,3,0.421875,0.1109570911418019,0.8902892856735201,21
0.45,3,0.42578125,0.10688695829358441,0.8981636377908516,21
0.45,3,0.4296875,0.11393908993135515,0.8870339194198567,21
0.45,3,0.43359375,0.11622038420735703,0.8859941367465002,21
0.45,3,0.4375,0.11545303795678334,0.8683390580630248,21
0.45,3,0.44140625,0.11437791480409487,0.8622082157797594,21
0.45,3,0.4453125,0.11327509149234971,0.8580599766790626,21
0.45,3,0.44921875,0.10953406101867648,0.8626383985164507,21
0.45,3,0.453125,0.12682249810062693,0.8419922160065451,21
0.45,3,0.45703125,0.15248900979294921,0.8131687357178502,21
0.45,3,0.4609375,0.1659843380875293,0.8260233669173365,21
0.45,3,0.46484375,0.15555759786648973,0.8103536384532041,21
0.45,3,0.46875,0.1725508978894314,0.8100919547398808,21
0.45,3,0.47265625,0.1475642932714362,0.846037373937154,21
0.45,3,0.4765625,0.13898491612302363,0.8445347267159987,21
0.45,3,0.48046875,0.15612964581100316,0.8264552197956967,21
0.45,3,0.484375,0.1503241173130715,0.8244838589325398,21
0.45,3,0.48828125,0.15818164580745106,0.8116917535467023,21
0.45,3,0.4921875,0.14603494565772399,0.8293381404266287,21
0.45,3,0.49609375,0.14086033220479172,0.8425146737236435,21
0.45,3,0.5,0.13199287188659958,0.8577811879761655,21
0.45,3,0.50390625,0.12790522095316176,0.8766219795359889,21
0.45,3,0.5078125,0.12321330563627314,0.8647927025011934,21
0.45,3,0.51171875,0.11096414491401513,0.899906846788411,21
0.45,3,0.515625,0.1109519327332564,0.9050601150363451,21
0.45,3,0.51953125,0.10789381427836131,0.8956881284287458,21
0.45,3,0.5234375,0.11047012850465004,0.9090376471912044,21
0.45,3,0.52734375,0.1305005300766341,0.8849716268081432,21
0.45,3,0.53125,0.13586174885268348,0.8732287301864573,21
0.45,3,0.53515625,0.13559763651585302,0.8694895132202507,21
0.45,3,0.5390625,0.128954618854587,0.8694140313972548,21
0.45,3,0.54296875,0.12289197682228041,0.8579074556321616,21
0.45,3,0.546875,0.13124429363864967,0.8471192697532066,21
0.45,3,0.55078125,0.12064161507310603,0.8644352101132371,21
0.45,3,0.5546875,0.11455413481209792,0.8646842118423932,21
0.45,3,0.55859375,0.10339361998126916,0.8787840973921505,21
0.45,3,0.5625,0.13004731046939505,0.815463580272445,21
0.45,3,0.56640625,0.1374866436485209,0.8197363083625051,21
0.45,3,0.5703125,0.1423467562485494,0.80251213041866,21
0.45,3,0.57421875,0.13140150727321634,0.7988239672402064,21
0.45,3,0.578125,0.15620562990812334,0.7797029279577886,21
0.45,3,0.58203125,0.1457044360769742,0.8035791895835271,21
0.45,3,0.5859375,0.13181017409259968,0.8252301128687388,21
0.45,3,0.58984375,0.14324541111868075,0.8246100210799872,21
0.45,3,0.59375,0.12819773761841183,0.8416183774319655,21
0.45,3,0.59765625,0.136267143694145,0.8254341712159919,21
0.45,3,0.6015625,0.12717874495191386,0.8568539250954311,21
0.45,3,0.60546875,0.1526063046869538,0.7956563609949504,21
0.45,3,0.609375,0.14455847623638077,0.7854873321069783,21
0.45,3,0.61328125,0.14413978612526657,0.7837767702268872,21
0.45,3,0.6171875,0.13680701230915945,0.8006378974433709,21
0.45,3,0.62109375,0.12428161539558309,0.8211156934487434,21
0.45,3,0.625,0.12886641198910867,0.8148610788851145,21
0.45,3,0.62890625,0.11782497823212257,0.8268990020134042,21
0.45,3,0.6328125,0.10179832451502456,0.8582356498458245,21
0.45,3,0.63671875,0.11425903399447909,0.8385655825424494,21
0.45,3,0.640625,0.12126723624657999,0.8327956660201774,21
0.45,3,0.64453125,0.11612227927951078,0.8416819844645298,21
0.45,3,0.6484375,0.10311633953860472,0.8451894007298212,21
0.45,3,0.65234375,0.09393837007162562,0.8489375888168258,21
0.45,3,0.65625,0.09837970150154124,0.8389980461033814,21
0.45,3,0.66015625,0.09019888951369698,0.8547743402994717,21
0.45,3,0.6640625,0.08862285118345793,0.8701382268574693,21
0.45,3,0.66796875,0.07584030909030252,0.8835957959216937,21
0.45,3,0.671875,0.08250766729842583,0.8541635338037621,21
0.45,3,0.67578125,0.07888262603470243,0.8722062217117588,21
0.45,3,0.6796875,0.08156732393121968,0.8526403673770584,21
0.45,3,0.68359375,0.08814723632202924,0.8556847380023307,21
0.45,3,0.6875,0.09053713512466398,0.8416127502753342,21
0.45,3,0.69140625,0.09371435658186986,0.8286969870297916,21
0.45,3,0.6953125,0.09054887295176536,0.8308152826847393,21
0.45,3,0.69921875,0.08929953757421771,0.8223743683550873,21
0.45,3,0.703125,0.104096667563373,0.8113709920507403,21
0.45,3,0.70703125,0.12114426175170963,0.7955587001171058,21
0.45,3,0.7109375,0.1270070850208389,0.7559791362134697,21
0.45,3,0.71484375,0.1273589860917681,0.7529070726275072,21
0.45,3,0.71875,0.10824634184817482,0.7568115863770669,21
0.45,3,0.72265625,0.11282785385169927,0.7533018226282684,21
0.45,3,0.7265625,0.09904281070689747,0.7751709739961633,21
0.45,3,0.73046875,0.10507857721698041,0.7597381658650711,21
0.45,3,0.734375,0.12483060947473833,0.7381712873345271,21
0.45,3,0.73828125,0.12651237717577116,0.7330877810477924,21
0.45,3,0.7421875,0.11810811465550136,0.7464143478292755,21
0.45,3,0.74609375,0.11668434687816387,0.748070882434344,21
0.45,3,0.75,0.11763461721990437,0.7355786830103129,21
0.45,3,0.75390625,0.12863571822831601,0.7301806178755402,21
0.45,3,0.7578125,0.10862155220863101,0.7572588175657127,21
0.45,3,0.76171875,0.09539681580577655,0.7527135644871459,21
0.45,3,0.765625,0.09417438115607973,0.7512547777804908,21
0.45,3,0.76953125,0.11037549503856102,0.7230904419365588,21
0.45,3,0.7734375,0.09968311573083043,0.732634784720483,21
0.45,3,0.77734375,0.0937020816948393,0.7140243554684663,21
0.45,3,0.78125,0.09786826863282491,0.7040906141203451,21
0.45,3,0.78515625,0.09588790393495872,0.7238989432202075,21
0.45,3,0.7890625,0.09208647744870214,0.7154904429766209,21
0.45,3,0.79296875,0.09616958158820894,0.7098898385720591,21
0.45,3,0.796875,0.10162064723801059,0.720263597562498,21
0.45,3,0.80078125,0.0964476583303277,0.7308052989024723,21
0.45,3,0.8046875,0.09967698810884006,0.73742192719484,21
0.45,3,0.80859375,0.0999992595750138,0.7341505309786345,21
0.45,3,0.8125,0.10069015515857506,0.7178829331706249,21
0.45,3,0.81640625,0.1001847646637271,0.7089890953300934,21
0.45,3,0.8203125,0.10563782810297241,0.7061990059428949,21
0.45,3,0.82421875,0.10636040341080914,0.6966167234710824,21
0.45,3,0.828125,0.12117010542359653,0.6782939359300421,21
0.45,3,0.83203125,0.1324542393818218,0.656590423146242,21
0.45,3,0.8359375,0.1283120408991455,0.6388339736232683,21
0.45,3,0.83984375,0.14401256742260743,0.5980115823095793,21
0.45,3,0.84375,0.1700707847210006,0.5833516993517556,21
0.45,3,0.84765625,0.19417240023282087,0.549833312915073,21
0.45,3,0.8515625,0.1933098906600041,0.5347044071769951,21
0.45,3,0.85546875,0.17457970941648593,0.5455824956045978,21
0.45,3,0.859375,0.16118907557813245,0.5522922776608354,21
0.45,3,0.86328125,0.16511910534449448,0.5450220088231446,21
0.45,3,0.8671875,0.17522281342367238,0.5408460184228423,21
0.45,3,0.87109375,0.16728125332569932,0.5502603040027306,21
0.45,3,0.875,0.1714402147626961,0.5434851637237739,21
0.45,3,0.87890625,0.18602525822983335,0.5238007395681583,21
0.45,3,0.8828125,0.17613274012244862,0.5385554457816196,21
0.45,3,0.88671875,0.2057380969220061,0.5190851653255654,21
0.45,3,0.890625,0.1747582292272384,0.5314301815615523,21
0.45,3,0.89453125,0.17084899679176835,0.5309752233652668,21
0.45,3,0.8984375,0.18464946312980673,0.533068828253291,21
0.45,3,0.90234375,0.18221557690529352,0.5550088884285638,21
0.45,3,0.90625,0.1821860357015127,0.552499656482798,21
0.45,3,0.91015625,0.18840491031378087,0.5446631334324187,21
0.45,3,0.9140625,0.17506937745859133,0.5588621139582424,21
0.45,3,0.91796875,0.18469276455295472,0.5570076692578914,21
0.45,3,0.921875,0.17499103917368816,0.5741545551398598,21
0.45,3,0.92578125,0.16871471573030927,0.5793678960184633,21
0.45,3,0.9296875,0.16667993346276283,0.5728316970285878,21
0.45,3,0.93359375,0.17839126573580735,0.5759015394898637,21
0.45,3,0.9375,0.19758285151511368,0.5545779392804088,21
0.45,3,0.94140625,0.18972623327411936,0.5505570817882868,21
0.45,3,0.9453125,0.19724672094679377,0.53723741026257,21
0.45,3,0.94921875,0.16693489345957027,0.5594304586532358,21
0.45,3,0.953125,0.21159350418083459,0.5180559782365348,21
0.45,3,0.95703125,0.24926815450631476,0.48860337591484526,21
0.45,3,0.9609375,0.26367906760277005,0.4980797225992506,21
0.45,3,0.96484375,0.25948186019405667,0.5064955789842647,21
0.45,3,0.96875,0.25357466262357425,0.520443700623871,21
0.45,3,0.97265625,0.3174772485729383,0.49936751043935074,21
0.45,3,0.9765625,0.2745672171245295,0.5437536012781213,21
0.45,3,0.98046875,0.23531644984816213,0.5577104040162253,21
0.45,3,0.984375,0.2728816140346892,0.5374143818966765,21
0.45,3,0.98828125,0.2545611729507309,0.5578535529853684,21
0.45,3,0.9921875,0.25112874537094376,0.5558479627977136,21
0.45,3,0.99609375,0.261406503945228,0.554189349136835,21
0.45,3,1.0,0.24259307198966676,0.5580599817292041,21
